"Request ID","Function ID","Arrival Time","Start Time","Finish Time","ExecutionTime","Response Time"
"1","9","1","3.02","-1","-4.02","-2"
"2","23","1","3.02","3.51","0.49","2.51"
"3","10","1","3.02","7.02","4","6.02"
"4","9","1","3.02","4.48","1.46","3.48"
"5","9","1","3.02","-1","-4.02","-2"
"6","9","1","3.02","4.35","1.32","3.35"
"7","9","1","3.03","4.5","1.47","3.5"
"8","22","1.01","3.03","-1","-4.03","-2.01"
"9","9","1.01","3.03","16.55","13.52","15.54"
"10","10","1.01","3.03","7.7","4.67","6.69"
"11","1","1.02","3.04","3.86","0.82","2.84"
"12","23","1.03","3.05","4.35","1.3","3.32"
"13","17","1.04","3.06","3.57","0.51","2.53"
"14","9","1.06","3.08","3.75","0.67","2.69"
"15","9","1.06","3.08","4.55","1.47","3.49"
"16","9","1.08","3.1","4.57","1.47","3.49"
"17","9","1.13","3.15","16.67","13.52","15.54"
"18","9","1.17","3.19","4.24","1.05","3.07"
"19","9","1.54","3.56","17.08","13.52","15.54"
"20","9","1.93","3.95","4.95","1","3.02"
"21","9","1.94","3.96","4.63","0.67","2.69"
"22","9","1.95","3.97","4.83","0.86","2.88"
"23","9","1.96","3.98","4.98","1","3.02"
"24","9","2.17","4.19","5.19","1","3.02"
"25","9","2.18","4.2","4.97","0.77","2.79"
"26","10","2.48","4.5","7.27","2.77","4.79"
"27","9","2.6","4.62","5.39","0.77","2.79"
"28","9","2.98","5","6.05","1.05","3.07"
"29","9","3.11","5.13","5.99","0.86","2.88"
"30","9","3.11","5.13","5.81","0.67","2.7"
"31","9","3.32","5.34","6.11","0.77","2.79"
"32","9","3.38","5.4","6.17","0.77","2.79"
"33","9","3.5","5.52","19.04","13.52","15.54"
"35","23","3.87","5.89","8.19","2.3","4.32"
"36","16","4.08","6.1","6.6","0.5","2.52"
"39","10","4.62","6.64","9.45","2.81","4.83"
"43","3","5.39","7.41","7.85","0.44","2.46"
"44","23","5.61","7.63","8.63","1","3.02"
"51","23","13.39","15.41","15.66","0.25","2.27"
"53","23","35.54","37.56","37.81","0.25","2.27"
"57","9","41.92","43.94","45.12","1.18","3.2"
"58","9","41.92","43.94","45.12","1.18","3.2"
"59","8","41.96","43.98","45.25","1.27","3.29"
"60","9","41.96","43.98","45.35","1.37","3.39"
"61","9","41.96","43.98","44.98","1","3.02"
"62","9","41.96","43.98","44.76","0.77","2.8"
"63","17","41.96","43.98","47.91","3.92","5.95"
"64","9","41.96","43.98","44.66","0.67","2.7"
"65","9","41.96","43.99","-1","-44.99","-42.96"
"66","9","41.96","43.99","44.85","0.86","2.89"
"67","9","41.96","43.99","44.66","0.67","2.7"
"68","11","41.97","43.99","46.16","2.17","4.19"
"69","9","41.97","43.99","44.73","0.74","2.76"
"70","23","41.99","44.01","44.26","0.25","2.27"
"73","1","52.7","54.72","57.89","3.17","5.19"
"74","16","54.6","56.62","58.25","1.63","3.65"
"76","10","62.8","64.82","66.21","1.39","3.41"
"78","9","69.74","71.76","73.2","1.44","3.46"
"81","21","93.44","95.46","96.37","0.91","2.93"
"82","9","101.37","103.39","104.32","0.93","2.95"
"85","9","114.17","116.19","117.47","1.28","3.3"
"86","9","114.24","116.26","117.31","1.05","3.07"
"89","23","122.61","124.63","125.1","0.47","2.49"
"95","10","124.62","126.64","129.04","2.4","4.42"
"99","1","125.67","127.69","132.55","4.86","6.88"
"101","3","126.21","128.23","138.94","10.71","12.73"
"103","9","126.74","128.76","130.23","1.47","3.49"
"104","9","126.98","129","129.67","0.67","2.69"
"106","9","127.26","129.28","129.95","0.67","2.69"
"117","13","151.29","153.31","155.28","1.97","3.99"
"120","9","160.06","162.08","163.08","1","3.02"
"122","23","166.25","168.27","187.45","19.18","21.2"
"124","9","167.17","169.19","182.71","13.52","15.54"
"127","16","170.2","172.22","173.22","1","3.02"
"128","19","171.05","173.07","180.62","7.55","9.57"
"129","1","171.39","173.41","176.9","3.49","5.51"
"140","23","188.45","190.47","190.76","0.29","2.31"
"141","23","190.25","192.27","-1","-193.27","-191.25"
"146","7","202.45","204.47","205.87","1.4","3.42"
"149","9","205.97","207.99","-1","-208.99","-206.97"
"157","10","220.97","222.99","225.21","2.22","4.24"
"158","10","222.06","224.08","226.93","2.85","4.87"
"169","8","240.97","242.99","244.43","1.44","3.46"
"172","1","242.7","244.72","245.64","0.92","2.94"
"175","9","244.15","246.17","248.08","1.91","3.93"
"176","9","244.36","246.38","250.01","3.63","5.65"
"177","10","244.57","246.59","251.91","5.32","7.34"
"178","9","244.79","246.81","247.58","0.77","2.79"
"179","23","245.04","247.06","250.94","3.88","5.9"
"182","9","245.54","247.56","248.61","1.05","3.07"
"183","23","245.56","247.58","250.05","2.47","4.49"
"184","23","245.77","247.79","248.41","0.62","2.64"
"185","9","245.99","248.01","248.78","0.77","2.79"
"186","9","246.21","248.23","261.75","13.52","15.54"
"187","16","246.43","248.45","248.84","0.39","2.41"
"188","9","246.64","248.66","249.4","0.74","2.76"
"189","9","246.83","248.85","249.9","1.05","3.07"
"192","23","256.57","258.59","259.59","1","3.02"
"193","23","265.81","267.83","-1","-268.83","-266.81"
"195","9","266.79","268.81","270.98","2.17","4.19"
"197","10","275","277.02","-1","-278.02","-276"
"202","9","289.57","291.59","292.37","0.78","2.8"
"205","9","300.98","303","304.16","1.16","3.18"
"207","9","301","303.02","-1","-304.02","-302"
"208","9","301","303.02","304.51","1.49","3.51"
"209","1","301.02","303.04","313.48","10.44","12.46"
"210","9","301.02","303.04","304.86","1.82","3.84"
"211","9","301.02","303.04","303.82","0.77","2.8"
"212","10","312.18","314.2","316.56","2.36","4.38"
"223","9","338.22","340.24","341.55","1.31","3.33"
"227","23","361","363.02","363.68","0.66","2.68"
"229","23","361.01","363.03","364.64","1.61","3.63"
"231","11","363.08","365.1","365.71","0.61","2.63"
"234","9","364.17","366.19","367.67","1.48","3.5"
"235","9","364.36","366.38","367.89","1.51","3.53"
"236","10","364.57","366.59","370.42","3.83","5.85"
"238","1","364.99","367.01","367.97","0.96","2.98"
"240","9","365.44","367.46","369.51","2.05","4.07"
"241","23","365.67","367.69","367.94","0.25","2.27"
"242","23","365.88","367.9","368.21","0.31","2.33"
"243","23","366.09","368.11","-1","-369.11","-367.09"
"244","9","366.28","368.3","369.04","0.74","2.76"
"245","1","366.48","368.5","380.73","12.23","14.25"
"249","23","369.24","371.26","-1","-372.26","-370.24"
"253","17","381.68","383.7","384.15","0.45","2.47"
"259","9","383.11","385.13","-1","-386.13","-384.11"
"267","10","386.75","388.77","-1","-389.77","-387.75"
"268","10","386.84","388.86","-1","-389.86","-387.84"
"270","9","387.49","389.51","390.57","1.06","3.08"
"271","16","387.49","389.51","-1","-390.51","-388.49"
"272","16","387.62","389.64","392.64","3","5.02"
"274","23","387.86","389.88","391.83","1.95","3.97"
"275","9","387.86","389.88","390.66","0.77","2.8"
"276","9","388.2","390.22","391.22","1","3.02"
"277","11","388.2","390.22","394.59","4.37","6.39"
"278","9","388.3","390.32","391.37","1.05","3.07"
"279","10","388.3","390.32","397.3","6.98","9"
"280","11","388.34","390.36","393.43","3.07","5.09"
"281","23","388.34","390.36","390.67","0.31","2.33"
"283","9","388.51","390.53","391.58","1.05","3.07"
"284","9","388.68","390.7","392.17","1.47","3.49"
"285","9","388.68","390.7","391.57","0.86","2.89"
"286","5","388.83","390.85","393.9","3.05","5.07"
"287","9","388.83","390.85","391.63","0.77","2.8"
"289","9","389.4","391.42","392.89","1.47","3.49"
"290","9","389.47","391.49","405.01","13.52","15.54"
"292","7","389.53","391.55","396.1","4.55","6.57"
"293","16","389.53","391.55","392.21","0.66","2.68"
"294","9","389.64","391.66","392.71","1.05","3.07"
"295","9","389.66","391.68","392.35","0.67","2.69"
"296","9","389.8","391.82","392.87","1.05","3.07"
"297","10","389.8","391.82","-1","-392.82","-390.8"
"298","9","389.99","392.01","393.06","1.05","3.07"
"299","9","389.99","392.01","392.75","0.74","2.76"
"301","9","390.13","392.15","393.02","0.86","2.89"
"302","9","390.19","392.21","392.98","0.77","2.79"
"303","9","390.19","392.21","392.89","0.67","2.7"
"309","11","391.28","393.3","394.46","1.16","3.18"
"313","1","391.95","393.97","-1","-394.97","-392.95"
"315","17","392.08","394.1","394.96","0.86","2.88"
"316","10","392.98","395","397.28","2.28","4.3"
"322","10","393.62","395.64","398.78","3.14","5.16"
"325","23","393.73","395.75","398.6","2.85","4.87"
"326","10","394.14","396.16","398.38","2.22","4.24"
"332","10","395.33","397.35","399.14","1.79","3.81"
"333","1","395.33","397.35","408.23","10.88","12.9"
"336","8","396.35","398.37","-1","-399.37","-397.35"
"337","18","396.35","398.37","-1","-399.37","-397.35"
"338","10","396.46","398.48","400.01","1.53","3.55"
"348","8","397.44","399.46","-1","-400.46","-398.44"
"357","1","399","401.02","-1","-402.02","-400"
"359","23","399.03","401.05","-1","-402.05","-400.03"
"365","23","399.36","401.38","402.61","1.23","3.25"
"367","23","399.42","401.44","-1","-402.44","-400.42"
"368","23","399.42","401.44","404.34","2.9","4.92"
"372","1","399.52","401.54","402.84","1.3","3.32"
"377","17","399.9","401.92","403.71","1.79","3.81"
"378","1","399.9","401.92","418.42","16.5","18.52"
"379","16","399.94","401.96","-1","-402.96","-400.94"
"384","23","400.05","402.07","403.07","1","3.02"
"386","13","400.08","402.1","410.31","8.21","10.23"
"390","16","400.17","402.19","402.79","0.6","2.62"
"391","23","400.42","402.44","403.45","1.01","3.03"
"396","23","400.63","402.65","403.32","0.66","2.69"
"399","10","400.65","402.67","406.11","3.44","5.46"
"400","10","400.65","402.67","-1","-403.67","-401.65"
"402","23","400.68","402.7","402.99","0.29","2.31"
"404","17","400.71","402.73","403.46","0.73","2.75"
"406","23","400.98","403","403.29","0.29","2.31"
"408","1","400.99","403.01","404.31","1.3","3.32"
"409","23","401.01","403.03","403.28","0.25","2.27"
"412","23","401.08","403.1","403.77","0.66","2.69"
"413","23","401.68","403.7","-1","-404.7","-402.68"
"420","10","403.36","405.38","407.33","1.94","3.97"
"421","10","403.41","405.43","-1","-406.43","-404.41"
"422","10","403.41","405.43","-1","-406.43","-404.41"
"471","1","408.67","410.69","411.69","1","3.02"
"473","8","408.76","410.78","413.96","3.18","5.2"
"487","8","409.46","411.48","-1","-412.48","-410.46"
"504","16","410.74","412.76","414.1","1.34","3.36"
"508","16","411.39","413.41","414.75","1.34","3.36"
"513","23","411.58","413.6","415.17","1.57","3.59"
"514","22","411.58","413.6","413.79","0.19","2.21"
"515","8","411.58","413.6","417.52","3.92","5.94"
"516","1","411.88","413.9","426.63","12.73","14.75"
"518","16","411.94","413.96","417.55","3.59","5.61"
"519","23","411.94","413.96","414.21","0.25","2.27"
"524","17","412.28","414.3","426.62","12.32","14.34"
"525","17","412.28","414.3","426.62","12.32","14.34"
"530","21","412.43","414.45","417.58","3.13","5.15"
"531","16","412.43","414.45","-1","-415.45","-413.43"
"533","23","412.47","414.49","414.8","0.31","2.33"
"536","23","412.68","414.7","414.95","0.25","2.27"
"537","17","412.68","414.7","416.81","2.11","4.13"
"540","9","412.85","414.87","416.79","1.92","3.94"
"544","10","413.39","415.41","423.89","8.48","10.5"
"550","10","413.91","415.93","423.82","7.89","9.91"
"558","2","415.21","417.23","-1","-418.23","-416.21"
"573","9","416.01","418.03","-1","-419.03","-417.01"
"574","9","416.02","418.04","419.09","1.05","3.07"
"575","21","416.02","418.04","428.2","10.15","12.18"
"579","9","416.1","418.12","418.9","0.77","2.8"
"581","9","416.13","418.15","418.89","0.74","2.76"
"583","9","416.19","418.21","418.99","0.77","2.8"
"584","9","416.21","418.23","-1","-419.23","-417.21"
"585","9","416.21","418.23","419.1","0.86","2.89"
"587","9","416.24","418.26","419.13","0.86","2.89"
"588","9","416.29","418.31","419.78","1.47","3.49"
"589","9","416.29","418.31","419.36","1.05","3.07"
"593","9","416.5","418.52","419.57","1.05","3.07"
"598","9","416.75","418.77","419.64","0.86","2.89"
"599","9","416.75","418.77","419.64","0.86","2.89"
"606","9","417.3","419.32","420.37","1.05","3.07"
"607","9","417.3","419.32","-1","-420.32","-418.3"
"608","9","417.48","419.5","-1","-420.5","-418.48"
"609","9","417.48","419.5","420.28","0.77","2.8"
"610","10","417.48","419.5","422.21","2.71","4.73"
"611","8","417.48","419.5","421.03","1.52","3.55"
"612","11","417.56","419.58","-1","-420.58","-418.56"
"617","9","417.76","419.78","420.56","0.77","2.8"
"618","9","417.83","419.85","421.32","1.47","3.49"
"620","10","418","420.02","423.25","3.23","5.25"
"623","9","418.06","420.08","421.55","1.47","3.49"
"629","7","418.82","420.84","426.85","6.01","8.03"
"631","10","418.9","420.92","424.28","3.36","5.38"
"641","1","419.83","421.85","427.62","5.77","7.79"
"648","10","420.36","422.38","426.76","4.38","6.4"
"649","10","420.36","422.38","426.76","4.38","6.4"
"654","10","420.66","422.68","425.02","2.34","4.36"
"680","22","422.5","424.52","431.18","6.66","8.68"
"681","16","422.54","424.56","424.93","0.37","2.39"
"699","9","422.76","424.78","425.45","0.67","2.69"
"700","9","422.76","424.78","426.25","1.47","3.49"
"708","16","424.56","426.58","426.85","0.26","2.29"
"716","23","425.03","427.05","428.47","1.42","3.44"
"717","17","425.06","427.08","-1","-428.08","-426.06"
"718","23","425.06","427.08","-1","-428.08","-426.06"
"721","23","425.48","427.5","-1","-428.5","-426.48"
"726","17","425.68","427.7","428.66","0.95","2.98"
"736","23","426.54","428.56","-1","-429.56","-427.54"
"749","23","427.69","429.71","430","0.29","2.31"
"752","23","427.7","429.72","430.39","0.66","2.69"
"759","23","427.9","429.92","-1","-430.92","-428.9"
"760","10","427.9","429.92","432.31","2.39","4.41"
"765","3","427.98","430","-1","-431","-428.98"
"772","17","430.84","432.86","438.95","6.09","8.11"
"775","11","431.33","433.35","433.62","0.27","2.29"
"795","1","432.35","434.37","435.57","1.2","3.22"
"796","22","432.56","434.58","434.8","0.22","2.24"
"807","23","433.39","435.41","436.41","1","3.02"
"808","23","433.39","435.41","436.98","1.57","3.59"
"811","23","433.72","435.74","435.99","0.25","2.27"
"814","23","433.91","435.93","437.5","1.57","3.59"
"815","22","434.05","436.07","436.28","0.21","2.23"
"822","1","434.97","436.99","-1","-437.99","-435.97"
"834","9","435.16","437.18","438.18","1","3.02"
"836","9","435.2","437.22","438.08","0.86","2.88"
"839","9","435.25","437.27","438.74","1.47","3.49"
"840","9","435.25","437.27","438.14","0.86","2.89"
"841","1","435.25","437.27","438.73","1.46","3.48"
"842","9","435.27","437.29","438.76","1.47","3.49"
"843","9","435.27","437.29","438.29","1","3.02"
"845","9","435.39","437.41","438.27","0.86","2.88"
"846","9","435.4","437.42","450.94","13.52","15.54"
"847","9","435.4","437.42","438.1","0.67","2.7"
"848","23","435.4","437.42","438.99","1.57","3.59"
"849","9","435.4","437.42","438.42","1","3.02"
"850","9","435.4","437.42","438.48","1.05","3.08"
"851","9","435.4","437.42","438.2","0.77","2.8"
"853","9","435.4","437.43","438.2","0.77","2.8"
"854","23","435.42","437.44","-1","-438.44","-436.42"
"855","9","435.42","437.44","438.12","0.67","2.7"
"856","9","435.44","437.46","438.32","0.86","2.88"
"857","7","435.44","437.46","442.04","4.58","6.6"
"858","9","435.44","437.46","438.14","0.67","2.7"
"859","9","435.44","437.46","438.14","0.67","2.7"
"860","9","435.44","437.46","438.24","0.77","2.8"
"862","9","435.52","437.54","438.54","1","3.02"
"864","9","435.63","437.65","438.7","1.05","3.07"
"865","9","435.64","437.66","438.33","0.67","2.69"
"866","9","435.65","437.67","439.14","1.47","3.49"
"867","9","435.69","437.71","438.38","0.67","2.69"
"868","9","435.69","437.71","438.45","0.74","2.76"
"869","21","435.7","437.72","439.83","2.11","4.13"
"871","9","435.7","437.72","438.77","1.05","3.07"
"872","9","435.7","437.72","438.47","0.74","2.77"
"873","9","435.7","437.72","439.19","1.47","3.49"
"875","1","435.72","437.74","442.13","4.39","6.41"
"878","9","435.73","437.75","451.27","13.52","15.54"
"879","1","435.89","437.91","-1","-438.91","-436.89"
"881","9","435.96","437.98","438.65","0.67","2.69"
"883","1","435.97","437.99","-1","-438.99","-436.97"
"884","9","435.97","437.99","438.73","0.74","2.76"
"886","9","435.98","438","451.52","13.52","15.54"
"887","9","436","438.02","438.88","0.86","2.88"
"888","9","436","438.02","438.76","0.74","2.76"
"889","9","436","438.02","438.7","0.67","2.7"
"893","17","436.02","438.04","440.48","2.44","4.46"
"895","9","436.02","438.04","439.04","1","3.02"
"896","9","436.02","438.04","438.72","0.67","2.7"
"899","1","436.03","438.05","439.35","1.3","3.32"
"900","9","436.03","438.05","439.1","1.05","3.07"
"901","9","436.03","438.05","438.92","0.86","2.89"
"902","1","436.03","438.05","-1","-439.05","-437.03"
"903","9","436.03","438.05","451.58","13.52","15.55"
"904","9","436.04","438.06","438.8","0.74","2.76"
"905","9","436.04","438.06","438.8","0.74","2.76"
"908","9","436.06","438.08","438.82","0.74","2.76"
"909","9","436.06","438.08","438.86","0.77","2.8"
"910","9","436.06","438.08","438.76","0.67","2.7"
"911","9","436.06","438.08","438.83","0.74","2.77"
"912","9","436.06","438.08","438.86","0.77","2.8"
"913","9","436.08","438.1","438.87","0.77","2.79"
"914","9","436.08","438.1","439.15","1.05","3.07"
"921","22","436.34","438.36","438.64","0.27","2.3"
"924","11","436.37","438.39","441.44","3.05","5.07"
"926","1","436.64","438.66","-1","-439.66","-437.64"
"932","17","436.86","438.88","-1","-439.88","-437.86"
"936","9","436.87","438.89","439.64","0.74","2.77"
"937","1","437.01","439.03","440.1","1.07","3.09"
"940","9","437.04","439.06","439.84","0.77","2.8"
"941","9","437.06","439.08","439.85","0.77","2.79"
"942","9","437.06","439.08","452.6","13.52","15.54"
"943","9","437.2","439.22","452.74","13.52","15.54"
"944","17","437.25","439.27","441.72","2.45","4.47"
"946","1","437.28","439.3","445.87","6.57","8.59"
"947","9","437.3","439.32","439.99","0.67","2.69"
"948","23","437.31","439.33","440.33","1","3.02"
"949","22","437.33","439.35","439.62","0.27","2.29"
"954","23","437.98","440","-1","-441","-438.98"
"967","10","438.21","440.23","-1","-441.23","-439.21"
"972","23","438.3","440.32","440.57","0.25","2.27"
"973","10","438.42","440.44","448.12","7.68","9.7"
"992","10","439.99","442.01","-1","-443.01","-440.99"
"999","23","440.29","442.31","-1","-443.31","-441.29"
"1003","22","440.32","442.34","-1","-443.34","-441.32"
"1013","23","440.73","442.75","-1","-443.75","-441.73"
"1015","10","440.76","442.78","450.94","8.16","10.18"
"1016","23","440.78","442.8","443.09","0.29","2.31"
"1019","23","440.81","442.83","443.15","0.31","2.34"
"1020","3","440.81","442.83","445.19","2.36","4.38"
"1021","10","440.81","442.83","447.95","5.12","7.14"
"1023","23","440.81","442.84","444.4","1.57","3.59"
"1024","23","440.83","442.85","443.85","1","3.02"
"1025","23","440.83","442.85","443.16","0.31","2.33"
"1028","17","440.83","442.85","447.52","4.67","6.69"
"1030","17","440.83","442.86","444.92","2.06","4.09"
"1036","10","441.11","443.13","448.35","5.22","7.24"
"1038","10","441.44","443.46","450.05","6.59","8.61"
"1042","10","441.5","443.52","448.05","4.53","6.55"
"1048","1","442.31","444.33","445.58","1.25","3.27"
"1050","1","442.56","444.58","451.81","7.23","9.25"
"1051","22","442.61","444.63","-1","-445.63","-443.61"
"1053","23","442.63","444.65","445.75","1.1","3.12"
"1055","23","442.72","444.74","445.62","0.88","2.9"
"1057","10","442.81","444.83","447.03","2.2","4.22"
"1061","22","442.92","444.94","445.25","0.31","2.33"
"1062","23","442.92","444.94","450.52","5.58","7.6"
"1063","10","442.92","444.94","447.57","2.63","4.65"
"1066","10","442.95","444.97","-1","-445.97","-443.95"
"1074","1","443.06","445.08","451.28","6.2","8.22"
"1078","10","443.19","445.21","448.58","3.37","5.39"
"1081","10","443.25","445.27","447.95","2.68","4.7"
"1085","23","443.48","445.5","451.09","5.59","7.61"
"1089","23","443.53","445.55","446.33","0.78","2.8"
"1091","23","443.55","445.57","-1","-446.57","-444.55"
"1099","10","443.65","445.67","449.65","3.98","6"
"1102","23","443.72","445.74","446.21","0.47","2.49"
"1103","23","443.72","445.74","-1","-446.74","-444.72"
"1123","21","444.66","446.68","447.6","0.92","2.94"
"1124","16","444.66","446.68","447.72","1.04","3.06"
"1131","10","445.13","447.15","449.83","2.68","4.7"
"1135","10","445.2","447.22","451.2","3.98","6"
"1143","10","445.65","447.67","451.65","3.98","6"
"1149","17","445.65","447.68","-1","-448.68","-446.65"
"1150","22","445.65","447.68","447.89","0.21","2.24"
"1151","10","445.65","447.68","-1","-448.68","-446.65"
"1152","17","445.66","447.68","449.3","1.62","3.64"
"1153","10","445.66","447.68","-1","-448.68","-446.66"
"1154","10","445.66","447.68","-1","-448.68","-446.66"
"1156","10","445.68","447.7","-1","-448.7","-446.68"
"1159","22","445.71","447.73","448.09","0.36","2.38"
"1161","17","445.71","447.73","448.85","1.12","3.14"
"1164","10","445.72","447.74","450.95","3.2","5.23"
"1166","16","446.14","448.16","-1","-449.16","-447.14"
"1167","17","446.16","448.18","450.69","2.51","4.53"
"1169","1","446.16","448.18","453.43","5.25","7.27"
"1177","10","446.33","448.35","450.6","2.25","4.27"
"1179","10","446.34","448.36","-1","-449.36","-447.34"
"1187","10","446.36","448.39","-1","-449.39","-447.36"
"1190","10","446.38","448.4","451.17","2.77","4.79"
"1199","10","446.75","448.77","451.02","2.25","4.27"
"1201","10","446.77","448.79","451.04","2.25","4.27"
"1202","1","446.77","448.79","449.85","1.06","3.08"
"1203","1","446.84","448.86","449.88","1.02","3.04"
"1206","10","446.88","448.9","451.24","2.34","4.36"
"1215","10","447.43","449.45","451.47","2.02","4.04"
"1244","17","449.78","451.8","452.62","0.82","2.84"
"1251","11","450.11","452.13","-1","-453.13","-451.11"
"1272","19","451.95","453.97","-1","-454.97","-452.95"
"1274","8","452.17","454.19","-1","-455.19","-453.17"
"1306","22","453.15","455.17","456.36","1.19","3.21"
"1308","11","453.16","455.18","470.71","15.53","17.55"
"1310","16","453.18","455.2","457.91","2.71","4.73"
"1314","16","453.23","455.25","455.81","0.56","2.58"
"1323","22","453.8","455.82","456.11","0.29","2.31"
"1343","22","454.59","456.61","-1","-457.61","-455.59"
"1350","8","454.88","456.9","459.5","2.6","4.62"
"1351","22","454.88","456.9","458.37","1.47","3.49"
"1356","22","455.03","457.05","-1","-458.05","-456.03"
"1368","23","455.52","457.54","458.78","1.24","3.26"
"1371","23","455.61","457.63","-1","-458.63","-456.61"
"1373","18","455.72","457.74","461.75","4.01","6.03"
"1376","22","456.03","458.05","467.32","9.27","11.29"
"1383","23","456.32","458.34","459.57","1.23","3.25"
"1389","23","456.35","458.37","459.6","1.23","3.25"
"1396","17","456.59","458.61","460.07","1.46","3.48"
"1407","17","456.82","458.84","459.86","1.01","3.04"
"1408","14","456.82","458.84","462.87","4.03","6.05"
"1410","22","456.84","458.86","459.19","0.33","2.35"
"1412","9","456.84","458.86","459.91","1.05","3.07"
"1413","9","456.85","458.87","459.73","0.86","2.88"
"1414","9","456.85","458.87","459.92","1.05","3.07"
"1415","9","456.85","458.87","459.74","0.86","2.89"
"1416","23","456.95","458.97","459.97","1","3.02"
"1417","8","456.95","458.97","463.12","4.15","6.17"
"1420","23","456.98","459","459.66","0.66","2.68"
"1421","9","456.98","459","459.87","0.86","2.89"
"1423","8","457.06","459.08","463.7","4.62","6.64"
"1425","23","457.15","459.17","-1","-460.17","-458.15"
"1426","23","457.25","459.27","459.52","0.25","2.27"
"1427","1","457.25","459.27","465.54","6.27","8.29"
"1428","23","457.42","459.44","459.69","0.25","2.27"
"1430","22","457.57","459.59","-1","-460.59","-458.57"
"1441","23","457.89","459.91","460.22","0.31","2.33"
"1445","22","457.95","459.97","463.16","3.19","5.21"
"1448","17","457.95","459.97","-1","-460.97","-458.95"
"1449","23","457.96","459.98","-1","-460.98","-458.96"
"1453","22","457.96","459.98","-1","-460.98","-458.96"
"1456","23","458.15","460.17","461.17","1","3.02"
"1465","23","458.24","460.26","460.57","0.31","2.33"
"1467","23","458.32","460.34","461","0.66","2.68"
"1473","23","458.32","460.35","460.66","0.31","2.34"
"1478","10","458.43","460.45","467.55","7.1","9.12"
"1481","16","458.51","460.53","-1","-461.53","-459.51"
"1484","1","458.71","460.73","462.76","2.03","4.05"
"1488","10","458.86","460.88","467.77","6.89","8.91"
"1503","1","459.48","461.5","463.55","2.04","4.07"
"1510","10","459.56","461.58","467.36","5.78","7.8"
"1511","16","459.56","461.58","462.19","0.61","2.63"
"1512","10","459.68","461.7","465.18","3.48","5.5"
"1514","1","459.7","461.72","473.33","11.61","13.63"
"1516","1","459.7","461.72","462.85","1.13","3.15"
"1522","23","459.71","461.73","463.3","1.57","3.59"
"1526","9","459.71","461.73","462.41","0.67","2.7"
"1528","9","459.71","461.74","-1","-462.74","-460.71"
"1531","9","459.73","461.75","463.22","1.47","3.49"
"1532","9","459.73","461.75","462.53","0.77","2.8"
"1533","10","459.73","461.75","464.43","2.67","4.7"
"1534","9","459.73","461.75","462.53","0.77","2.8"
"1535","9","459.77","461.79","462.84","1.05","3.07"
"1536","9","459.77","461.79","462.66","0.86","2.89"
"1537","9","459.77","461.79","462.47","0.67","2.7"
"1538","10","459.92","461.94","465.12","3.18","5.2"
"1541","10","459.93","461.95","464.31","2.36","4.38"
"1546","9","459.99","462.01","463.06","1.05","3.07"
"1547","16","460.1","462.12","462.73","0.61","2.63"
"1550","9","460.18","462.2","463.25","1.05","3.07"
"1552","9","460.18","462.2","463.67","1.47","3.49"
"1553","16","460.18","462.2","462.81","0.61","2.63"
"1565","16","460.9","462.92","464.59","1.67","3.69"
"1574","21","461.07","463.09","474","10.91","12.93"
"1577","1","461.2","463.22","464.38","1.16","3.18"
"1615","9","462.28","464.3","465.77","1.47","3.49"
"1618","9","462.28","464.3","-1","-465.3","-463.28"
"1619","9","462.28","464.3","465.36","1.05","3.08"
"1621","9","462.29","464.31","465.18","0.86","2.89"
"1622","9","462.29","464.31","465.09","0.77","2.8"
"1623","9","462.29","464.31","465.09","0.77","2.8"
"1625","9","462.29","464.31","-1","-465.31","-463.29"
"1627","9","462.31","464.33","465.38","1.05","3.07"
"1629","9","462.31","464.33","465.38","1.05","3.07"
"1630","9","462.31","464.33","465.2","0.86","2.89"
"1632","9","462.32","464.34","465.81","1.47","3.49"
"1633","9","462.32","464.34","465.81","1.47","3.49"
"1650","10","463.48","465.5","470.66","5.16","7.18"
"1651","5","463.53","465.55","465.83","0.28","2.3"
"1666","17","464.26","466.28","469.72","3.44","5.46"
"1670","16","464.4","466.42","-1","-467.42","-465.4"
"1673","22","464.63","466.65","470.09","3.44","5.46"
"1674","16","464.63","466.65","467.05","0.4","2.42"
"1684","16","465.41","467.43","468.03","0.6","2.62"
"1697","1","466.9","468.92","474.92","6","8.02"
"1753","1","470.9","472.92","474.52","1.6","3.62"
"1762","17","471.79","473.81","-1","-474.81","-472.79"
"1795","8","473.61","475.63","478.78","3.15","5.17"
"1800","1","473.73","475.75","-1","-476.75","-474.73"
"1802","10","473.81","475.83","479.17","3.34","5.36"
"1806","10","473.93","475.95","-1","-476.95","-474.93"
"1812","10","473.96","475.98","-1","-476.98","-474.96"
"1814","1","474.03","476.05","477.22","1.17","3.19"
"1818","10","474.16","476.18","478.38","2.2","4.22"
"1824","10","474.55","476.57","478.77","2.2","4.22"
"1839","23","475.04","477.06","478.97","1.91","3.93"
"1845","23","475.18","477.2","-1","-478.2","-476.18"
"1854","17","475.5","477.52","478.76","1.24","3.26"
"1859","17","475.61","477.63","-1","-478.63","-476.61"
"1860","10","475.65","477.67","481.04","3.37","5.39"
"1861","10","475.68","477.7","494.94","17.24","19.26"
"1866","23","475.97","477.99","478.47","0.48","2.5"
"1867","8","475.97","477.99","481.45","3.46","5.48"
"1874","17","476.49","478.51","479.24","0.73","2.75"
"1875","10","476.49","478.51","481.65","3.14","5.16"
"1881","10","476.81","478.83","481.97","3.14","5.16"
"1882","22","476.81","478.83","-1","-479.83","-477.81"
"1884","10","476.83","478.85","481.99","3.14","5.16"
"1887","1","476.83","478.85","479.9","1.05","3.07"
"1889","10","476.86","478.88","480.99","2.11","4.13"
"1896","10","476.91","478.93","496.27","17.34","19.36"
"1900","10","476.94","478.96","496.3","17.34","19.36"
"1902","1","476.95","478.97","494.79","15.82","17.84"
"1903","10","476.95","478.97","482.7","3.73","5.75"
"1905","10","476.97","478.99","493.35","14.36","16.38"
"1906","9","476.97","478.99","492.51","13.52","15.54"
"1908","9","477.01","479.03","480.03","1","3.02"
"1909","9","477.02","479.04","479.81","0.77","2.79"
"1910","9","477.02","479.04","479.72","0.67","2.7"
"1911","9","477.03","479.05","480.05","1","3.02"
"1913","23","477.06","479.08","482.6","3.51","5.54"
"1914","9","477.08","479.1","479.84","0.74","2.76"
"1915","9","477.08","479.1","479.97","0.86","2.89"
"1916","10","477.15","479.17","497.01","17.84","19.86"
"1917","23","477.16","479.18","480.38","1.2","3.22"
"1918","9","477.18","479.2","480.2","1","3.02"
"1919","9","477.18","479.2","492.72","13.52","15.54"
"1921","10","477.21","479.23","481.33","2.1","4.12"
"1922","1","477.28","479.3","495.16","15.86","17.88"
"1923","9","477.28","479.3","480.04","0.74","2.76"
"1924","9","477.41","479.43","480.1","0.67","2.69"
"1926","9","477.45","479.47","480.94","1.47","3.49"
"1927","9","477.45","479.47","480.52","1.05","3.07"
"1931","9","477.65","479.67","480.54","0.86","2.89"
"1938","17","478.55","480.57","481.01","0.44","2.46"
"1945","10","478.66","480.68","485.53","4.85","6.87"
"1952","9","478.66","480.69","481.36","0.67","2.7"
"1953","9","478.66","480.69","481.43","0.74","2.77"
"1954","10","478.66","480.69","-1","-481.69","-479.66"
"1958","9","478.73","480.75","481.49","0.74","2.76"
"1959","9","478.74","480.76","481.5","0.74","2.76"
"1961","9","478.74","480.76","481.81","1.05","3.07"
"1962","9","478.74","480.76","481.51","0.74","2.77"
"1963","17","478.74","480.76","-1","-481.76","-479.74"
"1964","9","478.76","480.78","482.25","1.47","3.49"
"1965","9","478.76","480.78","481.83","1.05","3.07"
"1966","9","478.76","480.78","481.52","0.74","2.76"
"1967","9","478.76","480.78","481.65","0.86","2.89"
"1968","9","478.76","480.78","481.78","1","3.02"
"1969","9","478.78","480.8","481.85","1.05","3.07"
"1970","1","478.78","480.8","496.85","16.05","18.07"
"1971","1","478.78","480.8","484.01","3.21","5.23"
"1972","17","478.91","480.93","481.37","0.44","2.46"
"1979","22","479.28","481.3","-1","-482.3","-480.28"
"1980","17","479.29","481.31","482.07","0.76","2.78"
"2019","1","480.78","482.8","483.77","0.97","2.99"
"2021","23","481.13","483.15","483.81","0.66","2.68"
"2028","23","481.57","483.59","485.28","1.69","3.71"
"2034","23","481.79","483.81","484.33","0.52","2.54"
"2079","23","485.44","487.46","487.71","0.25","2.27"
"2081","1","485.74","487.76","488.98","1.22","3.24"
"2084","23","485.76","487.78","488.36","0.58","2.6"
"2092","23","486.01","488.03","488.39","0.36","2.38"
"2101","23","486.18","488.2","488.78","0.58","2.6"
"2107","19","486.51","488.53","-1","-489.53","-487.51"
"2110","23","486.53","488.55","490.4","1.85","3.87"
"2114","23","486.66","488.68","489.91","1.23","3.25"
"2121","13","487.11","489.13","493.52","4.39","6.41"
"2125","23","487.17","489.19","489.68","0.49","2.51"
"2136","23","487.38","489.4","489.86","0.45","2.48"
"2140","19","487.4","489.42","-1","-490.42","-488.4"
"2146","16","487.4","489.43","491.88","2.45","4.48"
"2150","17","487.42","489.44","493.48","4.03","6.06"
"2154","17","487.58","489.6","503.73","14.13","16.15"
"2164","17","487.6","489.62","493.69","4.07","6.09"
"2166","23","487.69","489.71","-1","-490.71","-488.69"
"2174","18","487.71","489.73","493.82","4.09","6.11"
"2176","17","487.72","489.74","493.02","3.28","5.3"
"2181","9","487.72","489.75","490.72","0.97","3"
"2184","9","487.74","489.76","491.14","1.38","3.4"
"2185","9","487.75","489.77","491.08","1.31","3.33"
"2187","22","488.08","490.1","493.42","3.32","5.34"
"2198","21","488.33","490.35","491.12","0.77","2.79"
"2205","10","488.39","490.41","-1","-491.41","-489.39"
"2208","19","488.85","490.87","-1","-491.87","-489.85"
"2212","13","490.24","492.26","499.08","6.82","8.84"
"2234","17","491.46","493.48","504.59","11.11","13.13"
"2245","18","491.69","493.71","495.92","2.21","4.23"
"2248","17","491.71","493.73","495.24","1.51","3.53"
"2254","17","491.73","493.75","494.64","0.89","2.91"
"2295","1","493.42","495.44","497.6","2.16","4.18"
"2296","1","493.42","495.44","497.96","2.51","4.54"
"2298","7","493.42","495.45","503.89","8.44","10.47"
"2312","22","493.45","495.47","495.8","0.33","2.35"
"2326","23","493.48","495.51","496.86","1.35","3.38"
"2328","1","493.48","495.51","498.04","2.52","4.56"
"2345","23","493.51","495.53","495.87","0.33","2.36"
"2350","1","493.65","495.67","-1","-496.67","-494.65"
"2352","23","493.66","495.68","497.83","2.15","4.17"
"2354","22","493.71","495.73","498.35","2.62","4.64"
"2357","23","493.87","495.89","496.22","0.33","2.35"
"2359","9","493.96","495.98","496.85","0.86","2.89"
"2360","9","493.96","495.98","496.98","1","3.02"
"2361","1","493.96","495.98","-1","-496.98","-494.96"
"2372","17","494.66","496.68","497.85","1.17","3.19"
"2382","19","495.16","497.18","-1","-498.18","-496.16"
"2390","10","495.2","497.22","506.35","9.13","11.15"
"2405","10","495.51","497.53","-1","-498.53","-496.51"
"2414","2","496.31","498.33","-1","-499.33","-497.31"
"2432","17","496.72","498.74","500.04","1.3","3.32"
"2444","17","496.76","498.78","501.68","2.9","4.92"
"2461","23","496.88","498.9","-1","-499.9","-497.88"
"2462","23","496.88","498.9","499.18","0.28","2.3"
"2472","23","497","499.02","499.3","0.28","2.3"
"2473","23","497","499.02","500.74","1.72","3.74"
"2476","22","497","499.02","499.72","0.7","2.72"
"2478","10","497","499.03","-1","-500.03","-498"
"2483","23","497.01","499.03","499.31","0.28","2.3"
"2482","23","497","499.03","-1","-500.03","-498"
"2487","9","497.07","499.09","499.9","0.81","2.83"
"2490","9","497.17","499.19","501.14","1.94","3.97"
"2491","9","497.17","499.19","500.79","1.6","3.62"
"2492","9","497.18","499.2","500.39","1.19","3.21"
"2493","10","497.18","499.2","-1","-500.2","-498.18"
"2494","9","497.18","499.2","500.58","1.38","3.4"
"2495","9","497.18","499.2","500.39","1.19","3.21"
"2496","9","497.18","499.2","500.2","1","3.02"
"2497","9","497.18","499.2","500.2","1","3.02"
"2498","22","497.18","499.21","502.16","2.95","4.98"
"2499","23","497.18","499.21","-1","-500.21","-498.18"
"2500","9","497.18","499.21","500.68","1.47","3.5"
"2501","17","497.2","499.22","500.48","1.26","3.28"
"2502","10","497.2","499.22","-1","-500.22","-498.2"
"2503","9","497.2","499.22","500.27","1.05","3.07"
"2504","23","497.2","499.22","-1","-500.22","-498.2"
"2505","9","497.2","499.22","499.97","0.74","2.77"
"2506","9","497.2","499.22","500.22","1","3.02"
"2507","18","497.22","499.24","507.37","8.13","10.15"
"2508","9","497.22","499.24","500.11","0.86","2.89"
"2509","17","497.22","499.24","504.56","5.32","7.34"
"2510","23","497.32","499.34","499.63","0.29","2.31"
"2511","9","497.32","499.34","500.08","0.74","2.76"
"2512","23","497.32","499.34","500.01","0.66","2.69"
"2513","9","497.33","499.35","512.87","13.52","15.54"
"2514","9","497.33","499.35","500.13","0.77","2.8"
"2515","9","497.33","499.35","500.4","1.05","3.07"
"2516","23","497.33","499.35","499.6","0.25","2.27"
"2517","1","497.33","499.35","500.59","1.23","3.26"
"2518","9","497.34","499.36","500.36","1","3.02"
"2519","10","497.42","499.44","-1","-500.44","-498.42"
"2520","10","497.42","499.44","505.08","5.64","7.66"
"2521","10","497.42","499.44","501.8","2.36","4.38"
"2523","9","497.44","499.46","500.51","1.05","3.07"
"2524","9","497.47","499.49","500.26","0.77","2.79"
"2525","13","497.47","499.49","501.28","1.79","3.81"
"2526","9","497.47","499.49","500.49","1","3.02"
"2527","9","497.48","499.5","513.02","13.52","15.54"
"2529","1","497.48","499.5","506.64","7.14","9.16"
"2530","23","497.5","499.52","518.7","19.18","21.2"
"2531","10","497.5","499.52","502.89","3.37","5.39"
"2532","17","497.52","499.54","-1","-500.54","-498.52"
"2534","1","497.52","499.54","513.71","14.16","16.19"
"2535","10","497.53","499.55","502.92","3.37","5.39"
"2536","17","497.53","499.55","500.44","0.89","2.91"
"2537","10","497.55","499.57","501.93","2.36","4.38"
"2539","10","497.55","499.57","-1","-500.57","-498.55"
"2540","10","497.55","499.57","502.35","2.77","4.8"
"2542","10","497.55","499.57","503.02","3.44","5.47"
"2543","17","497.57","499.59","500.48","0.89","2.91"
"2547","9","497.58","499.6","500.47","0.86","2.89"
"2548","9","497.58","499.6","500.47","0.86","2.89"
"2553","16","497.74","499.76","500.14","0.38","2.4"
"2562","10","497.78","499.8","501.87","2.06","4.09"
"2568","9","497.8","499.82","513.35","13.52","15.55"
"2569","13","497.8","499.82","508.26","8.44","10.46"
"2570","23","497.81","499.83","-1","-500.83","-498.81"
"2572","23","497.86","499.88","500.55","0.66","2.69"
"2576","9","497.88","499.9","500.67","0.77","2.79"
"2577","23","498.06","500.08","501.08","1","3.02"
"2592","13","499.65","501.67","-1","-502.67","-500.65"
"2609","10","500.97","502.99","505.51","2.51","4.54"
"2611","17","500.97","503","503.51","0.51","2.54"
"2612","1","500.97","503","504.9","1.9","3.93"
"2619","17","500.99","503.01","504.15","1.14","3.16"
"2683","1","505.89","507.91","509.15","1.24","3.26"
"2686","1","506.06","508.08","-1","-509.08","-507.06"
"2704","1","508.33","510.35","-1","-511.35","-509.33"
"2709","1","508.37","510.39","-1","-511.39","-509.37"
"2715","1","508.43","510.45","521.16","10.71","12.73"
"2719","17","508.47","510.49","511.62","1.13","3.15"
"2720","1","508.49","510.51","512.42","1.91","3.93"
"2749","16","509.3","511.32","-1","-512.32","-510.3"
"2762","1","509.38","511.4","512.45","1.05","3.07"
"2773","16","510.43","512.45","514.92","2.47","4.49"
"2785","18","513.03","515.05","517.16","2.11","4.13"
"2806","23","515.62","517.64","-1","-518.64","-516.62"
"2859","5","518.78","520.8","526.32","5.52","7.54"
"2873","23","518.99","521.01","523.91","2.9","4.92"
"2882","18","519.46","521.48","527.66","6.18","8.2"
"2889","16","519.74","521.76","-1","-522.76","-520.74"
"2890","17","519.76","521.78","525.24","3.46","5.48"
"2903","1","520.44","522.46","-1","-523.46","-521.44"
"2907","23","520.49","522.51","522.76","0.25","2.27"
"2912","1","520.71","522.73","526.69","3.96","5.98"
"2918","17","521.02","523.04","523.95","0.91","2.93"
"2927","16","521.58","523.6","529.43","5.83","7.85"
"2978","1","526.57","528.59","529.49","0.9","2.92"
"2990","21","527.31","529.33","533.1","3.77","5.79"
"3000","22","528.13","530.15","530.33","0.18","2.2"
"3002","11","529.34","531.36","532.46","1.1","3.12"
"3008","1","529.8","531.82","542.68","10.86","12.88"
"3076","22","542.07","544.09","548.22","4.13","6.15"
"3088","1","542.17","544.19","-1","-545.19","-543.17"
"3094","17","542.39","544.41","546.3","1.89","3.91"
"3099","1","542.59","544.61","546.38","1.77","3.79"
"3105","9","542.76","544.78","545.78","1","3.02"
"3106","9","542.8","544.82","558.34","13.52","15.54"
"3108","1","542.85","544.87","546.64","1.77","3.79"
"3109","9","542.85","544.87","558.39","13.52","15.54"
"3110","9","542.96","544.98","558.5","13.52","15.54"
"3111","9","542.96","544.98","545.76","0.77","2.8"
"3112","9","542.97","544.99","546.46","1.47","3.49"
"3113","10","542.97","544.99","552.82","7.82","9.85"
"3114","9","542.98","545","546.06","1.06","3.08"
"3115","9","542.98","545","546.49","1.49","3.51"
"3117","10","543.07","545.09","554.12","9.03","11.05"
"3118","1","543.09","545.11","547.06","1.95","3.97"
"3125","10","543.82","545.84","550.92","5.08","7.1"
"3131","13","544.56","546.58","547.75","1.16","3.19"
"3132","16","544.57","546.59","547.24","0.65","2.67"
"3146","9","545.45","547.47","548.49","1.02","3.04"
"3148","9","545.59","547.61","548.66","1.05","3.07"
"3150","9","545.71","547.73","561.25","13.52","15.54"
"3151","9","545.71","547.73","548.51","0.77","2.8"
"3161","9","546.09","548.11","549.11","1","3.02"
"3162","1","546.18","548.2","559.06","10.86","12.88"
"3179","16","547.59","549.61","-1","-550.61","-548.59"
"3189","17","549.32","551.34","552.6","1.26","3.28"
"3198","23","550.91","552.93","553.39","0.46","2.48"
"3204","19","551.13","553.15","572.81","19.66","21.68"
"3206","17","551.84","553.86","-1","-554.86","-552.84"
"3218","1","552.2","554.22","555","0.78","2.8"
"3224","1","552.74","554.76","555.62","0.86","2.88"
"3249","22","555.02","557.04","557.22","0.18","2.2"
"3283","18","559.45","561.47","567.13","5.66","7.68"
"3300","13","562.33","564.35","568.88","4.53","6.55"
"3314","1","563.21","565.23","566.58","1.35","3.37"
"3318","1","563.38","565.4","566.79","1.39","3.41"
"3319","13","563.64","565.66","569.87","4.21","6.23"
"3326","10","564.66","566.68","-1","-567.68","-565.66"
"3327","11","565.02","567.04","-1","-568.04","-566.02"
"3332","10","565.47","567.49","-1","-568.49","-566.47"
"3336","10","565.84","567.86","573.85","5.99","8.01"
"3346","10","566.6","568.62","578.58","9.96","11.98"
"3356","9","567.66","569.68","570.35","0.67","2.69"
"3358","9","567.81","569.83","583.35","13.52","15.54"
"3359","16","568.15","570.17","570.66","0.49","2.51"
"3361","11","568.3","570.32","571.8","1.48","3.5"
"3363","10","568.33","570.35","-1","-571.35","-569.33"
"3375","16","569.39","571.41","571.91","0.5","2.52"
"3376","10","569.82","571.84","-1","-572.84","-570.82"
"3377","10","569.83","571.85","-1","-572.85","-570.83"
"3380","10","569.89","571.91","574.8","2.89","4.91"
"3381","9","569.89","571.91","-1","-572.91","-570.89"
"3384","9","570.13","572.15","573.15","1","3.02"
"3385","3","570.13","572.15","-1","-573.15","-571.13"
"3387","9","570.15","572.17","573.64","1.47","3.49"
"3388","9","570.16","572.18","573.65","1.47","3.49"
"3390","9","570.18","572.2","572.97","0.77","2.79"
"3391","9","570.19","572.21","-1","-573.21","-571.19"
"3396","23","570.28","572.3","577.32","5.01","7.04"
"3405","10","570.86","572.88","-1","-573.88","-571.86"
"3407","19","570.98","573","-1","-574","-571.98"
"3410","8","571.24","573.26","-1","-574.26","-572.24"
"3415","10","571.27","573.29","-1","-574.29","-572.27"
"3423","10","571.46","573.48","575.63","2.15","4.17"
"3424","8","571.49","573.51","578.72","5.21","7.23"
"3425","17","571.49","573.51","575.11","1.6","3.62"
"3426","9","571.49","573.51","-1","-574.51","-572.49"
"3427","9","571.49","573.51","574.98","1.47","3.49"
"3430","9","571.71","573.73","574.73","1","3.02"
"3431","9","571.71","573.73","574.78","1.05","3.07"
"3433","10","571.72","573.74","576.31","2.57","4.59"
"3434","9","571.74","573.76","574.53","0.77","2.79"
"3435","10","571.74","573.76","-1","-574.76","-572.74"
"3436","9","571.74","573.76","574.81","1.05","3.07"
"3437","9","571.74","573.76","574.82","1.05","3.08"
"3438","9","571.74","573.76","574.54","0.77","2.8"
"3441","9","571.82","573.84","574.84","1","3.02"
"3442","9","571.82","573.84","574.58","0.74","2.76"
"3443","9","571.87","573.89","574.75","0.86","2.88"
"3444","23","571.87","573.89","577.33","3.44","5.46"
"3445","23","571.88","573.9","575.31","1.41","3.43"
"3446","9","571.88","573.9","574.68","0.77","2.8"
"3448","10","571.9","573.92","577.12","3.2","5.22"
"3450","9","571.92","573.94","574.62","0.67","2.7"
"3451","9","571.93","573.95","574.72","0.77","2.79"
"3452","10","571.93","573.95","576.04","2.09","4.11"
"3453","10","571.99","574.01","576.58","2.57","4.59"
"3454","9","571.99","574.01","-1","-575.01","-572.99"
"3456","9","572.01","574.03","574.71","0.67","2.7"
"3457","9","572.01","574.03","575.08","1.05","3.07"
"3458","10","572.05","574.07","-1","-575.07","-573.05"
"3459","10","572.06","574.08","575.78","1.7","3.72"
"3462","9","572.07","574.09","574.96","0.86","2.89"
"3463","9","572.07","574.09","574.77","0.67","2.7"
"3464","9","572.07","574.09","574.84","0.74","2.77"
"3465","9","572.08","574.1","575.1","1","3.02"
"3466","10","572.09","574.11","575.87","1.76","3.78"
"3467","9","572.09","574.11","574.89","0.77","2.8"
"3468","9","572.09","574.11","-1","-575.11","-573.09"
"3470","9","572.1","574.12","574.8","0.67","2.7"
"3471","1","572.1","574.12","575.7","1.57","3.6"
"3472","10","572.12","574.14","-1","-575.14","-573.12"
"3474","10","572.13","574.15","575.86","1.7","3.73"
"3475","17","572.13","574.15","577.56","3.41","5.43"
"3478","9","572.2","574.22","-1","-575.22","-573.2"
"3479","9","572.2","574.22","575.09","0.86","2.89"
"3480","9","572.2","574.22","575.09","0.86","2.89"
"3481","9","572.2","574.22","575","0.77","2.8"
"3482","9","572.24","574.26","575","0.74","2.76"
"3483","9","572.24","574.26","-1","-575.26","-573.24"
"3484","23","572.26","574.28","582.74","8.46","10.48"
"3485","9","572.26","574.28","574.96","0.67","2.7"
"3486","9","572.31","574.33","575.07","0.74","2.76"
"3487","9","572.31","574.33","575.2","0.86","2.89"
"3488","9","572.31","574.33","575.01","0.67","2.7"
"3489","3","572.32","574.34","-1","-575.34","-573.32"
"3490","9","572.32","574.34","-1","-575.34","-573.32"
"3491","9","572.32","574.34","575.34","1","3.02"
"3492","9","572.34","574.36","575.1","0.74","2.76"
"3494","23","572.35","574.37","576.8","2.43","4.45"
"3498","23","572.38","574.4","576","1.6","3.62"
"3499","9","572.38","574.4","575.45","1.05","3.07"
"3500","10","572.46","574.48","575.93","1.45","3.47"
"3501","9","572.46","574.48","575.26","0.77","2.8"
"3502","11","572.48","574.5","576.39","1.89","3.91"
"3503","23","572.48","574.5","574.97","0.47","2.49"
"3504","3","572.48","574.5","579.88","5.38","7.4"
"3505","23","572.49","574.51","575.41","0.9","2.92"
"3506","9","572.51","574.53","575.3","0.77","2.79"
"3507","23","572.51","574.53","574.87","0.34","2.36"
"3508","9","572.58","574.6","576.07","1.47","3.49"
"3509","17","572.58","574.6","575.23","0.63","2.65"
"3510","9","572.59","574.61","575.66","1.05","3.07"
"3515","17","572.72","574.74","-1","-575.74","-573.72"
"3516","23","572.98","575","-1","-576","-573.98"
"3527","23","573.46","575.48","-1","-576.48","-574.46"
"3529","23","573.65","575.67","577.44","1.77","3.79"
"3537","9","574","576.02","577.49","1.47","3.49"
"3538","9","574.02","576.04","589.56","13.52","15.54"
"3539","10","574.02","576.04","581.24","5.2","7.22"
"3541","9","574.16","576.18","577.18","1","3.02"
"3542","16","574.16","576.18","-1","-577.18","-575.16"
"3543","9","574.16","576.18","589.71","13.52","15.55"
"3544","9","574.17","576.19","589.71","13.52","15.54"
"3545","21","574.17","576.19","580.83","4.64","6.66"
"3546","9","574.17","576.19","577.06","0.86","2.89"
"3547","9","574.17","576.19","577.25","1.05","3.08"
"3550","9","574.33","576.35","577.82","1.47","3.49"
"3551","13","574.33","576.35","592.47","16.11","18.14"
"3552","9","574.35","576.37","577.05","0.68","2.7"
"3553","9","574.35","576.37","577.24","0.86","2.89"
"3554","9","574.36","576.38","577.38","1","3.02"
"3555","9","574.38","576.4","577.4","1","3.02"
"3556","9","574.42","576.44","577.49","1.05","3.07"
"3557","9","574.42","576.44","577.49","1.05","3.07"
"3558","9","574.46","576.48","577.53","1.05","3.07"
"3560","9","574.47","576.49","590.01","13.52","15.54"
"3561","9","574.47","576.49","577.54","1.05","3.07"
"3562","16","574.5","576.52","576.91","0.39","2.41"
"3564","9","574.5","576.52","590.04","13.52","15.54"
"3570","21","574.69","576.71","587.76","11.05","13.07"
"3573","17","574.72","576.74","-1","-577.74","-575.72"
"3574","23","574.72","576.74","-1","-577.74","-575.72"
"3575","23","574.74","576.76","579.61","2.85","4.87"
"3579","10","574.75","576.77","-1","-577.77","-575.75"
"3582","17","574.85","576.87","-1","-577.87","-575.85"
"3584","19","574.85","576.87","588.27","11.4","13.42"
"3607","17","575.29","577.31","578.42","1.11","3.13"
"3614","11","575.48","577.5","581.08","3.58","5.6"
"3618","17","575.58","577.6","579.18","1.58","3.6"
"3619","11","575.58","577.6","581.18","3.58","5.6"
"3621","10","575.61","577.63","579.82","2.19","4.21"
"3624","22","575.64","577.66","-1","-578.66","-576.64"
"3627","1","575.65","577.67","578.71","1.04","3.06"
"3628","22","575.73","577.75","578.11","0.36","2.38"
"3631","10","575.73","577.75","578.97","1.22","3.24"
"3638","8","575.97","577.99","581.57","3.58","5.6"
"3653","17","576.12","578.14","578.78","0.63","2.66"
"3664","3","576.32","578.34","-1","-579.34","-577.32"
"3667","17","576.39","578.41","579.06","0.65","2.67"
"3669","1","576.4","578.42","579.41","0.99","3.01"
"3691","17","576.85","578.87","-1","-579.87","-577.85"
"3696","3","577","579.02","583.33","4.31","6.33"
"3715","23","578.03","580.05","-1","-581.05","-579.03"
"3722","17","578.7","580.72","581.21","0.49","2.51"
"3723","23","578.7","580.72","581.3","0.58","2.6"
"3726","23","578.71","580.73","583.65","2.91","4.94"
"3732","23","578.72","580.74","-1","-581.74","-579.72"
"3741","23","578.81","580.83","581.42","0.59","2.61"
"3750","23","578.83","580.86","-1","-581.86","-579.83"
"3751","23","578.83","580.86","581.4","0.54","2.57"
"3752","23","578.83","580.86","581.71","0.86","2.88"
"3760","17","579.66","581.68","586.49","4.81","6.83"
"3776","23","580.48","582.5","582.87","0.37","2.39"
"3780","23","580.63","582.65","583.02","0.37","2.39"
"3783","1","580.66","582.68","583.46","0.78","2.8"
"3784","17","580.7","582.72","583.56","0.84","2.86"
"3795","3","581.18","583.2","585.32","2.12","4.14"
"3803","16","581.58","583.6","585.11","1.51","3.53"
"3818","17","582.57","584.59","586.51","1.92","3.94"
"3819","16","582.57","584.59","585.1","0.51","2.53"
"3823","14","582.66","584.68","585.35","0.66","2.69"
"3829","17","583.76","585.78","-1","-586.78","-584.76"
"3833","17","583.95","585.97","586.84","0.87","2.89"
"3860","17","586.02","588.04","-1","-589.04","-587.02"
"3861","16","586.02","588.04","588.39","0.34","2.37"
"3874","17","586.57","588.59","592.71","4.12","6.14"
"3887","23","587.07","589.09","589.72","0.63","2.65"
"3896","17","587.32","589.34","-1","-590.34","-588.32"
"3898","17","587.36","589.38","594.96","5.58","7.6"
"3900","17","587.42","589.44","591.48","2.04","4.06"
"3905","17","587.46","589.48","589.91","0.43","2.45"
"3913","1","587.92","589.94","595.58","5.64","7.66"
"3926","1","588.31","590.33","596.01","5.68","7.7"
"3931","23","588.36","590.38","591.74","1.35","3.38"
"3946","1","588.65","590.67","-1","-591.67","-589.65"
"3951","1","588.7","590.72","-1","-591.72","-589.7"
"3953","23","588.78","590.8","591.22","0.42","2.44"
"3957","23","588.84","590.86","591.34","0.48","2.5"
"3960","8","588.84","590.86","-1","-591.86","-589.84"
"3965","1","589.12","591.14","593.88","2.74","4.76"
"3968","8","589.62","591.64","595.71","4.07","6.09"
"3982","14","590.12","592.14","-1","-593.14","-591.12"
"3990","22","590.26","592.28","594.7","2.42","4.44"
"4002","14","590.46","592.48","-1","-593.48","-591.46"
"4041","22","591.38","593.4","595.84","2.44","4.46"
"4065","22","591.82","593.84","-1","-594.84","-592.82"
"4070","17","591.87","593.89","-1","-594.89","-592.87"
"4075","10","592.03","594.05","602.34","8.29","10.31"
"4079","10","592.04","594.06","-1","-595.06","-593.04"
"4081","10","592.08","594.1","599.86","5.76","7.78"
"4084","10","592.22","594.24","599.96","5.72","7.74"
"4089","17","592.45","594.47","594.96","0.48","2.51"
"4090","8","592.54","594.56","597.96","3.4","5.42"
"4109","23","592.9","594.92","-1","-595.92","-593.9"
"4136","1","594.16","596.18","-1","-597.18","-595.16"
"4144","17","594.43","596.45","597.15","0.7","2.72"
"4152","1","594.95","596.97","600.76","3.79","5.81"
"4156","1","595.11","597.13","604.14","7.01","9.03"
"4158","17","595.16","597.18","-1","-598.18","-596.16"
"4175","22","595.47","597.49","599.66","2.17","4.19"
"4176","23","595.47","597.49","598.62","1.12","3.15"
"4189","10","595.59","597.61","600.83","3.22","5.24"
"4190","10","595.59","597.61","601.81","4.2","6.22"
"4191","10","595.59","597.61","602.05","4.43","6.46"
"4192","22","595.59","597.61","-1","-598.61","-596.59"
"4194","10","595.67","597.69","600.59","2.9","4.92"
"4197","1","595.8","597.82","604.85","7.03","9.05"
"4201","17","595.83","597.85","-1","-598.85","-596.83"
"4209","9","595.97","597.99","600.05","2.05","4.08"
"4211","9","595.98","598","601.49","3.49","5.51"
"4214","9","596.07","598.09","599.86","1.77","3.79"
"4215","9","596.07","598.09","-1","-599.09","-597.07"
"4217","8","596.13","598.15","-1","-599.15","-597.13"
"4218","9","596.14","598.16","599.55","1.39","3.41"
"4219","10","596.14","598.16","607.93","9.77","11.79"
"4221","9","596.17","598.19","599.23","1.03","3.06"
"4223","23","596.22","598.24","600.62","2.38","4.4"
"4224","16","596.24","598.26","599.29","1.03","3.05"
"4226","10","596.28","598.3","601.27","2.97","4.99"
"4231","10","596.36","598.38","603.64","5.26","7.28"
"4234","23","596.38","598.4","-1","-599.4","-597.38"
"4235","1","596.38","598.4","599.72","1.32","3.34"
"4238","10","596.48","598.5","602.94","4.44","6.46"
"4239","10","596.48","598.5","602.78","4.28","6.3"
"4241","10","596.59","598.61","601.34","2.73","4.75"
"4243","10","596.64","598.66","601.08","2.42","4.44"
"4246","23","596.67","598.69","599.88","1.19","3.21"
"4250","23","596.77","598.79","599.32","0.53","2.55"
"4262","23","597.05","599.07","599.47","0.4","2.42"
"4269","16","597.13","599.15","606.87","7.72","9.74"
"4270","23","597.14","599.16","601.35","2.19","4.21"
"4272","23","597.26","599.28","599.63","0.35","2.37"
"4283","9","597.44","599.46","600.46","1","3.02"
"4286","9","597.6","599.62","601.09","1.47","3.49"
"4287","22","597.6","599.62","-1","-600.62","-598.6"
"4294","23","598.1","600.12","600.56","0.44","2.46"
"4302","23","599.38","601.4","602.5","1.1","3.12"
"4305","17","599.41","601.43","602.19","0.76","2.78"
"4309","17","599.81","601.83","609.37","7.54","9.56"
"4314","22","599.94","601.96","-1","-602.96","-600.94"
"4322","23","600.1","602.12","602.46","0.34","2.36"
"4325","16","600.1","602.12","-1","-603.12","-601.1"
"4326","23","600.11","602.13","-1","-603.13","-601.11"
"4328","23","600.13","602.15","602.81","0.66","2.68"
"4330","16","600.19","602.21","602.73","0.52","2.54"
"4338","23","600.31","602.33","602.62","0.29","2.31"
"4343","16","600.78","602.8","604.26","1.46","3.48"
"4349","17","600.83","602.85","604.14","1.29","3.31"
"4378","17","602.49","604.51","-1","-605.51","-603.49"
"4453","17","607.11","609.13","610.61","1.48","3.5"
"4454","13","607.49","609.51","-1","-610.51","-608.49"
"4455","22","607.49","609.51","627.99","18.48","20.5"
"4492","10","609.24","611.26","614.33","3.07","5.09"
"4495","10","609.36","611.38","614.04","2.66","4.68"
"4504","1","609.74","611.76","624.72","12.96","14.98"
"4508","1","609.9","611.92","614.47","2.55","4.57"
"4520","1","610.11","612.13","614.37","2.24","4.26"
"4521","21","610.11","612.13","615.86","3.73","5.75"
"4525","16","610.22","612.24","-1","-613.24","-611.22"
"4546","16","610.64","612.66","613.55","0.89","2.91"
"4547","1","610.64","612.66","620.95","8.29","10.31"
"4552","1","610.65","612.67","-1","-613.67","-611.65"
"4569","9","610.74","612.76","-1","-613.76","-611.74"
"4571","9","610.74","612.76","614.54","1.78","3.8"
"4573","9","610.75","612.77","614.14","1.37","3.39"
"4574","10","610.76","612.78","616.65","3.87","5.89"
"4575","10","610.78","612.8","-1","-613.8","-611.78"
"4576","9","610.78","612.8","614.12","1.31","3.34"
"4580","9","610.8","612.82","614.69","1.86","3.89"
"4583","10","610.81","612.83","616.36","3.53","5.55"
"4584","10","610.81","612.83","615.58","2.75","4.77"
"4585","10","610.81","612.83","616.04","3.21","5.23"
"4588","9","610.83","612.85","614.17","1.31","3.34"
"4589","10","610.83","612.85","-1","-613.85","-611.83"
"4590","10","610.83","612.85","616.06","3.21","5.23"
"4591","9","610.83","612.85","614.72","1.86","3.89"
"4592","9","610.84","612.86","614.05","1.19","3.21"
"4593","9","610.84","612.86","-1","-613.86","-611.84"
"4594","9","610.84","612.86","613.91","1.05","3.07"
"4595","9","610.84","612.86","613.86","1","3.02"
"4596","9","610.84","612.86","613.54","0.67","2.7"
"4597","10","610.84","612.86","-1","-613.86","-611.84"
"4598","9","610.84","612.87","626.39","13.52","15.55"
"4599","9","610.84","612.87","613.54","0.67","2.7"
"4600","9","610.84","612.87","613.92","1.05","3.08"
"4601","9","610.86","612.88","626.4","13.52","15.54"
"4602","10","610.9","612.92","615.58","2.66","4.68"
"4604","9","610.9","612.92","613.92","1","3.02"
"4605","10","610.9","612.92","616.22","3.3","5.32"
"4606","23","610.92","612.94","622.7","9.76","11.78"
"4607","17","610.92","612.94","615.68","2.73","4.76"
"4608","9","610.94","612.96","614.01","1.05","3.07"
"4609","23","610.98","613","613.54","0.54","2.56"
"4610","9","610.98","613","614.47","1.47","3.49"
"4611","9","611","613.02","613.76","0.74","2.76"
"4615","9","611.17","613.19","613.96","0.77","2.79"
"4616","9","611.17","613.19","614.19","1","3.02"
"4617","16","611.19","613.21","619.23","6.02","8.04"
"4618","23","611.19","613.21","614.97","1.76","3.78"
"4619","9","611.22","613.24","613.92","0.68","2.7"
"4621","19","611.25","613.27","-1","-614.27","-612.25"
"4622","10","611.25","613.27","615.93","2.66","4.68"
"4624","10","611.26","613.28","616.48","3.2","5.22"
"4625","23","611.28","613.3","617.47","4.17","6.19"
"4626","10","611.28","613.3","615.36","2.06","4.08"
"4627","9","611.28","613.3","614.3","1","3.02"
"4628","9","611.3","613.32","614.37","1.05","3.07"
"4629","9","611.3","613.32","614","0.68","2.7"
"4630","9","611.3","613.32","614.19","0.86","2.89"
"4631","9","611.31","613.33","614.33","1","3.02"
"4632","9","611.31","613.33","614.01","0.68","2.7"
"4634","19","611.31","613.33","-1","-614.33","-612.31"
"4640","16","611.75","613.77","616.03","2.26","4.28"
"4641","23","611.75","613.77","614.53","0.76","2.78"
"4643","19","611.75","613.77","-1","-614.77","-612.75"
"4645","10","611.75","613.77","616.35","2.58","4.6"
"4646","10","611.76","613.78","615.84","2.06","4.08"
"4647","10","611.76","613.78","615.99","2.21","4.23"
"4652","10","611.78","613.8","615.65","1.85","3.87"
"4657","17","612","614.02","-1","-615.02","-613"
"4660","10","612.09","614.11","-1","-615.11","-613.09"
"4664","17","612.28","614.3","614.9","0.6","2.62"
"4665","17","612.36","614.38","614.98","0.6","2.62"
"4666","10","612.36","614.38","623.59","9.21","11.23"
"4668","17","612.37","614.39","615.4","1.01","3.03"
"4669","10","612.44","614.46","625.58","11.12","13.14"
"4670","10","612.53","614.55","628.62","14.07","16.09"
"4673","10","612.58","614.6","-1","-615.6","-613.58"
"4685","10","613.3","615.32","617.1","1.78","3.8"
"4688","1","613.32","615.34","620.52","5.18","7.2"
"4709","16","613.9","615.92","-1","-616.92","-614.9"
"4720","23","614.3","616.32","618.09","1.77","3.79"
"4726","1","614.75","616.77","624.41","7.64","9.66"
"4728","17","614.76","616.78","-1","-617.78","-615.76"
"4734","23","614.93","616.95","617.43","0.48","2.5"
"4743","4","615.02","617.04","623.4","6.36","8.38"
"4744","23","615.03","617.05","-1","-618.05","-616.03"
"4755","20","615.32","617.34","623.87","6.53","8.55"
"4760","23","615.32","617.34","619.08","1.73","3.76"
"4762","23","615.33","617.35","620.25","2.9","4.92"
"4763","10","615.33","617.35","-1","-618.35","-616.33"
"4766","23","615.35","617.37","617.84","0.47","2.49"
"4767","19","615.35","617.37","-1","-618.37","-616.35"
"4776","17","615.46","617.48","618.49","1.01","3.03"
"4787","23","615.8","617.82","618.4","0.58","2.6"
"4788","23","615.8","617.82","618.29","0.47","2.49"
"4792","23","615.91","617.93","618.47","0.53","2.56"
"4803","23","616.17","618.19","618.77","0.58","2.6"
"4808","23","616.28","618.3","618.79","0.48","2.51"
"4810","19","616.92","618.94","-1","-619.94","-617.92"
"4816","23","617.16","619.18","619.6","0.42","2.44"
"4817","23","617.34","619.36","620.47","1.11","3.13"
"4819","23","617.59","619.61","-1","-620.61","-618.59"
"4844","8","619.35","621.37","626.79","5.42","7.44"
"4862","16","620.33","622.35","623.13","0.78","2.8"
"4870","16","620.64","622.66","624.65","1.99","4.01"
"4901","1","622.36","624.38","-1","-625.38","-623.36"
"4940","16","623.32","625.34","625.53","0.19","2.21"
"4943","17","623.33","625.35","626.99","1.64","3.66"
"4950","17","623.38","625.4","627.08","1.68","3.7"
"4969","23","623.46","625.48","626.71","1.23","3.25"
"4972","23","623.46","625.48","627.33","1.85","3.87"
"4979","1","623.54","625.56","-1","-626.56","-624.54"
"4980","8","623.54","625.56","628.61","3.05","5.07"
"4981","23","623.54","625.56","625.89","0.33","2.35"
"4984","17","623.62","625.64","-1","-626.64","-624.62"
"4999","16","623.81","625.83","626.02","0.19","2.21"
"5003","18","623.96","625.98","630.13","4.15","6.17"
"5008","17","624.12","626.14","627.34","1.2","3.22"
"5017","8","624.15","626.17","-1","-627.17","-625.15"
"5041","10","624.75","626.77","631.73","4.96","6.98"
"5052","13","625.21","627.23","634.18","6.95","8.97"
"5066","7","626.07","628.09","634.51","6.42","8.44"
"5070","1","626.13","628.15","630.05","1.9","3.92"
"5091","6","626.4","628.42","634.05","5.63","7.65"
"5100","8","626.87","628.89","636.73","7.83","9.86"
"5112","22","627.05","629.07","629.53","0.46","2.48"
"5122","23","627.15","629.17","629.57","0.4","2.42"
"5135","23","627.29","629.31","-1","-630.31","-628.29"
"5140","23","627.34","629.36","632.22","2.86","4.88"
"5153","23","627.49","629.51","-1","-630.51","-628.49"
"5162","8","627.52","629.54","633.35","3.81","5.83"
"5166","23","627.55","629.57","629.91","0.34","2.36"
"5170","10","627.56","629.58","635.31","5.73","7.75"
"5171","9","627.57","629.59","632.3","2.71","4.73"
"5172","9","627.57","629.59","630.97","1.38","3.4"
"5173","1","627.57","629.59","630.76","1.17","3.19"
"5175","9","627.57","629.59","631.44","1.84","3.87"
"5177","23","627.58","629.6","629.9","0.3","2.32"
"5178","9","627.58","629.6","631.77","2.17","4.19"
"5179","9","627.58","629.6","630.56","0.96","2.98"
"5180","23","627.58","629.6","629.99","0.38","2.41"
"5181","9","627.58","629.6","631.02","1.42","3.44"
"5182","17","627.58","629.6","637.49","7.89","9.91"
"5183","9","627.58","629.61","630.35","0.74","2.77"
"5184","23","627.58","629.61","629.92","0.31","2.34"
"5185","10","627.61","629.63","636.25","6.62","8.64"
"5186","23","627.61","629.63","-1","-630.63","-628.61"
"5187","10","627.67","629.69","635.24","5.55","7.57"
"5192","10","628.05","630.07","632.95","2.88","4.9"
"5193","10","628.06","630.08","634.26","4.18","6.2"
"5197","10","628.07","630.09","633.68","3.59","5.61"
"5203","9","628.09","630.11","-1","-631.11","-629.09"
"5204","10","628.09","630.11","634.29","4.18","6.2"
"5209","22","628.35","630.37","630.83","0.46","2.48"
"5214","10","628.37","630.39","633.84","3.44","5.47"
"5218","10","628.38","630.4","633.84","3.44","5.46"
"5232","9","628.62","630.64","631.38","0.74","2.76"
"5234","9","628.62","630.64","631.51","0.86","2.89"
"5236","1","628.7","630.72","637.82","7.1","9.12"
"5240","9","628.76","630.78","631.65","0.86","2.89"
"5241","23","628.8","630.82","631.95","1.13","3.15"
"5242","9","628.8","630.82","631.56","0.74","2.76"
"5243","9","628.8","630.82","631.6","0.78","2.8"
"5244","23","628.8","630.82","631.08","0.25","2.28"
"5247","11","628.93","630.95","643.19","12.24","14.26"
"5252","23","628.99","631.01","631.26","0.25","2.27"
"5255","21","629.01","631.03","641.21","10.18","12.2"
"5260","23","629.1","631.12","632.05","0.93","2.95"
"5262","17","629.12","631.14","634.96","3.82","5.84"
"5265","23","629.2","631.22","-1","-632.22","-630.2"
"5270","9","629.21","631.23","632.31","1.08","3.1"
"5271","9","629.23","631.25","632.56","1.31","3.33"
"5272","9","629.23","631.25","632.03","0.78","2.8"
"5273","9","629.23","631.25","632.03","0.78","2.8"
"5274","10","629.23","631.25","634.69","3.44","5.46"
"5276","9","629.35","631.37","632.11","0.74","2.76"
"5279","23","629.4","631.42","633.61","2.19","4.21"
"5281","23","629.46","631.48","633.67","2.19","4.21"
"5286","10","629.59","631.61","648.69","17.08","19.1"
"5287","23","629.59","631.61","-1","-632.61","-630.59"
"5290","10","629.6","631.62","634.83","3.21","5.23"
"5293","8","629.66","631.68","635.15","3.47","5.49"
"5294","1","629.66","631.68","632.85","1.17","3.19"
"5295","10","629.68","631.7","635.14","3.44","5.46"
"5300","1","629.7","631.72","638.83","7.11","9.13"
"5301","10","629.7","631.72","-1","-632.72","-630.7"
"5302","1","629.7","631.72","637.82","6.09","8.12"
"5304","23","629.71","631.73","-1","-632.73","-630.71"
"5308","9","629.72","631.74","632.79","1.05","3.07"
"5309","23","629.74","631.76","632.76","1","3.02"
"5310","23","629.74","631.76","650.95","19.19","21.21"
"5311","9","629.76","631.78","645.3","13.52","15.54"
"5312","9","629.76","631.78","632.65","0.86","2.89"
"5313","23","629.84","631.86","632.17","0.31","2.33"
"5314","23","629.85","631.87","-1","-632.87","-630.85"
"5318","23","629.85","631.87","632.13","0.25","2.28"
"5319","9","629.85","631.87","632.65","0.78","2.8"
"5320","9","629.85","631.88","632.88","1","3.03"
"5333","9","630.23","632.25","633.3","1.05","3.07"
"5334","9","630.23","632.25","633.12","0.86","2.89"
"5340","1","630.34","632.36","632.93","0.57","2.59"
"5341","16","630.45","632.47","633.46","0.99","3.01"
"5345","23","630.5","632.52","-1","-633.52","-631.5"
"5351","10","630.77","632.79","636.77","3.98","6"
"5358","23","630.87","632.89","633.55","0.66","2.68"
"5359","17","630.87","632.89","635.41","2.52","4.54"
"5366","23","630.98","633","-1","-634","-631.98"
"5374","10","631.1","633.12","635.8","2.68","4.7"
"5379","16","631.2","633.22","637.78","4.56","6.58"
"5384","1","631.25","633.27","639.46","6.18","8.21"
"5390","21","631.32","633.34","636.35","3.01","5.03"
"5399","9","631.37","633.39","634.07","0.68","2.7"
"5401","9","631.38","633.4","646.92","13.52","15.54"
"5405","9","631.45","633.47","634.21","0.74","2.76"
"5407","23","631.46","633.48","636.38","2.9","4.92"
"5408","9","631.46","633.48","634.26","0.78","2.8"
"5409","9","631.46","633.48","634.26","0.77","2.8"
"5410","9","631.46","633.48","634.26","0.78","2.8"
"5411","10","631.47","633.49","-1","-634.49","-632.47"
"5413","10","631.48","633.5","636.94","3.44","5.46"
"5414","9","631.48","633.5","634.97","1.47","3.49"
"5415","9","631.48","633.5","634.37","0.86","2.89"
"5417","9","631.49","633.51","634.98","1.47","3.49"
"5418","9","631.49","633.51","647.04","13.52","15.55"
"5423","23","631.65","633.67","-1","-634.67","-632.65"
"5427","23","631.85","633.87","634.16","0.29","2.31"
"5429","10","631.87","633.89","636.66","2.77","4.79"
"5430","10","631.89","633.91","636.68","2.77","4.79"
"5436","10","632.09","634.11","636.43","2.32","4.34"
"5438","17","632.16","634.18","634.85","0.66","2.69"
"5440","17","632.21","634.23","-1","-635.23","-633.21"
"5469","17","633.23","635.25","636.02","0.77","2.79"
"5471","10","633.24","635.26","-1","-636.26","-634.24"
"5474","10","633.26","635.28","638.72","3.44","5.46"
"5481","16","634.24","636.26","636.71","0.45","2.47"
"5513","22","635.89","637.91","645.32","7.41","9.43"
"5521","17","636.59","638.61","-1","-639.61","-637.59"
"5555","17","640.19","642.21","643","0.79","2.81"
"5569","17","641.79","643.81","-1","-644.81","-642.79"
"5581","8","642.49","644.51","648.48","3.97","5.99"
"5583","17","642.61","644.63","652.69","8.06","10.08"
"5605","8","645.3","647.32","-1","-648.32","-646.3"
"5671","17","647.14","649.16","-1","-650.16","-648.14"
"5676","3","647.35","649.37","659.67","10.3","12.32"
"5736","10","648.62","650.64","-1","-651.64","-649.62"
"5779","16","650.36","652.38","653","0.62","2.64"
"5788","16","650.75","652.77","654.52","1.75","3.77"
"5793","23","650.88","652.9","-1","-653.9","-651.88"
"5794","23","650.91","652.93","653.52","0.59","2.61"
"5798","23","650.98","653","654.57","1.57","3.59"
"5799","23","650.98","653","653.67","0.66","2.69"
"5804","16","651.12","653.14","656.06","2.92","4.94"
"5808","23","651.13","653.15","653.61","0.46","2.48"
"5812","23","651.19","653.21","-1","-654.21","-652.19"
"5813","16","651.19","653.21","-1","-654.21","-652.19"
"5819","23","651.36","653.38","-1","-654.38","-652.36"
"5821","17","651.38","653.4","-1","-654.4","-652.38"
"5831","23","651.9","653.92","655.27","1.35","3.37"
"5833","16","652.04","654.06","654.41","0.35","2.37"
"5844","1","652.36","654.38","665.24","10.86","12.88"
"5845","22","652.36","654.38","-1","-655.38","-653.36"
"5852","23","652.54","654.56","656.68","2.11","4.14"
"5853","17","652.54","654.56","655.44","0.88","2.9"
"5854","21","652.6","654.62","655.5","0.88","2.9"
"5858","1","652.66","654.68","-1","-655.68","-653.66"
"5859","1","652.66","654.68","-1","-655.68","-653.66"
"5863","1","653.06","655.08","-1","-656.08","-654.06"
"5869","16","653.48","655.5","655.99","0.49","2.51"
"5874","17","653.84","655.86","656.49","0.63","2.65"
"5877","22","654.23","656.25","656.58","0.33","2.35"
"5899","23","655.83","657.85","658.43","0.58","2.6"
"5912","23","656.4","658.42","-1","-659.42","-657.4"
"5917","23","656.57","658.59","661.49","2.9","4.92"
"5922","23","656.59","658.61","-1","-659.61","-657.59"
"5930","23","657.23","659.25","659.54","0.29","2.31"
"5934","23","657.9","659.92","660.92","1","3.02"
"5948","1","659.3","661.32","663.35","2.02","4.05"
"5970","17","662.73","664.75","665.43","0.68","2.7"
"5974","17","663.75","665.77","666.45","0.68","2.7"
"5982","1","664.89","666.91","670.87","3.96","5.98"
"5984","8","665.39","667.41","670.79","3.38","5.4"
"5986","1","665.4","667.42","671.46","4.04","6.06"
"5991","1","667.41","669.43","680.84","11.41","13.43"
"6011","13","672.21","674.23","677.77","3.54","5.56"
"6023","19","673.36","675.38","675.47","0.09","2.11"
"6027","22","673.69","675.71","679","3.29","5.31"
"6029","10","673.77","675.79","-1","-676.79","-674.77"
"6038","22","674.48","676.5","-1","-677.5","-675.48"
"6040","22","674.62","676.64","677.01","0.37","2.39"
"6060","17","677.16","679.18","688.23","9.05","11.07"
"6100","22","684.11","686.13","688.28","2.15","4.17"
"6111","23","684.65","686.67","690.95","4.28","6.3"
"6113","23","684.69","686.71","-1","-687.71","-685.69"
"6118","23","685.1","687.12","688.01","0.89","2.91"
"6123","1","685.15","687.17","688.91","1.74","3.76"
"6124","23","685.19","687.21","687.63","0.42","2.44"
"6135","1","685.74","687.76","696.75","8.99","11.01"
"6138","23","685.76","687.78","688.44","0.66","2.68"
"6140","11","685.85","687.87","693.92","6.05","8.07"
"6149","9","686.04","688.06","688.83","0.77","2.79"
"6150","23","686.06","688.08","688.39","0.31","2.33"
"6151","9","686.06","688.08","688.82","0.74","2.76"
"6152","9","686.06","688.08","689.08","1","3.02"
"6153","9","686.07","688.09","688.76","0.67","2.69"
"6154","9","686.09","688.11","689.58","1.47","3.49"
"6155","9","686.09","688.11","689.16","1.05","3.07"
"6157","10","686.09","688.11","697.3","9.19","11.21"
"6158","10","686.17","688.19","697.38","9.19","11.21"
"6163","9","686.31","688.33","689.33","1","3.02"
"6164","9","686.31","688.33","689.07","0.74","2.76"
"6165","9","686.32","688.34","689.08","0.74","2.76"
"6166","9","686.32","688.34","689.39","1.05","3.07"
"6167","9","686.35","688.37","689.39","1.02","3.04"
"6168","23","686.35","688.37","689.37","1","3.02"
"6171","9","686.43","688.45","689.21","0.76","2.78"
"6172","9","686.43","688.45","689.14","0.69","2.71"
"6173","9","686.46","688.48","689.24","0.76","2.78"
"6174","17","686.46","688.48","691.7","3.22","5.24"
"6175","9","686.48","688.5","689.27","0.77","2.79"
"6176","9","686.49","688.51","689.25","0.74","2.76"
"6178","9","686.52","688.54","689.28","0.74","2.76"
"6182","9","686.65","688.67","689.72","1.05","3.07"
"6183","9","686.68","688.7","689.75","1.05","3.07"
"6184","23","686.68","688.7","688.99","0.29","2.31"
"6185","1","686.71","688.73","690.74","2.01","4.03"
"6186","11","686.71","688.73","689.21","0.48","2.5"
"6187","10","686.81","688.83","696.22","7.39","9.41"
"6194","23","686.9","688.92","-1","-689.92","-687.9"
"6195","10","686.92","688.94","692.53","3.59","5.61"
"6196","9","686.96","688.98","690.03","1.05","3.07"
"6197","9","687","689.02","689.69","0.67","2.69"
"6201","10","687.21","689.23","695.47","6.24","8.26"
"6206","23","687.39","689.41","690.41","1","3.02"
"6207","9","687.39","689.41","690.15","0.74","2.76"
"6208","9","687.39","689.41","690.19","0.77","2.8"
"6210","9","687.45","689.47","702.99","13.52","15.54"
"6216","11","687.71","689.73","-1","-690.73","-688.71"
"6220","9","687.79","689.81","690.49","0.67","2.7"
"6221","11","687.86","689.88","690.21","0.33","2.35"
"6222","10","687.86","689.88","695.3","5.42","7.44"
"6224","9","687.88","689.9","690.77","0.86","2.89"
"6225","9","687.9","689.92","690.97","1.05","3.07"
"6226","9","687.9","689.92","690.7","0.77","2.8"
"6227","9","687.93","689.95","690.62","0.67","2.69"
"6230","9","687.95","689.97","690.75","0.77","2.8"
"6239","22","688.37","690.39","692.75","2.36","4.38"
"6240","23","688.37","690.39","691.39","1","3.02"
"6242","9","688.41","690.43","691.17","0.74","2.76"
"6243","9","688.44","690.46","691.23","0.77","2.79"
"6245","10","688.52","690.54","-1","-691.54","-689.52"
"6247","9","688.52","690.54","691.22","0.67","2.7"
"6248","11","688.54","690.56","694.7","4.14","6.16"
"6249","10","688.96","690.98","695.38","4.4","6.42"
"6254","1","688.99","691.01","705.08","14.07","16.09"
"6262","17","689.18","691.2","-1","-692.2","-690.18"
"6265","17","689.19","691.21","-1","-692.21","-690.19"
"6279","17","689.72","691.74","-1","-692.74","-690.72"
"6281","17","690.05","692.07","692.97","0.9","2.92"
"6299","10","691.09","693.11","695.82","2.71","4.73"
"6301","10","691.34","693.36","695.63","2.27","4.29"
"6304","10","691.42","693.44","697.45","4.01","6.03"
"6332","10","693.6","695.62","699.7","4.08","6.1"
"6336","10","693.76","695.78","699.86","4.08","6.1"
"6353","7","695.01","697.03","703.81","6.78","8.8"
"6355","23","695.14","697.16","-1","-698.16","-696.14"
"6356","23","695.14","697.16","697.45","0.29","2.31"
"6359","23","695.35","697.37","697.68","0.31","2.33"
"6360","10","695.35","697.37","704.67","7.3","9.32"
"6374","23","696.04","698.06","698.36","0.3","2.32"
"6379","23","696.12","698.14","698.51","0.37","2.39"
"6380","23","696.12","698.14","699.14","1","3.02"
"6383","2","696.26","698.28","-1","-699.28","-697.26"
"6395","23","697.02","699.04","-1","-700.04","-698.02"
"6400","19","697.2","699.22","-1","-700.22","-698.2"
"6404","22","697.65","699.67","713.51","13.84","15.86"
"6410","23","698.15","700.17","700.48","0.31","2.33"
"6413","19","698.63","700.65","-1","-701.65","-699.63"
"6442","1","706.72","708.74","709.7","0.96","2.98"
"6451","17","707.01","709.03","-1","-710.03","-708.01"
"6479","9","709.35","711.37","712.42","1.05","3.07"
"6480","9","709.38","711.4","712.17","0.77","2.79"
"6481","9","709.4","711.42","712.89","1.47","3.49"
"6482","9","709.4","711.42","712.16","0.74","2.76"
"6483","9","709.41","711.43","724.95","13.52","15.54"
"6484","1","709.44","711.46","-1","-712.46","-710.44"
"6485","9","709.44","711.46","712.14","0.67","2.7"
"6490","10","709.76","711.78","717.77","5.99","8.01"
"6493","9","709.93","711.95","713.42","1.47","3.49"
"6497","9","710.22","712.24","712.98","0.74","2.76"
"6498","1","710.55","712.57","714.54","1.97","3.99"
"6500","10","710.72","712.74","716.92","4.18","6.2"
"6504","1","710.89","712.91","715.11","2.2","4.22"
"6506","16","711.03","713.05","717.62","4.57","6.59"
"6527","1","713.57","715.59","726.52","10.93","12.95"
"6528","17","713.96","715.98","716.29","0.31","2.33"
"6530","17","714.53","716.55","717.08","0.53","2.55"
"6533","23","714.55","716.57","716.89","0.31","2.34"
"6534","1","714.92","716.94","721.4","4.46","6.48"
"6554","1","717.87","719.89","723.21","3.32","5.34"
"6567","10","718.93","720.95","734.36","13.41","15.43"
"6572","1","719.03","721.05","724.47","3.42","5.44"
"6576","10","719.13","721.15","734.61","13.46","15.48"
"6583","10","719.31","721.33","730.19","8.85","10.88"
"6584","9","719.31","721.33","722.38","1.05","3.07"
"6585","10","719.31","721.33","744.94","23.6","25.63"
"6586","9","719.36","721.38","722.38","1","3.02"
"6587","9","719.36","721.38","722.12","0.74","2.76"
"6588","9","719.41","721.43","722.1","0.67","2.69"
"6589","9","719.41","721.43","722.48","1.05","3.07"
"6590","10","719.5","721.52","725.25","3.73","5.75"
"6591","9","719.5","721.52","-1","-722.52","-720.5"
"6592","9","719.55","721.57","722.31","0.74","2.76"
"6593","9","719.55","721.57","722.44","0.86","2.89"
"6594","18","719.78","721.8","722.32","0.52","2.54"
"6595","10","719.78","721.8","726.75","4.95","6.97"
"6607","9","720.15","722.17","722.85","0.68","2.7"
"6610","9","720.2","722.22","722.99","0.77","2.79"
"6614","5","720.58","722.6","728.68","6.08","8.1"
"6616","10","720.62","722.64","725.82","3.18","5.2"
"6619","9","720.64","722.66","723.8","1.14","3.16"
"6620","10","720.65","722.67","726.61","3.94","5.96"
"6621","9","720.65","722.67","724.28","1.61","3.63"
"6622","9","720.67","722.69","723.84","1.15","3.17"
"6623","9","720.67","722.69","723.56","0.86","2.89"
"6624","9","720.68","722.7","736.22","13.52","15.54"
"6625","16","720.68","722.7","724.01","1.31","3.33"
"6626","9","720.68","722.7","723.38","0.67","2.7"
"6627","16","720.68","722.7","724.02","1.31","3.34"
"6628","10","720.68","722.7","-1","-723.7","-721.68"
"6629","9","720.69","722.71","723.57","0.86","2.88"
"6630","10","720.73","722.75","-1","-723.75","-721.73"
"6631","9","720.73","722.75","724.22","1.47","3.49"
"6633","9","720.78","722.8","723.58","0.77","2.8"
"6635","9","720.79","722.81","723.49","0.67","2.7"
"6638","9","720.83","722.85","723.9","1.05","3.07"
"6639","9","720.84","722.86","723.91","1.05","3.07"
"6640","9","720.84","722.86","723.91","1.05","3.07"
"6641","10","720.84","722.86","726.3","3.44","5.46"
"6643","9","720.88","722.9","723.95","1.05","3.07"
"6649","10","721","723.02","725.27","2.24","4.27"
"6658","9","721.26","723.28","724.75","1.47","3.49"
"6659","9","721.28","723.3","724.35","1.05","3.07"
"6661","9","721.29","723.31","724.09","0.77","2.8"
"6662","9","721.29","723.31","724.09","0.77","2.8"
"6663","9","721.31","723.33","724.11","0.78","2.8"
"6667","9","721.31","723.33","724.33","1","3.02"
"6668","10","721.32","723.34","726.55","3.21","5.23"
"6671","9","721.47","723.49","724.35","0.86","2.88"
"6672","16","721.48","723.5","727.9","4.4","6.42"
"6673","9","721.48","723.5","724.5","1","3.02"
"6674","9","721.48","723.5","724.5","1","3.02"
"6675","9","721.48","723.5","724.18","0.68","2.7"
"6677","9","721.54","723.56","724.34","0.77","2.8"
"6678","9","721.56","723.58","724.26","0.68","2.7"
"6679","9","721.56","723.58","724.32","0.74","2.76"
"6680","9","721.59","723.61","737.13","13.52","15.54"
"6681","9","721.59","723.61","724.35","0.74","2.76"
"6683","21","721.78","723.8","738.82","15.02","17.04"
"6685","10","721.79","723.81","-1","-724.81","-722.79"
"6690","9","721.86","723.88","737.4","13.52","15.54"
"6691","10","721.86","723.88","727.12","3.24","5.26"
"6693","10","721.89","723.91","-1","-724.91","-722.89"
"6695","9","721.89","723.91","737.44","13.52","15.55"
"6696","10","721.92","723.94","-1","-724.94","-722.92"
"6697","9","721.92","723.94","725.41","1.47","3.49"
"6698","9","722.04","724.06","724.8","0.74","2.76"
"6699","16","722.04","724.06","724.48","0.42","2.44"
"6700","9","722.06","724.08","724.82","0.74","2.76"
"6701","9","722.06","724.08","737.61","13.52","15.55"
"6706","16","722.18","724.2","726.89","2.69","4.71"
"6708","9","722.18","724.2","725.07","0.86","2.89"
"6709","9","722.18","724.2","737.73","13.52","15.55"
"6713","10","722.34","724.36","727.04","2.68","4.7"
"6714","17","722.36","724.38","724.86","0.48","2.5"
"6715","19","722.36","724.38","-1","-725.38","-723.36"
"6721","10","722.46","724.48","-1","-725.48","-723.46"
"6725","9","722.53","724.55","725.23","0.68","2.7"
"6726","9","722.54","724.56","725.42","0.86","2.88"
"6727","9","722.54","724.56","725.56","1","3.02"
"6730","16","722.61","724.63","726.28","1.65","3.67"
"6734","9","722.7","724.72","725.72","1","3.02"
"6735","9","722.78","724.8","725.54","0.74","2.76"
"6737","23","722.81","724.83","726.85","2.02","4.04"
"6740","23","722.87","724.89","726.91","2.02","4.04"
"6744","21","722.9","724.92","726.14","1.22","3.24"
"6745","9","722.91","724.93","725.7","0.77","2.79"
"6746","23","722.91","724.93","735.06","10.13","12.15"
"6747","10","722.95","724.97","728.95","3.98","6"
"6748","9","722.95","724.97","725.75","0.77","2.8"
"6752","9","723.18","725.2","726.25","1.05","3.07"
"6753","9","723.18","725.2","725.94","0.74","2.76"
"6754","9","723.19","725.21","725.89","0.68","2.7"
"6755","1","723.19","725.21","731.17","5.96","7.98"
"6756","9","723.19","725.21","738.74","13.52","15.55"
"6758","9","723.2","725.22","726.22","1","3.02"
"6760","9","723.2","725.22","726","0.77","2.8"
"6761","9","723.2","725.22","726","0.77","2.8"
"6762","9","723.23","725.25","725.99","0.74","2.76"
"6763","9","723.23","725.25","726.72","1.47","3.49"
"6764","9","723.25","725.27","726.27","1","3.02"
"6765","10","723.25","725.27","729.25","3.98","6"
"6766","23","723.42","725.44","726.08","0.64","2.66"
"6767","23","723.42","725.44","728.75","3.31","5.33"
"6769","23","723.44","725.46","-1","-726.46","-724.44"
"6771","9","723.45","725.47","726.21","0.74","2.76"
"6772","22","723.48","725.5","734.05","8.55","10.57"
"6777","10","723.51","725.53","-1","-726.53","-724.51"
"6778","9","723.52","725.54","726.22","0.68","2.7"
"6779","23","723.52","725.54","-1","-726.54","-724.52"
"6785","10","723.73","725.75","729.19","3.44","5.46"
"6787","23","723.76","725.78","726.32","0.54","2.56"
"6788","13","723.76","725.78","731.82","6.04","8.06"
"6797","23","724.01","726.03","-1","-727.03","-725.01"
"6807","10","724.06","726.08","728.85","2.77","4.79"
"6811","10","724.07","726.09","730.07","3.98","6"
"6813","1","724.07","726.09","-1","-727.09","-725.07"
"6814","11","724.08","726.1","732.47","6.37","8.39"
"6818","23","724.09","726.11","729.01","2.9","4.92"
"6819","19","724.09","726.11","-1","-727.11","-725.09"
"6820","10","724.09","726.11","729.09","2.98","5"
"6823","23","724.1","726.12","729.02","2.9","4.92"
"6824","23","724.1","726.12","726.59","0.47","2.49"
"6825","9","724.1","726.12","726.8","0.68","2.7"
"6826","16","724.1","726.12","729.41","3.28","5.31"
"6827","9","724.1","726.12","726.8","0.68","2.7"
"6829","10","724.17","726.19","729.17","2.98","5"
"6830","9","724.18","726.2","726.98","0.78","2.8"
"6831","23","724.21","726.23","726.77","0.54","2.56"
"6833","9","724.23","726.25","726.93","0.68","2.7"
"6834","23","724.23","726.25","726.71","0.46","2.48"
"6835","23","724.24","726.26","727.32","1.06","3.08"
"6837","9","724.24","726.26","726.94","0.68","2.7"
"6839","9","724.26","726.28","727.28","1","3.02"
"6840","23","724.26","726.28","-1","-727.28","-725.26"
"6841","23","724.26","726.28","726.57","0.29","2.31"
"6842","9","724.26","726.28","727.15","0.86","2.89"
"6843","9","724.28","726.3","727.77","1.47","3.49"
"6844","9","724.28","726.3","-1","-727.3","-725.28"
"6845","23","724.32","726.34","-1","-727.34","-725.32"
"6852","23","724.4","726.42","726.67","0.25","2.27"
"6853","23","724.4","726.42","727.09","0.66","2.69"
"6854","10","724.42","726.44","728.76","2.32","4.34"
"6855","1","724.42","726.44","727.72","1.28","3.3"
"6859","23","724.54","726.56","727.22","0.66","2.68"
"6862","23","724.57","726.59","727.25","0.66","2.68"
"6863","23","724.57","726.59","726.9","0.31","2.33"
"6866","9","724.61","726.63","727.49","0.86","2.88"
"6870","23","724.79","726.81","727.48","0.66","2.69"
"6875","19","725.03","727.05","-1","-728.05","-726.03"
"6885","23","725.29","727.31","-1","-728.31","-726.29"
"6886","23","725.29","727.31","-1","-728.31","-726.29"
"6892","23","725.47","727.49","729.06","1.57","3.59"
"6893","23","725.56","727.58","727.89","0.31","2.33"
"6896","23","725.58","727.6","729.17","1.57","3.59"
"6903","7","725.68","727.7","734.12","6.42","8.44"
"6908","11","725.72","727.74","733.06","5.32","7.34"
"6909","17","725.72","727.74","728.6","0.85","2.88"
"6918","23","725.9","727.92","728.17","0.25","2.27"
"6921","23","725.93","727.95","728.26","0.31","2.33"
"6941","16","727.09","729.11","-1","-730.11","-728.09"
"6950","1","727.38","729.4","736.64","7.23","9.26"
"6954","1","727.41","729.43","734.18","4.75","6.77"
"6955","16","727.41","729.43","-1","-730.43","-728.41"
"6978","17","728.12","730.14","735.39","5.25","7.27"
"6980","8","728.22","730.24","736.88","6.64","8.66"
"6984","17","728.69","730.71","732.62","1.91","3.93"
"6985","17","728.69","730.71","732.62","1.91","3.93"
"7001","8","729.22","731.24","-1","-732.24","-730.22"
"7003","17","729.23","731.25","731.75","0.5","2.52"
"7008","1","729.36","731.38","732.44","1.06","3.08"
"7012","15","729.47","731.49","-1","-732.49","-730.47"
"7016","22","729.68","731.7","732.45","0.75","2.77"
"7022","16","729.98","732","735.36","3.36","5.38"
"7027","8","730.64","732.66","737.99","5.33","7.35"
"7036","17","731.52","733.54","-1","-734.54","-732.52"
"7048","1","732.01","734.03","745.15","11.12","13.14"
"7098","8","737.53","739.55","742.04","2.49","4.51"
"7137","22","739.67","741.69","752.49","10.8","12.82"
"7146","10","740.05","742.07","747.19","5.12","7.14"
"7147","10","740.05","742.07","-1","-743.07","-741.05"
"7151","10","740.19","742.21","746.35","4.14","6.16"
"7156","16","740.54","742.56","743.54","0.98","3"
"7165","10","740.87","742.89","760.25","17.36","19.38"
"7195","16","742.4","744.42","745.4","0.98","3"
"7198","10","742.41","744.43","747.88","3.45","5.47"
"7200","23","742.92","744.94","748.23","3.29","5.31"
"7205","23","743.18","745.2","746.59","1.39","3.41"
"7221","23","744.23","746.25","746.91","0.66","2.68"
"7225","23","744.32","746.34","747.94","1.6","3.62"
"7226","23","744.36","746.38","748.21","1.83","3.85"
"7229","23","744.4","746.42","746.71","0.29","2.31"
"7236","9","744.55","746.57","748.04","1.47","3.49"
"7237","9","744.56","746.58","747.32","0.74","2.76"
"7239","9","744.56","746.58","747.58","1","3.02"
"7240","9","744.61","746.63","747.4","0.77","2.79"
"7241","16","744.62","746.64","747.07","0.43","2.45"
"7242","23","744.68","746.7","-1","-747.7","-745.68"
"7243","9","744.7","746.72","747.58","0.86","2.88"
"7244","9","744.7","746.72","747.59","0.86","2.89"
"7245","9","744.74","746.76","747.76","1","3.02"
"7246","9","744.76","746.78","748.25","1.47","3.49"
"7248","21","744.79","746.81","754.56","7.75","9.77"
"7249","9","744.79","746.81","747.49","0.68","2.7"
"7250","16","744.79","746.81","-1","-747.81","-745.79"
"7252","23","744.79","746.81","-1","-747.81","-745.79"
"7253","9","744.8","746.82","748.29","1.47","3.49"
"7254","23","744.82","746.84","747.84","1","3.02"
"7255","9","744.82","746.84","747.71","0.86","2.89"
"7257","9","744.84","746.86","747.54","0.68","2.7"
"7261","9","744.84","746.86","747.54","0.68","2.7"
"7262","9","744.84","746.86","747.61","0.74","2.77"
"7267","9","744.9","746.92","748.39","1.47","3.49"
"7274","1","746.19","748.21","754.48","6.27","8.29"
"7332","21","750.15","752.17","763.59","11.42","13.44"
"7352","8","750.76","752.78","756.96","4.18","6.2"
"7370","23","752.08","754.1","755.56","1.46","3.48"
"7388","23","753","755.02","-1","-756.02","-754"
"7392","1","753.02","755.04","767.59","12.54","14.57"
"7398","23","753.4","755.42","757","1.58","3.6"
"7435","1","755.41","757.43","-1","-758.43","-756.41"
"7455","22","757.01","759.03","765.65","6.62","8.64"
"7463","23","757.9","759.92","760.36","0.44","2.46"
"7472","8","759.1","761.12","-1","-762.12","-760.1"
"7512","23","761.52","763.54","765.42","1.88","3.9"
"7513","1","761.52","763.54","771.17","7.63","9.65"
"7516","16","761.76","763.78","764.56","0.78","2.8"
"7536","10","762.77","764.79","771.82","7.03","9.05"
"7537","10","762.78","764.8","-1","-765.8","-763.78"
"7547","10","763.21","765.23","772.26","7.03","9.05"
"7549","17","763.26","765.28","770.74","5.46","7.48"
"7550","10","763.46","765.48","-1","-766.48","-764.46"
"7560","16","764.01","766.03","769.63","3.6","5.62"
"7561","10","764.01","766.03","769.03","2.99","5.02"
"7564","10","764.44","766.46","769.37","2.91","4.93"
"7569","16","764.49","766.51","767.29","0.78","2.8"
"7574","10","764.79","766.81","770.18","3.37","5.39"
"7578","10","765.77","767.79","770.15","2.36","4.38"
"7580","10","765.92","767.94","770.76","2.82","4.84"
"7581","10","765.94","767.96","771.26","3.3","5.32"
"7583","1","766.02","768.04","-1","-769.04","-767.02"
"7586","10","766.24","768.26","770.94","2.68","4.7"
"7593","10","766.83","768.85","772.29","3.44","5.46"
"7596","23","766.97","768.99","769.46","0.47","2.49"
"7598","1","767.34","769.36","772.11","2.75","4.77"
"7604","23","767.53","769.55","770.08","0.53","2.55"
"7613","23","767.54","769.56","770.79","1.23","3.25"
"7619","23","767.56","769.58","770.05","0.47","2.49"
"7621","19","767.6","769.62","-1","-770.62","-768.6"
"7627","23","767.61","769.63","770.17","0.54","2.56"
"7629","23","767.61","769.64","771.23","1.6","3.62"
"7633","9","767.63","769.65","770.4","0.74","2.77"
"7634","23","767.64","769.66","770.12","0.46","2.48"
"7635","9","767.64","769.66","770.53","0.86","2.89"
"7637","9","767.75","769.77","771.24","1.47","3.49"
"7638","9","767.75","769.77","770.77","1","3.02"
"7639","9","767.75","769.77","-1","-770.77","-768.75"
"7640","1","767.75","769.77","-1","-770.77","-768.75"
"7641","9","767.75","769.77","770.83","1.05","3.08"
"7642","9","767.77","769.79","771.26","1.47","3.49"
"7643","9","767.99","770.01","-1","-771.01","-768.99"
"7644","9","767.99","770.01","771.06","1.05","3.07"
"7646","10","768.06","770.08","-1","-771.08","-769.06"
"7647","9","768.2","770.22","771.69","1.47","3.49"
"7648","9","768.2","770.22","771.22","1","3.02"
"7655","10","768.73","770.75","-1","-771.75","-769.73"
"7656","10","768.73","770.75","774.22","3.47","5.49"
"7657","10","768.85","770.87","773.55","2.68","4.7"
"7658","10","768.85","770.87","-1","-771.87","-769.85"
"7669","22","769.73","771.75","772.13","0.38","2.4"
"7671","10","769.81","771.83","773.79","1.96","3.98"
"7690","17","771.94","773.96","-1","-774.96","-772.94"
"7711","3","773.85","775.87","779.62","3.75","5.77"
"7725","23","775.54","777.56","777.98","0.42","2.44"
"7729","23","776.01","778.03","779.47","1.44","3.46"
"7733","1","776.3","778.32","-1","-779.32","-777.3"
"7734","16","776.35","778.37","781.55","3.18","5.2"
"7759","23","777.47","779.49","781.06","1.57","3.59"
"7776","1","777.92","779.94","784.02","4.07","6.1"
"7778","12","777.92","779.94","790.32","10.38","12.4"
"7779","23","777.92","779.94","780.94","1","3.02"
"7784","1","778.85","780.87","782.23","1.36","3.38"
"7788","23","779.02","781.04","782.61","1.57","3.59"
"7789","1","779.02","781.04","-1","-782.04","-780.02"
"7796","1","779.87","781.89","782.92","1.03","3.05"
"7801","7","780.03","782.05","784.94","2.89","4.91"
"7808","18","780.47","782.49","-1","-783.49","-781.47"
"7810","1","780.68","782.7","783.58","0.88","2.9"
"7818","23","781.47","783.49","783.8","0.31","2.33"
"7845","16","783.22","785.24","-1","-786.24","-784.22"
"7850","1","783.34","785.36","800.76","15.4","17.42"
"7853","10","783.39","785.41","794.32","8.91","10.93"
"7863","1","783.45","785.47","-1","-786.47","-784.45"
"7866","23","783.66","785.68","787.19","1.51","3.53"
"7870","1","783.79","785.81","794.06","8.25","10.27"
"7871","17","783.79","785.81","792.48","6.67","8.69"
"7879","9","783.87","785.89","786.76","0.86","2.89"
"7880","8","783.95","785.97","787.63","1.66","3.68"
"7881","9","783.95","785.97","786.71","0.74","2.76"
"7884","23","784.21","786.23","786.8","0.57","2.59"
"7886","16","784.31","786.33","-1","-787.33","-785.31"
"7900","23","784.73","786.75","789.89","3.14","5.16"
"7904","11","784.92","786.94","789.17","2.23","4.25"
"7906","23","785.02","787.04","787.29","0.25","2.27"
"7908","11","785.04","787.06","793.23","6.17","8.19"
"7911","23","785.15","787.17","787.42","0.25","2.27"
"7915","1","785.3","787.32","789.82","2.5","4.52"
"7929","10","786.43","788.45","-1","-789.45","-787.43"
"7931","16","786.62","788.64","789.87","1.23","3.25"
"7948","10","787.67","789.69","-1","-790.69","-788.67"
"7957","10","787.93","789.95","794.68","4.73","6.75"
"7968","3","788.42","790.44","794.96","4.52","6.54"
"7987","10","788.67","790.69","795.24","4.54","6.57"
"7989","10","788.98","791","-1","-792","-789.98"
"8001","10","790.24","792.26","796.83","4.57","6.59"
"8007","10","790.68","792.7","-1","-793.7","-791.68"
"8009","10","790.71","792.73","-1","-793.73","-791.71"
"8016","10","791.04","793.06","795.74","2.68","4.7"
"8027","17","792.06","794.08","797.54","3.46","5.48"
"8043","8","792.71","794.73","798.06","3.33","5.35"
"8044","10","792.81","794.83","-1","-795.83","-793.81"
"8047","10","792.87","794.89","798.62","3.73","5.75"
"8048","3","792.98","795","795.64","0.64","2.66"
"8054","10","793.33","795.35","798.58","3.23","5.25"
"8073","10","793.37","795.39","797.5","2.11","4.13"
"8074","10","793.37","795.39","799.12","3.73","5.75"
"8075","17","793.37","795.39","-1","-796.39","-794.37"
"8079","9","793.38","795.4","808.93","13.52","15.55"
"8080","9","793.39","795.41","808.93","13.52","15.54"
"8081","9","793.4","795.42","796.19","0.77","2.79"
"8083","9","793.46","795.48","809","13.52","15.54"
"8085","10","793.55","795.57","796.91","1.34","3.36"
"8086","9","793.58","795.6","796.28","0.68","2.7"
"8088","10","793.76","795.78","801.4","5.62","7.64"
"8089","9","793.76","795.78","796.65","0.86","2.89"
"8091","21","794.01","796.03","801.53","5.5","7.52"
"8101","16","794.68","796.7","803.21","6.51","8.53"
"8110","10","794.7","796.73","802.56","5.83","7.86"
"8117","10","794.73","796.75","801.43","4.68","6.7"
"8118","9","794.73","796.75","810.28","13.52","15.55"
"8119","9","794.73","796.75","810.28","13.52","15.55"
"8120","9","794.73","796.75","797.53","0.77","2.8"
"8121","9","794.73","796.76","798.23","1.47","3.5"
"8122","9","794.73","796.76","797.5","0.74","2.77"
"8123","9","794.73","796.76","797.76","1","3.03"
"8124","9","794.73","796.76","797.53","0.77","2.8"
"8125","9","794.73","796.76","797.43","0.67","2.7"
"8126","1","794.73","796.76","805.08","8.32","10.35"
"8127","9","794.75","796.77","797.44","0.67","2.69"
"8128","23","794.76","796.78","-1","-797.78","-795.76"
"8131","10","794.98","797","805.53","8.53","10.55"
"8135","10","795.69","797.71","800.85","3.14","5.16"
"8146","1","796.93","798.95","807.4","8.45","10.47"
"8168","10","797.93","799.95","803.48","3.53","5.55"
"8171","16","798.06","800.08","801.5","1.42","3.44"
"8178","10","798.31","800.33","803.62","3.29","5.31"
"8181","1","798.32","800.34","802.08","1.74","3.76"
"8197","10","798.4","800.42","803.05","2.63","4.65"
"8203","23","798.61","800.63","805","4.37","6.39"
"8206","9","798.68","800.7","814.22","13.52","15.54"
"8207","9","798.77","800.79","801.53","0.74","2.76"
"8213","1","799.23","801.25","-1","-802.25","-800.23"
"8242","10","800.31","802.33","804.58","2.25","4.27"
"8243","1","800.31","802.33","806.13","3.8","5.82"
"8246","10","800.72","802.74","805.5","2.76","4.78"
"8250","11","800.86","802.88","-1","-803.88","-801.86"
"8253","1","801.35","803.37","-1","-804.37","-802.35"
"8263","10","802.18","804.2","806.16","1.96","3.98"
"8264","1","802.2","804.22","805.52","1.3","3.32"
"8266","1","802.65","804.67","809.74","5.07","7.09"
"8270","10","803.02","805.04","807.06","2.02","4.04"
"8280","1","803.4","805.42","806.26","0.84","2.86"
"8288","1","804.52","806.54","819.06","12.52","14.54"
"8300","17","805.61","807.63","808.6","0.97","2.99"
"8329","21","807.79","809.81","818.16","8.35","10.37"
"8341","16","808.16","810.18","810.65","0.47","2.49"
"8347","16","808.16","810.19","811.51","1.32","3.35"
"8361","16","808.26","810.28","-1","-811.28","-809.26"
"8407","1","811.68","813.7","816.32","2.62","4.64"
"8424","1","812.86","814.88","-1","-815.88","-813.86"
"8438","1","813.22","815.24","-1","-816.24","-814.22"
"8459","23","814.78","816.8","819.7","2.9","4.92"
"8461","23","815.07","817.09","817.67","0.58","2.6"
"8470","1","815.19","817.21","-1","-818.21","-816.19"
"8481","1","815.6","817.62","818.32","0.7","2.72"
"8484","23","815.67","817.69","818.27","0.58","2.6"
"8494","23","815.94","817.96","819.53","1.57","3.59"
"8496","23","816.05","818.07","818.73","0.66","2.68"
"8497","23","816.06","818.08","818.74","0.66","2.68"
"8504","23","816.14","818.16","818.47","0.31","2.33"
"8505","9","816.15","818.17","819.22","1.05","3.07"
"8507","1","816.17","818.19","822.66","4.47","6.49"
"8508","9","816.17","818.19","819.24","1.05","3.07"
"8509","23","816.41","818.43","-1","-819.43","-817.41"
"8514","10","816.63","818.65","-1","-819.65","-817.63"
"8517","23","816.95","818.97","-1","-819.97","-817.95"
"8518","23","816.96","818.98","-1","-819.98","-817.96"
"8520","17","817.09","819.11","820.01","0.9","2.92"
"8526","1","817.48","819.5","-1","-820.5","-818.48"
"8529","10","817.81","819.83","-1","-820.83","-818.81"
"8532","1","817.82","819.84","821.59","1.74","3.77"
"8538","23","817.98","820","820.31","0.31","2.33"
"8540","23","818.02","820.04","821.04","1","3.02"
"8542","10","818.03","820.05","-1","-821.05","-819.03"
"8543","13","818.14","820.16","827.7","7.54","9.56"
"8556","10","818.46","820.48","-1","-821.48","-819.46"
"8559","10","818.6","820.62","826.68","6.06","8.08"
"8573","9","818.91","820.93","821.79","0.86","2.88"
"8574","9","818.91","820.93","822.4","1.47","3.49"
"8577","10","819.03","821.05","-1","-822.05","-820.03"
"8582","10","819.21","821.23","-1","-822.23","-820.21"
"8588","10","819.35","821.37","824.29","2.92","4.94"
"8590","10","819.38","821.4","-1","-822.4","-820.38"
"8592","1","819.62","821.64","-1","-822.64","-820.62"
"8607","10","819.78","821.8","825.29","3.49","5.51"
"8611","9","819.8","821.82","835.35","13.52","15.55"
"8612","23","819.8","821.82","-1","-822.82","-820.8"
"8613","23","819.8","821.82","822.49","0.66","2.69"
"8614","9","819.8","821.83","822.83","1","3.03"
"8615","9","819.8","821.83","822.69","0.86","2.89"
"8616","23","819.81","821.83","-1","-822.83","-820.81"
"8617","23","819.81","821.83","822.12","0.29","2.31"
"8618","9","819.83","821.85","822.71","0.86","2.88"
"8619","1","819.83","821.85","827.52","5.67","7.69"
"8620","9","819.85","821.87","822.64","0.77","2.79"
"8621","23","819.85","821.87","822.18","0.31","2.33"
"8623","9","819.88","821.9","822.64","0.74","2.76"
"8625","1","819.92","821.94","829.15","7.2","9.23"
"8628","21","820.38","822.4","825.97","3.57","5.59"
"8630","10","820.7","822.72","-1","-823.72","-821.7"
"8631","10","820.7","822.72","825.02","2.3","4.32"
"8633","3","820.75","822.77","823.57","0.8","2.82"
"8649","10","821.48","823.5","-1","-824.5","-822.48"
"8667","10","822.17","824.19","-1","-825.19","-823.17"
"8681","1","823.02","825.04","829.11","4.07","6.09"
"8694","1","823.85","825.87","827.17","1.3","3.32"
"8702","17","823.97","825.99","827.87","1.88","3.9"
"8707","10","824.14","826.16","828.84","2.68","4.7"
"8710","10","824.22","826.24","-1","-827.24","-825.22"
"8711","16","824.22","826.24","827.19","0.95","2.97"
"8716","17","824.62","826.64","827.5","0.86","2.88"
"8722","10","824.72","826.74","-1","-827.74","-825.72"
"8725","22","824.77","826.79","-1","-827.79","-825.77"
"8726","10","824.94","826.96","829.64","2.68","4.7"
"8766","13","826.73","828.75","834.06","5.31","7.33"
"8801","10","827.74","829.76","839.99","10.23","12.25"
"8805","10","827.82","829.84","838.88","9.04","11.06"
"8806","17","827.88","829.9","831.14","1.24","3.26"
"8808","10","827.96","829.98","832.44","2.46","4.48"
"8809","8","827.96","829.98","834.93","4.95","6.97"
"8813","17","827.98","830","830.51","0.51","2.53"
"8836","8","828.92","830.94","842.55","11.61","13.63"
"8842","17","828.98","831","832.24","1.24","3.26"
"8843","9","828.98","831","844.53","13.52","15.55"
"8845","1","829.34","831.36","838.9","7.54","9.56"
"8846","10","829.37","831.39","834.07","2.68","4.7"
"8850","8","829.88","831.9","836.85","4.95","6.97"
"8865","1","830.35","832.37","833.84","1.47","3.49"
"8866","10","830.57","832.59","-1","-833.59","-831.57"
"8874","1","830.77","832.79","834.12","1.33","3.35"
"8885","16","831.07","833.09","839.02","5.93","7.95"
"8888","10","831.12","833.14","-1","-834.14","-832.12"
"8895","1","831.46","833.48","840.69","7.21","9.23"
"8911","10","831.89","833.91","835.88","1.97","3.99"
"8912","10","831.9","833.92","-1","-834.92","-832.9"
"8985","1","838.32","840.34","-1","-841.34","-839.32"
"8989","16","838.4","840.42","841.2","0.78","2.8"
"9001","23","838.95","840.97","844.36","3.39","5.41"
"9018","16","840.25","842.27","-1","-843.27","-841.25"
"9019","8","840.3","842.32","-1","-843.32","-841.3"
"9029","23","840.49","842.51","845.94","3.43","5.45"
"9034","17","840.55","842.57","843.11","0.54","2.56"
"9038","17","840.73","842.75","-1","-843.75","-841.73"
"9043","23","841","843.02","843.57","0.55","2.57"
"9046","3","841.4","843.42","844.06","0.64","2.66"
"9053","8","841.87","843.89","847.06","3.17","5.19"
"9057","19","842.03","844.05","856.54","12.49","14.51"
"9061","23","842.08","844.1","-1","-845.1","-843.08"
"9062","17","842.22","844.24","844.77","0.53","2.55"
"9069","3","842.3","844.32","-1","-845.32","-843.3"
"9071","23","842.34","844.36","846.23","1.87","3.89"
"9079","10","842.42","844.44","848.57","4.13","6.15"
"9084","10","842.63","844.65","847.54","2.89","4.91"
"9096","22","843.37","845.39","857.97","12.58","14.6"
"9104","10","843.93","845.95","-1","-846.95","-844.93"
"9110","10","844.11","846.13","851.64","5.51","7.53"
"9120","21","844.67","846.69","850.57","3.88","5.9"
"9121","23","844.71","846.73","847.96","1.23","3.25"
"9124","23","844.95","846.97","847.55","0.58","2.6"
"9126","23","845.02","847.04","-1","-848.04","-846.02"
"9130","23","845.24","847.26","848.26","1","3.02"
"9157","23","846.67","848.69","850.26","1.57","3.59"
"9161","23","846.69","848.71","-1","-849.71","-847.69"
"9165","23","846.7","848.72","849.01","0.29","2.31"
"9166","16","846.7","848.72","849.25","0.53","2.55"
"9188","1","847.85","849.87","851.25","1.38","3.4"
"9190","16","847.91","849.93","851.42","1.49","3.51"
"9191","23","848.11","850.13","-1","-851.13","-849.11"
"9192","1","848.11","850.13","-1","-851.13","-849.11"
"9194","16","848.19","850.21","850.74","0.53","2.55"
"9205","23","848.97","850.99","-1","-851.99","-849.97"
"9215","1","850.18","852.2","-1","-853.2","-851.18"
"9225","23","850.61","852.63","853.05","0.42","2.44"
"9228","23","850.81","852.83","853.25","0.42","2.44"
"9237","1","851.92","853.94","855.43","1.49","3.51"
"9266","8","854.23","856.25","-1","-857.25","-855.23"
"9279","1","855.22","857.24","864.66","7.42","9.44"
"9288","16","855.87","857.89","-1","-858.89","-856.87"
"9308","10","856.38","858.4","866.66","8.26","10.28"
"9313","10","856.56","858.58","-1","-859.58","-857.56"
"9320","10","856.6","858.62","-1","-859.62","-857.6"
"9327","10","856.93","858.95","867.32","8.37","10.39"
"9330","16","857.74","859.76","860.53","0.77","2.79"
"9334","10","857.99","860.01","867.52","7.51","9.53"
"9344","10","858.7","860.72","865.88","5.16","7.18"
"9347","10","858.77","860.79","865.78","4.98","7.01"
"9356","10","859.01","861.03","864.43","3.4","5.42"
"9359","18","859.02","861.04","862.53","1.48","3.51"
"9360","10","859.32","861.34","864.5","3.16","5.18"
"9369","10","859.75","861.77","865.7","3.93","5.95"
"9371","10","859.87","861.89","864.25","2.36","4.38"
"9374","22","860.16","862.18","865.64","3.46","5.48"
"9381","1","860.43","862.45","866.66","4.21","6.23"
"9394","10","860.67","862.69","866.36","3.67","5.69"
"9396","1","860.68","862.7","864.17","1.47","3.49"
"9397","1","860.69","862.71","864.04","1.33","3.35"
"9400","1","860.72","862.74","869.36","6.62","8.64"
"9430","17","862.74","864.76","-1","-865.76","-863.74"
"9431","16","862.74","864.76","-1","-865.76","-863.74"
"9433","10","862.75","864.77","-1","-865.77","-863.75"
"9437","10","862.8","864.82","868.53","3.71","5.73"
"9439","1","862.81","864.83","867.03","2.2","4.22"
"9440","10","862.81","864.83","869.12","4.28","6.31"
"9441","9","862.81","864.83","866.3","1.47","3.49"
"9458","22","863.72","865.74","866.16","0.42","2.44"
"9461","10","863.84","865.86","869.2","3.34","5.36"
"9462","1","864.05","866.07","-1","-867.07","-865.05"
"9463","10","864.06","866.08","868.52","2.44","4.46"
"9465","16","864.07","866.09","866.47","0.38","2.4"
"9476","16","864.57","866.59","866.97","0.38","2.4"
"9484","13","865.04","867.06","871.76","4.7","6.72"
"9487","1","865.24","867.26","869.83","2.57","4.59"
"9517","9","867.21","869.23","869.97","0.74","2.76"
"9525","9","867.63","869.65","870.33","0.68","2.7"
"9526","9","867.72","869.74","870.42","0.68","2.7"
"9528","9","867.73","869.75","870.43","0.68","2.7"
"9532","23","868.07","870.09","873.04","2.95","4.97"
"9557","9","868.55","870.57","871.25","0.67","2.7"
"9586","13","870.47","872.49","875.67","3.18","5.2"
"9601","1","871.16","873.18","876.78","3.6","5.62"
"9604","8","871.29","873.31","875.49","2.18","4.2"
"9616","19","871.65","873.67","-1","-874.67","-872.65"
"9618","23","871.66","873.68","874.16","0.48","2.5"
"9628","22","872.22","874.24","874.55","0.31","2.33"
"9632","10","872.63","874.65","878.02","3.37","5.39"
"9638","1","873.19","875.21","876.3","1.09","3.11"
"9640","1","873.22","875.24","880.91","5.67","7.69"
"9646","10","873.71","875.73","879.1","3.37","5.39"
"9647","10","873.71","875.73","877.02","1.29","3.31"
"9664","8","874.82","876.84","879.54","2.7","4.72"
"9682","1","876.19","878.21","879.53","1.32","3.34"
"9707","1","877.69","879.71","881.24","1.53","3.55"
"9724","10","878.57","880.59","886.58","5.99","8.01"
"9738","1","879.08","881.1","-1","-882.1","-880.08"
"9741","1","879.11","881.13","-1","-882.13","-880.11"
"9743","17","879.15","881.17","-1","-882.17","-880.15"
"9746","10","879.46","881.48","-1","-882.48","-880.46"
"9749","5","879.7","881.72","882.12","0.4","2.42"
"9765","23","881.02","883.04","886.05","3.01","5.03"
"9784","23","882.55","884.57","887.58","3.01","5.03"
"9790","1","883.44","885.46","888.08","2.62","4.64"
"9793","1","883.59","885.61","-1","-886.61","-884.59"
"9815","23","884.69","886.71","887.32","0.61","2.63"
"9822","10","884.72","886.74","896.36","9.61","11.64"
"9823","10","884.72","886.74","898.83","12.08","14.11"
"9826","10","884.74","886.76","892.55","5.79","7.81"
"9829","10","884.86","886.88","-1","-887.88","-885.86"
"9836","1","885.74","887.76","901.82","14.06","16.08"
"9840","16","885.98","888","-1","-889","-886.98"
"9842","23","886.89","888.91","890.34","1.43","3.45"
"9864","16","889.57","891.59","892.48","0.89","2.91"
"9866","1","889.84","891.86","892.95","1.09","3.11"
"9891","10","891.67","893.69","898.2","4.51","6.53"
"9894","10","891.68","893.7","897.53","3.83","5.85"
"9895","10","891.69","893.71","899.46","5.75","7.77"
"9897","10","891.69","893.71","896.78","3.07","5.09"
"9898","10","891.77","893.79","-1","-894.79","-892.77"
"9922","22","893.23","895.25","-1","-896.25","-894.23"
"9929","17","893.39","895.41","896.27","0.86","2.88"
"9930","23","893.46","895.48","895.88","0.4","2.42"
"9931","17","893.46","895.48","897.36","1.88","3.9"
"9934","1","893.58","895.6","910.77","15.17","17.19"
"9938","10","893.65","895.67","898.75","3.08","5.1"
"9939","22","893.65","895.67","-1","-896.67","-894.65"
"9940","10","893.9","895.92","914.31","18.39","20.41"
"9943","1","893.92","895.94","897.04","1.1","3.12"
"9946","9","893.93","895.95","897","1.05","3.07"
"9947","9","894.11","896.13","897.6","1.47","3.49"
"9948","9","894.11","896.13","897.18","1.05","3.07"
"9949","9","894.12","896.14","897.14","1","3.02"
"9950","9","894.12","896.14","896.92","0.78","2.8"
"9951","9","894.14","896.16","897.21","1.05","3.07"
"9952","10","894.14","896.16","900.12","3.96","5.98"
"9953","9","894.15","896.17","896.95","0.78","2.8"
"9954","9","894.15","896.17","897.22","1.05","3.07"
"9955","9","894.19","896.21","896.89","0.68","2.7"
"9956","9","894.19","896.21","897.26","1.05","3.07"
"9957","10","894.27","896.29","899.48","3.19","5.21"
"9958","10","894.27","896.29","899.73","3.44","5.46"
"9967","10","894.87","896.89","899.66","2.77","4.79"
"9969","10","894.91","896.93","915.02","18.09","20.11"
"9973","23","895.12","897.14","898.99","1.85","3.87"
"9978","17","895.27","897.29","902.43","5.14","7.16"
"9979","23","895.41","897.43","900.33","2.9","4.92"
"9984","23","895.58","897.6","899.41","1.8","3.83"
"9985","22","895.58","897.6","900.4","2.79","4.82"
"9986","9","895.58","897.6","898.35","0.74","2.77"
"9988","9","895.65","897.67","898.67","1","3.02"
"9989","3","895.67","897.69","899.28","1.59","3.61"
"9991","9","895.68","897.7","898.38","0.68","2.7"
"9992","9","895.68","897.7","898.57","0.86","2.89"
"9993","9","895.75","897.77","898.55","0.78","2.8"
"9994","16","895.75","897.77","-1","-898.77","-896.75"
"9995","9","895.76","897.78","898.78","1","3.02"
"9996","19","895.76","897.78","-1","-898.78","-896.76"
"10000","9","895.93","897.95","899.01","1.05","3.08"
"10001","9","895.94","897.96","898.7","0.74","2.76"
"10002","9","895.94","897.96","898.83","0.86","2.89"
"10003","9","895.98","898","911.53","13.53","15.55"
"10004","9","895.98","898","898.78","0.78","2.8"
"10006","22","896.06","898.08","898.47","0.39","2.41"
"10009","10","896.13","898.15","-1","-899.15","-897.13"
"10010","10","896.13","898.15","-1","-899.15","-897.13"
"10012","10","896.18","898.2","-1","-899.2","-897.18"
"10016","1","896.39","898.41","902.36","3.95","5.97"
"10017","1","896.39","898.41","899.6","1.19","3.21"
"10020","9","896.42","898.44","899.44","1","3.02"
"10021","9","896.43","898.45","899.19","0.74","2.76"
"10024","1","896.47","898.49","904.88","6.39","8.41"
"10025","10","896.61","898.63","-1","-899.63","-897.61"
"10031","1","896.72","898.74","904.21","5.47","7.49"
"10034","23","896.8","898.82","900.49","1.67","3.69"
"10037","23","896.86","898.88","899.3","0.42","2.44"
"10038","9","896.86","898.88","899.66","0.78","2.8"
"10040","9","896.89","898.91","912.44","13.53","15.55"
"10041","23","896.92","898.94","-1","-899.94","-897.92"
"10045","10","897.04","899.06","902.15","3.09","5.11"
"10048","1","897.12","899.14","902.55","3.4","5.43"
"10049","10","897.15","899.17","901.84","2.67","4.69"
"10051","16","897.17","899.19","-1","-900.19","-898.17"
"10053","23","897.23","899.25","899.71","0.46","2.48"
"10058","10","897.42","899.44","901.6","2.16","4.18"
"10062","7","897.56","899.58","907.6","8.02","10.04"
"10063","9","897.56","899.58","900.64","1.05","3.08"
"10064","9","897.57","899.59","900.37","0.78","2.8"
"10067","10","897.64","899.66","902.29","2.63","4.65"
"10068","10","897.64","899.66","901.92","2.26","4.28"
"10072","16","897.66","899.68","901.68","2","4.02"
"10077","9","897.68","899.7","900.56","0.86","2.88"
"10079","9","897.76","899.78","900.78","1","3.02"
"10080","23","897.76","899.78","900.35","0.57","2.59"
"10082","9","897.81","899.83","901.3","1.47","3.49"
"10083","9","897.82","899.84","901.31","1.47","3.49"
"10084","9","897.82","899.84","900.58","0.74","2.76"
"10085","3","897.88","899.9","-1","-900.9","-898.88"
"10086","9","897.88","899.9","900.58","0.68","2.7"
"10087","10","897.92","899.94","902.05","2.11","4.13"
"10088","9","897.92","899.94","900.94","1","3.02"
"10089","10","897.93","899.95","912.56","12.61","14.63"
"10090","9","897.93","899.95","900.95","1","3.02"
"10093","9","898","900.02","901.02","1","3.02"
"10095","17","898.12","900.14","-1","-901.14","-899.12"
"10097","9","898.15","900.17","901.64","1.47","3.49"
"10098","10","898.15","900.17","902.28","2.11","4.13"
"10105","10","898.6","900.62","903.7","3.08","5.1"
"10113","10","898.7","900.72","-1","-901.72","-899.7"
"10120","10","898.78","900.8","-1","-901.8","-899.78"
"10124","10","898.79","900.81","903.3","2.49","4.51"
"10126","16","898.81","900.83","901.55","0.72","2.74"
"10128","17","898.83","900.85","902.11","1.26","3.28"
"10130","10","898.92","900.94","903.41","2.47","4.49"
"10136","1","899.04","901.06","903.57","2.51","4.53"
"10141","3","899.25","901.27","903.16","1.89","3.91"
"10143","23","899.26","901.28","901.77","0.49","2.51"
"10147","10","899.39","901.41","906.56","5.15","7.17"
"10165","23","899.88","901.9","902.46","0.56","2.58"
"10174","9","900.14","902.16","903.16","1","3.02"
"10175","9","900.17","902.19","902.87","0.68","2.7"
"10178","9","900.18","902.2","902.88","0.68","2.7"
"10179","9","900.18","902.2","903.07","0.86","2.89"
"10182","9","900.19","902.21","903.68","1.47","3.49"
"10183","9","900.19","902.21","902.95","0.74","2.76"
"10184","9","900.19","902.21","902.96","0.74","2.77"
"10185","9","900.23","902.25","903.72","1.47","3.49"
"10186","9","900.24","902.26","903.04","0.78","2.8"
"10187","17","900.26","902.28","-1","-903.28","-901.26"
"10188","22","900.27","902.29","902.54","0.25","2.27"
"10189","9","900.28","902.3","903.35","1.05","3.07"
"10190","9","900.28","902.3","903.08","0.78","2.8"
"10192","9","900.29","902.31","903.36","1.05","3.07"
"10193","1","900.3","902.32","-1","-903.32","-901.3"
"10196","23","900.34","902.36","903.59","1.23","3.25"
"10204","9","900.46","902.48","-1","-903.48","-901.46"
"10215","23","900.9","902.92","904.15","1.23","3.25"
"10216","10","900.9","902.92","907.37","4.45","6.47"
"10221","10","901","903.02","-1","-904.02","-902"
"10222","10","901","903.02","906.46","3.44","5.46"
"10223","23","901","903.02","903.56","0.54","2.56"
"10225","1","901.01","903.03","-1","-904.03","-902.01"
"10227","10","901.02","903.04","906.48","3.44","5.46"
"10228","10","901.02","903.04","906.2","3.16","5.18"
"10237","10","901.15","903.17","905.71","2.54","4.56"
"10239","17","901.16","903.18","907.34","4.16","6.18"
"10248","10","901.28","903.3","905.36","2.06","4.08"
"10250","1","901.42","903.44","904.47","1.03","3.05"
"10251","10","901.42","903.44","906.38","2.94","4.96"
"10253","8","901.48","903.5","906.71","3.21","5.23"
"10256","1","901.66","903.68","904.66","0.98","3"
"10259","22","901.71","903.73","904.14","0.41","2.43"
"10263","10","901.84","903.86","-1","-904.86","-902.84"
"10265","17","901.86","903.88","904.39","0.51","2.53"
"10275","23","901.94","903.96","904.35","0.38","2.41"
"10278","17","901.98","904","905.94","1.94","3.96"
"10283","23","902.01","904.03","904.37","0.33","2.36"
"10284","17","902.02","904.04","904.93","0.89","2.91"
"10292","1","902.23","904.25","907.16","2.91","4.93"
"10296","23","902.34","904.36","-1","-905.36","-903.34"
"10297","22","902.37","904.39","904.77","0.38","2.4"
"10299","8","902.38","904.4","-1","-905.4","-903.38"
"10300","17","902.38","904.4","906.34","1.94","3.96"
"10301","23","902.38","904.4","-1","-905.4","-903.38"
"10302","16","902.4","904.42","-1","-905.42","-903.4"
"10304","23","902.44","904.46","905.69","1.23","3.25"
"10307","23","902.55","904.57","905.15","0.58","2.6"
"10309","23","902.72","904.74","-1","-905.74","-903.72"
"10311","23","902.75","904.77","905.35","0.58","2.6"
"10313","23","902.75","904.77","-1","-905.77","-903.75"
"10323","23","903.11","905.13","-1","-906.13","-904.11"
"10330","22","903.21","905.23","905.53","0.3","2.32"
"10340","19","903.71","905.73","918.89","13.16","15.18"
"10362","23","904.17","906.19","906.67","0.48","2.5"
"10363","23","904.17","906.19","906.79","0.6","2.62"
"10364","22","904.2","906.22","908.9","2.68","4.7"
"10365","1","904.22","906.24","914.87","8.63","10.65"
"10367","16","904.25","906.27","911.55","5.28","7.3"
"10379","16","904.66","906.68","907.26","0.58","2.6"
"10384","21","904.88","906.9","910.17","3.27","5.29"
"10389","22","905.15","907.17","-1","-908.17","-906.15"
"10426","17","906.44","908.46","913.78","5.32","7.34"
"10428","17","906.44","908.46","913.78","5.32","7.34"
"10430","17","906.44","908.47","913.78","5.32","7.34"
"10443","17","907.03","909.05","914.3","5.25","7.27"
"10452","23","907.34","909.36","-1","-910.36","-908.34"
"10453","17","907.39","909.41","-1","-910.41","-908.39"
"10454","23","907.4","909.42","911.19","1.77","3.79"
"10459","1","907.82","909.84","919.04","9.2","11.22"
"10469","11","908.57","910.59","912.51","1.92","3.94"
"10472","17","908.79","910.81","-1","-911.81","-909.79"
"10473","16","908.79","910.81","911.27","0.46","2.48"
"10487","1","909.31","911.33","916.46","5.13","7.15"
"10492","1","909.48","911.5","919.13","7.63","9.65"
"10501","7","909.87","911.89","915.82","3.93","5.95"
"10502","1","909.87","911.89","913.09","1.2","3.22"
"10505","11","909.98","912","916.65","4.65","6.67"
"10558","19","913.16","915.18","-1","-916.18","-914.16"
"10580","17","915.35","917.37","-1","-918.37","-916.35"
"10595","19","916.19","918.21","932.44","14.23","16.25"
"10608","22","916.21","918.23","922.91","4.67","6.7"
"10610","22","916.21","918.24","920.37","2.14","4.16"
"10618","22","916.34","918.36","-1","-919.36","-917.34"
"10621","9","916.34","918.36","919.92","1.56","3.58"
"10622","9","916.34","918.36","919.52","1.16","3.18"
"10623","9","916.34","918.37","919.71","1.35","3.37"
"10626","9","916.36","918.38","919.38","1","3.02"
"10627","17","916.36","918.38","-1","-919.38","-917.36"
"10628","9","916.36","918.38","919.16","0.78","2.8"
"10629","9","916.38","918.4","919.4","1","3.02"
"10630","9","916.38","918.4","919.87","1.47","3.49"
"10631","9","916.38","918.4","919.4","1","3.02"
"10633","9","916.39","918.41","919.46","1.05","3.07"
"10634","9","916.41","918.43","919.11","0.68","2.7"
"10635","9","916.42","918.44","931.96","13.52","15.54"
"10636","23","916.43","918.45","918.75","0.3","2.32"
"10637","9","916.44","918.46","919.51","1.05","3.07"
"10652","17","917.8","919.82","-1","-920.82","-918.8"
"10653","17","917.87","919.89","925.07","5.18","7.2"
"10667","1","918.3","920.32","922.32","2","4.02"
"10675","1","918.79","920.81","922.81","2","4.02"
"10677","22","919.3","921.32","-1","-922.32","-920.3"
"10719","1","922.47","924.49","925.1","0.61","2.63"
"10758","10","924.1","926.12","-1","-927.12","-925.1"
"10760","10","924.13","926.15","936.46","10.31","12.33"
"10763","10","924.13","926.15","935.74","9.59","11.61"
"10776","1","924.73","926.75","-1","-927.75","-925.73"
"10778","10","924.82","926.84","933.56","6.72","8.74"
"10784","10","924.99","927.01","931.73","4.72","6.74"
"10785","10","924.99","927.01","932.94","5.93","7.95"
"10788","1","925.23","927.25","928.66","1.41","3.43"
"10791","10","925.23","927.25","930.98","3.73","5.75"
"10799","10","925.63","927.65","932.35","4.7","6.72"
"10802","17","926.06","928.08","929.06","0.98","3"
"10814","17","927.46","929.48","931.4","1.92","3.94"
"10825","10","927.77","929.79","933.87","4.08","6.1"
"10827","1","927.82","929.84","937.8","7.96","9.98"
"10829","17","927.94","929.96","930.47","0.51","2.53"
"10841","18","928.97","930.99","936.6","5.61","7.63"
"10846","18","929.28","931.3","933.79","2.49","4.51"
"10859","16","930.14","932.16","-1","-933.16","-931.14"
"10880","23","931.46","933.48","937.16","3.68","5.7"
"10889","16","931.83","933.85","934.38","0.53","2.55"
"10891","18","931.84","933.86","936.35","2.49","4.51"
"10893","17","932.01","934.03","935.39","1.36","3.38"
"10911","1","932.54","934.56","940.96","6.4","8.42"
"10924","1","932.65","934.67","936.28","1.61","3.63"
"10930","22","932.81","934.83","936.42","1.59","3.61"
"10937","23","933.05","935.07","935.45","0.38","2.4"
"10948","23","933.61","935.63","-1","-936.63","-934.61"
"10950","23","933.64","935.66","936.06","0.4","2.42"
"10955","22","933.77","935.79","-1","-936.79","-934.77"
"10965","23","934.12","936.14","938.29","2.15","4.17"
"10972","23","934.25","936.27","936.67","0.4","2.42"
"10977","23","934.64","936.66","938.74","2.08","4.1"
"10983","23","934.83","936.85","938.16","1.31","3.33"
"10987","7","935.06","937.08","941.07","3.99","6.01"
"10989","22","935.43","937.45","937.82","0.37","2.39"
"10993","17","935.63","937.65","938.86","1.21","3.23"
"10995","22","935.71","937.73","938.1","0.37","2.39"
"11015","22","936.76","938.78","939.04","0.26","2.28"
"11022","8","937.04","939.06","955.34","16.28","18.3"
"11029","17","937.25","939.27","-1","-940.27","-938.25"
"11030","1","937.29","939.31","949.54","10.23","12.25"
"11032","1","937.3","939.32","941.43","2.11","4.13"
"11046","10","937.72","939.74","944.14","4.4","6.42"
"11047","8","937.72","939.74","942.39","2.64","4.67"
"11051","1","937.94","939.96","941.27","1.31","3.33"
"11055","23","937.96","939.98","941.23","1.24","3.27"
"11058","23","937.97","939.99","940.89","0.9","2.92"
"11060","10","938","940.02","942.4","2.38","4.4"
"11061","10","938","940.02","944.48","4.45","6.48"
"11072","23","938.04","940.06","-1","-941.06","-939.04"
"11080","16","938.32","940.34","943.53","3.19","5.21"
"11093","8","938.84","940.86","957.28","16.42","18.44"
"11098","17","939.06","941.08","941.57","0.49","2.51"
"11113","3","939.3","941.33","943.64","2.31","4.34"
"11117","23","939.32","941.34","944.43","3.09","5.11"
"11119","10","939.32","941.34","943.71","2.36","4.39"
"11121","10","939.34","941.36","-1","-942.36","-940.34"
"11125","1","939.34","941.36","945.51","4.15","6.17"
"11126","10","939.34","941.36","-1","-942.36","-940.34"
"11130","17","939.41","941.43","942.26","0.83","2.85"
"11131","10","939.41","941.43","944.14","2.71","4.73"
"11134","10","939.42","941.44","944.67","3.23","5.25"
"11135","9","939.43","941.45","942.92","1.47","3.49"
"11136","9","939.43","941.45","942.23","0.78","2.8"
"11137","9","939.43","941.45","942.19","0.74","2.76"
"11139","10","939.43","941.45","943.72","2.27","4.29"
"11140","23","939.43","941.45","942.35","0.89","2.92"
"11141","10","939.45","941.47","944.27","2.8","4.82"
"11142","23","939.45","941.47","941.81","0.34","2.36"
"11143","9","939.45","941.47","942.47","1","3.02"
"11144","10","939.45","941.47","945.5","4.03","6.05"
"11145","1","939.46","941.48","956.1","14.62","16.64"
"11146","10","939.46","941.48","-1","-942.48","-940.46"
"11147","9","939.46","941.48","942.26","0.78","2.8"
"11148","9","939.46","941.48","955.01","13.52","15.55"
"11149","21","939.46","941.48","942.09","0.61","2.63"
"11150","18","939.48","941.5","943.82","2.32","4.34"
"11151","1","939.48","941.5","956.11","14.61","16.63"
"11153","9","939.49","941.51","942.25","0.74","2.76"
"11154","9","939.49","941.51","942.19","0.68","2.7"
"11155","17","939.53","941.55","-1","-942.55","-940.53"
"11156","9","939.54","941.56","943.03","1.47","3.49"
"11157","23","939.55","941.57","942.8","1.23","3.25"
"11158","9","939.56","941.58","942.36","0.78","2.8"
"11161","9","939.69","941.71","942.71","1","3.02"
"11162","9","939.69","941.71","943.18","1.47","3.49"
"11163","17","939.71","941.73","943.59","1.86","3.88"
"11164","10","939.71","941.73","944.41","2.68","4.7"
"11169","9","939.93","941.95","942.95","1","3.02"
"11170","9","939.93","941.95","942.95","1","3.02"
"11171","17","939.96","941.98","942.82","0.84","2.86"
"11172","10","939.96","941.98","-1","-942.98","-940.96"
"11174","10","940.04","942.06","945.13","3.07","5.09"
"11175","23","940.05","942.07","942.61","0.54","2.56"
"11176","9","940.05","942.07","955.6","13.52","15.55"
"11180","3","940.24","942.26","943.91","1.65","3.67"
"11181","10","940.32","942.34","945.64","3.3","5.32"
"11182","23","940.32","942.34","-1","-943.34","-941.32"
"11185","10","940.57","942.59","944.79","2.2","4.22"
"11186","23","940.57","942.59","942.98","0.39","2.41"
"11197","17","941.4","943.42","944.68","1.26","3.28"
"11209","1","942.21","944.23","947.67","3.44","5.46"
"11242","22","944.12","946.14","947.37","1.23","3.25"
"11257","1","945.15","947.17","954.12","6.95","8.97"
"11259","23","945.15","947.17","950.17","3","5.02"
"11284","1","946.92","948.94","950.25","1.31","3.33"
"11296","1","947.9","949.92","956.48","6.56","8.58"
"11305","1","948.76","950.78","965.39","14.61","16.63"
"11320","23","949.21","951.23","951.55","0.32","2.34"
"11325","23","949.37","951.39","952.68","1.29","3.31"
"11329","17","949.67","951.69","952.2","0.51","2.53"
"11331","17","949.88","951.9","955.03","3.13","5.15"
"11339","19","950.12","952.14","952.27","0.13","2.15"
"11347","23","950.39","952.41","953.3","0.89","2.91"
"11352","1","950.49","952.51","966.78","14.27","16.29"
"11388","16","952.76","954.78","-1","-955.78","-953.76"
"11429","1","955.27","957.29","966.24","8.95","10.97"
"11449","1","956.3","958.32","959.81","1.49","3.51"
"11450","21","956.43","958.45","961.48","3.03","5.05"
"11453","1","956.47","958.49","-1","-959.49","-957.47"
"11495","9","957.4","959.42","960.1","0.68","2.7"
"11498","9","957.56","959.58","960.26","0.68","2.7"
"11499","9","957.56","959.58","-1","-960.58","-958.56"
"11501","9","957.56","959.58","960.26","0.68","2.7"
"11504","9","957.56","959.59","960.59","1","3.03"
"11505","9","957.56","959.59","960.64","1.05","3.08"
"11509","9","957.62","959.64","960.51","0.86","2.89"
"11510","9","957.62","959.64","960.51","0.86","2.89"
"11512","9","957.63","959.65","960.52","0.86","2.89"
"11514","9","957.64","959.66","960.71","1.05","3.07"
"11516","9","957.64","959.66","960.72","1.05","3.08"
"11517","9","957.64","959.66","960.66","1","3.02"
"11518","9","957.64","959.66","961.13","1.47","3.49"
"11519","10","957.65","959.67","968.78","9.11","11.13"
"11520","18","957.71","959.73","963.21","3.48","5.5"
"11521","10","957.71","959.73","967.03","7.3","9.32"
"11522","1","957.78","959.8","964.66","4.86","6.88"
"11541","17","958.09","960.11","961.23","1.12","3.14"
"11543","16","958.11","960.13","-1","-961.13","-959.11"
"11553","16","959.04","961.06","964.64","3.58","5.6"
"11557","19","959.22","961.24","976.94","15.7","17.72"
"11558","16","959.24","961.26","-1","-962.26","-960.24"
"11563","22","959.42","961.44","-1","-962.44","-960.42"
"11565","16","959.62","961.64","966.59","4.95","6.97"
"11567","1","959.74","961.76","971.98","10.22","12.24"
"11588","8","961.22","963.24","-1","-964.24","-962.22"
"11595","22","961.83","963.85","964.4","0.55","2.57"
"11615","1","963.17","965.19","978.62","13.43","15.45"
"11619","23","963.52","965.54","966.14","0.6","2.62"
"11649","1","965.65","967.67","968.6","0.93","2.95"
"11650","16","965.67","967.69","968.47","0.78","2.8"
"11675","7","966.53","968.55","974.97","6.42","8.44"
"11745","16","971.5","973.52","974.22","0.7","2.72"
"11747","1","971.52","973.54","974.28","0.74","2.76"
"11752","19","971.95","973.97","988.91","14.94","16.96"
"11757","16","972.29","974.31","-1","-975.31","-973.29"
"11769","1","972.73","974.75","975.61","0.86","2.88"
"11770","1","973.04","975.06","978.14","3.08","5.1"
"11771","1","973.04","975.06","975.93","0.87","2.89"
"11786","22","974.22","976.24","976.53","0.29","2.31"
"11787","22","974.22","976.24","976.41","0.17","2.19"
"11791","16","974.38","976.4","-1","-977.4","-975.38"
"11792","1","974.56","976.58","980.1","3.52","5.54"
"11819","10","974.91","976.93","983.28","6.35","8.37"
"11824","10","974.91","976.93","983.29","6.35","8.38"
"11827","9","974.92","976.94","977.94","1","3.02"
"11829","9","974.92","976.94","977.62","0.68","2.7"
"11831","9","974.92","976.94","977.94","1","3.02"
"11833","10","974.96","976.98","-1","-977.98","-975.96"
"11835","9","974.99","977.01","977.79","0.78","2.8"
"11838","10","975.75","977.77","981.22","3.45","5.47"
"11841","1","976.01","978.03","-1","-979.03","-977.01"
"11848","16","976.28","978.3","-1","-979.3","-977.28"
"11862","1","977.12","979.14","985.17","6.02","8.05"
"11863","16","977.36","979.38","-1","-980.38","-978.36"
"11868","1","977.69","979.71","989.16","9.44","11.47"
"11880","19","978.44","980.46","-1","-981.46","-979.44"
"11884","1","978.49","980.51","982.62","2.11","4.13"
"11928","1","980.05","982.07","988.06","5.99","8.01"
"11944","19","981.63","983.65","-1","-984.65","-982.63"
"11946","17","981.65","983.67","988.13","4.46","6.48"
"11955","17","983.28","985.3","986.39","1.09","3.11"
"11956","17","983.31","985.33","985.97","0.64","2.66"
"11962","17","983.58","985.6","986.69","1.09","3.11"
"11976","19","985.2","987.22","-1","-988.22","-986.2"
"11982","1","986.01","988.03","-1","-989.03","-987.01"
"11994","7","988.1","990.12","993.65","3.53","5.55"
"12013","23","989.72","991.74","-1","-992.74","-990.72"
"12014","17","989.72","991.74","-1","-992.74","-990.72"
"12018","17","989.85","991.87","-1","-992.87","-990.85"
"12057","16","995.68","997.7","998.23","0.53","2.55"
"12076","22","998.14","1000.16","1000.46","0.3","2.32"
"12098","22","1001.84","1003.86","-1","-1004.86","-1002.84"
"12119","10","1004.51","1006.53","-1","-1007.53","-1005.51"
"12120","10","1004.65","1006.67","1011.66","4.99","7.01"
"12125","9","1004.78","1006.8","1008.27","1.47","3.49"
"12127","9","1004.88","1006.9","1007.95","1.05","3.07"
"12129","10","1005.06","1007.08","-1","-1008.08","-1006.06"
"12130","9","1005.18","1007.2","1008.2","1","3.02"
"12131","9","1005.18","1007.2","1007.98","0.77","2.8"
"12132","9","1005.19","1007.21","1020.73","13.52","15.54"
"12133","9","1005.19","1007.21","1008.21","1","3.02"
"12137","10","1005.71","1007.73","1013.74","6.01","8.03"
"12143","10","1005.96","1007.98","1010.76","2.78","4.8"
"12148","1","1006.06","1008.08","1016.61","8.53","10.55"
"12151","9","1006.07","1008.09","1009.09","1","3.02"
"12153","9","1006.25","1008.27","1009.32","1.05","3.07"
"12155","9","1006.25","1008.27","1009.28","1","3.03"
"12157","1","1006.6","1008.62","1014.17","5.54","7.57"
"12158","9","1006.62","1008.64","1009.7","1.06","3.08"
"12159","9","1006.62","1008.64","1022.18","13.54","15.56"
"12160","9","1006.68","1008.7","1009.76","1.06","3.08"
"12161","9","1006.69","1008.71","1010.18","1.47","3.49"
"12162","9","1006.69","1008.71","1009.39","0.67","2.7"
"12163","9","1006.71","1008.73","1010.2","1.47","3.49"
"12164","9","1006.75","1008.77","1009.82","1.05","3.07"
"12165","9","1006.75","1008.77","1022.29","13.52","15.54"
"12170","9","1007.28","1009.3","1010.07","0.77","2.79"
"12171","9","1007.28","1009.3","1010.35","1.05","3.07"
"12173","8","1007.91","1009.93","-1","-1010.93","-1008.91"
"12186","10","1008.48","1010.5","1014.16","3.66","5.68"
"12187","10","1008.48","1010.5","1014.69","4.19","6.21"
"12194","9","1008.85","1010.87","1024.39","13.52","15.54"
"12195","9","1008.85","1010.87","1012.34","1.47","3.49"
"12197","14","1008.99","1011.01","1013.03","2.02","4.04"
"12198","9","1009.04","1011.06","1011.8","0.74","2.76"
"12199","9","1009.04","1011.06","1012.53","1.47","3.49"
"12236","23","1016.33","1018.35","1019.58","1.23","3.25"
"12265","10","1018.5","1020.52","1027.3","6.78","8.8"
"12274","10","1018.54","1020.56","-1","-1021.56","-1019.54"
"12277","10","1018.8","1020.82","1023.67","2.85","4.87"
"12279","10","1018.82","1020.84","1023.69","2.85","4.87"
"12286","10","1019.02","1021.04","1023.89","2.85","4.87"
"12287","10","1019.1","1021.12","1025.29","4.17","6.19"
"12290","1","1019.11","1021.13","1028.92","7.79","9.81"
"12301","23","1019.97","1021.99","1026.97","4.98","7"
"12305","23","1020.14","1022.16","1023.45","1.29","3.31"
"12308","23","1020.22","1022.24","-1","-1023.24","-1021.22"
"12310","10","1020.31","1022.33","1025.24","2.91","4.93"
"12312","10","1020.37","1022.39","1025.21","2.82","4.84"
"12315","10","1020.56","1022.58","-1","-1023.58","-1021.56"
"12319","1","1020.7","1022.72","1024.01","1.29","3.31"
"12327","10","1020.99","1023.01","-1","-1024.01","-1021.99"
"12333","23","1021.3","1023.32","1023.88","0.56","2.58"
"12334","23","1021.32","1023.34","1025.28","1.94","3.96"
"12339","10","1021.61","1023.63","1026.45","2.82","4.84"
"12346","16","1021.85","1023.87","-1","-1024.87","-1022.85"
"12348","10","1022.13","1024.15","1026.89","2.74","4.76"
"12352","18","1022.2","1024.22","1026.54","2.32","4.34"
"12357","16","1022.26","1024.28","1027.46","3.18","5.2"
"12358","10","1022.28","1024.3","1026.59","2.29","4.31"
"12361","10","1022.3","1024.32","1027.15","2.83","4.85"
"12365","9","1022.39","1024.41","1026.29","1.88","3.9"
"12366","9","1022.4","1024.42","1025.42","1","3.02"
"12368","9","1022.44","1024.46","-1","-1025.46","-1023.44"
"12369","9","1022.44","1024.46","1025.2","0.74","2.76"
"12371","9","1022.46","1024.48","-1","-1025.48","-1023.46"
"12373","9","1022.53","1024.55","1025.6","1.05","3.07"
"12374","9","1022.56","1024.58","-1","-1025.58","-1023.56"
"12375","23","1022.56","1024.58","-1","-1025.58","-1023.56"
"12376","10","1022.57","1024.59","1028.57","3.98","6"
"12377","9","1022.57","1024.59","1025.27","0.68","2.7"
"12378","10","1022.63","1024.65","1027.33","2.68","4.7"
"12379","9","1022.63","1024.65","1025.7","1.05","3.07"
"12380","23","1022.66","1024.68","1025.24","0.56","2.58"
"12385","9","1022.84","1024.86","1025.73","0.86","2.89"
"12387","10","1022.93","1024.95","-1","-1025.95","-1023.93"
"12389","23","1023.17","1025.19","1026.48","1.29","3.31"
"12391","10","1023.31","1025.33","1027.58","2.25","4.27"
"12392","23","1023.44","1025.46","-1","-1026.46","-1024.44"
"12395","17","1023.46","1025.48","1027.42","1.94","3.96"
"12407","8","1024.18","1026.2","1028.35","2.14","4.17"
"12409","23","1024.24","1026.26","1026.8","0.54","2.56"
"12410","23","1024.25","1026.27","1027.84","1.57","3.59"
"12412","23","1024.27","1026.29","1045.48","19.18","21.21"
"12414","23","1024.28","1026.3","1026.59","0.29","2.31"
"12426","17","1025.52","1027.54","1028.41","0.87","2.89"
"12433","23","1025.99","1028.01","1028.26","0.25","2.27"
"12441","17","1026.7","1028.72","1029.59","0.87","2.89"
"12446","1","1027.57","1029.59","1030.91","1.32","3.34"
"12453","1","1028.06","1030.08","-1","-1031.08","-1029.06"
"12454","16","1028.12","1030.14","1034.45","4.31","6.33"
"12481","17","1029.7","1031.72","-1","-1032.72","-1030.7"
"12482","17","1029.9","1031.92","1033.86","1.94","3.96"
"12500","17","1030.44","1032.46","1032.97","0.51","2.53"
"12502","1","1030.68","1032.7","1040.67","7.97","9.99"
"12510","21","1030.74","1032.76","1034.89","2.13","4.15"
"12520","9","1030.82","1032.84","1033.89","1.05","3.07"
"12521","9","1030.82","1032.84","1033.89","1.05","3.07"
"12522","17","1030.85","1032.87","1034.13","1.26","3.28"
"12523","9","1030.85","1032.87","1033.61","0.74","2.76"
"12525","1","1030.92","1032.94","1038.78","5.84","7.86"
"12527","1","1031.02","1033.04","-1","-1034.04","-1032.02"
"12528","1","1031.12","1033.14","1034.35","1.21","3.23"
"12544","9","1031.94","1033.96","-1","-1034.96","-1032.94"
"12558","9","1032.6","1034.62","1036.09","1.47","3.49"
"12560","9","1032.62","1034.64","1035.51","0.86","2.89"
"12572","16","1033.09","1035.11","1039.55","4.44","6.46"
"12574","9","1033.09","1035.11","1035.79","0.68","2.7"
"12576","9","1033.15","1035.17","1036.04","0.86","2.89"
"12578","9","1033.16","1035.18","1035.96","0.77","2.8"
"12584","16","1033.56","1035.58","1038.29","2.71","4.73"
"12596","3","1033.93","1035.95","1038.26","2.31","4.33"
"12605","16","1035.47","1037.49","-1","-1038.49","-1036.47"
"12612","3","1036.33","1038.35","1040.75","2.4","4.42"
"12632","2","1037.87","1039.89","1041.78","1.89","3.91"
"12649","10","1040.21","1042.23","-1","-1043.23","-1041.21"
"12658","1","1040.57","1042.59","1043.71","1.12","3.14"
"12668","10","1040.83","1042.85","1048.42","5.57","7.59"
"12679","10","1041.36","1043.38","1048.84","5.46","7.48"
"12681","10","1041.36","1043.38","1049","5.62","7.64"
"12682","10","1041.36","1043.38","1047.23","3.85","5.87"
"12689","10","1041.36","1043.39","1046.62","3.23","5.26"
"12692","10","1041.41","1043.43","1048.38","4.95","6.97"
"12695","10","1041.42","1043.44","1046.24","2.8","4.82"
"12703","10","1041.45","1043.47","1046.27","2.8","4.82"
"12704","10","1041.45","1043.47","-1","-1044.47","-1042.45"
"12708","11","1041.56","1043.58","1045.12","1.54","3.56"
"12718","10","1042.57","1044.59","-1","-1045.59","-1043.57"
"12719","10","1042.57","1044.59","1046.6","2.01","4.03"
"12727","16","1044.06","1046.08","1047.71","1.63","3.65"
"12787","5","1049.26","1051.28","1055.11","3.83","5.85"
"12799","10","1049.88","1051.91","1055.67","3.76","5.79"
"12803","10","1049.9","1051.92","1053.51","1.59","3.61"
"12805","16","1049.91","1051.93","1052.4","0.47","2.49"
"12806","17","1049.91","1051.93","1054.1","2.17","4.19"
"12815","1","1049.94","1051.96","1052.88","0.92","2.94"
"12817","10","1049.94","1051.96","1053.87","1.9","3.93"
"12827","10","1050.76","1052.78","1067.97","15.19","17.21"
"12828","1","1050.77","1052.79","1054.46","1.67","3.69"
"12841","18","1052.34","1054.36","1055.08","0.72","2.74"
"12872","23","1055.36","1057.38","1061.22","3.84","5.86"
"12875","23","1055.45","1057.47","1057.95","0.48","2.5"
"12882","13","1055.88","1057.9","1058.88","0.98","3"
"12890","10","1056.27","1058.29","1060.8","2.51","4.53"
"12898","22","1056.38","1058.4","1059.72","1.32","3.34"
"12901","23","1056.4","1058.42","1058.83","0.41","2.43"
"12903","8","1056.4","1058.42","-1","-1059.42","-1057.4"
"12905","21","1056.41","1058.43","1061.67","3.24","5.26"
"12909","10","1056.41","1058.43","1059.94","1.5","3.53"
"12910","23","1056.41","1058.43","1058.86","0.42","2.45"
"12912","23","1056.46","1058.48","1058.82","0.34","2.36"
"12921","22","1057.49","1059.51","1059.85","0.34","2.36"
"12930","11","1058.01","1060.03","1077.76","17.73","19.75"
"12943","1","1059.04","1061.06","-1","-1062.06","-1060.04"
"12956","10","1059.86","1061.88","-1","-1062.88","-1060.86"
"12961","1","1060.4","1062.42","1070.81","8.39","10.41"
"12962","2","1060.41","1062.43","-1","-1063.43","-1061.41"
"12973","16","1060.62","1062.64","-1","-1063.64","-1061.62"
"12988","1","1061.19","1063.21","1071.49","8.28","10.3"
"12990","1","1061.23","1063.25","1064.38","1.13","3.15"
"13002","1","1062.28","1064.3","1065.54","1.24","3.26"
"13005","1","1062.32","1064.34","1065.42","1.08","3.1"
"13027","8","1064.6","1066.62","1069.92","3.3","5.32"
"13035","8","1064.88","1066.9","1074.97","8.07","10.09"
"13058","3","1067.62","1069.64","-1","-1070.64","-1068.62"
"13072","21","1068.94","1070.96","1074.01","3.05","5.07"
"13086","1","1070.64","1072.66","1083.25","10.59","12.61"
"13120","9","1073.27","1075.29","1088.87","13.57","15.6"
"13121","9","1073.27","1075.29","1076.07","0.77","2.8"
"13123","9","1073.27","1075.3","1076.04","0.74","2.77"
"13124","9","1073.27","1075.3","1088.82","13.52","15.55"
"13125","9","1073.29","1075.31","1076.78","1.47","3.49"
"13126","1","1073.46","1075.48","1077.55","2.07","4.09"
"13131","9","1073.71","1075.73","1076.47","0.74","2.76"
"13132","9","1073.98","1076","1076.68","0.68","2.7"
"13133","9","1073.98","1076","1076.74","0.74","2.76"
"13138","1","1075.19","1077.21","1079.09","1.88","3.9"
"13152","8","1076.23","1078.25","1080.59","2.34","4.36"
"13185","9","1077.01","1079.03","1080.22","1.19","3.21"
"13187","9","1077.02","1079.04","1079.85","0.8","2.83"
"13192","9","1077.05","1079.07","-1","-1080.07","-1078.05"
"13193","9","1077.05","1079.07","1079.81","0.74","2.76"
"13194","9","1077.24","1079.26","1079.94","0.68","2.7"
"13210","18","1078.9","1080.92","1082.87","1.95","3.97"
"13234","1","1080.57","1082.59","1095.02","12.43","14.45"
"13246","10","1081.58","1083.6","1091.02","7.42","9.44"
"13251","10","1081.8","1083.82","1091.21","7.39","9.41"
"13259","7","1082.36","1084.38","1091.48","7.1","9.12"
"13261","10","1082.38","1084.4","1090.62","6.22","8.24"
"13267","1","1082.53","1084.55","1085.54","0.99","3.01"
"13268","10","1082.53","1084.55","1093.87","9.32","11.34"
"13280","18","1083.12","1085.14","1087.7","2.56","4.58"
"13294","1","1084.99","1087.01","1088.21","1.2","3.22"
"13357","4","1088.71","1090.73","1095.49","4.76","6.78"
"13359","22","1088.83","1090.85","1091.15","0.3","2.32"
"13373","1","1089.54","1091.56","-1","-1092.56","-1090.54"
"13378","23","1089.6","1091.62","1095.8","4.17","6.2"
"13394","23","1090.61","1092.63","1093.23","0.6","2.62"
"13408","23","1092.31","1094.33","1095.68","1.35","3.37"
"13413","7","1092.79","1094.81","1097.48","2.67","4.69"
"13419","23","1093.48","1095.5","1096.85","1.35","3.37"
"13421","23","1093.75","1095.77","-1","-1096.77","-1094.75"
"13425","22","1093.86","1095.88","1096.06","0.18","2.2"
"13426","11","1094.44","1096.46","1100.76","4.3","6.32"
"13432","23","1095.14","1097.16","1097.41","0.25","2.27"
"13436","23","1096.2","1098.22","1099.22","1","3.02"
"13443","23","1096.46","1098.48","1099.15","0.66","2.69"
"13446","23","1096.77","1098.79","1100.36","1.57","3.59"
"13451","10","1096.9","1098.92","1102.43","3.51","5.53"
"13457","1","1098.01","1100.03","1102.33","2.3","4.32"
"13468","17","1099.21","1101.23","1101.74","0.51","2.53"
"13480","21","1100.06","1102.08","1105.54","3.46","5.48"
"13514","10","1102.66","1104.68","-1","-1105.68","-1103.66"
"13518","23","1102.9","1104.92","1106.49","1.57","3.59"
"13519","9","1102.9","1104.92","1105.79","0.86","2.89"
"13524","19","1103.59","1105.61","1118.53","12.92","14.94"
"13526","19","1103.65","1105.67","1118.58","12.91","14.93"
"13544","23","1106.15","1108.17","1108.97","0.79","2.82"
"13553","16","1106.17","1108.19","-1","-1109.19","-1107.17"
"13563","9","1106.4","1108.42","1109.58","1.15","3.18"
"13564","9","1106.42","1108.44","1109.18","0.74","2.76"
"13565","9","1106.42","1108.44","1109.44","1","3.02"
"13566","9","1106.43","1108.45","1109.19","0.74","2.76"
"13567","9","1106.43","1108.45","1109.5","1.05","3.07"
"13568","9","1106.69","1108.71","1109.38","0.67","2.69"
"13569","23","1106.71","1108.73","1109.73","1","3.02"
"13570","17","1106.71","1108.73","1113.1","4.37","6.39"
"13573","23","1106.86","1108.88","1109.13","0.25","2.27"
"13589","1","1111.39","1113.41","1121.91","8.5","10.52"
"13605","1","1113.77","1115.79","-1","-1116.79","-1114.77"
"13619","1","1114.75","1116.77","1119.28","2.51","4.53"
"13628","8","1115.59","1117.61","1122.04","4.43","6.45"
"13647","10","1116.2","1118.22","1130.61","12.39","14.41"
"13650","10","1116.31","1118.33","-1","-1119.33","-1117.31"
"13653","1","1116.68","1118.7","1121.03","2.33","4.35"
"13664","10","1117.13","1119.15","1126.11","6.96","8.98"
"13683","17","1119.79","1121.81","1122.79","0.98","3"
"13692","8","1120.35","1122.37","1134.4","12.03","14.05"
"13702","10","1120.56","1122.58","-1","-1123.58","-1121.56"
"13703","10","1120.62","1122.64","1125.9","3.26","5.28"
"13710","11","1121.17","1123.19","1131.41","8.22","10.24"
"13735","10","1123.92","1125.94","1128.61","2.67","4.69"
"13738","17","1124.15","1126.17","-1","-1127.17","-1125.15"
"13749","10","1125.36","1127.38","-1","-1128.38","-1126.36"
"13761","1","1126.75","1128.77","1140.21","11.44","13.46"
"13779","10","1129.06","1131.08","-1","-1132.08","-1130.06"
"13780","10","1129.48","1131.5","1134.48","2.98","5"
"13782","1","1129.6","1131.62","1143.15","11.53","13.55"
"13800","16","1132.02","1134.04","1137.29","3.25","5.27"
"13837","23","1138.58","1140.6","1141.17","0.57","2.59"
"13879","10","1142.53","1144.55","1156.95","12.4","14.42"
"13890","10","1142.92","1144.94","-1","-1145.94","-1143.92"
"13891","10","1142.94","1144.96","-1","-1145.96","-1143.94"
"13894","23","1142.94","1144.96","1146.37","1.41","3.43"
"13896","10","1142.94","1144.96","1156.52","11.56","13.58"
"13899","23","1142.97","1144.99","1146.39","1.4","3.42"
"13902","16","1142.99","1145.01","1146.22","1.21","3.23"
"13907","23","1143.02","1145.04","-1","-1146.04","-1144.02"
"13908","5","1143.02","1145.04","1152.77","7.73","9.75"
"13909","19","1143.35","1145.37","1155.65","10.28","12.3"
"13914","23","1143.8","1145.82","-1","-1146.82","-1144.8"
"13917","13","1144.35","1146.37","1155.36","8.99","11.01"
"13918","10","1144.35","1146.37","1148.1","1.73","3.75"
"13927","8","1145.22","1147.24","-1","-1148.24","-1146.22"
"13928","5","1145.22","1147.24","1153.77","6.52","8.55"
"13929","17","1146.29","1148.31","1149.23","0.92","2.94"
"13950","23","1148.7","1150.72","1151.25","0.53","2.55"
"13953","23","1149.8","1151.82","1152.35","0.53","2.55"
"13955","23","1149.86","1151.88","1153","1.12","3.14"
"13956","10","1149.86","1151.88","1157.13","5.25","7.27"
"13963","23","1150.27","1152.29","1153.29","1","3.02"
"13965","10","1150.46","1152.48","1157.08","4.6","6.62"
"13966","10","1150.47","1152.49","1156.17","3.68","5.7"
"13968","23","1150.47","1152.49","1152.74","0.25","2.27"
"13969","10","1150.47","1152.49","1155.41","2.91","4.94"
"13973","10","1150.5","1152.52","1155.92","3.4","5.42"
"13974","23","1150.5","1152.52","1153.52","1","3.02"
"13975","10","1150.5","1152.52","-1","-1153.52","-1151.5"
"13979","1","1150.52","1152.54","-1","-1153.54","-1151.52"
"13982","17","1150.71","1152.73","1153.82","1.09","3.11"
"13985","23","1150.93","1152.95","1153.24","0.29","2.31"
"13987","1","1151.13","1153.15","1154.35","1.2","3.22"
"14011","17","1153.2","1155.22","1156.35","1.13","3.15"
"14034","9","1153.94","1155.96","1157.23","1.27","3.29"
"14035","9","1153.96","1155.98","1157.45","1.47","3.49"
"14038","9","1153.99","1156.01","1157.06","1.05","3.07"
"14039","9","1154.03","1156.05","1156.79","0.74","2.76"
"14040","9","1154.03","1156.05","1156.79","0.74","2.76"
"14041","1","1154.08","1156.1","-1","-1157.1","-1155.08"
"14042","9","1154.08","1156.1","1157.15","1.05","3.07"
"14043","9","1154.11","1156.13","1156.81","0.68","2.7"
"14044","9","1154.11","1156.13","1156.91","0.78","2.8"
"14045","9","1154.11","1156.13","1157","0.86","2.89"
"14046","9","1154.11","1156.13","1156.91","0.78","2.8"
"14047","9","1154.12","1156.14","1156.82","0.68","2.7"
"14048","9","1154.12","1156.14","1156.82","0.68","2.7"
"14050","1","1154.15","1156.17","-1","-1157.17","-1155.15"
"14051","9","1154.19","1156.21","1157.21","1","3.02"
"14052","9","1154.2","1156.22","1157.22","1","3.02"
"14054","9","1154.21","1156.23","1157.23","1","3.02"
"14056","17","1154.29","1156.31","-1","-1157.31","-1155.29"
"14058","16","1154.61","1156.63","-1","-1157.63","-1155.61"
"14088","9","1155.59","1157.61","1158.35","0.74","2.76"
"14089","1","1155.6","1157.62","1158.63","1.01","3.03"
"14090","9","1155.6","1157.62","1158.3","0.68","2.7"
"14092","9","1155.66","1157.68","1158.55","0.86","2.89"
"14093","9","1155.66","1157.68","1158.74","1.05","3.08"
"14099","10","1155.84","1157.86","-1","-1158.86","-1156.84"
"14101","10","1155.87","1157.89","1160.71","2.82","4.84"
"14102","10","1155.87","1157.89","1161.35","3.46","5.48"
"14104","9","1155.92","1157.94","-1","-1158.94","-1156.92"
"14107","9","1155.99","1158.01","1158.87","0.86","2.88"
"14109","16","1156.01","1158.03","-1","-1159.03","-1157.01"
"14110","9","1156.02","1158.04","1159.09","1.05","3.07"
"14112","9","1156.02","1158.04","1159.04","1","3.02"
"14113","9","1156.04","1158.06","1159.06","1","3.02"
"14114","9","1156.05","1158.07","1158.85","0.78","2.8"
"14117","9","1156.15","1158.17","1159.64","1.47","3.49"
"14118","9","1156.15","1158.17","1159.22","1.05","3.07"
"14120","3","1156.18","1158.2","1160.59","2.38","4.41"
"14121","9","1156.19","1158.21","1171.74","13.53","15.55"
"14122","9","1156.19","1158.21","1159.21","1","3.02"
"14123","9","1156.19","1158.21","1158.99","0.78","2.8"
"14124","9","1156.19","1158.21","1159.21","1","3.02"
"14127","10","1156.42","1158.44","1161.58","3.14","5.16"
"14128","9","1156.42","1158.44","1159.18","0.74","2.76"
"14156","17","1157.67","1159.69","1160.84","1.15","3.17"
"14160","1","1157.76","1159.78","1160.96","1.18","3.2"
"14163","10","1157.83","1159.85","1177.69","17.84","19.86"
"14166","9","1157.87","1159.89","1160.94","1.05","3.07"
"14167","9","1157.87","1159.89","1160.95","1.05","3.08"
"14168","22","1157.87","1159.89","1162.36","2.47","4.49"
"14169","9","1157.88","1159.9","1160.58","0.68","2.7"
"14170","9","1157.88","1159.9","1160.95","1.05","3.07"
"14171","10","1158.03","1160.05","1163.46","3.41","5.43"
"14172","3","1158.03","1160.05","1161.92","1.86","3.89"
"14174","16","1158.13","1160.15","1160.7","0.55","2.57"
"14183","22","1158.64","1160.66","-1","-1161.66","-1159.64"
"14194","16","1158.96","1160.98","1162.52","1.54","3.56"
"14204","16","1159.54","1161.56","1164.08","2.52","4.54"
"14205","16","1159.82","1161.84","-1","-1162.84","-1160.82"
"14208","21","1159.82","1161.84","1165.52","3.68","5.7"
"14210","1","1159.86","1161.88","1165.69","3.81","5.83"
"14214","22","1159.93","1161.95","1162.19","0.24","2.26"
"14228","1","1160.33","1162.35","1169.27","6.92","8.94"
"14229","1","1160.37","1162.39","1163.54","1.15","3.17"
"14237","23","1160.8","1162.82","1168.19","5.37","7.39"
"14242","23","1160.83","1162.85","1163.78","0.93","2.95"
"14252","18","1161.48","1163.5","1167.42","3.92","5.94"
"14258","23","1161.65","1163.67","1166.12","2.45","4.47"
"14262","17","1161.9","1163.92","1164.77","0.85","2.87"
"14264","17","1162.14","1164.16","1166.01","1.85","3.87"
"14269","23","1162.17","1164.19","1165.12","0.93","2.95"
"14292","1","1163.48","1165.5","1166.7","1.2","3.22"
"14297","16","1163.82","1165.84","-1","-1166.84","-1164.82"
"14298","1","1163.82","1165.84","1168.78","2.93","4.96"
"14346","8","1167.78","1169.8","1172.85","3.05","5.07"
"14360","17","1168.18","1170.2","1174.25","4.05","6.07"
"14361","23","1168.18","1170.2","1170.75","0.55","2.57"
"14367","23","1168.29","1170.31","1170.56","0.25","2.27"
"14369","23","1168.34","1170.36","1171.36","1","3.02"
"14371","22","1168.45","1170.47","-1","-1171.47","-1169.45"
"14375","23","1168.51","1170.53","1171.2","0.66","2.69"
"14376","17","1168.51","1170.53","1174.63","4.1","6.12"
"14377","17","1168.51","1170.53","1171.95","1.42","3.44"
"14381","23","1168.58","1170.6","1171.26","0.66","2.68"
"14386","17","1168.7","1170.72","-1","-1171.72","-1169.7"
"14387","16","1168.7","1170.72","1177.09","6.37","8.39"
"14391","1","1168.95","1170.97","1172.6","1.63","3.65"
"14392","17","1169.01","1171.03","1171.53","0.5","2.52"
"14401","7","1169.15","1171.17","1179.9","8.73","10.75"
"14407","8","1169.31","1171.33","1174.71","3.38","5.4"
"14409","16","1169.33","1171.35","1172.88","1.53","3.55"
"14419","23","1169.95","1171.97","1172.26","0.29","2.31"
"14426","10","1170.43","1172.45","-1","-1173.45","-1171.43"
"14427","10","1170.43","1172.45","1181.25","8.8","10.82"
"14428","8","1170.54","1172.56","1176.14","3.58","5.6"
"14432","23","1170.57","1172.59","1172.88","0.29","2.31"
"14433","1","1170.57","1172.59","-1","-1173.59","-1171.57"
"14434","19","1170.58","1172.6","1172.8","0.2","2.22"
"14435","23","1170.58","1172.6","-1","-1173.6","-1171.58"
"14437","10","1170.65","1172.67","1185.17","12.49","14.52"
"14447","23","1171.03","1173.05","1173.3","0.25","2.27"
"14450","23","1171.12","1173.14","-1","-1174.14","-1172.12"
"14451","23","1171.12","1173.14","-1","-1174.14","-1172.12"
"14459","10","1171.3","1173.32","-1","-1174.32","-1172.3"
"14460","10","1171.32","1173.34","-1","-1174.34","-1172.32"
"14462","10","1171.55","1173.57","1180","6.43","8.45"
"14464","8","1171.9","1173.92","1182.5","8.58","10.6"
"14471","23","1172.07","1174.09","1175.09","1","3.02"
"14539","22","1175.46","1177.48","1181.59","4.11","6.13"
"14574","17","1177.38","1179.4","1180.92","1.52","3.54"
"14593","16","1179.68","1181.7","1182.56","0.86","2.88"
"14596","17","1179.86","1181.88","1184.62","2.74","4.76"
"14606","17","1180.2","1182.22","-1","-1183.22","-1181.2"
"14610","10","1180.79","1182.81","-1","-1183.81","-1181.79"
"14612","17","1181.14","1183.16","1183.43","0.26","2.29"
"14614","10","1181.63","1183.65","1186","2.35","4.37"
"14639","10","1184.73","1186.75","1190.88","4.13","6.15"
"14642","10","1184.77","1186.79","-1","-1187.79","-1185.77"
"14643","10","1184.78","1186.8","1189.13","2.33","4.35"
"14645","10","1184.84","1186.86","1190.43","3.57","5.59"
"14654","10","1185.32","1187.34","-1","-1188.34","-1186.32"
"14658","10","1185.56","1187.58","-1","-1188.58","-1186.56"
"14674","10","1186.71","1188.73","1191.24","2.51","4.53"
"14676","7","1186.71","1188.73","1192.23","3.5","5.52"
"14678","10","1186.74","1188.76","1190.65","1.89","3.91"
"14685","10","1187.85","1189.87","1191.34","1.47","3.49"
"14688","10","1188.06","1190.08","1191.87","1.79","3.81"
"14725","23","1190.3","1192.32","1193.64","1.32","3.34"
"14726","17","1190.3","1192.32","1193.07","0.74","2.77"
"14729","23","1190.63","1192.65","1193.97","1.32","3.34"
"14730","23","1190.63","1192.65","1195.73","3.08","5.1"
"14731","23","1190.75","1192.77","-1","-1193.77","-1191.75"
"14736","1","1191.77","1193.79","1195.79","2","4.02"
"14739","22","1192.35","1194.37","1194.62","0.25","2.27"
"14741","23","1192.4","1194.42","1195.63","1.21","3.23"
"14763","1","1194.46","1196.48","1209.43","12.95","14.97"
"14765","23","1194.52","1196.54","1197.41","0.87","2.89"
"14768","23","1194.87","1196.89","-1","-1197.89","-1195.87"
"14771","19","1195.73","1197.75","1211.02","13.27","15.29"
"14772","22","1195.73","1197.75","1197.91","0.15","2.18"
"14778","1","1195.93","1197.95","1198.94","0.99","3.01"
"14780","19","1195.96","1197.98","1211.3","13.32","15.34"
"14782","23","1196.72","1198.74","-1","-1199.74","-1197.72"
"14783","23","1197.24","1199.26","1199.58","0.32","2.34"
"14819","1","1200.18","1202.2","1203.12","0.92","2.94"
"14822","1","1200.62","1202.64","1208.01","5.37","7.39"
"14831","9","1201.01","1203.03","1203.71","0.68","2.7"
"14832","9","1201.01","1203.04","1204.09","1.05","3.08"
"14846","10","1202.36","1204.38","1213.12","8.74","10.76"
"14851","17","1202.86","1204.88","1205.69","0.81","2.83"
"14852","10","1203.06","1205.08","-1","-1206.08","-1204.06"
"14853","10","1203.06","1205.08","1215.62","10.54","12.56"
"14858","10","1203.23","1205.25","1210.88","5.63","7.65"
"14863","9","1203.45","1205.47","1219","13.52","15.55"
"14864","10","1203.45","1205.47","-1","-1206.47","-1204.45"
"14866","8","1203.9","1205.92","-1","-1206.92","-1204.9"
"14867","10","1203.9","1205.92","1212.77","6.85","8.87"
"14875","10","1205.08","1207.1","1211.51","4.41","6.43"
"14880","3","1205.65","1207.67","1215.18","7.51","9.53"
"14891","10","1206.29","1208.31","1213.18","4.87","6.89"
"14894","10","1206.49","1208.51","-1","-1209.51","-1207.49"
"14899","1","1206.97","1208.99","1210.34","1.35","3.37"
"14906","16","1207.13","1209.15","1212.86","3.71","5.73"
"14909","3","1207.47","1209.49","1214.98","5.49","7.51"
"14913","10","1207.63","1209.65","1213.85","4.19","6.22"
"14916","9","1207.73","1209.75","1210.43","0.68","2.7"
"14917","10","1207.78","1209.8","1213.1","3.3","5.32"
"14918","9","1207.78","1209.8","1210.8","1","3.02"
"14919","10","1208.01","1210.03","1214.11","4.08","6.1"
"14921","10","1208.02","1210.04","1213.25","3.21","5.23"
"14930","9","1208.19","1210.21","1211.08","0.86","2.89"
"14937","10","1209.36","1211.38","1215.22","3.84","5.86"
"14940","10","1209.6","1211.62","1214.94","3.32","5.34"
"14954","9","1210.86","1212.88","1213.93","1.05","3.07"
"14955","9","1210.86","1212.88","1213.56","0.68","2.7"
"14956","10","1211.16","1213.18","1216.25","3.07","5.09"
"14958","17","1211.77","1213.79","-1","-1214.79","-1212.77"
"14962","10","1212.68","1214.7","1216.64","1.94","3.96"
"14990","18","1217.83","1219.85","1227.83","7.98","10"
"15033","8","1225.32","1227.34","1228.97","1.62","3.65"
"15036","16","1225.33","1227.35","1234.32","6.97","8.99"
"15039","22","1225.33","1227.35","1227.45","0.1","2.12"
"15042","1","1225.33","1227.36","1229.97","2.61","4.64"
"15049","9","1225.96","1227.98","1229.66","1.68","3.7"
"15050","9","1225.96","1227.98","1228.76","0.77","2.8"
"15051","22","1226.17","1228.19","1228.88","0.69","2.71"
"15061","1","1226.49","1228.51","1240.79","12.28","14.3"
"15075","23","1228.89","1230.91","1231.99","1.08","3.1"
"15100","1","1231.41","1233.43","1236.03","2.6","4.62"
"15114","1","1233.65","1235.67","1236.5","0.83","2.85"
"15118","23","1235.01","1237.03","-1","-1238.03","-1236.01"
"15132","23","1236.46","1238.48","1238.9","0.42","2.44"
"15133","23","1236.46","1238.48","1239.44","0.96","2.98"
"15140","16","1237.7","1239.72","1242.37","2.65","4.67"
"15145","10","1237.73","1239.75","1244.69","4.94","6.96"
"15146","23","1237.75","1239.77","1240.17","0.4","2.42"
"15147","10","1237.75","1239.77","1244.71","4.94","6.96"
"15148","10","1237.95","1239.97","1245.54","5.57","7.59"
"15149","23","1237.95","1239.97","1240.32","0.35","2.37"
"15151","10","1238","1240.02","1243.02","3","5.02"
"15153","23","1238","1240.02","1240.29","0.27","2.29"
"15156","10","1238.31","1240.33","1243.33","3","5.02"
"15197","16","1246.03","1248.05","-1","-1249.05","-1247.03"
"15223","23","1256.22","1258.24","1259.04","0.8","2.82"
"15224","23","1256.22","1258.24","-1","-1259.24","-1257.22"
"15233","23","1256.97","1258.99","1259.31","0.31","2.34"
"15271","1","1264.73","1266.75","1269.68","2.93","4.95"
"15290","23","1268.94","1270.96","-1","-1271.96","-1269.94"
"15293","10","1269.13","1271.15","-1","-1272.15","-1270.13"
"15294","10","1269.16","1271.18","1276.41","5.23","7.25"
"15296","10","1269.17","1271.19","-1","-1272.19","-1270.17"
"15297","23","1269.17","1271.19","-1","-1272.19","-1270.17"
"15301","23","1269.55","1271.57","1273.86","2.28","4.31"
"15311","23","1271.79","1273.81","-1","-1274.81","-1272.79"
"15314","1","1271.9","1273.92","1277.96","4.04","6.06"
"15332","23","1275.97","1277.99","1278.29","0.29","2.32"
"15344","1","1280.03","1282.05","1291.32","9.27","11.29"
"15351","1","1280.86","1282.88","-1","-1283.88","-1281.86"
"15355","9","1281.49","1283.51","1284.39","0.88","2.9"
"15357","9","1281.51","1283.53","1284.53","1","3.02"
"15358","23","1281.51","1283.53","1283.82","0.29","2.31"
"15362","9","1282.19","1284.21","1285.27","1.06","3.08"
"15363","9","1282.36","1284.38","1285.16","0.78","2.8"
"15364","9","1282.37","1284.39","1285.06","0.67","2.69"
"15366","1","1282.5","1284.52","1286.56","2.03","4.06"
"15367","21","1282.57","1284.59","1288.65","4.06","6.08"
"15368","9","1282.57","1284.59","1298.11","13.52","15.54"
"15369","1","1282.62","1284.64","1285.24","0.6","2.62"
"15370","9","1282.62","1284.64","1285.64","1","3.02"
"15383","1","1287.18","1289.2","1296.11","6.91","8.93"
"15392","17","1291.37","1293.39","1296.13","2.74","4.76"
"15394","16","1293.23","1295.25","1296.06","0.81","2.83"
"15398","11","1295.38","1297.4","1302.04","4.64","6.66"
"15415","10","1302.29","1304.31","1311.1","6.79","8.81"
"15416","10","1302.29","1304.31","1312.6","8.29","10.31"
"15424","10","1304.16","1306.18","1314.39","8.21","10.23"
"15429","21","1308.75","1310.77","1314.43","3.66","5.68"
"15440","1","1317.22","1319.24","1320.84","1.6","3.62"
"15441","21","1317.22","1319.24","1320","0.76","2.78"
"15449","9","1319.64","1321.66","1323.62","1.96","3.98"
"15458","1","1322.98","1325","1334.8","9.8","11.82"
"15462","16","1324.79","1326.81","1332.92","6.11","8.13"
"15472","10","1326.46","1328.48","-1","-1329.48","-1327.46"
"15475","9","1326.59","1328.61","1329.66","1.05","3.07"
"15476","9","1326.8","1328.82","1329.49","0.67","2.69"
"15477","10","1326.99","1329.01","-1","-1330.01","-1327.99"
"15483","9","1327.78","1329.8","1330.58","0.77","2.8"
"15485","10","1328.23","1330.25","1337.32","7.07","9.09"
"15486","16","1328.3","1330.32","1330.93","0.61","2.63"
"15490","10","1329.69","1331.71","1337.71","6","8.02"
"15496","16","1333.05","1335.07","1335.41","0.34","2.36"
"15498","1","1333.12","1335.14","1346","10.86","12.88"
"15506","17","1333.42","1335.44","1335.89","0.45","2.47"
"15507","10","1333.42","1335.44","-1","-1336.44","-1334.42"
"15512","10","1333.65","1335.67","-1","-1336.67","-1334.65"
"15513","23","1333.65","1335.67","1336.34","0.66","2.69"
"15514","10","1333.92","1335.94","1339.19","3.25","5.27"
"15517","9","1334","1336.02","1336.8","0.77","2.8"
"15521","1","1334.79","1336.81","-1","-1337.81","-1335.79"
"15527","11","1336.18","1338.2","-1","-1339.2","-1337.18"
"15544","10","1338","1340.02","-1","-1341.02","-1339"
"15545","10","1338","1340.02","-1","-1341.02","-1339"
"15546","10","1338.11","1340.13","1342.14","2.01","4.03"
"15548","9","1338.22","1340.24","-1","-1341.24","-1339.22"
"15549","1","1338.22","1340.24","1346.08","5.84","7.86"
"15551","9","1338.23","1340.25","1341.3","1.05","3.07"
"15552","9","1338.24","1340.26","1341.12","0.86","2.88"
"15553","9","1338.24","1340.26","1340.94","0.67","2.7"
"15554","9","1338.3","1340.32","1341.79","1.47","3.49"
"15555","9","1338.3","1340.32","1353.84","13.52","15.54"
"15559","23","1339.98","1342","1344.62","2.61","4.64"
"15560","23","1340.05","1342.07","1343.18","1.11","3.13"
"15563","11","1340.07","1342.09","1343.79","1.7","3.72"
"15573","23","1341","1343.02","1344.69","1.67","3.69"
"15575","9","1341.01","1343.03","1344.03","1","3.02"
"15576","9","1341.04","1343.06","1343.73","0.67","2.69"
"15577","9","1341.04","1343.06","1343.8","0.74","2.76"
"15579","11","1341.17","1343.19","1348.89","5.7","7.72"
"15581","23","1341.66","1343.68","1343.97","0.29","2.31"
"15590","3","1343.28","1345.3","1348.23","2.93","4.95"
"15608","10","1346.26","1348.28","1351.81","3.53","5.55"
"15609","10","1346.26","1348.28","-1","-1349.28","-1347.26"
"15612","10","1346.55","1348.57","1350.78","2.21","4.23"
"15615","22","1346.66","1348.68","1348.84","0.15","2.18"
"15618","10","1346.68","1348.7","-1","-1349.7","-1347.68"
"15619","23","1346.68","1348.7","-1","-1349.7","-1347.68"
"15622","17","1346.7","1348.72","1356.06","7.34","9.36"
"15623","14","1346.71","1348.73","1349.37","0.64","2.66"
"15624","10","1346.71","1348.73","1351.01","2.28","4.3"
"15628","23","1346.88","1348.9","-1","-1349.9","-1347.88"
"15629","23","1346.88","1348.9","1349.45","0.55","2.57"
"15632","9","1347.1","1349.12","1349.8","0.68","2.7"
"15633","23","1347.1","1349.12","1351.01","1.89","3.91"
"15635","9","1347.12","1349.14","1349.88","0.74","2.76"
"15638","9","1347.33","1349.35","1350.4","1.05","3.07"
"15639","17","1347.35","1349.37","1351.81","2.44","4.46"
"15643","23","1347.94","1349.96","1352.4","2.43","4.46"
"15646","23","1348.19","1350.21","1352.66","2.45","4.47"
"15648","16","1348.24","1350.26","-1","-1351.26","-1349.24"
"15651","1","1348.44","1350.46","1351.43","0.97","2.99"
"15666","16","1350.76","1352.78","1354.58","1.8","3.82"
"15674","16","1351.3","1353.32","1353.96","0.64","2.66"
"15676","16","1351.3","1353.32","1353.96","0.64","2.66"
"15679","23","1351.3","1353.33","1353.91","0.58","2.61"
"15681","16","1351.32","1353.34","1356.39","3.04","5.07"
"15682","1","1351.32","1353.34","-1","-1354.34","-1352.32"
"15683","1","1351.32","1353.34","1357.25","3.9","5.93"
"15685","10","1351.32","1353.34","1358.64","5.29","7.32"
"15686","10","1351.32","1353.35","1360.78","7.44","9.46"
"15687","23","1351.35","1353.37","1354.6","1.23","3.25"
"15690","23","1351.35","1353.37","1353.66","0.29","2.31"
"15692","10","1351.35","1353.37","-1","-1354.37","-1352.35"
"15693","9","1351.36","1353.38","1354.12","0.74","2.76"
"15694","9","1351.37","1353.39","1354.13","0.74","2.76"
"15695","9","1351.37","1353.39","1354.13","0.74","2.76"
"15696","9","1351.37","1353.39","1354.86","1.47","3.49"
"15697","17","1351.37","1353.39","-1","-1354.39","-1352.37"
"15698","10","1351.37","1353.39","1362.57","9.17","11.2"
"15699","9","1351.37","1353.39","1354.14","0.74","2.77"
"15700","9","1351.37","1353.4","-1","-1354.4","-1352.37"
"15701","9","1351.37","1353.4","1354.4","1","3.03"
"15702","9","1351.38","1353.4","1354.87","1.47","3.49"
"15703","9","1351.38","1353.4","1354.4","1","3.02"
"15715","1","1352.59","1354.62","1358.03","3.41","5.44"
"15716","23","1352.62","1354.64","-1","-1355.64","-1353.62"
"15717","1","1352.65","1354.67","1360.11","5.44","7.46"
"15721","9","1352.65","1354.67","-1","-1355.67","-1353.65"
"15722","9","1352.65","1354.67","1355.73","1.05","3.08"
"15724","9","1352.66","1354.68","1355.45","0.77","2.79"
"15725","23","1352.66","1354.68","1355.01","0.33","2.35"
"15726","9","1352.74","1354.76","1355.5","0.74","2.76"
"15727","9","1352.78","1354.8","1355.54","0.74","2.76"
"15728","10","1353.18","1355.2","1359.09","3.89","5.91"
"15732","10","1353.86","1355.88","1357.38","1.5","3.52"
"15742","10","1355.14","1357.16","-1","-1358.16","-1356.14"
"15746","10","1355.22","1357.24","-1","-1358.24","-1356.22"
"15755","23","1355.92","1357.94","1360.63","2.69","4.71"
"15760","1","1355.92","1357.95","1364.45","6.5","8.53"
"15772","9","1355.99","1358.01","1360.72","2.71","4.73"
"15774","23","1356.11","1358.13","1360.82","2.69","4.71"
"15775","23","1356.12","1358.14","1358.64","0.5","2.52"
"15778","9","1356.14","1358.16","1358.94","0.77","2.8"
"15808","16","1360.73","1362.75","-1","-1363.75","-1361.73"
"15868","23","1372.94","1374.96","-1","-1375.96","-1373.94"
"15869","22","1373.18","1375.2","1375.43","0.23","2.25"
"15881","3","1377.13","1379.15","1380.77","1.62","3.64"
"15885","10","1378.5","1380.52","1384.64","4.12","6.14"
"15890","23","1378.99","1381.01","-1","-1382.01","-1379.99"
"15899","8","1381.42","1383.44","1390.93","7.49","9.51"
"15913","10","1384.62","1386.64","1397.04","10.4","12.42"
"15921","23","1390.99","1393.01","1397.46","4.45","6.47"
"15922","23","1390.99","1393.01","1397.46","4.45","6.47"
"15925","1","1394.48","1396.5","1397.23","0.73","2.75"
"15934","1","1394.91","1396.93","1399.8","2.87","4.89"
"15941","9","1395.33","1397.35","1398.58","1.23","3.25"
"15944","9","1395.54","1397.56","-1","-1398.56","-1396.54"
"15945","9","1395.56","1397.58","1399.05","1.47","3.49"
"15946","9","1395.85","1397.87","-1","-1398.87","-1396.85"
"15947","9","1395.85","1397.87","1399.02","1.15","3.17"
"15950","10","1397.53","1399.55","1403.29","3.74","5.76"
"15957","10","1405.55","1407.57","1409.99","2.42","4.44"
"15973","23","1405.6","1407.62","1410.59","2.97","4.99"
"15975","10","1407.12","1409.14","-1","-1410.14","-1408.12"
"15976","18","1407.12","1409.14","1411.38","2.24","4.26"
"15982","22","1407.17","1409.19","1410.62","1.43","3.45"
"15987","23","1407.37","1409.39","-1","-1410.39","-1408.37"
"15996","1","1407.82","1409.84","1412.01","2.16","4.19"
"15998","10","1407.84","1409.86","-1","-1410.86","-1408.84"
"15999","10","1407.84","1409.86","-1","-1410.86","-1408.84"
"16001","1","1409.3","1411.32","1416.24","4.92","6.94"
"16002","1","1409.3","1411.32","1416.24","4.92","6.94"
"16005","23","1409.32","1411.34","1413.09","1.75","3.77"
"16017","23","1409.49","1411.51","1411.85","0.34","2.36"
"16025","16","1412.04","1414.06","1418.38","4.31","6.34"
"16033","22","1412.86","1414.88","-1","-1415.88","-1413.86"
"16035","10","1412.86","1414.88","-1","-1415.88","-1413.86"
"16038","16","1412.86","1414.88","1417.54","2.66","4.68"
"16039","9","1412.86","1414.89","1417.03","2.15","4.17"
"16040","9","1412.9","1414.92","1417.07","2.15","4.17"
"16041","9","1412.91","1414.93","1417.01","2.08","4.1"
"16045","9","1412.91","1414.93","1415.93","1","3.02"
"16046","9","1412.91","1414.93","1415.68","0.74","2.77"
"16047","23","1412.91","1414.94","1416.28","1.35","3.37"
"16048","9","1412.94","1414.96","1415.64","0.68","2.7"
"16049","9","1412.96","1414.98","1415.66","0.68","2.7"
"16050","10","1413.61","1415.63","1421.65","6.02","8.04"
"16051","10","1413.76","1415.78","1424.9","9.12","11.14"
"16054","10","1413.78","1415.8","-1","-1416.8","-1414.78"
"16056","10","1413.78","1415.8","-1","-1416.8","-1414.78"
"16060","1","1413.8","1415.82","1417.12","1.3","3.32"
"16064","9","1413.82","1415.84","1416.62","0.77","2.8"
"16065","9","1413.83","1415.85","1416.59","0.74","2.76"
"16066","10","1413.83","1415.85","1420.85","5","7.02"
"16067","9","1413.83","1415.85","1416.63","0.77","2.8"
"16068","9","1413.83","1415.85","1416.72","0.86","2.89"
"16069","9","1413.87","1415.89","1416.66","0.77","2.79"
"16070","9","1413.89","1415.91","1416.91","1","3.02"
"16071","9","1413.89","1415.91","1416.65","0.74","2.76"
"16074","23","1414.15","1416.17","1417.85","1.68","3.7"
"16075","23","1414.29","1416.31","1416.62","0.31","2.33"
"16077","9","1414.3","1416.32","1417.37","1.05","3.07"
"16078","9","1414.3","1416.32","1417","0.67","2.7"
"16079","10","1414.43","1416.45","-1","-1417.45","-1415.43"
"16080","9","1414.43","1416.45","1417.32","0.86","2.89"
"16081","9","1414.44","1416.46","1417.2","0.74","2.76"
"16082","9","1414.45","1416.47","1417.33","0.86","2.88"
"16083","9","1414.46","1416.48","1417.95","1.47","3.49"
"16084","23","1414.46","1416.48","1418.05","1.57","3.59"
"16085","10","1414.46","1416.48","-1","-1417.48","-1415.46"
"16087","9","1414.47","1416.49","1430.02","13.52","15.55"
"16088","22","1414.47","1416.49","1416.8","0.31","2.33"
"16089","9","1414.47","1416.49","1417.27","0.77","2.8"
"16090","23","1414.49","1416.51","1418.08","1.57","3.59"
"16091","9","1414.5","1416.52","1417.99","1.47","3.49"
"16092","9","1414.5","1416.52","1430.05","13.52","15.55"
"16093","10","1414.6","1416.62","1418.83","2.21","4.23"
"16095","23","1414.61","1416.63","1416.94","0.31","2.33"
"16096","23","1414.61","1416.63","-1","-1417.63","-1415.61"
"16097","9","1414.61","1416.63","1418.1","1.47","3.49"
"16098","9","1414.61","1416.63","1417.69","1.05","3.08"
"16099","9","1414.61","1416.63","1417.41","0.77","2.8"
"16100","17","1414.63","1416.65","-1","-1417.65","-1415.63"
"16101","9","1414.63","1416.65","1418.12","1.47","3.49"
"16103","9","1414.64","1416.66","1417.44","0.77","2.8"
"16104","1","1414.64","1416.66","1420.38","3.72","5.74"
"16105","10","1414.64","1416.66","-1","-1417.66","-1415.64"
"16106","9","1414.64","1416.66","1417.34","0.68","2.7"
"16107","9","1414.64","1416.66","1417.66","1","3.02"
"16109","9","1414.77","1416.79","1417.84","1.05","3.07"
"16110","9","1414.78","1416.8","1417.48","0.68","2.7"
"16111","9","1414.78","1416.8","1417.67","0.86","2.89"
"16112","9","1414.78","1416.8","1417.85","1.05","3.07"
"16113","9","1414.78","1416.8","1417.8","1","3.02"
"16114","23","1414.78","1416.8","-1","-1417.8","-1415.78"
"16115","17","1414.78","1416.8","1419.58","2.77","4.8"
"16116","23","1414.78","1416.81","1418.38","1.57","3.6"
"16117","23","1414.81","1416.83","1417.12","0.29","2.31"
"16118","9","1414.81","1416.83","1418.3","1.47","3.49"
"16119","9","1414.81","1416.83","1417.83","1","3.02"
"16120","9","1414.81","1416.83","1417.51","0.68","2.7"
"16121","17","1414.82","1416.84","1419.61","2.77","4.79"
"16123","9","1414.82","1416.84","1417.71","0.86","2.89"
"16124","9","1414.83","1416.85","1417.85","1","3.02"
"16125","9","1414.83","1416.85","1417.72","0.86","2.89"
"16127","23","1415.45","1417.47","1417.76","0.29","2.31"
"16129","23","1415.97","1417.99","1418.24","0.25","2.27"
"16131","10","1416.04","1418.06","1421.45","3.39","5.41"
"16132","23","1416.22","1418.24","1418.55","0.31","2.33"
"16133","23","1416.24","1418.26","1418.57","0.31","2.33"
"16139","23","1416.55","1418.57","1419.24","0.66","2.69"
"16143","23","1416.58","1418.6","1418.89","0.29","2.31"
"16144","23","1416.58","1418.6","1418.85","0.25","2.27"
"16147","10","1416.6","1418.62","-1","-1419.62","-1417.6"
"16148","10","1416.6","1418.62","1422.07","3.44","5.47"
"16151","23","1416.75","1418.77","1419.02","0.25","2.27"
"16173","17","1418.2","1420.22","-1","-1421.22","-1419.2"
"16189","10","1418.28","1420.3","1422.55","2.25","4.27"
"16195","23","1418.5","1420.52","1421.27","0.75","2.77"
"16197","10","1418.52","1420.54","1423.22","2.68","4.7"
"16200","10","1418.53","1420.55","1423.32","2.77","4.79"
"16201","10","1418.53","1420.55","1423.76","3.21","5.23"
"16202","10","1418.58","1420.6","-1","-1421.6","-1419.58"
"16218","10","1419.31","1421.33","-1","-1422.33","-1420.31"
"16220","13","1419.48","1421.5","1428.65","7.15","9.17"
"16221","19","1419.84","1421.86","-1","-1422.86","-1420.84"
"16232","7","1420.4","1422.42","1424.75","2.33","4.35"
"16233","10","1420.4","1422.42","1426.4","3.98","6"
"16235","10","1420.42","1422.44","1425.12","2.68","4.7"
"16240","10","1420.44","1422.46","1425.41","2.95","4.97"
"16249","10","1420.86","1422.88","1425.83","2.95","4.97"
"16262","10","1421.83","1423.85","-1","-1424.85","-1422.83"
"16269","10","1422.12","1424.14","1427.98","3.84","5.86"
"16275","10","1422.64","1424.66","1427.88","3.22","5.24"
"16283","16","1423.55","1425.57","1428.78","3.21","5.23"
"16289","4","1424.06","1426.08","1431.38","5.3","7.32"
"16290","1","1424.06","1426.08","1427.11","1.02","3.05"
"16293","16","1424.24","1426.26","1434.33","8.07","10.09"
"16313","5","1425.58","1427.6","-1","-1428.6","-1426.58"
"16328","1","1425.92","1427.94","1433.09","5.15","7.17"
"16336","23","1426.08","1428.1","1429.64","1.54","3.56"
"16341","1","1426.22","1428.24","1431.69","3.45","5.47"
"16365","1","1427.68","1429.7","-1","-1430.7","-1428.68"
"16384","9","1428.02","1430.04","1431.04","1","3.02"
"16386","9","1428.12","1430.14","-1","-1431.14","-1429.12"
"16389","9","1428.15","1430.17","1431.04","0.86","2.89"
"16390","1","1428.16","1430.18","1431.03","0.85","2.87"
"16392","9","1428.21","1430.23","-1","-1431.23","-1429.21"
"16393","9","1428.22","1430.24","-1","-1431.24","-1429.22"
"16394","9","1428.23","1430.25","1430.93","0.68","2.7"
"16395","9","1428.28","1430.3","1431.77","1.47","3.49"
"16396","9","1428.28","1430.3","1431.3","1","3.02"
"16397","9","1428.29","1430.31","-1","-1431.31","-1429.29"
"16399","8","1428.56","1430.58","1435.11","4.53","6.55"
"16424","10","1429.48","1431.5","1433.78","2.28","4.3"
"16426","10","1429.57","1431.59","1434.84","3.25","5.27"
"16437","10","1430.39","1432.41","1435.18","2.77","4.79"
"16438","10","1430.39","1432.41","1435.85","3.44","5.46"
"16439","10","1430.55","1432.57","1436.01","3.44","5.46"
"16444","10","1430.8","1432.82","1436.8","3.98","6"
"16449","23","1430.88","1432.9","1435.62","2.72","4.74"
"16456","23","1431.1","1433.12","-1","-1434.12","-1432.1"
"16458","10","1431.27","1433.29","1435.62","2.33","4.35"
"16460","10","1431.29","1433.31","1436.01","2.7","4.72"
"16461","8","1431.55","1433.57","1443.24","9.67","11.69"
"16469","10","1431.79","1433.81","1449.15","15.34","17.36"
"16483","8","1432.42","1434.44","1440.26","5.82","7.84"
"16487","23","1432.6","1434.62","-1","-1435.62","-1433.6"
"16489","23","1432.64","1434.66","1435.15","0.49","2.51"
"16500","23","1433.53","1435.55","1436.59","1.04","3.06"
"16515","22","1434.14","1436.16","1436.7","0.54","2.56"
"16531","10","1434.79","1436.81","1440.43","3.62","5.64"
"16561","1","1435.92","1437.94","1448.11","10.17","12.19"
"16565","23","1436.14","1438.16","-1","-1439.16","-1437.14"
"16566","23","1436.14","1438.16","-1","-1439.16","-1437.14"
"16569","23","1436.34","1438.36","1439.79","1.43","3.45"
"16573","23","1436.46","1438.48","-1","-1439.48","-1437.46"
"16576","23","1436.48","1438.5","1441.01","2.51","4.53"
"16584","16","1436.75","1438.77","1441.75","2.98","5"
"16589","8","1436.91","1438.93","1441.41","2.48","4.5"
"16592","14","1436.97","1438.99","1443.7","4.71","6.73"
"16608","23","1437.72","1439.74","-1","-1440.74","-1438.72"
"16620","23","1438.55","1440.57","1441.24","0.66","2.69"
"16622","16","1438.84","1440.86","1442.7","1.84","3.86"
"16624","23","1438.87","1440.89","1441.2","0.31","2.33"
"16637","17","1439.53","1441.55","1443.6","2.05","4.07"
"16640","16","1439.55","1441.57","1442.04","0.47","2.49"
"16643","17","1439.69","1441.71","1443.58","1.87","3.89"
"16651","3","1440.08","1442.1","1443.59","1.49","3.51"
"16655","22","1440.41","1442.43","1445.14","2.71","4.73"
"16660","1","1440.65","1442.67","1449.56","6.88","8.91"
"16715","23","1444.26","1446.28","-1","-1447.28","-1445.26"
"16716","23","1444.39","1446.41","1447.75","1.34","3.36"
"16724","10","1444.68","1446.7","1452.91","6.21","8.23"
"16725","10","1444.68","1446.7","1452.16","5.46","7.48"
"16742","23","1446.49","1448.51","1450.46","1.95","3.97"
"16744","23","1446.53","1448.55","-1","-1449.55","-1447.53"
"16747","17","1446.85","1448.87","1450.8","1.93","3.95"
"16762","23","1448.53","1450.55","-1","-1451.55","-1449.53"
"16771","19","1448.8","1450.82","1463.71","12.89","14.91"
"16772","23","1448.8","1450.82","1452.39","1.57","3.59"
"16778","23","1449.13","1451.15","1451.4","0.25","2.27"
"16789","23","1449.54","1451.56","1452.23","0.66","2.69"
"16790","23","1449.6","1451.62","1451.91","0.29","2.31"
"16792","8","1449.72","1451.74","1454.19","2.45","4.47"
"16793","23","1449.77","1451.79","-1","-1452.79","-1450.77"
"16805","23","1449.93","1451.95","-1","-1452.95","-1450.93"
"16806","23","1449.93","1451.95","1452.62","0.66","2.69"
"16808","23","1450.93","1452.95","-1","-1453.95","-1451.93"
"16811","10","1451.2","1453.22","-1","-1454.22","-1452.2"
"16812","10","1451.7","1453.72","1456.4","2.68","4.7"
"16820","16","1452.93","1454.95","1457.52","2.57","4.59"
"16832","2","1454.5","1456.52","1458.7","2.18","4.2"
"16834","17","1454.58","1456.6","1458.54","1.94","3.96"
"16838","10","1454.86","1456.88","1460.32","3.44","5.46"
"16839","7","1454.86","1456.88","1461.33","4.45","6.47"
"16842","17","1455.14","1457.16","1458.19","1.03","3.05"
"16843","17","1455.14","1457.16","1458.27","1.11","3.13"
"16844","10","1455.14","1457.16","1460.61","3.44","5.47"
"16846","10","1455.21","1457.23","1460.67","3.44","5.46"
"16847","16","1455.21","1457.23","1458.15","0.92","2.94"
"16852","1","1456.07","1458.09","1474.22","16.13","18.15"
"16857","10","1456.1","1458.12","-1","-1459.12","-1457.1"
"16859","17","1456.14","1458.16","1459.88","1.72","3.74"
"16867","16","1456.31","1458.33","1463.01","4.68","6.7"
"16871","10","1456.37","1458.39","1462.37","3.98","6"
"16873","1","1456.88","1458.9","1459.98","1.08","3.1"
"16874","17","1456.89","1458.91","-1","-1459.91","-1457.89"
"16893","1","1457.97","1459.99","1461.07","1.08","3.1"
"16894","17","1458.08","1460.1","1467.42","7.32","9.34"
"16895","10","1458.08","1460.1","1462.54","2.44","4.46"
"16900","21","1458.24","1460.26","1473.25","12.99","15.01"
"16905","10","1458.71","1460.73","1462.63","1.9","3.92"
"16910","7","1459.05","1461.07","1465.97","4.9","6.92"
"16934","8","1460.44","1462.46","1467.53","5.07","7.09"
"16942","4","1460.58","1462.6","1467.58","4.98","7"
"16946","9","1460.62","1462.64","1463.64","1","3.02"
"16947","22","1460.62","1462.64","-1","-1463.64","-1461.62"
"16949","9","1460.69","1462.71","1463.39","0.68","2.7"
"16950","9","1460.72","1462.74","1463.51","0.77","2.79"
"16952","9","1460.79","1462.81","1463.58","0.77","2.79"
"16953","9","1460.79","1462.81","-1","-1463.81","-1461.79"
"16954","23","1460.85","1462.87","1463.67","0.8","2.82"
"16974","23","1462.73","1464.75","1466.91","2.16","4.18"
"16978","23","1462.91","1464.93","-1","-1465.93","-1463.91"
"16983","23","1463.23","1465.25","-1","-1466.25","-1464.23"
"16986","1","1463.4","1465.42","1473.75","8.33","10.35"
"16989","23","1463.43","1465.45","1466.23","0.78","2.8"
"16990","23","1463.46","1465.48","1465.87","0.39","2.41"
"17001","16","1463.7","1465.72","1466.05","0.33","2.35"
"17005","23","1463.92","1465.94","1466.93","0.99","3.01"
"17006","22","1463.97","1465.99","-1","-1466.99","-1464.97"
"17009","23","1464.2","1466.22","1467.31","1.09","3.11"
"17011","23","1464.38","1466.4","-1","-1467.4","-1465.38"
"17012","11","1464.42","1466.44","-1","-1467.44","-1465.42"
"17024","1","1465.3","1467.32","1470.11","2.78","4.81"
"17027","18","1465.32","1467.34","1468.33","0.98","3.01"
"17028","11","1465.33","1467.35","1474","6.65","8.67"
"17034","17","1465.35","1467.37","1468.26","0.89","2.91"
"17036","17","1465.38","1467.4","1468.29","0.89","2.91"
"17048","23","1465.46","1467.48","1470.38","2.9","4.92"
"17049","9","1465.46","1467.48","1470.23","2.75","4.77"
"17052","9","1465.51","1467.53","1469.4","1.87","3.89"
"17053","9","1465.51","1467.53","1469.15","1.62","3.64"
"17054","3","1465.56","1467.58","1483.61","16.03","18.05"
"17056","9","1465.57","1467.59","1469.44","1.85","3.87"
"17057","9","1465.57","1467.59","-1","-1468.59","-1466.57"
"17058","23","1465.58","1467.6","-1","-1468.6","-1466.58"
"17060","9","1465.59","1467.61","1468.98","1.37","3.39"
"17061","9","1465.59","1467.61","1468.61","1","3.02"
"17063","23","1465.6","1467.62","1468.62","1","3.02"
"17064","3","1465.63","1467.65","1468.81","1.16","3.18"
"17065","16","1465.63","1467.65","1468.13","0.48","2.5"
"17066","9","1465.66","1467.68","1468.42","0.74","2.76"
"17067","9","1465.66","1467.68","1468.55","0.86","2.89"
"17068","23","1465.66","1467.68","1468.35","0.66","2.69"
"17070","17","1465.69","1467.71","-1","-1468.71","-1466.69"
"17071","9","1465.69","1467.71","1468.58","0.86","2.89"
"17072","9","1465.73","1467.75","1468.75","1","3.02"
"17073","9","1465.73","1467.75","1468.53","0.78","2.8"
"17074","9","1465.76","1467.78","1468.56","0.78","2.8"
"17075","9","1465.76","1467.78","1468.46","0.68","2.7"
"17077","9","1465.8","1467.82","1468.69","0.86","2.89"
"17078","9","1465.81","1467.83","1468.69","0.86","2.88"
"17080","23","1465.82","1467.84","1468.84","1","3.02"
"17081","9","1465.82","1467.84","1468.58","0.74","2.76"
"17082","9","1465.82","1467.84","1468.58","0.74","2.76"
"17083","9","1465.83","1467.85","1481.38","13.53","15.55"
"17084","23","1465.84","1467.86","-1","-1468.86","-1466.84"
"17085","9","1465.84","1467.86","1468.86","1","3.02"
"17086","10","1465.84","1467.86","1471.23","3.37","5.39"
"17087","11","1465.84","1467.86","1476.97","9.11","11.13"
"17089","9","1465.89","1467.91","1468.65","0.74","2.76"
"17092","10","1465.91","1467.93","1485.65","17.72","19.74"
"17093","23","1465.91","1467.93","1468.22","0.29","2.31"
"17094","9","1465.92","1467.94","1468.8","0.86","2.88"
"17095","20","1465.92","1467.94","1477.13","9.19","11.21"
"17097","10","1466.02","1468.04","1470.32","2.28","4.3"
"17098","9","1466.02","1468.04","1469.04","1","3.02"
"17099","9","1466.02","1468.04","1468.72","0.68","2.7"
"17100","4","1466.03","1468.05","1474.89","6.84","8.86"
"17101","17","1466.03","1468.05","1473.37","5.32","7.34"
"17102","17","1466.04","1468.06","1470","1.94","3.96"
"17103","9","1466.04","1468.06","1469.53","1.47","3.49"
"17104","9","1466.05","1468.07","1468.81","0.74","2.76"
"17105","9","1466.05","1468.07","1469.12","1.05","3.07"
"17106","10","1466.05","1468.07","1470.88","2.81","4.83"
"17107","10","1466.06","1468.08","1470.89","2.81","4.83"
"17108","23","1466.07","1468.09","1468.75","0.66","2.68"
"17109","10","1466.08","1468.1","1485.72","17.62","19.64"
"17110","17","1466.11","1468.13","1470.07","1.94","3.96"
"17111","10","1466.12","1468.14","1471.58","3.44","5.46"
"17123","9","1466.32","1468.34","1469.12","0.78","2.8"
"17124","11","1466.34","1468.36","1481.56","13.2","15.22"
"17126","9","1466.35","1468.37","1469.15","0.78","2.8"
"17127","9","1466.35","1468.37","1469.15","0.78","2.8"
"17131","10","1466.42","1468.44","1471.65","3.21","5.23"
"17132","9","1466.43","1468.45","1469.19","0.74","2.76"
"17133","9","1466.43","1468.45","1469.5","1.05","3.07"
"17135","23","1466.46","1468.48","-1","-1469.48","-1467.46"
"17136","23","1466.49","1468.51","1469.17","0.66","2.68"
"17139","11","1466.5","1468.52","1469.36","0.84","2.86"
"17140","10","1466.52","1468.54","1471.31","2.77","4.79"
"17141","10","1466.52","1468.54","-1","-1469.54","-1467.52"
"17142","23","1466.54","1468.56","1470.13","1.57","3.59"
"17145","17","1466.6","1468.62","-1","-1469.62","-1467.6"
"17146","10","1466.62","1468.64","1471.41","2.77","4.79"
"17147","10","1466.62","1468.64","1471.85","3.21","5.23"
"17149","9","1466.67","1468.69","1469.37","0.68","2.7"
"17150","9","1466.72","1468.74","1469.6","0.86","2.88"
"17151","9","1466.72","1468.74","1469.42","0.68","2.7"
"17152","9","1466.75","1468.77","1470.24","1.47","3.49"
"17153","23","1466.75","1468.77","1469.44","0.66","2.69"
"17154","9","1466.8","1468.82","1469.82","1","3.02"
"17155","10","1466.8","1468.82","1472.03","3.21","5.23"
"17156","9","1466.82","1468.84","1469.7","0.86","2.88"
"17157","17","1466.82","1468.84","-1","-1469.84","-1467.82"
"17158","9","1466.83","1468.85","1469.59","0.74","2.76"
"17159","10","1466.83","1468.85","1472.69","3.84","5.86"
"17160","9","1466.83","1468.85","1482.38","13.53","15.55"
"17161","9","1466.83","1468.85","1469.63","0.78","2.8"
"17163","9","1466.88","1468.9","1469.68","0.78","2.8"
"17165","23","1466.95","1468.97","1469.28","0.31","2.33"
"17166","23","1467.07","1469.09","-1","-1470.09","-1468.07"
"17168","23","1467.14","1469.16","1470.16","1","3.02"
"17169","17","1467.14","1469.16","-1","-1470.16","-1468.14"
"17175","1","1467.17","1469.19","1483.57","14.38","16.4"
"17180","17","1467.31","1469.33","1470.15","0.82","2.84"
"17181","23","1467.32","1469.34","1470.34","1","3.02"
"17187","9","1467.34","1469.36","1470.04","0.68","2.7"
"17188","23","1467.38","1469.4","1469.65","0.25","2.27"
"17189","1","1467.38","1469.4","-1","-1470.4","-1468.38"
"17191","9","1467.38","1469.4","1470.27","0.86","2.89"
"17192","10","1467.41","1469.43","1480.61","11.18","13.2"
"17193","9","1467.41","1469.43","1482.96","13.53","15.55"
"17197","9","1467.58","1469.6","1470.28","0.68","2.7"
"17198","9","1467.6","1469.62","1471.09","1.47","3.49"
"17199","9","1467.6","1469.62","1470.49","0.86","2.89"
"17200","10","1467.67","1469.69","1480.14","10.45","12.47"
"17201","9","1467.68","1469.7","1470.56","0.86","2.88"
"17207","9","1467.92","1469.94","1470.99","1.05","3.07"
"17208","9","1467.92","1469.94","1471","1.05","3.08"
"17209","10","1467.92","1469.94","-1","-1470.94","-1468.92"
"17210","17","1467.95","1469.97","1471.16","1.19","3.21"
"17211","10","1467.95","1469.97","1472.65","2.68","4.7"
"17213","9","1468.09","1470.11","1470.89","0.78","2.8"
"17216","9","1468.14","1470.16","1470.84","0.68","2.7"
"17217","9","1468.15","1470.17","1471.17","1","3.02"
"17221","3","1468.39","1470.41","1473.33","2.92","4.94"
"17228","11","1468.6","1470.62","1484.39","13.77","15.79"
"17239","10","1468.98","1471","1473.68","2.68","4.7"
"17247","1","1469.3","1471.32","1475.7","4.38","6.4"
"17248","10","1469.52","1471.54","1474.98","3.44","5.46"
"17249","16","1469.52","1471.54","1474.71","3.16","5.19"
"17256","10","1469.73","1471.75","1473.86","2.11","4.13"
"17257","1","1469.73","1471.75","1478.59","6.84","8.86"
"17259","16","1469.76","1471.78","1474.95","3.17","5.19"
"17260","10","1469.81","1471.83","1474.83","3","5.02"
"17261","10","1469.83","1471.85","1474.85","3","5.02"
"17263","10","1469.83","1471.85","1473.96","2.11","4.13"
"17278","10","1470.29","1472.31","1474.67","2.36","4.38"
"17292","16","1470.96","1472.98","1474.66","1.68","3.7"
"17298","16","1471.07","1473.09","1473.69","0.6","2.62"
"17326","13","1472.36","1474.38","1480.52","6.14","8.16"
"17337","1","1472.96","1474.98","1476.41","1.43","3.45"
"17340","1","1473.14","1475.16","1482.96","7.8","9.82"
"17359","14","1474.19","1476.21","1481.49","5.28","7.3"
"17373","1","1475.8","1477.82","1480.76","2.94","4.96"
"17392","22","1476.62","1478.64","-1","-1479.64","-1477.62"
"17428","1","1479.56","1481.58","1486.28","4.7","6.72"
"17468","1","1481","1483.02","1483.97","0.95","2.97"
"17476","1","1481.16","1483.18","1484.13","0.95","2.97"
"17492","1","1481.92","1483.94","1496.87","12.93","14.95"
"17569","10","1487.84","1489.86","-1","-1490.86","-1488.84"
"17599","17","1491.12","1493.14","1494.16","1.02","3.04"
"17611","8","1491.84","1493.86","1496.89","3.03","5.05"
"17637","1","1493.42","1495.44","-1","-1496.44","-1494.42"
"17654","17","1494.76","1496.78","1497.9","1.12","3.14"
"17671","1","1495.98","1498","-1","-1499","-1496.98"
"17683","10","1496.84","1498.86","1505.99","7.13","9.15"
"17689","10","1496.92","1498.94","-1","-1499.94","-1497.92"
"17690","10","1497","1499.02","1509.21","10.19","12.21"
"17700","22","1497.42","1499.44","-1","-1500.44","-1498.42"
"17701","10","1497.42","1499.44","-1","-1500.44","-1498.42"
"17704","10","1497.51","1499.53","1502.82","3.29","5.31"
"17707","10","1497.54","1499.56","1505.6","6.04","8.06"
"17712","10","1497.72","1499.74","1505.83","6.09","8.11"
"17713","21","1497.72","1499.74","1500.84","1.1","3.12"
"17724","17","1498.28","1500.3","-1","-1501.3","-1499.28"
"17728","9","1498.32","1500.34","1513.86","13.52","15.54"
"17729","9","1498.32","1500.34","1501.81","1.47","3.49"
"17731","9","1498.38","1500.4","1501.14","0.74","2.76"
"17740","9","1498.78","1500.8","1502.27","1.47","3.49"
"17741","9","1498.78","1500.8","1514.33","13.52","15.55"
"17742","1","1498.78","1500.8","1503.59","2.79","4.81"
"17743","9","1498.78","1500.8","1502.27","1.47","3.49"
"17744","17","1498.86","1500.88","-1","-1501.88","-1499.86"
"17745","9","1498.86","1500.88","1501.93","1.05","3.07"
"17761","9","1499.71","1501.73","1502.48","0.74","2.77"
"17763","9","1499.77","1501.79","1502.47","0.68","2.7"
"17764","9","1499.81","1501.83","1502.88","1.05","3.07"
"17765","9","1499.81","1501.83","1502.61","0.77","2.8"
"17767","1","1499.91","1501.93","1515.89","13.96","15.98"
"17770","16","1500.2","1502.22","-1","-1503.22","-1501.2"
"17772","17","1500.26","1502.28","-1","-1503.28","-1501.26"
"17777","17","1500.35","1502.37","-1","-1503.37","-1501.35"
"17778","1","1500.36","1502.38","1514.38","12","14.02"
"17784","1","1500.49","1502.51","1508.69","6.18","8.2"
"17785","9","1500.49","1502.51","1503.98","1.47","3.49"
"17786","9","1500.57","1502.59","1503.37","0.78","2.8"
"17787","9","1500.57","1502.59","1503.46","0.86","2.89"
"17789","9","1500.62","1502.64","1503.69","1.05","3.07"
"17792","9","1500.66","1502.68","1503.73","1.05","3.07"
"17793","9","1500.66","1502.68","1516.21","13.52","15.55"
"17795","23","1500.66","1502.68","-1","-1503.68","-1501.66"
"17796","1","1500.7","1502.72","1503.97","1.25","3.27"
"17797","9","1500.7","1502.72","1503.5","0.77","2.8"
"17798","9","1500.77","1502.79","1503.53","0.74","2.76"
"17799","9","1500.77","1502.79","1504.26","1.47","3.49"
"17800","10","1500.9","1502.92","1506.13","3.21","5.23"
"17801","23","1500.9","1502.92","1504.27","1.35","3.37"
"17802","23","1501","1503.02","1503.41","0.39","2.41"
"17805","23","1501.11","1503.13","1504.02","0.89","2.91"
"17808","10","1501.36","1503.38","1516.8","13.42","15.44"
"17811","23","1501.38","1503.4","1504.63","1.23","3.25"
"17819","17","1502.06","1504.08","1508.51","4.43","6.45"
"17821","16","1502.18","1504.2","1506","1.8","3.82"
"17842","1","1504.08","1506.1","1506.88","0.78","2.8"
"17852","23","1504.36","1506.38","1506.69","0.31","2.33"
"17904","1","1508.27","1510.29","1511.24","0.95","2.97"
"17912","1","1509","1511.02","1514.28","3.26","5.28"
"17914","23","1509.1","1511.12","-1","-1512.12","-1510.1"
"17918","16","1509.2","1511.22","1512.4","1.18","3.2"
"17920","23","1509.24","1511.26","-1","-1512.26","-1510.24"
"17922","23","1509.47","1511.49","1511.99","0.5","2.52"
"17935","17","1509.91","1511.93","1512.72","0.78","2.81"
"17939","23","1509.94","1511.96","1512.27","0.31","2.33"
"17940","23","1509.94","1511.96","1512.27","0.31","2.33"
"17958","23","1510.66","1512.68","1514.43","1.75","3.77"
"17960","23","1510.77","1512.79","1513.34","0.55","2.57"
"17962","1","1510.84","1512.86","1516.47","3.61","5.63"
"17967","17","1510.9","1512.92","1515.06","2.14","4.16"
"17990","3","1512.11","1514.13","-1","-1515.13","-1513.11"
"17993","1","1512.24","1514.26","1515.27","1.01","3.03"
"17997","10","1512.54","1514.56","1517.84","3.28","5.3"
"17998","10","1512.55","1514.57","1518.48","3.91","5.93"
"17999","10","1512.55","1514.57","1518.23","3.65","5.68"
"18013","17","1513.23","1515.25","1521.19","5.94","7.96"
"18028","10","1514.74","1516.76","-1","-1517.76","-1515.74"
"18029","17","1514.83","1516.85","1517.82","0.97","2.99"
"18030","10","1514.85","1516.87","1519.55","2.68","4.7"
"18038","10","1515.7","1517.72","1520.34","2.61","4.64"
"18046","10","1516.17","1518.19","1530.07","11.88","13.9"
"18047","17","1516.44","1518.46","1519.7","1.24","3.26"
"18049","3","1516.6","1518.62","1522.91","4.29","6.31"
"18053","17","1517.08","1519.1","1520.94","1.84","3.86"
"18073","22","1518.79","1520.81","1521.24","0.43","2.45"
"18074","22","1518.79","1520.81","1520.96","0.15","2.17"
"18076","17","1518.88","1520.9","-1","-1521.9","-1519.88"
"18085","17","1519.28","1521.3","1522.54","1.24","3.26"
"18100","1","1521.41","1523.43","1527.14","3.71","5.73"
"18104","8","1521.53","1523.55","1532.77","9.22","11.24"
"18118","23","1522.14","1524.16","1524.61","0.45","2.47"
"18121","22","1522.74","1524.76","1524.93","0.17","2.19"
"18136","10","1523.22","1525.24","-1","-1526.24","-1524.22"
"18137","22","1523.22","1525.24","1526.01","0.77","2.79"
"18143","10","1523.62","1525.64","1534.91","9.27","11.29"
"18147","10","1523.82","1525.84","1531.8","5.96","7.98"
"18151","10","1524.7","1526.72","1535.38","8.66","10.68"
"18164","10","1525.8","1527.82","1531.81","3.99","6.01"
"18165","10","1525.8","1527.82","1531.16","3.34","5.36"
"18171","10","1525.88","1527.9","1530.7","2.8","4.82"
"18183","7","1526.81","1528.83","1533.77","4.93","6.96"
"18222","10","1529.76","1531.78","1535.15","3.37","5.39"
"18228","10","1529.98","1532","1533.78","1.78","3.8"
"18229","10","1529.98","1532","1534.13","2.12","4.15"
"18233","10","1530.05","1532.07","1548.17","16.1","18.12"
"18255","17","1530.79","1532.81","-1","-1533.81","-1531.79"
"18285","19","1532.22","1534.24","1542.71","8.47","10.49"
"18295","17","1532.27","1534.29","-1","-1535.29","-1533.27"
"18304","22","1532.64","1534.66","-1","-1535.66","-1533.64"
"18312","19","1533.09","1535.11","1535.2","0.09","2.11"
"18377","17","1537.1","1539.12","1539.97","0.85","2.87"
"18399","17","1540.01","1542.03","1542.51","0.48","2.5"
"18400","1","1540.01","1542.03","-1","-1543.03","-1541.01"
"18408","17","1541.6","1543.62","1545.42","1.8","3.82"
"18415","22","1543.66","1545.68","1552.08","6.4","8.42"
"18418","17","1543.99","1546.01","1547.2","1.19","3.21"
"18436","1","1544.69","1546.71","1548.61","1.9","3.92"
"18466","16","1546.85","1548.87","1551.61","2.74","4.76"
"18541","10","1552.05","1554.07","-1","-1555.07","-1553.05"
"18546","10","1552.29","1554.31","1561.59","7.28","9.3"
"18552","17","1553.19","1555.21","1556.66","1.45","3.47"
"18567","10","1554.24","1556.26","1562.37","6.11","8.13"
"18568","10","1554.34","1556.36","-1","-1557.36","-1555.34"
"18574","10","1554.48","1556.5","1560.21","3.71","5.73"
"18576","10","1554.59","1556.61","1560.32","3.71","5.73"
"18577","10","1554.59","1556.61","1560.32","3.71","5.73"
"18584","17","1555.43","1557.45","1558.1","0.65","2.67"
"18587","10","1555.51","1557.53","-1","-1558.53","-1556.51"
"18589","10","1555.52","1557.54","-1","-1558.54","-1556.52"
"18595","10","1556.05","1558.07","-1","-1559.07","-1557.05"
"18598","1","1556.12","1558.14","1559.14","1","3.02"
"18599","10","1556.12","1558.14","1560.64","2.5","4.52"
"18640","17","1559.19","1561.21","1561.96","0.75","2.77"
"18641","17","1559.21","1561.23","1562.38","1.15","3.17"
"18645","17","1559.38","1561.4","1561.7","0.3","2.32"
"18657","17","1560.19","1562.21","-1","-1563.21","-1561.19"
"18662","23","1560.45","1562.47","-1","-1563.47","-1561.45"
"18669","23","1561.49","1563.51","1565.12","1.61","3.63"
"18670","23","1561.49","1563.51","1566.05","2.54","4.56"
"18674","17","1562.28","1564.3","-1","-1565.3","-1563.28"
"18677","23","1562.43","1564.45","1566.07","1.62","3.64"
"18678","23","1562.43","1564.45","1566.07","1.62","3.64"
"18680","11","1562.48","1564.5","1570.32","5.82","7.84"
"18697","21","1563.52","1565.54","1569.48","3.94","5.96"
"18702","17","1563.86","1565.88","1566.39","0.51","2.53"
"18705","8","1563.91","1565.93","1568","2.07","4.09"
"18708","16","1564","1566.02","1572.11","6.09","8.11"
"18710","9","1564.24","1566.26","1567.97","1.71","3.73"
"18711","17","1564.24","1566.26","-1","-1567.26","-1565.24"
"18713","23","1564.32","1566.34","-1","-1567.34","-1565.32"
"18714","16","1564.32","1566.34","1570.08","3.74","5.76"
"18718","1","1564.63","1566.65","1574.88","8.23","10.25"
"18720","23","1564.64","1566.66","1566.94","0.28","2.3"
"18721","23","1564.64","1566.66","1567","0.34","2.36"
"18722","11","1564.64","1566.66","1572.8","6.13","8.16"
"18723","23","1564.88","1566.9","1567.96","1.06","3.08"
"18724","16","1565.02","1567.04","1570.8","3.76","5.78"
"18725","1","1565.02","1567.04","1569.91","2.87","4.89"
"18732","21","1565.46","1567.48","1572.69","5.21","7.23"
"18734","23","1565.69","1567.71","1568.11","0.4","2.42"
"18739","23","1565.88","1567.9","1568.4","0.5","2.52"
"18744","23","1566.27","1568.29","-1","-1569.29","-1567.27"
"18745","1","1566.56","1568.58","1581.14","12.56","14.58"
"18746","23","1566.56","1568.58","1568.83","0.25","2.27"
"18747","1","1566.66","1568.68","1576.74","8.06","10.08"
"18761","1","1567.93","1569.95","1570.98","1.03","3.05"
"18779","13","1569.24","1571.26","1572.03","0.77","2.79"
"18780","16","1569.24","1571.26","-1","-1572.26","-1570.24"
"18806","16","1571.17","1573.19","-1","-1574.19","-1572.17"
"18810","16","1571.77","1573.79","-1","-1574.79","-1572.77"
"18846","22","1574.79","1576.81","-1","-1577.81","-1575.79"
"18871","1","1576.21","1578.23","1585.81","7.58","9.6"
"18873","10","1576.41","1578.43","1580.77","2.34","4.36"
"18877","9","1576.64","1578.66","1579.43","0.77","2.79"
"18881","1","1576.94","1578.96","1580.37","1.41","3.43"
"18898","9","1577.78","1579.8","1580.54","0.74","2.76"
"18900","9","1577.83","1579.85","1580.85","1","3.02"
"18902","9","1578.22","1580.24","1581.71","1.47","3.49"
"18904","9","1578.25","1580.27","1581.14","0.86","2.89"
"18905","1","1578.46","1580.48","1581.77","1.29","3.31"
"18907","16","1579.16","1581.18","-1","-1582.18","-1580.16"
"18918","16","1580.23","1582.25","-1","-1583.25","-1581.23"
"18941","10","1583.94","1585.96","-1","-1586.96","-1584.94"
"18980","1","1587.76","1589.78","1590.76","0.98","3"
"18981","22","1587.96","1589.98","1594.58","4.6","6.62"
"18982","16","1587.96","1589.98","1594.55","4.57","6.59"
"18992","1","1589.57","1591.59","1592.53","0.93","2.96"
"18993","23","1589.63","1591.65","1593.5","1.85","3.87"
"19000","11","1589.78","1591.8","1596.81","5.01","7.03"
"19015","1","1591.77","1593.79","1595.87","2.08","4.1"
"19017","1","1591.86","1593.88","1600.53","6.65","8.67"
"19024","23","1593.36","1595.38","1599.03","3.65","5.67"
"19030","1","1593.93","1595.95","-1","-1596.95","-1594.93"
"19040","1","1594.85","1596.87","1598.88","2.01","4.03"
"19052","1","1597.31","1599.33","1602","2.67","4.69"
"19060","23","1598.64","1600.66","1601.14","0.48","2.5"
"19088","23","1603.89","1605.91","1606.52","0.61","2.63"
"19109","23","1606.06","1608.08","1608.97","0.89","2.91"
"19118","9","1606.77","1608.79","1609.84","1.05","3.07"
"19119","9","1606.82","1608.84","1609.61","0.77","2.79"
"19121","9","1606.82","1608.84","1609.52","0.67","2.7"
"19123","9","1606.83","1608.85","1609.52","0.67","2.69"
"19125","17","1607.04","1609.06","1609.78","0.72","2.74"
"19127","23","1607.19","1609.21","1610.78","1.57","3.59"
"19129","23","1607.2","1609.22","1610.79","1.57","3.59"
"19139","23","1607.84","1609.86","1610.15","0.29","2.31"
"19140","23","1607.84","1609.86","1610.53","0.66","2.69"
"19141","23","1607.88","1609.9","1610.19","0.29","2.31"
"19148","23","1608.39","1610.41","1611.98","1.57","3.59"
"19149","9","1608.4","1610.42","1611.42","1","3.02"
"19150","23","1608.4","1610.42","1629.6","19.18","21.2"
"19151","9","1608.46","1610.48","1611.34","0.86","2.88"
"19153","9","1608.46","1610.48","1611.16","0.68","2.7"
"19154","9","1608.46","1610.48","1611.16","0.68","2.7"
"19155","23","1608.62","1610.64","1629.82","19.18","21.2"
"19167","1","1608.99","1611.01","1612.05","1.04","3.06"
"19169","9","1609","1611.02","1612.07","1.05","3.07"
"19176","9","1609.24","1611.26","1612.31","1.05","3.07"
"19177","9","1609.24","1611.26","1612","0.74","2.76"
"19179","10","1609.36","1611.38","1618","6.62","8.64"
"19182","9","1609.42","1611.44","1612.21","0.77","2.79"
"19186","10","1609.6","1611.62","1615.26","3.64","5.66"
"19190","10","1609.64","1611.66","-1","-1612.66","-1610.64"
"19191","10","1609.64","1611.66","1615.89","4.23","6.25"
"19195","10","1609.72","1611.74","-1","-1612.74","-1610.72"
"19196","23","1609.77","1611.79","1612.4","0.61","2.63"
"19201","1","1609.91","1611.93","1612.97","1.04","3.06"
"19206","10","1610.1","1612.12","1613.98","1.86","3.88"
"19211","3","1610.26","1612.28","1615.55","3.27","5.29"
"19212","10","1610.33","1612.35","1615.64","3.29","5.31"
"19217","22","1610.96","1612.98","1613.25","0.27","2.29"
"19257","19","1614.33","1616.35","-1","-1617.35","-1615.33"
"19258","7","1614.65","1616.67","1619.19","2.52","4.54"
"19267","3","1614.93","1616.95","1618.26","1.31","3.33"
"19289","22","1615.84","1617.86","1618.03","0.17","2.19"
"19295","23","1616.08","1618.1","1618.58","0.48","2.5"
"19305","10","1616.46","1618.48","1620.84","2.36","4.38"
"19311","17","1616.86","1618.88","1619.75","0.87","2.89"
"19316","23","1617.44","1619.46","1619.95","0.49","2.51"
"19317","1","1617.44","1619.46","-1","-1620.46","-1618.44"
"19320","23","1618.03","1620.05","-1","-1621.05","-1619.03"
"19324","1","1618.21","1620.23","-1","-1621.23","-1619.21"
"19326","23","1618.26","1620.28","-1","-1621.28","-1619.26"
"19327","1","1618.26","1620.28","-1","-1621.28","-1619.26"
"19332","19","1618.36","1620.38","-1","-1621.38","-1619.36"
"19341","17","1618.94","1620.96","-1","-1621.96","-1619.94"
"19355","16","1619.9","1621.92","1631.09","9.16","11.19"
"19357","10","1619.91","1621.93","1624.69","2.76","4.78"
"19362","17","1619.99","1622.01","-1","-1623.01","-1620.99"
"19363","10","1619.99","1622.01","-1","-1623.01","-1620.99"
"19364","10","1620.08","1622.1","1625.4","3.3","5.32"
"19369","10","1620.75","1622.77","1625.54","2.77","4.79"
"19371","8","1620.94","1622.96","1625.39","2.43","4.45"
"19374","10","1621.02","1623.04","-1","-1624.04","-1622.02"
"19375","10","1621.07","1623.09","1625.75","2.66","4.68"
"19377","10","1621.12","1623.14","1626.21","3.07","5.09"
"19380","10","1621.14","1623.16","1626.23","3.07","5.09"
"19382","1","1621.26","1623.28","1625.71","2.43","4.45"
"19386","23","1621.34","1623.36","1624.59","1.23","3.25"
"19397","10","1622.33","1624.35","1627.65","3.3","5.32"
"19398","10","1622.33","1624.35","-1","-1625.35","-1623.33"
"19404","10","1622.45","1624.47","-1","-1625.47","-1623.45"
"19405","10","1622.5","1624.52","-1","-1625.52","-1623.5"
"19420","10","1623.91","1625.93","-1","-1626.93","-1624.91"
"19430","10","1624.65","1626.67","1628.26","1.59","3.61"
"19465","17","1630.67","1632.69","1633.2","0.51","2.53"
"19480","22","1633.74","1635.76","1637.91","2.15","4.17"
"19493","16","1635","1637.02","1638.55","1.53","3.55"
"19528","9","1636.94","1638.96","-1","-1639.96","-1637.94"
"19530","9","1636.94","1638.96","1640.43","1.47","3.49"
"19532","9","1636.95","1638.97","1639.75","0.78","2.8"
"19533","9","1636.95","1638.97","1639.97","1","3.02"
"19534","22","1636.95","1638.97","-1","-1639.97","-1637.95"
"19535","9","1636.95","1638.97","1639.72","0.74","2.77"
"19536","9","1637.05","1639.07","1639.81","0.74","2.76"
"19537","9","1637.05","1639.07","1639.94","0.86","2.89"
"19539","9","1637.1","1639.12","1639.99","0.86","2.89"
"19540","9","1637.11","1639.13","1639.91","0.78","2.8"
"19541","23","1637.11","1639.13","1641.06","1.93","3.95"
"19542","9","1637.11","1639.13","1639.87","0.74","2.76"
"19543","9","1637.11","1639.13","1640","0.86","2.89"
"19544","9","1637.11","1639.13","1640.13","1","3.02"
"19545","23","1637.11","1639.13","-1","-1640.13","-1638.11"
"19547","9","1637.19","1639.21","1640.21","1","3.02"
"19548","9","1637.19","1639.21","1640.27","1.05","3.08"
"19549","23","1637.19","1639.21","1639.7","0.49","2.51"
"19551","9","1637.28","1639.3","1640.17","0.86","2.89"
"19552","1","1637.3","1639.32","1641.34","2.02","4.04"
"19554","9","1637.32","1639.34","1640.08","0.74","2.76"
"19555","23","1637.32","1639.34","1640.57","1.23","3.25"
"19556","9","1637.34","1639.36","1640.36","1","3.02"
"19558","9","1637.35","1639.37","1640.84","1.47","3.49"
"19560","9","1637.41","1639.43","-1","-1640.43","-1638.41"
"19561","9","1637.41","1639.43","1640.11","0.68","2.7"
"19562","9","1637.43","1639.45","1640.13","0.68","2.7"
"19563","9","1637.43","1639.45","1640.92","1.47","3.49"
"19564","9","1637.44","1639.46","1640.32","0.86","2.88"
"19565","9","1637.44","1639.46","1640.2","0.74","2.76"
"19571","9","1637.54","1639.56","1640.61","1.05","3.07"
"19575","10","1637.78","1639.8","-1","-1640.8","-1638.78"
"19581","10","1637.92","1639.94","1644.29","4.35","6.37"
"19583","10","1637.93","1639.95","1644.99","5.04","7.06"
"19584","9","1637.95","1639.97","1640.71","0.74","2.76"
"19585","9","1637.95","1639.97","-1","-1640.97","-1638.95"
"19586","10","1638","1640.02","1643.44","3.42","5.44"
"19590","10","1638.1","1640.12","1643.53","3.41","5.43"
"19591","10","1638.11","1640.13","1643.2","3.07","5.09"
"19593","9","1638.12","1640.14","1640.82","0.68","2.7"
"19594","9","1638.36","1640.38","1641.43","1.05","3.07"
"19595","9","1638.36","1640.38","1641.85","1.47","3.49"
"19596","9","1638.44","1640.46","-1","-1641.46","-1639.44"
"19598","9","1638.49","1640.51","1641.19","0.68","2.7"
"19599","10","1638.49","1640.51","1644.32","3.81","5.83"
"19600","10","1638.56","1640.58","-1","-1641.58","-1639.56"
"19602","9","1638.6","1640.62","1642.09","1.47","3.49"
"19603","9","1638.6","1640.62","1641.49","0.86","2.89"
"19605","23","1638.62","1640.64","-1","-1641.64","-1639.62"
"19606","9","1638.62","1640.64","1642.11","1.47","3.49"
"19607","23","1638.63","1640.65","1641.47","0.82","2.84"
"19609","10","1639","1641.02","1642.47","1.45","3.47"
"19613","1","1639.55","1641.57","-1","-1642.57","-1640.55"
"19620","11","1639.82","1641.84","-1","-1642.84","-1640.82"
"19624","16","1639.9","1641.92","-1","-1642.92","-1640.9"
"19648","17","1640.68","1642.7","1644.61","1.91","3.93"
"19658","21","1641.12","1643.14","1647.43","4.29","6.31"
"19659","22","1641.12","1643.14","-1","-1644.14","-1642.12"
"19663","1","1641.23","1643.25","1645.4","2.15","4.17"
"19670","17","1641.26","1643.28","1644.54","1.26","3.28"
"19671","22","1641.26","1643.28","-1","-1644.28","-1642.26"
"19679","1","1642.16","1644.18","1649.93","5.75","7.77"
"19681","17","1642.22","1644.24","-1","-1645.24","-1643.22"
"19689","17","1643.01","1645.03","-1","-1646.03","-1644.01"
"19693","8","1643.49","1645.51","1658.48","12.97","14.99"
"19714","1","1645.66","1647.68","1648.85","1.17","3.19"
"19717","1","1645.68","1647.7","1662.81","15.11","17.13"
"19799","21","1652.72","1654.74","1655.14","0.39","2.42"
"19808","1","1653.87","1655.89","1671.08","15.19","17.21"
"19823","23","1654.61","1656.63","-1","-1657.63","-1655.61"
"19834","23","1655.38","1657.4","-1","-1658.4","-1656.38"
"19840","23","1655.75","1657.77","1659.39","1.62","3.64"
"19841","23","1656.03","1658.05","1660.97","2.92","4.94"
"19849","1","1656.95","1658.97","1659.96","0.99","3.01"
"19857","1","1657.75","1659.77","1660.91","1.14","3.16"
"19862","23","1657.87","1659.89","-1","-1660.89","-1658.87"
"19864","23","1658.58","1660.6","1663.54","2.94","4.96"
"19883","10","1660.72","1662.74","1666.21","3.47","5.49"
"19887","23","1660.75","1662.77","1663.06","0.29","2.31"
"19888","10","1660.75","1662.77","1666.92","4.15","6.17"
"19896","10","1661.86","1663.88","1667.4","3.52","5.54"
"19910","10","1663.47","1665.49","1670.89","5.4","7.42"
"19913","10","1663.51","1665.53","1668.44","2.91","4.93"
"19930","23","1664.93","1666.95","1669.99","3.04","5.06"
"19932","10","1665.06","1667.08","-1","-1668.08","-1666.06"
"19934","10","1665.25","1667.27","1673.94","6.67","8.69"
"19937","10","1665.28","1667.3","1668.75","1.45","3.47"
"19958","23","1667.85","1669.87","1670.34","0.47","2.49"
"19972","16","1670.59","1672.61","1674.44","1.83","3.85"
"19974","22","1671.01","1673.03","1681.11","8.08","10.1"
"19976","22","1671.07","1673.09","1675.76","2.67","4.69"
"20028","1","1679.49","1681.51","1682.51","1","3.02"
"20040","8","1680.67","1682.69","1686.88","4.19","6.21"
"20043","10","1680.7","1682.72","1686.12","3.4","5.42"
"20051","8","1681.43","1683.45","1686.87","3.42","5.44"
"20052","10","1681.43","1683.45","1686.85","3.4","5.42"
"20055","10","1681.59","1683.61","-1","-1684.61","-1682.59"
"20081","10","1685.68","1687.7","1689.75","2.05","4.07"
"20084","11","1685.97","1687.99","1703.44","15.45","17.47"
"20092","10","1686.6","1688.62","1692.24","3.62","5.64"
"20093","10","1686.6","1688.62","1691.54","2.92","4.94"
"20150","23","1696.13","1698.15","-1","-1699.15","-1697.13"
"20168","16","1699.14","1701.16","1702.23","1.07","3.09"
"20178","1","1699.23","1701.25","1714.37","13.12","15.14"
"20183","23","1699.34","1701.36","1701.89","0.53","2.55"
"20184","23","1699.48","1701.5","1701.99","0.49","2.51"
"20196","16","1699.94","1701.96","1703.03","1.07","3.09"
"20204","9","1700.14","1702.16","1703.8","1.64","3.66"
"20205","22","1700.14","1702.16","-1","-1703.16","-1701.14"
"20206","9","1700.17","1702.19","1703.19","1","3.02"
"20209","9","1700.19","1702.21","1703.26","1.05","3.07"
"20210","9","1700.22","1702.24","1703.24","1","3.02"
"20211","9","1700.22","1702.24","1702.98","0.74","2.76"
"20212","9","1700.23","1702.25","1715.77","13.52","15.54"
"20213","9","1700.23","1702.25","1703.25","1","3.02"
"20216","9","1700.3","1702.32","1703","0.68","2.7"
"20218","9","1700.41","1702.43","1715.95","13.52","15.54"
"20220","23","1700.44","1702.46","1704.4","1.94","3.96"
"20221","9","1700.44","1702.46","1715.98","13.52","15.54"
"20222","21","1700.44","1702.46","1707.67","5.21","7.23"
"20223","9","1700.44","1702.46","1703.46","1","3.02"
"20224","16","1700.51","1702.53","1703.62","1.09","3.11"
"20225","9","1700.51","1702.53","1703.31","0.78","2.8"
"20226","9","1700.51","1702.53","1703.31","0.78","2.8"
"20227","9","1700.51","1702.53","1703.4","0.86","2.89"
"20228","9","1700.54","1702.56","1703.42","0.86","2.88"
"20229","9","1700.54","1702.56","1703.24","0.68","2.7"
"20230","23","1700.57","1702.59","1703.04","0.45","2.47"
"20232","9","1700.58","1702.6","1703.34","0.74","2.76"
"20235","9","1700.63","1702.65","1703.43","0.78","2.8"
"20236","1","1700.67","1702.69","1709.75","7.06","9.08"
"20237","9","1700.67","1702.69","1703.74","1.05","3.07"
"20238","23","1700.72","1702.74","1704.18","1.44","3.46"
"20243","23","1700.83","1702.85","1703.3","0.45","2.47"
"20244","10","1700.84","1702.86","1710.81","7.95","9.97"
"20249","16","1701.1","1703.12","1704.24","1.12","3.14"
"20251","17","1701.12","1703.14","1703.64","0.5","2.52"
"20253","17","1701.15","1703.17","1704.04","0.87","2.89"
"20261","17","1702.04","1704.06","1705.06","1","3.02"
"20262","22","1702.44","1704.46","1706.85","2.39","4.41"
"20272","16","1702.62","1704.64","1706.1","1.46","3.48"
"20279","17","1703.02","1705.04","1705.49","0.45","2.47"
"20280","1","1703.28","1705.3","1712.58","7.28","9.3"
"20286","21","1704.59","1706.61","1707.61","1","3.02"
"20290","17","1704.82","1706.84","1707.11","0.26","2.29"
"20292","16","1704.94","1706.96","-1","-1707.96","-1705.94"
"20301","17","1704.98","1707","1707.26","0.26","2.28"
"20304","8","1704.99","1707.01","1708.75","1.74","3.76"
"20310","17","1705.19","1707.21","1707.66","0.45","2.47"
"20316","1","1707.97","1709.99","1712.26","2.26","4.29"
"20337","10","1710.6","1712.62","1721.16","8.54","10.56"
"20392","1","1717.28","1719.3","1732.61","13.31","15.33"
"20394","21","1717.3","1719.32","1724.63","5.31","7.33"
"20395","7","1717.31","1719.33","1721.28","1.95","3.97"
"20407","23","1717.35","1719.37","1719.86","0.49","2.51"
"20419","23","1718.08","1720.1","-1","-1721.1","-1719.08"
"20422","16","1718.9","1720.92","1727.55","6.63","8.65"
"20430","1","1721.58","1723.6","1726.54","2.94","4.96"
"20476","16","1725.55","1727.57","1728.45","0.88","2.9"
"20485","17","1726.14","1728.16","1728.81","0.65","2.67"
"20491","23","1726.69","1728.71","1729.38","0.66","2.69"
"20496","23","1726.98","1729","1730","1","3.02"
"20513","23","1728.33","1730.35","1730.64","0.29","2.31"
"20518","23","1730.2","1732.22","1733.79","1.57","3.59"
"20519","23","1730.2","1732.22","1733.79","1.57","3.59"
"20525","16","1730.75","1732.77","1733.22","0.45","2.47"
"20528","23","1730.87","1732.89","-1","-1733.89","-1731.87"
"20529","23","1730.87","1732.89","1733.57","0.68","2.7"
"20537","9","1731.35","1733.37","1740.89","7.52","9.54"
"20539","1","1731.47","1733.49","-1","-1734.49","-1732.47"
"20544","1","1731.68","1733.7","1736.06","2.36","4.38"
"20545","9","1731.68","1733.7","1734.38","0.67","2.7"
"20547","10","1732.69","1734.71","1742.56","7.85","9.87"
"20548","3","1732.69","1734.71","-1","-1735.71","-1733.69"
"20550","23","1732.72","1734.74","1735.03","0.29","2.31"
"20558","10","1734.13","1736.15","1743.86","7.71","9.73"
"20562","8","1734.39","1736.41","-1","-1737.41","-1735.39"
"20589","19","1736.66","1738.68","-1","-1739.68","-1737.66"
"20592","19","1737.62","1739.64","-1","-1740.64","-1738.62"
"20606","10","1738.58","1740.6","-1","-1741.6","-1739.58"
"20624","10","1740.25","1742.27","1752.03","9.76","11.78"
"20632","10","1740.99","1743.01","1748.9","5.89","7.91"
"20644","9","1741.31","1743.33","1745.27","1.94","3.96"
"20647","9","1741.4","1743.42","1744.73","1.31","3.33"
"20648","9","1741.42","1743.44","1757.4","13.96","15.98"
"20649","1","1741.47","1743.49","1758.03","14.54","16.56"
"20650","10","1741.47","1743.49","1747.44","3.95","5.97"
"20651","9","1741.57","1743.59","1744.37","0.78","2.8"
"20652","9","1741.57","1743.59","1744.27","0.68","2.7"
"20653","9","1741.69","1743.71","1744.71","1","3.02"
"20654","9","1741.69","1743.71","1757.23","13.52","15.54"
"20655","10","1741.78","1743.8","1759.17","15.37","17.39"
"20656","16","1741.78","1743.8","-1","-1744.8","-1742.78"
"20657","9","1741.79","1743.81","1745.28","1.47","3.49"
"20658","9","1741.79","1743.81","1744.49","0.68","2.7"
"20660","9","1741.85","1743.87","1744.74","0.86","2.89"
"20661","10","1741.85","1743.87","1746.36","2.49","4.51"
"20662","9","1741.85","1743.87","1745.34","1.47","3.49"
"20664","9","1741.98","1744","1745.47","1.47","3.49"
"20666","17","1742.06","1744.08","1746.82","2.74","4.76"
"20668","9","1742.27","1744.29","1745.29","1","3.02"
"20675","17","1742.94","1744.96","-1","-1745.96","-1743.94"
"20681","9","1743.19","1745.21","1746.07","0.86","2.88"
"20682","9","1743.19","1745.21","1745.99","0.77","2.8"
"20683","9","1743.2","1745.22","1746.27","1.05","3.07"
"20684","9","1743.2","1745.22","1746","0.78","2.8"
"20685","9","1743.27","1745.29","1746.34","1.05","3.07"
"20686","9","1743.27","1745.29","1758.82","13.52","15.55"
"20690","9","1743.66","1745.68","1747.15","1.47","3.49"
"20693","17","1744.42","1746.44","1746.72","0.28","2.3"
"20705","10","1745.28","1747.3","1751.85","4.55","6.57"
"20707","10","1745.54","1747.56","1749.9","2.34","4.36"
"20721","17","1746.68","1748.7","1749.79","1.09","3.11"
"20725","7","1748.15","1750.17","1756.02","5.85","7.87"
"20726","22","1748.15","1750.17","1757.91","7.74","9.76"
"20738","7","1749.84","1751.86","1755.97","4.11","6.13"
"20741","22","1750.26","1752.28","1754.64","2.36","4.38"
"20779","10","1753.48","1755.5","-1","-1756.5","-1754.48"
"20785","10","1753.91","1755.93","1759.54","3.61","5.63"
"20788","10","1753.96","1755.98","-1","-1756.98","-1754.96"
"20795","10","1754.43","1756.45","1759.82","3.37","5.39"
"20796","10","1754.43","1756.45","-1","-1757.45","-1755.43"
"20799","10","1755.4","1757.42","1760.1","2.68","4.7"
"20816","10","1756.27","1758.29","1760.97","2.68","4.7"
"20823","22","1756.35","1758.37","1761.11","2.74","4.76"
"20830","23","1756.38","1758.4","1759.01","0.61","2.63"
"20831","23","1756.39","1758.41","1758.7","0.29","2.31"
"20833","23","1756.4","1758.42","1758.79","0.37","2.39"
"20834","10","1756.4","1758.42","-1","-1759.42","-1757.4"
"20839","10","1756.5","1758.52","1762.5","3.98","6"
"20841","7","1756.54","1758.56","1761.27","2.71","4.73"
"20842","23","1756.54","1758.56","1759.74","1.18","3.2"
"20844","23","1756.64","1758.66","1759.24","0.58","2.6"
"20846","23","1756.85","1758.87","1759.45","0.58","2.6"
"20847","16","1756.92","1758.94","-1","-1759.94","-1757.92"
"20854","23","1757.06","1759.08","-1","-1760.08","-1758.06"
"20855","23","1757.09","1759.11","1760.96","1.85","3.87"
"20858","9","1757.14","1759.16","1761.12","1.96","3.98"
"20859","23","1757.17","1759.19","-1","-1760.19","-1758.17"
"20869","22","1757.88","1759.9","1760.21","0.31","2.33"
"20875","1","1758","1760.02","-1","-1761.02","-1759"
"20879","23","1758.29","1760.31","-1","-1761.31","-1759.29"
"20886","8","1758.44","1760.46","1764.32","3.86","5.88"
"20897","16","1759.13","1761.15","1766.42","5.27","7.29"
"20905","19","1759.39","1761.41","-1","-1762.41","-1760.39"
"20913","10","1759.65","1761.67","1764.92","3.25","5.27"
"20914","1","1759.65","1761.67","1763.46","1.79","3.81"
"20918","10","1759.85","1761.87","1765.37","3.5","5.52"
"20922","10","1759.91","1761.93","-1","-1762.93","-1760.91"
"20925","23","1760.1","1762.12","-1","-1763.12","-1761.1"
"20926","23","1760.1","1762.12","1762.7","0.58","2.6"
"20928","8","1760.33","1762.35","-1","-1763.35","-1761.33"
"20935","1","1760.76","1762.78","1771.23","8.45","10.47"
"20941","16","1760.77","1762.79","1763.28","0.49","2.51"
"20942","10","1760.77","1762.79","1766.24","3.44","5.47"
"20943","16","1760.94","1762.96","1766.7","3.74","5.76"
"20951","23","1761.17","1763.19","1764.42","1.23","3.25"
"20952","23","1761.17","1763.19","1763.48","0.29","2.31"
"20956","23","1761.27","1763.29","-1","-1764.29","-1762.27"
"20957","10","1761.32","1763.34","1780.95","17.61","19.63"
"20958","23","1761.32","1763.34","1763.65","0.31","2.33"
"20965","23","1761.71","1763.73","1764.39","0.66","2.68"
"20967","10","1761.72","1763.74","-1","-1764.74","-1762.72"
"20971","23","1761.84","1763.86","1764.15","0.29","2.31"
"20972","10","1761.84","1763.86","1766.11","2.25","4.27"
"20974","23","1761.86","1763.88","1764.13","0.25","2.27"
"20978","23","1761.94","1763.96","1783.15","19.19","21.21"
"20981","23","1762.14","1764.16","1764.45","0.29","2.31"
"20982","14","1762.14","1764.16","1768.85","4.69","6.71"
"20984","10","1762.3","1764.32","1771.11","6.79","8.81"
"20994","3","1763.72","1765.74","1768.17","2.43","4.45"
"20997","17","1763.9","1765.92","1766.77","0.85","2.87"
"21059","17","1768.66","1770.68","1771.55","0.87","2.89"
"21071","9","1769.18","1771.2","-1","-1772.2","-1770.18"
"21072","9","1769.18","1771.2","-1","-1772.2","-1770.18"
"21073","8","1769.23","1771.25","1773.98","2.73","4.75"
"21074","9","1769.23","1771.25","1772.25","1","3.02"
"21075","9","1769.24","1771.26","-1","-1772.26","-1770.24"
"21077","9","1769.28","1771.3","1772.35","1.05","3.07"
"21078","9","1769.28","1771.3","1772.77","1.47","3.49"
"21079","9","1769.3","1771.32","1772.79","1.47","3.49"
"21080","9","1769.3","1771.32","1772","0.68","2.7"
"21096","1","1769.84","1771.86","-1","-1772.86","-1770.84"
"21102","9","1769.85","1771.87","1772.73","0.86","2.88"
"21108","9","1770.04","1772.06","1772.84","0.78","2.8"
"21109","9","1770.06","1772.08","1772.82","0.74","2.76"
"21110","9","1770.06","1772.08","1773.08","1","3.02"
"21112","1","1770.07","1772.09","1778.02","5.93","7.95"
"21113","9","1770.15","1772.17","1773.64","1.47","3.49"
"21114","9","1770.15","1772.17","1773.17","1","3.02"
"21115","1","1770.32","1772.34","-1","-1773.34","-1771.32"
"21125","17","1770.84","1772.86","1774.48","1.62","3.64"
"21126","17","1770.84","1772.86","1774.48","1.62","3.64"
"21132","1","1770.99","1773.01","-1","-1774.01","-1771.99"
"21135","10","1771.21","1773.23","1779.52","6.29","8.31"
"21136","9","1771.21","1773.23","1774.23","1","3.02"
"21138","9","1771.24","1773.26","1774","0.74","2.76"
"21139","9","1771.24","1773.26","1774.32","1.05","3.08"
"21140","1","1771.24","1773.26","1777.09","3.82","5.85"
"21141","10","1771.27","1773.29","1777.79","4.5","6.52"
"21142","9","1771.27","1773.29","1774.16","0.86","2.89"
"21143","9","1771.27","1773.29","1774.29","1","3.02"
"21144","9","1771.27","1773.29","1774.07","0.78","2.8"
"21145","9","1771.3","1773.32","1774.18","0.86","2.88"
"21146","10","1771.3","1773.32","1776.37","3.05","5.07"
"21147","9","1771.33","1773.35","1774.82","1.47","3.49"
"21148","10","1771.33","1773.35","1776.41","3.06","5.08"
"21150","9","1771.4","1773.42","1774.16","0.74","2.76"
"21153","10","1771.49","1773.51","1777.43","3.92","5.94"
"21154","10","1771.49","1773.51","1775.81","2.3","4.32"
"21158","10","1771.64","1773.66","1775.98","2.32","4.34"
"21163","10","1771.72","1773.74","1777.18","3.44","5.46"
"21176","10","1772.02","1774.04","1775.99","1.95","3.97"
"21178","10","1772.06","1774.08","1776.03","1.95","3.97"
"21180","9","1772.08","1774.1","1775.15","1.05","3.07"
"21181","9","1772.14","1774.16","1775.02","0.86","2.88"
"21182","17","1772.14","1774.16","1774.64","0.47","2.5"
"21183","9","1772.17","1774.19","1775.05","0.86","2.88"
"21184","9","1772.17","1774.19","1775.19","1","3.02"
"21185","9","1772.2","1774.22","1775.27","1.05","3.07"
"21186","9","1772.2","1774.22","1775","0.78","2.8"
"21188","1","1772.3","1774.32","1778.22","3.9","5.92"
"21194","9","1772.58","1774.6","1775.47","0.86","2.89"
"21196","9","1772.6","1774.62","1788.15","13.53","15.55"
"21201","1","1772.85","1774.87","1776.02","1.15","3.17"
"21203","21","1772.9","1774.92","1777.78","2.86","4.88"
"21214","16","1773.4","1775.42","1779.76","4.33","6.36"
"21217","10","1773.43","1775.45","1778.99","3.54","5.56"
"21220","22","1773.43","1775.45","-1","-1776.45","-1774.43"
"21222","10","1773.47","1775.49","1781.99","6.5","8.52"
"21223","17","1773.57","1775.59","-1","-1776.59","-1774.57"
"21224","10","1773.57","1775.59","-1","-1776.59","-1774.57"
"21235","10","1774.13","1776.15","-1","-1777.15","-1775.13"
"21237","10","1774.13","1776.15","1783","6.85","8.87"
"21238","1","1774.2","1776.22","1793.76","17.54","19.56"
"21241","17","1774.21","1776.23","-1","-1777.23","-1775.21"
"21243","1","1774.23","1776.25","1780.04","3.79","5.81"
"21252","1","1774.81","1776.83","1794.46","17.63","19.65"
"21268","10","1775.47","1777.49","1781.11","3.62","5.64"
"21276","1","1775.72","1777.74","1778.6","0.86","2.88"
"21295","16","1776.54","1778.56","-1","-1779.56","-1777.54"
"21303","16","1777.09","1779.11","1779.81","0.69","2.72"
"21310","16","1777.34","1779.36","1784.49","5.13","7.15"
"21312","22","1777.37","1779.39","1787.53","8.14","10.16"
"21313","23","1777.37","1779.39","-1","-1780.39","-1778.37"
"21327","23","1777.83","1779.85","1780.82","0.97","2.99"
"21328","23","1777.98","1780","1781.11","1.11","3.13"
"21330","23","1778.31","1780.33","1781.44","1.11","3.13"
"21380","23","1780.59","1782.61","1783.16","0.55","2.57"
"21388","1","1781.14","1783.16","1789.15","5.99","8.01"
"21395","17","1781.29","1783.31","1784.73","1.42","3.44"
"21398","1","1781.42","1783.44","-1","-1784.44","-1782.42"
"21399","17","1781.44","1783.46","1783.9","0.44","2.46"
"21406","23","1781.89","1783.91","-1","-1784.91","-1782.89"
"21409","23","1782.07","1784.09","1785.03","0.94","2.96"
"21411","23","1782.12","1784.14","1784.58","0.44","2.46"
"21414","10","1782.24","1784.26","-1","-1785.26","-1783.24"
"21415","1","1782.46","1784.48","1791.5","7.02","9.04"
"21417","1","1782.66","1784.68","1786","1.32","3.34"
"21418","23","1782.66","1784.68","1784.93","0.25","2.27"
"21421","10","1783.23","1785.25","1792.7","7.45","9.47"
"21438","13","1784.58","1786.6","1806","19.4","21.42"
"21449","22","1785.08","1787.1","1788.39","1.29","3.31"
"21467","1","1785.92","1787.94","1805.21","17.27","19.29"
"21471","1","1785.94","1787.96","1794.12","6.16","8.18"
"21479","1","1786.15","1788.17","1805.43","17.26","19.28"
"21489","10","1786.29","1788.31","1795.68","7.37","9.39"
"21491","10","1786.29","1788.31","1792.55","4.24","6.26"
"21492","10","1786.29","1788.31","1791.13","2.82","4.84"
"21493","10","1786.34","1788.36","1790.67","2.31","4.33"
"21495","10","1786.37","1788.39","1791.83","3.44","5.46"
"21496","10","1786.37","1788.39","1791.05","2.66","4.68"
"21503","17","1786.61","1788.63","1793.95","5.32","7.34"
"21504","1","1786.61","1788.63","1794.79","6.16","8.18"
"21505","17","1786.61","1788.63","1789.5","0.87","2.89"
"21508","10","1786.71","1788.73","1792.18","3.45","5.47"
"21512","17","1786.76","1788.78","1790.72","1.94","3.96"
"21514","9","1786.76","1788.78","1789.46","0.68","2.7"
"21515","9","1786.76","1788.78","1789.78","1","3.02"
"21516","9","1786.76","1788.78","1789.53","0.74","2.77"
"21517","9","1786.78","1788.8","1802.33","13.53","15.55"
"21518","9","1786.78","1788.8","1789.8","1","3.02"
"21519","9","1786.79","1788.81","1789.59","0.78","2.8"
"21521","3","1786.8","1788.82","1789.78","0.96","2.98"
"21528","17","1786.99","1789.01","-1","-1790.01","-1787.99"
"21533","9","1787.1","1789.12","1802.65","13.53","15.55"
"21540","16","1787.33","1789.35","-1","-1790.35","-1788.33"
"21541","10","1787.33","1789.35","-1","-1790.35","-1788.33"
"21542","9","1787.33","1789.35","1790.22","0.86","2.89"
"21544","9","1787.39","1789.41","1790.28","0.86","2.89"
"21546","17","1787.41","1789.43","1791.36","1.92","3.95"
"21547","10","1787.42","1789.44","-1","-1790.44","-1788.42"
"21548","16","1787.42","1789.44","1791.6","2.16","4.18"
"21549","9","1787.42","1789.44","1790.5","1.05","3.08"
"21550","10","1787.42","1789.44","1792.69","3.25","5.27"
"21552","9","1787.46","1789.48","1790.16","0.68","2.7"
"21559","17","1787.78","1789.8","1791.73","1.93","3.95"
"21569","9","1788.25","1790.27","1803.8","13.53","15.55"
"21574","9","1788.31","1790.33","1791.8","1.47","3.49"
"21578","9","1788.39","1790.41","1803.94","13.53","15.55"
"21579","9","1788.42","1790.44","1791.18","0.74","2.76"
"21580","9","1788.42","1790.44","1803.97","13.53","15.55"
"21582","9","1788.45","1790.47","1791.21","0.74","2.76"
"21584","9","1788.47","1790.49","1791.54","1.05","3.07"
"21586","1","1788.57","1790.59","1791.95","1.36","3.38"
"21590","9","1788.62","1790.64","1791.32","0.68","2.7"
"21591","9","1788.64","1790.66","1791.66","1","3.02"
"21592","9","1788.64","1790.66","1804.19","13.53","15.55"
"21593","9","1788.65","1790.67","1791.53","0.86","2.88"
"21594","9","1788.65","1790.67","1792.14","1.47","3.49"
"21595","9","1788.68","1790.7","1791.75","1.05","3.07"
"21596","23","1788.68","1790.7","1791.59","0.89","2.91"
"21597","17","1788.71","1790.73","1791.62","0.89","2.91"
"21598","23","1788.71","1790.73","1795.63","4.9","6.92"
"21599","23","1788.75","1790.77","1791.79","1.02","3.04"
"21601","23","1788.88","1790.9","1791.84","0.94","2.96"
"21602","22","1788.88","1790.9","1791.26","0.36","2.38"
"21606","17","1789.17","1791.19","1796.51","5.32","7.34"
"21608","16","1789.18","1791.2","1791.54","0.34","2.36"
"21612","23","1789.23","1791.25","-1","-1792.25","-1790.23"
"21615","10","1789.32","1791.34","1793.55","2.21","4.23"
"21623","17","1789.68","1791.7","-1","-1792.7","-1790.68"
"21627","17","1789.72","1791.74","1792.24","0.5","2.52"
"21628","22","1789.72","1791.74","-1","-1792.74","-1790.72"
"21630","23","1789.84","1791.86","1793.82","1.95","3.98"
"21632","10","1789.87","1791.89","1795.05","3.16","5.18"
"21633","10","1789.88","1791.9","1794.01","2.11","4.13"
"21637","1","1790.12","1792.14","1793.32","1.18","3.2"
"21639","23","1790.21","1792.23","1795.88","3.65","5.67"
"21641","23","1790.22","1792.24","1794.18","1.94","3.96"
"21646","23","1790.35","1792.37","1792.83","0.46","2.48"
"21649","23","1790.61","1792.63","1793.09","0.46","2.48"
"21650","10","1790.61","1792.63","1795.23","2.6","4.62"
"21655","10","1790.75","1792.77","1795.29","2.52","4.54"
"21659","23","1790.77","1792.79","1793.33","0.54","2.56"
"21660","10","1790.77","1792.79","1796.55","3.75","5.78"
"21664","10","1790.78","1792.8","1805.29","12.49","14.51"
"21666","17","1790.8","1792.82","1794.04","1.22","3.24"
"21668","10","1790.85","1792.87","-1","-1793.87","-1791.85"
"21700","19","1792.61","1794.63","-1","-1795.63","-1793.61"
"21713","17","1793.12","1795.14","1796.33","1.19","3.21"
"21730","8","1794.16","1796.18","1809.21","13.03","15.05"
"21741","1","1794.73","1796.75","1797.73","0.98","3"
"21746","23","1794.83","1796.85","1799.86","3.01","5.03"
"21756","1","1795.34","1797.36","1800.17","2.81","4.83"
"21757","17","1795.45","1797.47","1799.64","2.17","4.19"
"21766","23","1795.89","1797.91","1799.11","1.2","3.22"
"21767","23","1795.98","1798","1798.52","0.52","2.54"
"21772","23","1796.13","1798.15","1798.54","0.39","2.41"
"21780","1","1796.66","1798.68","1804.37","5.69","7.71"
"21782","23","1796.84","1798.86","1799.76","0.89","2.92"
"21783","23","1796.92","1798.94","1799.33","0.39","2.41"
"21784","23","1796.92","1798.94","1800.29","1.35","3.37"
"21807","1","1799.04","1801.06","1802.23","1.17","3.19"
"21811","1","1799.45","1801.47","1816.4","14.93","16.95"
"21821","1","1799.74","1801.76","1802.43","0.67","2.69"
