"clock","utilization","count","workload usage"
"1.22","0.66","2.57","1.7226"
"1.43","0.74","3","2.2106"
"1.64","0.76","3","2.2811"
"1.85","0.79","3","2.3835"
"2.06","0.77","3.54","2.7045"
"2.26","0.74","4.34","3.1832"
"2.47","0.68","5","3.4211"
"2.68","0.69","5","3.4682"
"2.89","0.72","5","3.5941"
"3.1","0.73","5","3.6715"
"3.31","0.7","5.82","4.052"
"3.51","0.72","6","4.3453"
"3.72","0.67","6.95","4.6234"
"3.93","0.66","7","4.6317"
"4.14","0.66","7","4.6317"
"4.35","0.66","7","4.6317"
"4.56","0.66","7","4.6317"
"4.76","0.66","7","4.6317"
"4.97","0.66","7","4.6317"
"5.18","0.66","7","4.6317"
"5.39","0.66","7","4.6317"
"5.6","0.66","7","4.6317"
"5.81","0.67","7","4.6635"
"6.01","0.67","7","4.6703"
"6.22","0.67","7","4.6703"
"6.43","0.67","7","4.6703"
"6.64","0.67","7","4.6703"
"6.85","0.67","7","4.6703"
"7.06","0.67","7","4.6703"
"7.26","0.67","7","4.6703"
"7.47","0.67","7","4.6703"
"7.68","0.67","7","4.6703"
"7.89","0.67","7","4.6703"
"8.1","0.67","7","4.6703"
"8.31","0.67","7","4.6703"
"8.51","0.67","7","4.6703"
"8.72","0.67","7","4.6703"
"8.93","0.67","7","4.6703"
"9.14","0.67","7","4.6703"
"9.35","0.67","7","4.6703"
"9.56","0.67","7","4.6703"
"9.76","0.67","7","4.6703"
"9.97","0.67","7","4.6703"
"10.18","0.67","7","4.6703"
"10.39","0.67","7","4.6703"
"10.6","0.67","7","4.6703"
"10.81","0.67","7","4.6703"
"11.01","0.67","7","4.6703"
"11.22","0.67","7","4.6703"
"11.43","0.67","7","4.6703"
"11.64","0.67","7","4.6703"
"11.85","0.67","7","4.6703"
"12.06","0.67","7","4.6703"
"12.26","0.67","7","4.6703"
"12.47","0.67","7","4.6703"
"12.68","0.67","7","4.6703"
"12.89","0.67","7","4.6703"
"13.1","0.67","7","4.6703"
"13.31","0.67","7","4.6703"
"13.51","0.67","7","4.6888"
"13.72","0.67","7","4.7089"
"13.93","0.67","7","4.7089"
"14.14","0.67","7","4.7089"
"14.35","0.67","7","4.7089"
"14.56","0.67","7","4.7089"
"14.76","0.67","7","4.7089"
"14.97","0.67","7","4.7089"
"15.18","0.67","7","4.7089"
"15.39","0.67","7","4.7089"
"15.6","0.67","7","4.7089"
"15.81","0.67","7","4.7089"
"16.01","0.67","7","4.7089"
"16.22","0.67","7","4.7089"
"16.43","0.67","7","4.7089"
"16.64","0.67","7","4.7089"
"16.85","0.67","7","4.7089"
"17.06","0.67","7","4.7089"
"17.26","0.67","7","4.7089"
"17.47","0.67","7","4.7089"
"17.68","0.67","7","4.7089"
"17.89","0.67","7","4.7089"
"18.1","0.67","7","4.7089"
"18.31","0.67","7","4.7089"
"18.51","0.67","7","4.7089"
"18.72","0.67","7","4.7089"
"18.93","0.67","7","4.7089"
"19.14","0.67","7","4.7089"
"19.35","0.67","7","4.7089"
"19.56","0.67","7","4.7089"
"19.76","0.67","7","4.7089"
"19.97","0.67","7","4.7089"
"20.18","0.67","7","4.7089"
"20.39","0.67","7","4.7089"
"20.6","0.67","7","4.7089"
"20.81","0.67","7","4.7089"
"21.01","0.67","7","4.7089"
"21.22","0.67","7","4.7089"
"21.43","0.67","7","4.7089"
"21.64","0.67","7","4.7089"
"21.85","0.67","7","4.7089"
"22.06","0.67","7","4.7089"
"22.26","0.67","7","4.7089"
"22.47","0.67","7","4.7089"
"22.68","0.67","7","4.7089"
"22.89","0.67","7","4.7089"
"23.1","0.67","7","4.7089"
"23.31","0.67","7","4.7089"
"23.51","0.67","7","4.7089"
"23.72","0.67","7","4.7089"
"23.93","0.67","7","4.7089"
"24.14","0.47","4.6","2.4795"
"24.35","0.33","3","0.9932"
"24.56","0.33","3","0.9932"
"24.76","0.33","3","0.9932"
"24.97","0.33","3","0.9932"
"25.18","0.39","3","1.1679"
"25.39","0.4","3","1.2115"
"25.6","0.4","3","1.2115"
"25.81","0.4","3","1.2115"
"26.01","0.4","3","1.2115"
"26.22","0.4","3","1.2115"
"26.43","0.4","3","1.2115"
"26.64","0.4","3","1.2115"
"26.85","0.4","3","1.2115"
"27.06","0.4","3","1.2115"
"27.26","0.4","3","1.2115"
"27.47","0.4","3","1.2115"
"27.68","0.4","3","1.2115"
"27.89","0.4","3","1.2115"
"28.1","0.4","3","1.2115"
"28.31","0.4","3","1.2115"
"28.51","0.4","3","1.2115"
"28.72","0.4","3","1.2115"
"28.93","0.4","3","1.2115"
"29.14","0.4","3","1.2115"
"29.35","0.4","3","1.2115"
"29.56","0.4","3","1.2115"
"29.76","0.4","3","1.2115"
"29.97","0.4","3","1.2115"
"30.18","0.4","3","1.2115"
"30.39","0.4","3","1.2115"
"30.6","0.4","3","1.2115"
"30.81","0.4","3","1.2115"
"31.01","0.4","3","1.2115"
"31.22","0.4","3","1.2115"
"31.43","0.4","3","1.2115"
"31.64","0.4","3","1.2115"
"31.85","0.4","3","1.2115"
"32.06","0.4","3","1.2115"
"32.26","0.4","3","1.2115"
"32.47","0.4","3","1.2115"
"32.68","0.4","3","1.2115"
"32.89","0.4","3","1.2115"
"33.1","0.4","3","1.2115"
"33.31","0.4","3","1.2115"
"33.51","0.4","3","1.2115"
"33.72","0.4","3","1.2115"
"33.93","0.4","3","1.2115"
"34.14","0.4","3","1.2115"
"34.35","0.4","3","1.2115"
"34.56","0.4","3","1.2115"
"34.76","0.4","3","1.2115"
"34.97","0.4","3","1.2115"
"35.18","0.77","1.4","0.9293"
"35.39","0.86","1","0.8587"
"35.6","0.77","1.21","0.8667"
"35.81","0.45","2","0.8973"
"36.01","0.45","2","0.8973"
"36.22","0.45","2","0.8973"
"36.43","0.45","2","0.8973"
"36.64","0.45","2","0.8973"
"36.85","0.45","2","0.8973"
"37.06","0.45","2","0.8973"
"37.26","0.45","2","0.8973"
"37.47","0.45","2","0.8973"
"37.68","0.45","2","0.8973"
"37.89","0.45","2","0.8973"
"38.1","0.45","2","0.8973"
"38.31","0.45","2","0.8973"
"38.51","0.45","2","0.8973"
"38.72","0.45","2","0.8973"
"38.93","0.45","2","0.8973"
"39.14","0.45","2","0.8973"
"39.35","0.45","2","0.8973"
"39.56","0.45","2","0.8973"
"39.76","0.45","2","0.8973"
"39.97","0.45","2","0.8973"
"40.18","0.45","2","0.8973"
"40.39","0.45","2","0.8973"
"40.6","0.45","2","0.8973"
"40.81","0.45","2","0.8973"
"41.01","0.45","2","0.8973"
"41.22","0.45","2","0.8973"
"41.43","0.45","2","0.8973"
"41.64","0.45","2","0.8973"
"41.85","0.45","2","0.8973"
"42.06","0.57","2.34","1.3975"
"42.26","0.76","3","2.2877"
"42.47","0.76","3","2.2877"
"42.68","0.76","3","2.2877"
"42.89","0.76","3","2.2877"
"43.1","0.76","3","2.2877"
"43.31","0.76","3","2.2877"
"43.51","0.76","3","2.2877"
"43.72","0.76","3","2.2877"
"43.93","0.76","3","2.2877"
"44.14","0.76","3","2.2877"
"44.35","0.76","3","2.2877"
"44.56","0.76","3","2.2877"
"44.76","0.76","3","2.2877"
"44.97","0.76","3","2.2877"
"45.18","0.76","3","2.2877"
"45.39","0.76","3","2.2877"
"45.6","0.76","3","2.2877"
"45.81","0.76","3","2.2877"
"46.01","0.76","3","2.2877"
"46.22","0.76","3","2.2877"
"46.43","0.76","3","2.2877"
"46.64","0.76","3","2.2877"
"46.85","0.76","3","2.2877"
"47.06","0.76","3","2.2877"
"47.26","0.76","3","2.2877"
"47.47","0.76","3","2.2877"
"47.68","0.76","3","2.2877"
"47.89","0.76","3","2.2877"
"48.1","0.76","3","2.2877"
"48.31","0.76","3","2.2877"
"48.51","0.76","3","2.2877"
"48.72","0.76","3","2.2877"
"48.93","0.76","3","2.2877"
"49.14","0.76","3","2.2877"
"49.35","0.76","3","2.2877"
"49.56","0.76","3","2.2877"
"49.76","0.76","3","2.2877"
"49.97","0.76","3","2.2877"
"50.18","0.76","3","2.2877"
"50.39","0.76","3","2.2877"
"50.6","0.76","3","2.2877"
"50.81","0.76","3","2.2877"
"51.01","0.76","3","2.2877"
"51.22","0.76","3","2.2877"
"51.43","0.76","3","2.2877"
"51.64","0.76","3","2.2877"
"51.85","0.76","3","2.2877"
"52.06","0.76","3","2.2877"
"52.26","0.76","3","2.2877"
"52.47","0.76","3","2.2877"
"52.68","0.76","3","2.2877"
"52.89","0.76","3","2.2877"
"53.1","0.76","3","2.2877"
"53.31","0.76","3","2.2877"
"53.51","0.76","3","2.2877"
"53.72","0.76","3","2.2877"
"53.93","0.76","3","2.2877"
"54.14","0.76","3","2.2877"
"54.35","0.76","3","2.2877"
"54.56","0.76","3","2.2877"
"54.76","0.76","3","2.2877"
"54.97","0.76","3","2.2877"
"55.18","0.76","3","2.2877"
"55.39","0.76","3","2.2877"
"55.6","0.76","3","2.2877"
"55.81","0.76","3","2.2877"
"56.01","0.76","3","2.2877"
"56.22","0.76","3","2.2877"
"56.43","0.76","3","2.2877"
"56.64","0.76","3","2.2877"
"56.85","0.76","3","2.2877"
"57.06","0.78","2.7","2.072"
"57.26","0.87","1","0.868"
"57.47","0.87","1","0.868"
"57.68","0.87","1","0.868"
"57.89","0.87","1","0.868"
"58.1","0.88","1","0.8768"
"58.31","0.89","1","0.8928"
"58.51","0.89","1","0.8928"
"58.72","0.89","1","0.8928"
"58.93","0.89","1","0.8928"
"59.14","0.89","1","0.8928"
"59.35","0.89","1","0.8928"
"59.56","0.89","1","0.8928"
"59.76","0.89","1","0.8928"
"59.97","0.89","1","0.8928"
"60.18","0.89","1","0.8928"
"60.39","0.89","1","0.8928"
"60.6","0.89","1","0.8928"
"60.81","0.89","1","0.8928"
"61.01","0.89","1","0.8928"
"61.22","0.89","1","0.8928"
"61.43","0.89","1","0.8928"
"61.64","0.89","1","0.8928"
"61.85","0.89","1","0.8928"
"62.06","0.89","1","0.8928"
"62.26","0.89","1","0.8928"
"62.47","0.89","1","0.8928"
"62.68","0.89","1","0.8928"
"62.89","0.93","1","0.9263"
"63.1","1","1","1"
"63.31","1","1","1"
"63.51","1","1","1"
"63.72","1","1","1"
"63.93","1","1","1"
"64.14","1","1","1"
"64.35","1","1","1"
"64.56","1","1","1"
"64.76","1","1","1"
"64.97","1","1","1"
"65.18","1","1","1"
"65.39","1","1","1"
"65.6","1","1","1"
"65.81","1","1","1"
"66.01","1","1","1"
"66.22","1","1","1"
"66.43","1","1","1"
"66.64","1","1","1"
"66.85","1","1","1"
"67.06","1","1","1"
"67.26","1","1","1"
"67.47","1","1","1"
"67.68","1","1","1"
"67.89","1","1","1"
"68.1","0.89","1","0.8927"
"68.31","0.7","1","0.6951"
"68.51","0.7","1","0.6951"
"68.72","0.7","1","0.6951"
"68.93","0.7","1","0.6951"
"69.14","0.86","1","0.8634"
"69.35","1","1","1"
"69.56","1","1","1"
"69.76","1","1","1"
"69.97","1","1","1"
"70.18","1","1","1"
"70.39","1","1","1"
"70.6","1","1","1"
"70.81","1","1","1"
"71.01","1","1","1"
"71.22","1","1","1"
"71.43","1","1","1"
"71.64","1","1","1"
"71.85","1","1","1"
"72.06","1","1","1"
"72.26","1","1","1"
"72.47","1","1","1"
"72.68","1","1","1"
"72.89","1","1","1"
"73.1","1","1","1"
"73.31","1","1","1"
"73.51","1","1","1"
"73.72","1","1","1"
"73.93","1","1","1"
"74.14","1","1","1"
"74.35","1","1","1"
"74.56","1","1","1"
"74.76","1","1","1"
"74.97","1","1","1"
"75.18","1","1","1"
"75.39","1","1","1"
"75.6","1","1","1"
"75.81","1","1","1"
"76.01","1","1","1"
"76.22","1","1","1"
"76.43","1","1","1"
"76.64","1","1","1"
"76.85","1","1","1"
"77.06","1","1","1"
"77.26","1","1","1"
"77.47","1","1","1"
"77.68","1","1","1"
"77.89","1","1","1"
"78.1","1","1","1"
"78.31","1","1","1"
"78.51","1","1","1"
"78.72","1","1","1"
"78.93","1","1","1"
"79.14","1","1","1"
"79.35","1","1","1"
"79.56","1","1","1"
"79.76","1","1","1"
"79.97","1","1","1"
"80.18","1","1","1"
"80.39","1","1","1"
"80.6","1","1","1"
"80.81","1","1","1"
"81.01","1","1","1"
"81.22","1","1","1"
"81.43","1","1","1"
"81.64","1","1","1"
"81.85","1","1","1"
"82.06","1","1","1"
"82.26","1","1","1"
"82.47","1","1","1"
"82.68","1","1","1"
"82.89","1","1","1"
"83.1","1","1","1"
"83.31","1","1","1"
"83.51","1","1","1"
"83.72","1","1","1"
"83.93","1","1","1"
"84.14","1","1","1"
"84.35","1","1","1"
"84.56","1","1","1"
"84.76","1","1","1"
"84.97","1","1","1"
"85.18","1","1","1"
"85.39","1","1","1"
"85.6","1","1","1"
"85.81","1","1","1"
"86.01","1","1","1"
"86.22","1","1","1"
"86.43","1","1","1"
"86.64","1","1","1"
"86.85","1","1","1"
"87.06","1","1","1"
"87.26","1","1","1"
"87.47","1","1","1"
"87.68","1","1","1"
"87.89","1","1","1"
"88.1","1","1","1"
"88.31","1","1","1"
"88.51","1","1","1"
"88.72","1","1","1"
"88.93","1","1","1"
"89.14","1","1","1"
"89.35","1","1","1"
"89.56","1","1","1"
"89.76","1","1","1"
"89.97","1","1","1"
"90.18","0.89","1","0.8944"
"90.39","0.87","1","0.868"
"90.6","0.87","1","0.868"
"90.81","0.87","1","0.868"
"91.01","0.87","1","0.868"
"91.22","0.87","1","0.868"
"91.43","0.87","1","0.868"
"91.64","0.87","1","0.868"
"91.85","0.87","1","0.868"
"92.06","0.87","1","0.868"
"92.26","0.87","1","0.868"
"92.47","0.87","1","0.868"
"92.68","0.87","1","0.868"
"92.89","0.87","1","0.868"
"93.1","0.87","1","0.868"
"93.31","0.87","1","0.868"
"93.51","0.91","1","0.906"
"93.72","1","1","1"
"93.93","1","1","1"
"94.14","1","1","1"
"94.35","1","1","1"
"94.56","1","1","1"
"94.76","1","1","1"
"94.97","1","1","1"
"95.18","1","1","1"
"95.39","1","1","1"
"95.6","1","1","1"
"95.81","1","1","1"
"96.01","1","1","1"
"96.22","1","1","1"
"96.43","1","1","1"
"96.64","1","1","1"
"96.85","1","1","1"
"97.06","1","1","1"
"97.26","1","1","1"
"97.47","1","1","1"
"97.68","1","1","1"
"97.89","1","1","1"
"98.1","1","1","1"
"98.31","1","1","1"
"98.51","1","1","1"
"98.72","1","1","1"
"98.93","1","1","1"
"99.14","1","1","1"
"99.35","1","1","1"
"99.56","1","1","1"
"99.76","1","1","1"
"99.97","1","1","1"
"100.18","1","1","1"
"100.39","1","1","1"
"100.6","1","1","1"
"100.81","1","1","1"
"101.01","1","1","1"
"101.22","0.9","1","0.8987"
"101.43","0.92","1","0.9214"
"101.64","1","1","1"
"101.85","1","1","1"
"102.06","1","1","1"
"102.26","1","1","1"
"102.47","1","1","1"
"102.68","1","1","1"
"102.89","1","1","1"
"103.1","1","1","1"
"103.31","1","1","1"
"103.51","1","1","1"
"103.72","1","1","1"
"103.93","1","1","1"
"104.14","1","1","1"
"104.35","1","1","1"
"104.56","1","1","1"
"104.76","1","1","1"
"104.97","1","1","1"
"105.18","1","1","1"
"105.39","1","1","1"
"105.6","1","1","1"
"105.81","1","1","1"
"106.01","1","1","1"
"106.22","1","1","1"
"106.43","1","1","1"
"106.64","1","1","1"
"106.85","1","1","1"
"107.06","1","1","1"
"107.26","1","1","1"
"107.47","1","1","1"
"107.68","1","1","1"
"107.89","1","1","1"
"108.1","1","1","1"
"108.31","1","1","1"
"108.51","1","1","1"
"108.72","1","1","1"
"108.93","1","1","1"
"109.14","1","1","1"
"109.35","1","1","1"
"109.56","1","1","1"
"109.76","1","1","1"
"109.97","1","1","1"
"110.18","1","1","1"
"110.39","1","1","1"
"110.6","1","1","1"
"110.81","1","1","1"
"111.01","1","1","1"
"111.22","1","1","1"
"111.43","1","1","1"
"111.64","1","1","1"
"111.85","1","1","1"
"112.06","0.97","1","0.9736"
"112.26","0.87","1","0.868"
"112.47","0.87","1","0.868"
"112.68","0.87","1","0.868"
"112.89","0.87","1","0.868"
"113.1","0.87","1","0.868"
"113.31","0.87","1","0.868"
"113.51","0.87","1","0.868"
"113.72","0.87","1","0.868"
"113.93","0.87","1","0.868"
"114.14","0.87","1","0.868"
"114.35","0.97","1","0.9715"
"114.56","1","1","1"
"114.76","1","1","1"
"114.97","1","1","1"
"115.18","1","1","1"
"115.39","1","1","1"
"115.6","1","1","1"
"115.81","1","1","1"
"116.01","1","1","1"
"116.22","1","1","1"
"116.43","1","1","1"
"116.64","1","1","1"
"116.85","1","1","1"
"117.06","1","1","1"
"117.26","1","1","1"
"117.47","1","1","1"
"117.68","1","1","1"
"117.89","1","1","1"
"118.1","1","1","1"
"118.31","1","1","1"
"118.51","1","1","1"
"118.72","1","1","1"
"118.93","1","1","1"
"119.14","1","1","1"
"119.35","1","1","1"
"119.56","1","1","1"
"119.76","1","1","1"
"119.97","1","1","1"
"120.18","1","1","1"
"120.39","1","1","1"
"120.6","1","1","1"
"120.81","1","1","1"
"121.01","1","1","1"
"121.22","1","1","1"
"121.43","1","1","1"
"121.64","1","1","1"
"121.85","1","1","1"
"122.06","1","1","1"
"122.26","1","1","1"
"122.47","1","1","1"
"122.68","1","1","1"
"122.89","1","1","1"
"123.1","1","1","1"
"123.31","1","1","1"
"123.51","1","1","1"
"123.72","1","1","1"
"123.93","1","1","1"
"124.14","1","1","1"
"124.35","1","1","1"
"124.56","1","1","1"
"124.76","1","1","1"
"124.97","1","1","1"
"125.18","1","1","1"
"125.39","1","1","1"
"125.6","1","1","1"
"125.81","1","1","1"
"126.01","1","1","1"
"126.22","1","1","1"
"126.43","1","1","1"
"126.64","1","1","1"
"126.85","1","1","1"
"127.06","0.88","1.3","1.0512"
"127.26","0.59","2","1.1729"
"127.47","0.67","2","1.3376"
"127.68","0.67","2","1.3459"
"127.89","0.67","2","1.3459"
"128.1","0.67","2","1.3459"
"128.31","0.67","2","1.3459"
"128.51","0.67","2","1.3459"
"128.72","0.67","2","1.3459"
"128.93","0.67","2","1.3459"
"129.14","0.67","2","1.3459"
"129.35","0.67","2","1.3459"
"129.56","0.67","2","1.3459"
"129.76","0.67","2","1.3459"
"129.97","0.67","2","1.3459"
"130.18","0.67","2","1.3459"
"130.39","0.67","2","1.3459"
"130.6","0.67","2","1.3459"
"130.81","0.67","2","1.3459"
"131.01","0.67","2","1.3459"
"131.22","0.67","2","1.3459"
"131.43","0.67","2","1.3459"
"131.64","0.67","2","1.3459"
"131.85","0.67","2","1.3459"
"132.06","0.67","2","1.3459"
"132.26","0.67","2","1.3459"
"132.47","0.67","2","1.3459"
"132.68","0.67","2","1.3459"
"132.89","0.67","2","1.3459"
"133.1","0.67","2","1.3459"
"133.31","0.67","2","1.3459"
"133.51","0.67","2","1.3459"
"133.72","0.67","2","1.3459"
"133.93","0.67","2","1.3459"
"134.14","0.67","2","1.3459"
"134.35","0.67","2","1.3459"
"134.56","0.67","2","1.3459"
"134.76","0.67","2","1.3459"
"134.97","0.67","2","1.3459"
"135.18","0.67","2","1.3459"
"135.39","0.67","2","1.3459"
"135.6","0.67","2","1.3459"
"135.81","0.67","2","1.3459"
"136.01","0.67","2","1.3459"
"136.22","0.67","2","1.3459"
"136.43","0.67","2","1.3459"
"136.64","0.67","2","1.3459"
"136.85","0.67","2","1.3459"
"137.06","0.67","2","1.3459"
"137.26","0.67","2","1.3459"
"137.47","0.67","2","1.3459"
"137.68","0.67","2","1.3459"
"137.89","0.67","2","1.3459"
"138.1","0.67","2","1.3459"
"138.31","0.67","2","1.3459"
"138.51","0.67","2","1.3459"
"138.72","0.67","2","1.3459"
"138.93","0.67","2","1.3459"
"139.14","0.67","2","1.3459"
"139.35","0.67","2","1.3459"
"139.56","0.67","2","1.3459"
"139.76","0.67","2","1.3459"
"139.97","0.67","2","1.3459"
"140.18","0.67","2","1.3459"
"140.39","0.67","2","1.3459"
"140.6","0.67","2","1.3459"
"140.81","0.67","2","1.3459"
"141.01","0.67","2","1.3459"
"141.22","0.67","2","1.3459"
"141.43","0.67","2","1.3459"
"141.64","0.67","2","1.3459"
"141.85","0.67","2","1.3459"
"142.06","0.67","2","1.3459"
"142.26","0.67","2","1.3459"
"142.47","0.67","2","1.3459"
"142.68","0.67","2","1.3459"
"142.89","0.67","2","1.3459"
"143.1","0.67","2","1.3459"
"143.31","0.67","2","1.3459"
"143.51","0.67","2","1.3459"
"143.72","0.67","2","1.3459"
"143.93","0.67","2","1.3459"
"144.14","0.67","2","1.3459"
"144.35","0.67","2","1.3459"
"144.56","0.67","2","1.3459"
"144.76","0.67","2","1.3459"
"144.97","0.67","2","1.3459"
"145.18","0.93","1.2","1.0692"
"145.39","1","1","1"
"145.6","1","1","1"
"145.81","1","1","1"
"146.01","1","1","1"
"146.22","1","1","1"
"146.43","1","1","1"
"146.64","1","1","1"
"146.85","1","1","1"
"147.06","1","1","1"
"147.26","1","1","1"
"147.47","1","1","1"
"147.68","1","1","1"
"147.89","1","1","1"
"148.1","1","1","1"
"148.31","1","1","1"
"148.51","1","1","1"
"148.72","1","1","1"
"148.93","1","1","1"
"149.14","1","1","1"
"149.35","1","1","1"
"149.56","1","1","1"
"149.76","1","1","1"
"149.97","1","1","1"
"150.18","1","1","1"
"150.39","1","1","1"
"150.6","1","1","1"
"150.81","1","1","1"
"151.01","1","1","1"
"151.22","1","1","1"
"151.43","1","1","1"
"151.64","1","1","1"
"151.85","1","1","1"
"152.06","1","1","1"
"152.26","1","1","1"
"152.47","1","1","1"
"152.68","1","1","1"
"152.89","1","1","1"
"153.1","1","1","1"
"153.31","1","1","1"
"153.51","1","1","1"
"153.72","1","1","1"
"153.93","1","1","1"
"154.14","1","1","1"
"154.35","1","1","1"
"154.56","1","1","1"
"154.76","1","1","1"
"154.97","1","1","1"
"155.18","1","1","1"
"155.39","1","1","1"
"155.6","1","1","1"
"155.81","1","1","1"
"156.01","1","1","1"
"156.22","1","1","1"
"156.43","1","1","1"
"156.64","1","1","1"
"156.85","1","1","1"
"157.06","1","1","1"
"157.26","1","1","1"
"157.47","1","1","1"
"157.68","1","1","1"
"157.89","1","1","1"
"158.1","1","1","1"
"158.31","1","1","1"
"158.51","1","1","1"
"158.72","1","1","1"
"158.93","1","1","1"
"159.14","1","1","1"
"159.35","1","1","1"
"159.56","1","1","1"
"159.76","1","1","1"
"159.97","1","1","1"
"160.18","0.81","1.46","1.0802"
"160.39","0.59","2","1.1729"
"160.6","0.59","2","1.1729"
"160.81","0.59","2","1.1729"
"161.01","0.59","2","1.1729"
"161.22","0.59","2","1.1729"
"161.43","0.59","2","1.1729"
"161.64","0.59","2","1.1729"
"161.85","0.59","2","1.1729"
"162.06","0.59","2","1.1729"
"162.26","0.59","2","1.1729"
"162.47","0.59","2","1.1729"
"162.68","0.59","2","1.1729"
"162.89","0.59","2","1.1729"
"163.1","0.59","2","1.1729"
"163.31","0.59","2","1.1729"
"163.51","0.59","2","1.1729"
"163.72","0.59","2","1.1729"
"163.93","0.59","2","1.1729"
"164.14","0.59","2","1.1729"
"164.35","0.59","2","1.1729"
"164.56","0.59","2","1.1729"
"164.76","0.59","2","1.1729"
"164.97","0.59","2","1.1729"
"165.18","0.59","2","1.1729"
"165.39","0.59","2","1.1729"
"165.6","0.59","2","1.1729"
"165.81","0.59","2","1.1729"
"166.01","0.59","2","1.1729"
"166.22","0.59","2","1.1729"
"166.43","0.6","2","1.202"
"166.64","0.61","2","1.2115"
"166.85","0.61","2","1.2115"
"167.06","0.6","2","1.199"
"167.26","0.59","2","1.1874"
"167.47","0.65","2","1.3022"
"167.68","0.65","2","1.3022"
"167.89","0.65","2","1.3022"
"168.1","0.65","2","1.3022"
"168.31","0.65","2","1.3022"
"168.51","0.65","2","1.3022"
"168.72","0.65","2","1.3022"
"168.93","0.65","2","1.3022"
"169.14","0.65","2","1.3022"
"169.35","0.65","2","1.3022"
"169.56","0.65","2","1.3022"
"169.76","0.65","2","1.3022"
"169.97","0.65","2","1.3022"
"170.18","0.65","2","1.3022"
"170.39","0.66","2","1.3218"
"170.6","0.66","2","1.327"
"170.81","0.66","2","1.327"
"171.01","0.66","2","1.327"
"171.22","0.69","2","1.3856"
"171.43","0.7","2","1.4092"
"171.64","0.7","2","1.4092"
"171.85","0.7","2","1.4092"
"172.06","0.7","2","1.4092"
"172.26","0.7","2","1.4092"
"172.47","0.7","2","1.4092"
"172.68","0.7","2","1.4092"
"172.89","0.7","2","1.4092"
"173.1","0.7","2","1.4092"
"173.31","0.7","2","1.4092"
"173.51","0.7","2","1.4092"
"173.72","0.7","2","1.4092"
"173.93","0.7","2","1.4092"
"174.14","0.7","2","1.4092"
"174.35","0.7","2","1.4092"
"174.56","0.7","2","1.4092"
"174.76","0.7","2","1.4092"
"174.97","0.7","2","1.4092"
"175.18","0.7","2","1.4092"
"175.39","0.7","2","1.4092"
"175.6","0.7","2","1.4092"
"175.81","0.7","2","1.4092"
"176.01","0.7","2","1.4092"
"176.22","0.7","2","1.4092"
"176.43","0.7","2","1.4092"
"176.64","0.7","2","1.4092"
"176.85","0.7","2","1.4092"
"177.06","0.7","2","1.4092"
"177.26","0.7","2","1.4092"
"177.47","0.7","2","1.4092"
"177.68","0.7","2","1.4092"
"177.89","0.7","2","1.4092"
"178.1","0.7","2","1.4092"
"178.31","0.7","2","1.4092"
"178.51","0.7","2","1.4092"
"178.72","0.7","2","1.4092"
"178.93","0.7","2","1.4092"
"179.14","0.7","2","1.4092"
"179.35","0.7","2","1.4092"
"179.56","0.7","2","1.4092"
"179.76","0.7","2","1.4092"
"179.97","0.7","2","1.4092"
"180.18","0.7","2","1.4092"
"180.39","0.7","2","1.4092"
"180.6","0.7","2","1.4092"
"180.81","0.7","2","1.4092"
"181.01","0.7","2","1.4092"
"181.22","0.7","2","1.4092"
"181.43","0.7","2","1.4092"
"181.64","0.7","2","1.4092"
"181.85","0.7","2","1.4092"
"182.06","0.7","2","1.4092"
"182.26","0.7","2","1.4092"
"182.47","0.7","2","1.4092"
"182.68","0.7","2","1.4092"
"182.89","0.7","2","1.4092"
"183.1","0.7","2","1.4092"
"183.31","0.7","2","1.4092"
"183.51","0.7","2","1.4092"
"183.72","0.7","2","1.4092"
"183.93","0.7","2","1.4092"
"184.14","0.7","2","1.4092"
"184.35","0.7","2","1.4092"
"184.56","0.7","2","1.4092"
"184.76","0.7","2","1.4092"
"184.97","0.7","2","1.4092"
"185.18","0.7","2","1.4092"
"185.39","0.7","2","1.4092"
"185.6","0.7","2","1.4092"
"185.81","0.7","2","1.4092"
"186.01","0.7","2","1.4092"
"186.22","0.7","2","1.4092"
"186.43","0.7","2","1.4092"
"186.64","0.7","2","1.4092"
"186.85","0.7","2","1.4092"
"187.06","0.7","2","1.4092"
"187.26","0.7","2","1.4092"
"187.47","0.7","2","1.4092"
"187.68","0.7","2","1.4092"
"187.89","0.7","2","1.4092"
"188.1","0.7","2","1.4092"
"188.31","0.7","2","1.4092"
"188.51","0.66","2.19","1.4167"
"188.72","0.48","3","1.4478"
"188.93","0.48","3","1.4478"
"189.14","0.5","2.45","1.2219"
"189.35","0.52","2","1.0386"
"189.56","0.52","2","1.0386"
"189.76","0.52","2","1.0386"
"189.97","0.52","2","1.0386"
"190.18","0.52","2","1.0386"
"190.39","0.53","2","1.0599"
"190.6","0.54","2","1.0772"
"190.81","0.54","2","1.0772"
"191.01","0.54","2","1.0772"
"191.22","0.54","2","1.0772"
"191.43","0.54","2","1.0772"
"191.64","0.54","2","1.0772"
"191.85","0.54","2","1.0772"
"192.06","0.54","2","1.0772"
"192.26","0.54","2","1.0772"
"192.47","0.54","2","1.0772"
"192.68","0.54","2","1.0772"
"192.89","0.54","2","1.0772"
"193.1","0.54","2","1.0772"
"193.31","0.54","2","1.0772"
"193.51","0.54","2","1.0772"
"193.72","0.54","2","1.0772"
"193.93","0.54","2","1.0772"
"194.14","0.54","2","1.0772"
"194.35","0.54","2","1.0772"
"194.56","0.54","2","1.0772"
"194.76","0.54","2","1.0772"
"194.97","0.54","2","1.0772"
"195.18","0.54","2","1.0772"
"195.39","0.54","2","1.0772"
"195.6","0.54","2","1.0772"
"195.81","0.54","2","1.0772"
"196.01","0.54","2","1.0772"
"196.22","0.54","2","1.0772"
"196.43","0.54","2","1.0772"
"196.64","0.54","2","1.0772"
"196.85","0.54","2","1.0772"
"197.06","0.54","2","1.0772"
"197.26","0.54","2","1.0772"
"197.47","0.54","2","1.0772"
"197.68","0.54","2","1.0772"
"197.89","0.54","2","1.0772"
"198.1","0.54","2","1.0772"
"198.31","0.54","2","1.0772"
"198.51","0.54","2","1.0772"
"198.72","0.54","2","1.0772"
"198.93","0.54","2","1.0772"
"199.14","0.54","2","1.0772"
"199.35","0.54","2","1.0772"
"199.56","0.54","2","1.0772"
"199.76","0.54","2","1.0772"
"199.97","0.54","2","1.0772"
"200.18","0.5","2","0.9974"
"200.39","0.49","2","0.9711"
"200.6","0.49","2","0.9711"
"200.81","0.49","2","0.9711"
"201.01","0.49","2","0.9711"
"201.22","0.49","2","0.9711"
"201.43","0.49","2","0.9711"
"201.64","0.49","2","0.9711"
"201.85","0.49","2","0.9711"
"202.06","0.49","2","0.9711"
"202.26","0.49","2","0.9711"
"202.47","0.49","2","0.9711"
"202.68","0.51","2","1.0227"
"202.89","0.51","2","1.0231"
"203.1","0.51","2","1.0231"
"203.31","0.51","2","1.0231"
"203.51","0.51","2","1.0231"
"203.72","0.51","2","1.0231"
"203.93","0.51","2","1.0231"
"204.14","0.51","2","1.0231"
"204.35","0.51","2","1.0231"
"204.56","0.51","2","1.0231"
"204.76","0.51","2","1.0231"
"204.97","0.51","2","1.0231"
"205.18","0.51","2","1.0231"
"205.39","0.51","2","1.0231"
"205.6","0.51","2","1.0231"
"205.81","0.51","2","1.0231"
"206.01","0.51","2","1.0283"
"206.22","0.54","2","1.0772"
"206.43","0.54","2","1.0772"
"206.64","0.54","2","1.0772"
"206.85","0.54","2","1.0772"
"207.06","0.54","2","1.0772"
"207.26","0.54","2","1.0772"
"207.47","0.54","2","1.0772"
"207.68","0.54","2","1.0772"
"207.89","0.54","2","1.0772"
"208.1","0.54","2","1.0772"
"208.31","0.54","2","1.0772"
"208.51","0.54","2","1.0772"
"208.72","0.54","2","1.0772"
"208.93","0.54","2","1.0772"
"209.14","0.54","2","1.0772"
"209.35","0.54","2","1.0772"
"209.56","0.54","2","1.0772"
"209.76","0.54","2","1.0772"
"209.97","0.54","2","1.0772"
"210.18","0.54","2","1.0772"
"210.39","0.54","2","1.0772"
"210.6","0.54","2","1.0772"
"210.81","0.54","2","1.0772"
"211.01","0.54","2","1.0772"
"211.22","0.52","2","1.0404"
"211.43","0.52","2","1.0386"
"211.64","0.52","2","1.0386"
"211.85","0.52","2","1.0386"
"212.06","0.5","2.15","1.0649"
"212.26","0.4","3","1.2115"
"212.47","0.4","3","1.2115"
"212.68","0.4","3","1.2115"
"212.89","0.4","3","1.2115"
"213.1","0.4","3","1.2115"
"213.31","0.4","3","1.2115"
"213.51","0.4","3","1.2115"
"213.72","0.4","3","1.2115"
"213.93","0.4","3","1.2115"
"214.14","0.4","3","1.2115"
"214.35","0.4","3","1.2115"
"214.56","0.4","3","1.2115"
"214.76","0.4","3","1.2115"
"214.97","0.4","3","1.2115"
"215.18","0.4","3","1.2115"
"215.39","0.4","3","1.2115"
"215.6","0.4","3","1.2115"
"215.81","0.4","3","1.2115"
"216.01","0.4","3","1.2115"
"216.22","0.4","3","1.2115"
"216.43","0.4","3","1.2115"
"216.64","0.4","3","1.2115"
"216.85","0.4","3","1.2115"
"217.06","0.4","3","1.2115"
"217.26","0.4","3","1.2115"
"217.47","0.4","3","1.2115"
"217.68","0.4","3","1.2115"
"217.89","0.4","3","1.2115"
"218.1","0.4","3","1.2115"
"218.31","0.4","3","1.2115"
"218.51","0.4","3","1.2115"
"218.72","0.4","3","1.2115"
"218.93","0.4","3","1.2115"
"219.14","0.4","3","1.2115"
"219.35","0.4","3","1.2115"
"219.56","0.4","3","1.2115"
"219.76","0.4","3","1.2115"
"219.97","0.4","3","1.2115"
"220.18","0.4","3","1.2115"
"220.39","0.4","3","1.2115"
"220.6","0.4","3","1.2115"
"220.81","0.4","3","1.2115"
"221.01","0.4","3","1.2115"
"221.22","0.4","3","1.2115"
"221.43","0.4","3","1.2115"
"221.64","0.4","3","1.2115"
"221.85","0.4","3","1.2115"
"222.06","0.43","2.85","1.2057"
"222.26","0.59","2","1.1729"
"222.47","0.59","2","1.1729"
"222.68","0.59","2","1.1729"
"222.89","0.59","2","1.1729"
"223.1","0.59","2","1.1729"
"223.31","0.59","2","1.1729"
"223.51","0.59","2","1.1729"
"223.72","0.59","2","1.1729"
"223.93","0.59","2","1.1729"
"224.14","0.59","2","1.1729"
"224.35","0.59","2","1.1729"
"224.56","0.59","2","1.1729"
"224.76","0.59","2","1.1729"
"224.97","0.59","2","1.1729"
"225.18","0.59","2","1.1729"
"225.39","0.59","2","1.1729"
"225.6","0.59","2","1.1729"
"225.81","0.59","2","1.1729"
"226.01","0.59","2","1.1729"
"226.22","0.59","2","1.1729"
"226.43","0.59","2","1.1729"
"226.64","0.59","2","1.1729"
"226.85","0.59","2","1.1729"
"227.06","0.59","2","1.1729"
"227.26","0.59","2","1.1729"
"227.47","0.59","2","1.1729"
"227.68","0.59","2","1.1729"
"227.89","0.59","2","1.1729"
"228.1","0.59","2","1.1729"
"228.31","0.59","2","1.1729"
"228.51","0.59","2","1.1729"
"228.72","0.59","2","1.1729"
"228.93","0.59","2","1.1729"
"229.14","0.59","2","1.1729"
"229.35","0.59","2","1.1729"
"229.56","0.59","2","1.1729"
"229.76","0.59","2","1.1729"
"229.97","0.59","2","1.1729"
"230.18","0.59","2","1.1729"
"230.39","0.59","2","1.1729"
"230.6","0.59","2","1.1729"
"230.81","0.59","2","1.1729"
"231.01","0.59","2","1.1729"
"231.22","0.59","2","1.1729"
"231.43","0.59","2","1.1729"
"231.64","0.59","2","1.1729"
"231.85","0.59","2","1.1729"
"232.06","0.59","2","1.1729"
"232.26","0.59","2","1.1729"
"232.47","0.59","2","1.1729"
"232.68","0.59","2","1.1729"
"232.89","0.59","2","1.1729"
"233.1","0.59","2","1.1729"
"233.31","0.59","2","1.1729"
"233.51","0.59","2","1.1729"
"233.72","0.59","2","1.1729"
"233.93","0.59","2","1.1729"
"234.14","0.59","2","1.1729"
"234.35","0.59","2","1.1729"
"234.56","0.59","2","1.1729"
"234.76","0.59","2","1.1729"
"234.97","0.59","2","1.1729"
"235.18","0.59","2","1.1729"
"235.39","0.59","2","1.1729"
"235.6","0.59","2","1.1729"
"235.81","0.59","2","1.1729"
"236.01","0.59","2","1.1729"
"236.22","0.59","2","1.1729"
"236.43","0.59","2","1.1729"
"236.64","0.59","2","1.1729"
"236.85","0.59","2","1.1729"
"237.06","0.59","2","1.1729"
"237.26","0.59","2","1.1729"
"237.47","0.59","2","1.1729"
"237.68","0.59","2","1.1729"
"237.89","0.59","2","1.1729"
"238.1","0.59","2","1.1729"
"238.31","0.59","2","1.1729"
"238.51","0.59","2","1.1729"
"238.72","0.59","2","1.1729"
"238.93","0.59","2","1.1729"
"239.14","0.59","2","1.1729"
"239.35","0.59","2","1.1729"
"239.56","0.59","2","1.1729"
"239.76","0.59","2","1.1729"
"239.97","0.59","2","1.1729"
"240.18","0.59","2","1.1729"
"240.39","0.59","2","1.1729"
"240.6","0.59","2","1.1729"
"240.81","0.59","2","1.1729"
"241.01","0.59","2","1.1729"
"241.22","0.59","2","1.1729"
"241.43","0.59","2","1.1729"
"241.64","0.59","2","1.1729"
"241.85","0.59","2","1.1729"
"242.06","0.59","2","1.1729"
"242.26","0.59","2","1.1729"
"242.47","0.59","2","1.1729"
"242.68","0.59","2","1.1729"
"242.89","0.59","2","1.1729"
"243.1","0.59","2","1.1729"
"243.31","0.59","2","1.1729"
"243.51","0.59","2","1.1729"
"243.72","0.59","2","1.1729"
"243.93","0.59","2","1.1729"
"244.14","0.81","1.45","1.0775"
"244.35","1","1","1"
"244.56","1","1","1"
"244.76","1","1","1"
"244.97","0.69","1.76","1.1314"
"245.18","0.59","2","1.1729"
"245.39","0.59","2","1.1729"
"245.6","0.6","2","1.2006"
"245.81","0.67","2","1.3459"
"246.01","0.67","2","1.3459"
"246.22","0.76","2","1.5188"
"246.43","0.84","2","1.6821"
"246.64","0.85","2","1.6917"
"246.85","0.65","2.88","1.8439"
"247.06","0.68","3","2.0321"
"247.26","0.68","3","2.0376"
"247.47","0.68","3","2.0376"
"247.68","0.68","3","2.0376"
"247.89","0.68","3","2.0376"
"248.1","0.68","3","2.0376"
"248.31","0.68","3","2.0376"
"248.51","0.68","3","2.0376"
"248.72","0.68","3","2.0376"
"248.93","0.68","3","2.0376"
"249.14","0.68","3","2.0376"
"249.35","0.68","3","2.0376"
"249.56","0.68","3","2.0376"
"249.76","0.68","3","2.0376"
"249.97","0.68","3","2.0376"
"250.18","0.68","3","2.0376"
"250.39","0.68","3","2.0376"
"250.6","0.68","3","2.0376"
"250.81","0.68","3","2.0376"
"251.01","0.68","3","2.0376"
"251.22","0.68","3","2.0376"
"251.43","0.68","3","2.0376"
"251.64","0.68","3","2.0376"
"251.85","0.68","3","2.0376"
"252.06","0.68","3","2.0376"
"252.26","0.68","3","2.0376"
"252.47","0.68","3","2.0376"
"252.68","0.68","3","2.0376"
"252.89","0.68","3","2.0376"
"253.1","0.68","3","2.0376"
"253.31","0.68","3","2.0376"
"253.51","0.68","3","2.0376"
"253.72","0.68","3","2.0376"
"253.93","0.68","3","2.0376"
"254.14","0.68","3","2.0376"
"254.35","0.68","3","2.0376"
"254.56","0.68","3","2.0376"
"254.76","0.68","3","2.0376"
"254.97","0.68","3","2.0376"
"255.18","0.68","3","2.0376"
"255.39","0.68","3","2.0376"
"255.6","0.68","3","2.0376"
"255.81","0.68","3","2.0376"
"256.01","0.68","3","2.0376"
"256.22","0.68","3","2.0376"
"256.43","0.68","3","2.0376"
"256.64","0.68","3","2.046"
"256.85","0.69","3","2.0762"
"257.06","0.69","3","2.0762"
"257.26","0.69","3","2.0762"
"257.47","0.69","3","2.0762"
"257.68","0.69","3","2.0762"
"257.89","0.69","3","2.0762"
"258.1","0.69","3","2.0762"
"258.31","0.69","3","2.0762"
"258.51","0.69","3","2.0762"
"258.72","0.69","3","2.0762"
"258.93","0.69","3","2.0762"
"259.14","0.69","3","2.0762"
"259.35","0.69","3","2.0762"
"259.56","0.69","3","2.0762"
"259.76","0.69","3","2.0762"
"259.97","0.69","3","2.0762"
"260.18","0.69","3","2.0762"
"260.39","0.69","3","2.0762"
"260.6","0.69","3","2.0762"
"260.81","0.69","3","2.0762"
"261.01","0.69","3","2.0762"
"261.22","0.69","3","2.0762"
"261.43","0.69","3","2.0762"
"261.64","0.69","3","2.0762"
"261.85","0.69","3","2.0762"
"262.06","0.69","3","2.0762"
"262.26","0.69","3","2.0762"
"262.47","0.69","3","2.0762"
"262.68","0.69","3","2.0762"
"262.89","0.69","3","2.0762"
"263.1","0.69","3","2.0762"
"263.31","0.69","3","2.0762"
"263.51","0.69","3","2.0762"
"263.72","0.69","3","2.0762"
"263.93","0.69","3","2.0762"
"264.14","0.69","3","2.0762"
"264.35","0.69","3","2.0762"
"264.56","0.69","3","2.0762"
"264.76","0.69","3","2.0762"
"264.97","0.69","3","2.0762"
"265.18","0.69","3","2.0762"
"265.39","0.69","3","2.0762"
"265.6","0.69","3","2.0762"
"265.81","0.69","3","2.0762"
"266.01","0.69","3","2.0762"
"266.22","0.53","2.05","1.0884"
"266.43","0.52","2","1.0386"
"266.64","0.52","2","1.0386"
"266.85","0.52","2","1.0386"
"267.06","0.52","2","1.0386"
"267.26","0.52","2","1.0386"
"267.47","0.52","2","1.0386"
"267.68","0.52","2","1.0386"
"267.89","0.52","2","1.0386"
"268.1","0.52","2","1.0386"
"268.31","0.52","2","1.0386"
"268.51","0.52","2","1.0386"
"268.72","0.52","2","1.0386"
"268.93","0.52","2","1.0386"
"269.14","0.52","2","1.0386"
"269.35","0.52","2","1.0386"
"269.56","0.52","2","1.0386"
"269.76","0.52","2","1.0386"
"269.97","0.52","2","1.0386"
"270.18","0.52","2","1.0386"
"270.39","0.52","2","1.0386"
"270.6","0.52","2","1.0386"
"270.81","0.52","2","1.0386"
"271.01","0.52","2","1.0386"
"271.22","0.52","2","1.0386"
"271.43","0.52","2","1.0386"
"271.64","0.52","2","1.0386"
"271.85","0.52","2","1.0386"
"272.06","0.52","2","1.0386"
"272.26","0.52","2","1.0386"
"272.47","0.52","2","1.0386"
"272.68","0.52","2","1.0386"
"272.89","0.52","2","1.0386"
"273.1","0.52","2","1.0386"
"273.31","0.52","2","1.0386"
"273.51","0.52","2","1.0386"
"273.72","0.52","2","1.0386"
"273.93","0.52","2","1.0386"
"274.14","0.52","2","1.0386"
"274.35","0.52","2","1.0386"
"274.56","0.52","2","1.0386"
"274.76","0.52","2","1.0386"
"274.97","0.52","2","1.0386"
"275.18","0.52","2","1.0386"
"275.39","0.52","2","1.0386"
"275.6","0.52","2","1.0386"
"275.81","0.52","2","1.0386"
"276.01","0.52","2","1.0386"
"276.22","0.52","2","1.0386"
"276.43","0.52","2","1.0386"
"276.64","0.52","2","1.0386"
"276.85","0.52","2","1.0386"
"277.06","0.59","1.85","1.0327"
"277.26","1","1","1"
"277.47","1","1","1"
"277.68","1","1","1"
"277.89","1","1","1"
"278.1","1","1","1"
"278.31","1","1","1"
"278.51","1","1","1"
"278.72","1","1","1"
"278.93","1","1","1"
"279.14","1","1","1"
"279.35","1","1","1"
"279.56","1","1","1"
"279.76","1","1","1"
"279.97","1","1","1"
"280.18","1","1","1"
"280.39","1","1","1"
"280.6","1","1","1"
"280.81","1","1","1"
"281.01","1","1","1"
"281.22","1","1","1"
"281.43","1","1","1"
"281.64","1","1","1"
"281.85","1","1","1"
"282.06","1","1","1"
"282.26","1","1","1"
"282.47","1","1","1"
"282.68","1","1","1"
"282.89","1","1","1"
"283.1","1","1","1"
"283.31","1","1","1"
"283.51","1","1","1"
"283.72","1","1","1"
"283.93","1","1","1"
"284.14","1","1","1"
"284.35","1","1","1"
"284.56","1","1","1"
"284.76","1","1","1"
"284.97","1","1","1"
"285.18","1","1","1"
"285.39","1","1","1"
"285.6","1","1","1"
"285.81","1","1","1"
"286.01","1","1","1"
"286.22","1","1","1"
"286.43","1","1","1"
"286.64","1","1","1"
"286.85","1","1","1"
"287.06","1","1","1"
"287.26","1","1","1"
"287.47","1","1","1"
"287.68","1","1","1"
"287.89","1","1","1"
"288.1","1","1","1"
"288.31","1","1","1"
"288.51","1","1","1"
"288.72","1","1","1"
"288.93","1","1","1"
"289.14","1","1","1"
"289.35","1","1","1"
"289.56","1","1","1"
"289.76","0.66","1.82","1.1411"
"289.97","0.59","2","1.1729"
"290.18","0.59","2","1.1729"
"290.39","0.59","2","1.1729"
"290.6","0.59","2","1.1729"
"290.81","0.59","2","1.1729"
"291.01","0.59","2","1.1729"
"291.22","0.59","2","1.1729"
"291.43","0.59","2","1.1729"
"291.64","0.59","2","1.1729"
"291.85","0.59","2","1.1729"
"292.06","0.59","2","1.1729"
"292.26","0.59","2","1.1729"
"292.47","0.59","2","1.1729"
"292.68","0.59","2","1.1729"
"292.89","0.59","2","1.1729"
"293.1","0.59","2","1.1729"
"293.31","0.59","2","1.1729"
"293.51","0.59","2","1.1729"
"293.72","0.59","2","1.1729"
"293.93","0.59","2","1.1729"
"294.14","0.59","2","1.1729"
"294.35","0.59","2","1.1729"
"294.56","0.59","2","1.1729"
"294.76","0.59","2","1.1729"
"294.97","0.59","2","1.1729"
"295.18","0.59","2","1.1729"
"295.39","0.59","2","1.1729"
"295.6","0.59","2","1.1729"
"295.81","0.59","2","1.1729"
"296.01","0.59","2","1.1729"
"296.22","0.59","2","1.1729"
"296.43","0.59","2","1.1729"
"296.64","0.59","2","1.1729"
"296.85","0.59","2","1.1729"
"297.06","0.59","2","1.1729"
"297.26","0.59","2","1.1729"
"297.47","0.59","2","1.1729"
"297.68","0.59","2","1.1729"
"297.89","0.59","2","1.1729"
"298.1","0.59","2","1.1729"
"298.31","0.59","2","1.1729"
"298.51","0.59","2","1.1729"
"298.72","0.59","2","1.1729"
"298.93","0.59","2","1.1729"
"299.14","0.53","2","1.0529"
"299.35","0.48","2","0.9555"
"299.56","0.48","2","0.9555"
"299.76","0.48","2","0.9555"
"299.97","0.48","2","0.9555"
"300.18","0.54","2","1.0855"
"300.39","0.56","2","1.1284"
"300.6","0.56","2","1.1284"
"300.81","0.56","2","1.1284"
"301.01","0.57","2","1.1367"
"301.22","0.75","2","1.4918"
"301.43","0.76","2","1.5188"
"301.64","0.76","2","1.5188"
"301.85","0.76","2","1.5188"
"302.06","0.76","2","1.5188"
"302.26","0.76","2","1.5188"
"302.47","0.76","2","1.5188"
"302.68","0.76","2","1.5188"
"302.89","0.76","2","1.5188"
"303.1","0.76","2","1.5188"
"303.31","0.76","2","1.5188"
"303.51","0.76","2","1.5188"
"303.72","0.76","2","1.5188"
"303.93","0.76","2","1.5188"
"304.14","0.76","2","1.5188"
"304.35","0.76","2","1.5188"
"304.56","0.76","2","1.5188"
"304.76","0.76","2","1.5188"
"304.97","0.76","2","1.5188"
"305.18","0.76","2","1.5188"
"305.39","0.76","2","1.5188"
"305.6","0.76","2","1.5188"
"305.81","0.76","2","1.5188"
"306.01","0.76","2","1.5188"
"306.22","0.76","2","1.5188"
"306.43","0.76","2","1.5188"
"306.64","0.76","2","1.5188"
"306.85","0.76","2","1.5188"
"307.06","0.76","2","1.5188"
"307.26","0.76","2","1.5188"
"307.47","0.76","2","1.5188"
"307.68","0.76","2","1.5188"
"307.89","0.76","2","1.5188"
"308.1","0.76","2","1.5188"
"308.31","0.76","2","1.5188"
"308.51","0.76","2","1.5188"
"308.72","0.76","2","1.5188"
"308.93","0.76","2","1.5188"
"309.14","0.76","2","1.5188"
"309.35","0.76","2","1.5188"
"309.56","0.76","2","1.5188"
"309.76","0.76","2","1.5188"
"309.97","0.76","2","1.5188"
"310.18","0.76","2","1.5188"
"310.39","0.76","2","1.5188"
"310.6","0.76","2","1.5188"
"310.81","0.76","2","1.5188"
"311.01","0.76","2","1.5188"
"311.22","0.76","2","1.5188"
"311.43","0.76","2","1.5188"
"311.64","0.76","2","1.5188"
"311.85","0.76","2","1.5188"
"312.06","0.76","2","1.5188"
"312.26","0.76","2","1.5188"
"312.47","0.76","2","1.5188"
"312.68","0.76","2","1.5188"
"312.89","0.76","2","1.5188"
"313.1","0.76","2","1.5188"
"313.31","0.76","2","1.5188"
"313.51","0.76","2","1.5188"
"313.72","0.76","2","1.5188"
"313.93","0.76","2","1.5188"
"314.14","0.76","2","1.5188"
"314.35","0.76","2","1.5188"
"314.56","0.76","2","1.5188"
"314.76","0.76","2","1.5188"
"314.97","0.76","2","1.5188"
"315.18","0.76","2","1.5188"
"315.39","0.76","2","1.5188"
"315.6","0.76","2","1.5188"
"315.81","0.76","2","1.5188"
"316.01","0.76","2","1.5188"
"316.22","0.76","2","1.5188"
"316.43","0.76","2","1.5188"
"316.64","0.76","2","1.5188"
"316.85","0.76","2","1.5188"
"317.06","0.76","2","1.5188"
"317.26","0.76","2","1.5188"
"317.47","0.76","2","1.5188"
"317.68","0.76","2","1.5188"
"317.89","0.76","2","1.5188"
"318.1","0.76","2","1.5188"
"318.31","0.76","2","1.5188"
"318.51","0.76","2","1.5188"
"318.72","0.76","2","1.5188"
"318.93","0.76","2","1.5188"
"319.14","0.76","2","1.5188"
"319.35","0.76","2","1.5188"
"319.56","0.76","2","1.5188"
"319.76","0.76","2","1.5188"
"319.97","0.76","2","1.5188"
"320.18","0.76","2","1.5188"
"320.39","0.76","2","1.5188"
"320.6","0.76","2","1.5188"
"320.81","0.76","2","1.5188"
"321.01","0.76","2","1.5188"
"321.22","0.56","2","1.1104"
"321.43","0.54","2","1.0898"
"321.64","0.54","2","1.0898"
"321.85","0.54","2","1.0898"
"322.06","0.55","2","1.1025"
"322.26","0.59","2","1.1729"
"322.47","0.59","2","1.1729"
"322.68","0.59","2","1.1729"
"322.89","0.59","2","1.1729"
"323.1","0.59","2","1.1729"
"323.31","0.59","2","1.1729"
"323.51","0.59","2","1.1729"
"323.72","0.59","2","1.1729"
"323.93","0.59","2","1.1729"
"324.14","0.59","2","1.1729"
"324.35","0.59","2","1.1729"
"324.56","0.59","2","1.1729"
"324.76","0.59","2","1.1729"
"324.97","0.59","2","1.1729"
"325.18","0.59","2","1.1729"
"325.39","0.59","2","1.1729"
"325.6","0.59","2","1.1729"
"325.81","0.59","2","1.1729"
"326.01","0.59","2","1.1729"
"326.22","0.59","2","1.1729"
"326.43","0.59","2","1.1729"
"326.64","0.59","2","1.1729"
"326.85","0.59","2","1.1729"
"327.06","0.59","2","1.1729"
"327.26","0.59","2","1.1729"
"327.47","0.59","2","1.1729"
"327.68","0.59","2","1.1729"
"327.89","0.59","2","1.1729"
"328.1","0.59","2","1.1729"
"328.31","0.59","2","1.1729"
"328.51","0.59","2","1.1729"
"328.72","0.59","2","1.1729"
"328.93","0.59","2","1.1729"
"329.14","0.59","2","1.1729"
"329.35","0.59","2","1.1729"
"329.56","0.59","2","1.1729"
"329.76","0.59","2","1.1729"
"329.97","0.59","2","1.1729"
"330.18","0.59","2","1.1729"
"330.39","0.59","2","1.1729"
"330.6","0.59","2","1.1729"
"330.81","0.59","2","1.1729"
"331.01","0.59","2","1.1729"
"331.22","0.59","2","1.1729"
"331.43","0.59","2","1.1729"
"331.64","0.59","2","1.1729"
"331.85","0.59","2","1.1729"
"332.06","0.59","2","1.1729"
"332.26","0.59","2","1.1729"
"332.47","0.59","2","1.1729"
"332.68","0.59","2","1.1729"
"332.89","0.59","2","1.1729"
"333.1","0.59","2","1.1729"
"333.31","0.59","2","1.1729"
"333.51","0.59","2","1.1729"
"333.72","0.59","2","1.1729"
"333.93","0.59","2","1.1729"
"334.14","0.59","2","1.1729"
"334.35","0.59","2","1.1729"
"334.56","0.59","2","1.1729"
"334.76","0.59","2","1.1729"
"334.97","0.59","2","1.1729"
"335.18","0.59","2","1.1729"
"335.39","0.59","2","1.1729"
"335.6","0.59","2","1.1729"
"335.81","0.59","2","1.1729"
"336.01","0.59","2","1.1729"
"336.22","0.59","2","1.1729"
"336.43","0.59","2","1.1729"
"336.64","0.59","2","1.1729"
"336.85","0.59","2","1.1729"
"337.06","0.59","2","1.1729"
"337.26","0.59","2","1.1729"
"337.47","0.59","2","1.1729"
"337.68","0.59","2","1.1729"
"337.89","0.59","2","1.1729"
"338.1","0.59","2","1.1729"
"338.31","0.59","2","1.1729"
"338.51","0.59","2","1.1729"
"338.72","0.59","2","1.1729"
"338.93","0.59","2","1.1729"
"339.14","0.59","2","1.1729"
"339.35","0.59","2","1.1729"
"339.56","0.59","2","1.1729"
"339.76","0.59","2","1.1729"
"339.97","0.59","2","1.1729"
"340.18","0.59","2","1.1729"
"340.39","0.59","2","1.1729"
"340.6","0.59","2","1.1729"
"340.81","0.59","2","1.1729"
"341.01","0.59","2","1.1729"
"341.22","0.59","2","1.1729"
"341.43","0.59","2","1.1729"
"341.64","0.59","2","1.1729"
"341.85","0.59","2","1.1729"
"342.06","0.59","2","1.1729"
"342.26","0.59","2","1.1729"
"342.47","0.59","2","1.1729"
"342.68","0.59","2","1.1729"
"342.89","0.59","2","1.1729"
"343.1","0.59","2","1.1729"
"343.31","0.59","2","1.1729"
"343.51","0.59","2","1.1729"
"343.72","0.59","2","1.1729"
"343.93","0.59","2","1.1729"
"344.14","0.59","2","1.1729"
"344.35","0.59","2","1.1729"
"344.56","0.59","2","1.1729"
"344.76","0.59","2","1.1729"
"344.97","0.59","2","1.1729"
"345.18","0.59","2","1.1729"
"345.39","0.59","2","1.1729"
"345.6","0.59","2","1.1729"
"345.81","0.59","2","1.1729"
"346.01","0.59","2","1.1729"
"346.22","0.59","2","1.1729"
"346.43","0.59","2","1.1729"
"346.64","0.59","2","1.1729"
"346.85","0.59","2","1.1729"
"347.06","0.59","2","1.1729"
"347.26","0.59","2","1.1729"
"347.47","0.59","2","1.1729"
"347.68","0.59","2","1.1729"
"347.89","0.59","2","1.1729"
"348.1","0.59","2","1.1729"
"348.31","0.59","2","1.1729"
"348.51","0.59","2","1.1729"
"348.72","0.59","2","1.1729"
"348.93","0.59","2","1.1729"
"349.14","0.59","2","1.1729"
"349.35","0.59","2","1.1729"
"349.56","0.59","2","1.1729"
"349.76","0.59","2","1.1729"
"349.97","0.59","2","1.1729"
"350.18","0.59","2","1.1729"
"350.39","0.59","2","1.1729"
"350.6","0.59","2","1.1729"
"350.81","0.59","2","1.1729"
"351.01","0.59","2","1.1729"
"351.22","0.59","2","1.1729"
"351.43","0.59","2","1.1729"
"351.64","0.59","2","1.1729"
"351.85","0.59","2","1.1729"
"352.06","0.59","2","1.1729"
"352.26","0.59","2","1.1729"
"352.47","0.59","2","1.1729"
"352.68","0.59","2","1.1729"
"352.89","0.59","2","1.1729"
"353.1","0.59","2","1.1729"
"353.31","0.59","2","1.1729"
"353.51","0.59","2","1.1729"
"353.72","0.59","2","1.1729"
"353.93","0.59","2","1.1729"
"354.14","0.49","2","0.9763"
"354.35","0.41","2","0.8167"
"354.56","0.41","2","0.8167"
"354.76","0.41","2","0.8167"
"354.97","0.41","2","0.8167"
"355.18","0.42","2","0.8341"
"355.39","0.42","2","0.8398"
"355.6","0.42","2","0.8398"
"355.81","0.42","2","0.8398"
"356.01","0.42","2","0.8398"
"356.22","0.42","2","0.8398"
"356.43","0.42","2","0.8398"
"356.64","0.42","2","0.8398"
"356.85","0.42","2","0.8398"
"357.06","0.42","2","0.8398"
"357.26","0.42","2","0.8398"
"357.47","0.42","2","0.8398"
"357.68","0.42","2","0.8398"
"357.89","0.42","2","0.8398"
"358.1","0.42","2","0.8398"
"358.31","0.42","2","0.8398"
"358.51","0.42","2","0.8398"
"358.72","0.42","2","0.8398"
"358.93","0.42","2","0.8398"
"359.14","0.42","2","0.8398"
"359.35","0.42","2","0.8398"
"359.56","0.42","2","0.8398"
"359.76","0.42","2","0.8398"
"359.97","0.42","2","0.8398"
"360.18","0.42","2","0.8398"
"360.39","0.42","2","0.8398"
"360.6","0.42","2","0.8398"
"360.81","0.42","2","0.8398"
"361.01","0.42","2","0.8398"
"361.22","0.46","2","0.9115"
"361.43","0.46","2","0.917"
"361.64","0.46","2","0.917"
"361.85","0.46","2","0.917"
"362.06","0.46","2","0.917"
"362.26","0.46","2","0.917"
"362.47","0.46","2","0.917"
"362.68","0.46","2","0.917"
"362.89","0.46","2","0.917"
"363.1","0.46","2","0.917"
"363.31","0.48","2","0.9561"
"363.51","0.48","2","0.9574"
"363.72","0.48","2","0.9574"
"363.93","0.48","2","0.9574"
"364.14","0.48","2","0.9574"
"364.35","0.54","2","1.0847"
"364.56","0.58","2","1.1654"
"364.76","0.59","2","1.1729"
"364.97","0.59","2","1.1729"
"365.18","0.59","2","1.1729"
"365.39","0.59","2","1.1729"
"365.6","0.59","2","1.1729"
"365.81","0.6","2","1.1936"
"366.01","0.62","2","1.2319"
"366.22","0.64","2","1.2702"
"366.43","0.7","2","1.3939"
"366.64","0.73","2","1.4617"
"366.85","0.73","2","1.4617"
"367.06","0.73","2","1.4617"
"367.26","0.73","2","1.4617"
"367.47","0.73","2","1.4617"
"367.68","0.73","2","1.4617"
"367.89","0.73","2","1.4617"
"368.1","0.73","2","1.4617"
"368.31","0.73","2","1.4617"
"368.51","0.73","2","1.4617"
"368.72","0.73","2","1.4617"
"368.93","0.73","2","1.4617"
"369.14","0.73","2","1.4617"
"369.35","0.74","2","1.4771"
"369.56","0.75","2","1.5003"
"369.76","0.75","2","1.5003"
"369.97","0.75","2","1.5003"
"370.18","0.75","2","1.5003"
"370.39","0.75","2","1.5003"
"370.6","0.75","2","1.5003"
"370.81","0.75","2","1.5003"
"371.01","0.75","2","1.5003"
"371.22","0.75","2","1.5003"
"371.43","0.75","2","1.5003"
"371.64","0.75","2","1.5003"
"371.85","0.75","2","1.5003"
"372.06","0.75","2","1.5003"
"372.26","0.75","2","1.5003"
"372.47","0.75","2","1.5003"
"372.68","0.75","2","1.5003"
"372.89","0.75","2","1.5003"
"373.1","0.75","2","1.5003"
"373.31","0.75","2","1.5003"
"373.51","0.75","2","1.5003"
"373.72","0.75","2","1.5003"
"373.93","0.75","2","1.5003"
"374.14","0.75","2","1.5003"
"374.35","0.75","2","1.5003"
"374.56","0.75","2","1.5003"
"374.76","0.75","2","1.5003"
"374.97","0.75","2","1.5003"
"375.18","0.75","2","1.5003"
"375.39","0.75","2","1.5003"
"375.6","0.75","2","1.5003"
"375.81","0.75","2","1.5003"
"376.01","0.75","2","1.5003"
"376.22","0.75","2","1.5003"
"376.43","0.75","2","1.5003"
"376.64","0.75","2","1.5003"
"376.85","0.75","2","1.5003"
"377.06","0.75","2","1.5003"
"377.26","0.75","2","1.5003"
"377.47","0.75","2","1.5003"
"377.68","0.75","2","1.5003"
"377.89","0.75","2","1.5003"
"378.1","0.75","2","1.5003"
"378.31","0.75","2","1.5003"
"378.51","0.75","2","1.5003"
"378.72","0.75","2","1.5003"
"378.93","0.75","2","1.5003"
"379.14","0.75","2","1.5003"
"379.35","0.75","2","1.5003"
"379.56","0.75","2","1.5003"
"379.76","0.75","2","1.5003"
"379.97","0.75","2","1.5003"
"380.18","0.75","2","1.5003"
"380.39","0.75","2","1.5003"
"380.6","0.75","2","1.5003"
"380.81","0.75","2","1.5003"
"381.01","0.75","2","1.5003"
"381.22","0.75","2","1.5003"
"381.43","0.75","2","1.5003"
"381.64","0.75","2","1.5003"
"381.85","0.76","2","1.5162"
"382.06","0.76","2","1.5234"
"382.26","0.76","2","1.5234"
"382.47","0.76","2","1.5234"
"382.68","0.76","2","1.5234"
"382.89","0.76","2","1.5234"
"383.1","0.76","2","1.5234"
"383.31","0.83","2","1.6659"
"383.51","0.85","2","1.6963"
"383.72","0.85","2","1.6963"
"383.93","0.85","2","1.6963"
"384.14","0.85","2","1.6963"
"384.35","0.85","2","1.6963"
"384.56","0.85","2","1.6963"
"384.76","0.85","2","1.6963"
"384.97","0.85","2","1.6963"
"385.18","0.85","2","1.6963"
"385.39","0.85","2","1.6963"
"385.6","0.85","2","1.6963"
"385.81","0.85","2","1.6963"
"386.01","0.85","2","1.6963"
"386.22","0.85","2","1.6963"
"386.43","0.85","2","1.6963"
"386.64","0.85","2","1.6963"
"386.85","0.85","2","1.6963"
"387.06","0.84","2","1.6846"
"387.26","0.81","2","1.6191"
"387.47","0.81","2","1.6191"
"387.68","0.88","2","1.7575"
"387.89","0.89","2.02","1.7962"
"388.1","0.68","3","2.0259"
"388.31","0.74","3","2.2057"
"388.51","0.83","3","2.4964"
"388.72","0.7","3.9","2.7092"
"388.93","0.78","4","3.1049"
"389.14","0.8","4","3.2142"
"389.35","0.8","4","3.2142"
"389.56","0.73","4.63","3.3746"
"389.76","0.74","5","3.7094"
"389.97","0.73","5.71","4.1496"
"390.18","0.76","6","4.547"
"390.39","0.74","6.84","5.0575"
"390.6","0.73","7","5.1129"
"390.81","0.73","7","5.1129"
"391.01","0.73","7","5.1129"
"391.22","0.73","7","5.1129"
"391.43","0.73","7","5.1129"
"391.64","0.73","7","5.1129"
"391.85","0.73","7","5.1129"
"392.06","0.73","7","5.1129"
"392.26","0.73","7","5.1129"
"392.47","0.73","7","5.1129"
"392.68","0.73","7","5.1129"
"392.89","0.73","7","5.1129"
"393.1","0.73","7","5.1129"
"393.31","0.73","7","5.1129"
"393.51","0.73","7","5.1129"
"393.72","0.73","7","5.1129"
"393.93","0.73","7","5.1129"
"394.14","0.73","7","5.1129"
"394.35","0.73","7","5.1129"
"394.56","0.73","7","5.1129"
"394.76","0.73","7","5.1129"
"394.97","0.73","7","5.1129"
"395.18","0.73","7","5.1129"
"395.39","0.74","7","5.1549"
"395.6","0.77","7","5.3629"
"395.81","0.77","7","5.3629"
"396.01","0.77","7","5.3629"
"396.22","0.77","7","5.3629"
"396.43","0.77","7","5.3629"
"396.64","0.77","7","5.4062"
"396.85","0.77","7","5.4211"
"397.06","0.77","7","5.4211"
"397.26","0.77","7","5.4211"
"397.47","0.77","7","5.4211"
"397.68","0.77","7","5.4211"
"397.89","0.77","7","5.4211"
"398.1","0.77","7","5.4211"
"398.31","0.77","7","5.4211"
"398.51","0.77","7","5.4211"
"398.72","0.77","7","5.4211"
"398.93","0.77","7","5.4211"
"399.14","0.77","7","5.4211"
"399.35","0.77","7","5.4211"
"399.56","0.77","7","5.4211"
"399.76","0.77","7","5.4211"
"399.97","0.77","7","5.4211"
"400.18","0.78","7","5.4409"
"400.39","0.78","7","5.4597"
"400.6","0.78","7","5.4881"
"400.81","0.79","7","5.5452"
"401.01","0.8","7","5.5774"
"401.22","0.81","7","5.6709"
"401.43","0.81","7","5.6913"
"401.64","0.81","7","5.6913"
"401.85","0.82","7","5.7178"
"402.06","0.82","7","5.7299"
"402.26","0.82","7","5.7299"
"402.47","0.82","7","5.7299"
"402.68","0.82","7","5.7299"
"402.89","0.82","7","5.7299"
"403.1","0.82","7","5.7299"
"403.31","0.82","7","5.7299"
"403.51","0.83","7","5.8259"
"403.72","0.84","7","5.8837"
"403.93","0.84","7","5.8837"
"404.14","0.84","7","5.8837"
"404.35","0.84","7","5.8837"
"404.56","0.84","7","5.8837"
"404.76","0.84","7","5.8837"
"404.97","0.84","7","5.8837"
"405.18","0.84","7","5.8837"
"405.39","0.84","7","5.8837"
"405.6","0.84","7","5.8837"
"405.81","0.84","7","5.8837"
"406.01","0.84","7","5.8837"
"406.22","0.84","7","5.8837"
"406.43","0.84","7","5.8837"
"406.64","0.84","7","5.8837"
"406.85","0.84","7","5.8837"
"407.06","0.84","7","5.8837"
"407.26","0.84","7","5.8837"
"407.47","0.84","7","5.8837"
"407.68","0.84","7","5.8837"
"407.89","0.84","7","5.8837"
"408.1","0.84","7","5.8837"
"408.31","0.84","7","5.8837"
"408.51","0.84","7","5.8837"
"408.72","0.84","7","5.8837"
"408.93","0.84","7","5.8837"
"409.14","0.83","7","5.7883"
"409.35","0.82","7","5.7108"
"409.56","0.82","7","5.7108"
"409.76","0.82","7","5.7108"
"409.97","0.82","7","5.7108"
"410.18","0.82","7","5.7108"
"410.39","0.82","7","5.7108"
"410.6","0.82","7","5.7108"
"410.81","0.82","7","5.7108"
"411.01","0.82","7","5.7108"
"411.22","0.82","7","5.7108"
"411.43","0.82","7","5.7108"
"411.64","0.82","7","5.7173"
"411.85","0.82","7","5.7494"
"412.06","0.82","7","5.7664"
"412.26","0.83","7","5.788"
"412.47","0.83","7","5.788"
"412.68","0.83","7","5.8226"
"412.89","0.84","7","5.8609"
"413.1","0.84","7","5.8652"
"413.31","0.84","7","5.8652"
"413.51","0.84","7","5.8652"
"413.72","0.84","7","5.8652"
"413.93","0.84","7","5.8652"
"414.14","0.84","7","5.8652"
"414.35","0.84","7","5.8652"
"414.56","0.84","7","5.8652"
"414.76","0.84","7","5.8652"
"414.97","0.84","7","5.8652"
"415.18","0.84","7","5.8652"
"415.39","0.84","7","5.8652"
"415.6","0.84","7","5.8652"
"415.81","0.84","7","5.8652"
"416.01","0.84","7","5.8652"
"416.22","0.86","7.33","6.3148"
"416.43","0.84","8.8","7.3884"
"416.64","0.85","9","7.69"
"416.85","0.84","9.35","7.8892"
"417.06","0.81","10","8.1134"
"417.26","0.81","10","8.1134"
"417.47","0.84","10","8.3596"
"417.68","0.81","10.85","8.7526"
"417.89","0.81","11","8.9213"
"418.1","0.83","11.06","9.2162"
"418.31","0.79","12","9.4778"
"418.51","0.79","12","9.4778"
"418.72","0.79","12","9.4778"
"418.93","0.79","12","9.4778"
"419.14","0.79","12","9.4778"
"419.35","0.79","12","9.4778"
"419.56","0.79","12","9.4778"
"419.76","0.79","12","9.4778"
"419.97","0.79","12","9.4778"
"420.18","0.79","12","9.4778"
"420.39","0.79","12","9.4778"
"420.6","0.79","12","9.4778"
"420.81","0.79","12","9.4778"
"421.01","0.79","12","9.4778"
"421.22","0.79","12","9.4778"
"421.43","0.79","12","9.4778"
"421.64","0.79","12","9.4778"
"421.85","0.79","12","9.4778"
"422.06","0.79","12","9.4778"
"422.26","0.79","12","9.4778"
"422.47","0.79","12","9.4778"
"422.68","0.79","12","9.4778"
"422.89","0.8","12","9.6521"
"423.1","0.82","12","9.8237"
"423.31","0.82","12","9.8237"
"423.51","0.82","12","9.8237"
"423.72","0.82","12","9.8237"
"423.93","0.82","12","9.8237"
"424.14","0.82","12","9.8237"
"424.35","0.82","12","9.8237"
"424.56","0.82","12","9.8237"
"424.76","0.82","12","9.8237"
"424.97","0.82","12","9.8237"
"425.18","0.82","12","9.8237"
"425.39","0.82","12","9.8237"
"425.6","0.82","12","9.8237"
"425.81","0.82","12","9.8237"
"426.01","0.82","12","9.8237"
"426.22","0.82","12","9.8237"
"426.43","0.82","12","9.8237"
"426.64","0.82","12","9.8376"
"426.85","0.82","12","9.8623"
"427.06","0.82","12","9.8623"
"427.26","0.82","12","9.8623"
"427.47","0.82","12","9.8623"
"427.68","0.82","12","9.8623"
"427.89","0.83","12","9.9253"
"428.1","0.83","12","9.9716"
"428.31","0.83","12","9.9781"
"428.51","0.83","12","9.9781"
"428.72","0.83","12","9.9781"
"428.93","0.83","12","9.9781"
"429.14","0.83","12","9.9781"
"429.35","0.83","12","9.9781"
"429.56","0.83","12","9.9781"
"429.76","0.83","12","9.9781"
"429.97","0.83","12","9.9781"
"430.18","0.83","12","9.9781"
"430.39","0.83","12","9.9781"
"430.6","0.83","12","9.9781"
"430.81","0.83","12","9.9781"
"431.01","0.83","12","9.9781"
"431.22","0.77","12","9.246"
"431.43","0.77","12","9.2091"
"431.64","0.77","12","9.2091"
"431.85","0.77","12","9.2091"
"432.06","0.77","12","9.2091"
"432.26","0.77","12","9.2091"
"432.47","0.77","12","9.2091"
"432.68","0.77","12","9.2091"
"432.89","0.77","12","9.2091"
"433.1","0.77","12","9.2091"
"433.31","0.77","12","9.2091"
"433.51","0.77","12","9.2462"
"433.72","0.77","12","9.2863"
"433.93","0.78","12","9.3209"
"434.14","0.78","12","9.3629"
"434.35","0.78","12","9.3635"
"434.56","0.78","12","9.3635"
"434.76","0.78","12","9.3635"
"434.97","0.78","12","9.3635"
"435.18","0.78","12","9.3635"
"435.39","0.8","12.46","10.0193"
"435.6","0.8","15.21","12.0914"
"435.81","0.79","17.02","13.4777"
"436.01","0.79","18.1","14.3327"
"436.22","0.77","22.09","17.0444"
"436.43","0.77","23","17.7417"
"436.64","0.77","23","17.7417"
"436.85","0.77","23","17.7417"
"437.06","0.78","23","17.8759"
"437.26","0.77","23.96","18.4127"
"437.47","0.76","24.71","18.7551"
"437.68","0.75","25","18.8179"
"437.89","0.75","25","18.8179"
"438.1","0.75","25","18.8352"
"438.31","0.75","25","18.8565"
"438.51","0.76","25","18.8917"
"438.72","0.76","25","18.8951"
"438.93","0.76","25","18.8951"
"439.14","0.76","25","18.8951"
"439.35","0.76","25","18.8951"
"439.56","0.76","25","18.8951"
"439.76","0.76","25","18.8951"
"439.97","0.76","25","18.8951"
"440.18","0.76","25","18.8951"
"440.39","0.76","25","18.909"
"440.6","0.76","25","18.9337"
"440.81","0.76","25","18.9436"
"441.01","0.77","25","19.1368"
"441.22","0.77","25","19.1652"
"441.43","0.77","25","19.1652"
"441.64","0.77","25","19.1652"
"441.85","0.77","25","19.1652"
"442.06","0.77","25","19.1535"
"442.26","0.76","25","19.0881"
"442.47","0.76","25","19.0881"
"442.68","0.76","25","19.0881"
"442.89","0.77","25","19.1389"
"443.1","0.77","25","19.2805"
"443.31","0.77","25","19.3157"
"443.51","0.78","25","19.5116"
"443.72","0.78","25","19.5116"
"443.93","0.78","25","19.5462"
"444.14","0.78","25","19.5502"
"444.35","0.78","25","19.5502"
"444.56","0.78","25","19.5502"
"444.76","0.78","25","19.5502"
"444.97","0.78","25","19.5502"
"445.18","0.78","25","19.5502"
"445.39","0.78","25","19.5502"
"445.6","0.78","25","19.5502"
"445.81","0.79","25","19.7225"
"446.01","0.79","25","19.8579"
"446.22","0.79","25","19.8579"
"446.43","0.8","25","19.8924"
"446.64","0.8","25","20.0118"
"446.85","0.8","25","20.0118"
"447.06","0.8","25","20.1238"
"447.26","0.81","25","20.1657"
"447.47","0.81","25","20.1657"
"447.68","0.81","25","20.1657"
"447.89","0.81","25","20.1657"
"448.1","0.81","25","20.1657"
"448.31","0.81","25","20.1657"
"448.51","0.81","25","20.1657"
"448.72","0.81","25","20.1657"
"448.93","0.81","25","20.1657"
"449.14","0.81","25","20.1657"
"449.35","0.81","25","20.1657"
"449.56","0.81","25","20.1657"
"449.76","0.81","25","20.1657"
"449.97","0.81","25","20.1657"
"450.18","0.81","25","20.1657"
"450.39","0.81","25","20.1657"
"450.6","0.81","25","20.1657"
"450.81","0.81","25","20.1657"
"451.01","0.81","25","20.1657"
"451.22","0.81","25","20.1657"
"451.43","0.81","25","20.1657"
"451.64","0.81","25","20.1657"
"451.85","0.81","25","20.1657"
"452.06","0.81","25","20.1657"
"452.26","0.81","25","20.1657"
"452.47","0.81","25","20.1657"
"452.68","0.81","25","20.1657"
"452.89","0.81","25","20.1657"
"453.1","0.82","22.54","18.4612"
"453.31","0.85","18","15.3234"
"453.51","0.85","18","15.3234"
"453.72","0.85","18","15.3234"
"453.93","0.85","18","15.3234"
"454.14","0.85","18","15.3234"
"454.35","0.85","18","15.3234"
"454.56","0.85","18","15.3234"
"454.76","0.85","18","15.3234"
"454.97","0.85","18","15.3234"
"455.18","0.85","18","15.3234"
"455.39","0.85","18","15.3234"
"455.6","0.85","18","15.3234"
"455.81","0.85","18","15.3234"
"456.01","0.85","18","15.3234"
"456.22","0.85","18","15.3234"
"456.43","0.85","18","15.3234"
"456.64","0.85","18","15.3234"
"456.85","0.85","18","15.3234"
"457.06","0.85","18.87","16.0025"
"457.26","0.86","19","16.282"
"457.47","0.86","19","16.3459"
"457.68","0.86","19","16.3811"
"457.89","0.86","19","16.3811"
"458.1","0.87","19","16.4361"
"458.31","0.87","19","16.4904"
"458.51","0.87","19","16.5985"
"458.72","0.87","19","16.6127"
"458.93","0.87","19","16.6127"
"459.14","0.87","19","16.6127"
"459.35","0.87","19","16.6127"
"459.56","0.87","19","16.6127"
"459.76","0.88","19.05","16.6929"
"459.97","0.86","20.86","17.9736"
"460.18","0.87","21","18.327"
"460.39","0.85","21.89","18.6687"
"460.6","0.85","22","18.7074"
"460.81","0.85","22","18.7074"
"461.01","0.85","22","18.7074"
"461.22","0.85","22","18.7074"
"461.43","0.85","22","18.7074"
"461.64","0.85","22","18.7074"
"461.85","0.85","22","18.7074"
"462.06","0.85","22","18.7074"
"462.26","0.85","22","18.7074"
"462.47","0.84","24.18","20.2099"
"462.68","0.83","25","20.7827"
"462.89","0.83","25","20.7827"
"463.1","0.83","25","20.7827"
"463.31","0.83","25","20.7827"
"463.51","0.83","25","20.7827"
"463.72","0.83","25","20.7827"
"463.93","0.83","25","20.7827"
"464.14","0.83","25","20.7827"
"464.35","0.83","25","20.7827"
"464.56","0.83","25","20.7827"
"464.76","0.83","25","20.7827"
"464.97","0.83","25","20.7827"
"465.18","0.83","25","20.7827"
"465.39","0.83","25","20.7827"
"465.6","0.83","25","20.7827"
"465.81","0.83","25","20.7827"
"466.01","0.83","25","20.7827"
"466.22","0.83","25","20.7827"
"466.43","0.83","25","20.7827"
"466.64","0.83","25","20.7827"
"466.85","0.83","25","20.7827"
"467.06","0.83","25","20.7827"
"467.26","0.83","25","20.7827"
"467.47","0.83","25","20.7827"
"467.68","0.83","25","20.7827"
"467.89","0.83","25","20.7827"
"468.1","0.83","25","20.7827"
"468.31","0.83","25","20.7827"
"468.51","0.83","25","20.7827"
"468.72","0.83","25","20.7827"
"468.93","0.83","25","20.7827"
"469.14","0.83","25","20.7827"
"469.35","0.83","25","20.7827"
"469.56","0.83","25","20.7827"
"469.76","0.83","25","20.7827"
"469.97","0.83","25","20.7827"
"470.18","0.83","25","20.7827"
"470.39","0.83","25","20.7827"
"470.6","0.83","25","20.7827"
"470.81","0.83","25","20.7827"
"471.01","0.83","25","20.7827"
"471.22","0.83","25","20.7827"
"471.43","0.83","25","20.7827"
"471.64","0.83","25","20.7827"
"471.85","0.83","25","20.7827"
"472.06","0.83","25","20.7827"
"472.26","0.83","25","20.7827"
"472.47","0.83","25","20.7827"
"472.68","0.83","25","20.7827"
"472.89","0.83","25","20.7827"
"473.1","0.83","25","20.7827"
"473.31","0.83","25","20.7827"
"473.51","0.83","25","20.7827"
"473.72","0.83","25","20.7827"
"473.93","0.83","25","20.7827"
"474.14","0.83","25","20.7827"
"474.35","0.83","25","20.7827"
"474.56","0.83","25","20.7827"
"474.76","0.83","25","20.7827"
"474.97","0.83","25","20.7827"
"475.18","0.81","22.74","18.4989"
"475.39","0.81","22","17.7458"
"475.6","0.81","22","17.7458"
"475.81","0.81","22","17.8397"
"476.01","0.82","22","17.9382"
"476.22","0.82","22","17.9382"
"476.43","0.82","22","17.9382"
"476.64","0.82","22","17.9382"
"476.85","0.82","22","17.9382"
"477.06","0.83","22","18.3197"
"477.26","0.87","22.77","19.713"
"477.47","0.87","23.18","20.2441"
"477.68","0.87","24","20.7671"
"477.89","0.87","24","20.9373"
"478.1","0.87","24","20.9373"
"478.31","0.87","24","20.9373"
"478.51","0.87","24","20.9373"
"478.72","0.87","24.18","21.0009"
"478.93","0.85","26.5","22.5587"
"479.14","0.85","27","23.0125"
"479.35","0.85","27","23.0125"
"479.56","0.85","27","23.0125"
"479.76","0.85","27","23.0125"
"479.97","0.85","27","23.0125"
"480.18","0.85","27","23.0125"
"480.39","0.85","27","23.0125"
"480.6","0.85","27","23.0125"
"480.81","0.85","27","23.0125"
"481.01","0.85","27","23.0125"
"481.22","0.85","27","23.0125"
"481.43","0.85","27","23.0125"
"481.64","0.85","27","23.0125"
"481.85","0.85","27","23.0125"
"482.06","0.85","27","23.0125"
"482.26","0.85","27","23.0125"
"482.47","0.85","27","23.0125"
"482.68","0.85","27","23.0125"
"482.89","0.85","27","23.0125"
"483.1","0.85","27","23.0125"
"483.31","0.85","27","23.0125"
"483.51","0.85","27","23.0125"
"483.72","0.85","27","23.0125"
"483.93","0.85","27","23.0125"
"484.14","0.85","27","23.0125"
"484.35","0.85","27","23.0125"
"484.56","0.85","27","23.0125"
"484.76","0.85","27","23.0125"
"484.97","0.85","27","23.0125"
"485.18","0.85","27","23.0125"
"485.39","0.85","27","23.0125"
"485.6","0.85","27","23.0125"
"485.81","0.85","27","23.0125"
"486.01","0.85","27","23.0125"
"486.22","0.83","27","22.4269"
"486.43","0.83","27","22.3974"
"486.64","0.83","27","22.3974"
"486.85","0.83","27","22.3974"
"487.06","0.83","27","22.3974"
"487.26","0.83","27","22.3974"
"487.47","0.83","27","22.3974"
"487.68","0.83","27","22.3974"
"487.89","0.83","27","22.5407"
"488.1","0.84","27","22.6087"
"488.31","0.84","27","22.6087"
"488.51","0.84","27","22.6087"
"488.72","0.84","27","22.6087"
"488.93","0.84","27","22.6087"
"489.14","0.84","27","22.6087"
"489.35","0.84","27","22.6087"
"489.56","0.84","27","22.6087"
"489.76","0.84","27","22.6087"
"489.97","0.84","27","22.6087"
"490.18","0.84","27","22.6087"
"490.39","0.84","27","22.6087"
"490.6","0.84","27","22.6087"
"490.81","0.84","27","22.6087"
"491.01","0.84","27","22.6087"
"491.22","0.84","27","22.6087"
"491.43","0.84","27","22.6087"
"491.64","0.84","27","22.6087"
"491.85","0.84","27","22.6087"
"492.06","0.84","27","22.6087"
"492.26","0.84","27","22.6087"
"492.47","0.84","27","22.6087"
"492.68","0.84","27","22.6087"
"492.89","0.84","27","22.6087"
"493.1","0.84","27","22.6087"
"493.31","0.84","27","22.6087"
"493.51","0.84","27","22.6087"
"493.72","0.84","27","22.6087"
"493.93","0.84","27","22.6087"
"494.14","0.85","27","22.866"
"494.35","0.85","27","22.9545"
"494.56","0.85","27","22.9545"
"494.76","0.85","27","22.9545"
"494.97","0.85","27","22.9545"
"495.18","0.85","27","22.9545"
"495.39","0.85","27","22.9545"
"495.6","0.85","27","22.9545"
"495.81","0.85","27","22.9545"
"496.01","0.85","27","22.9545"
"496.22","0.85","27","22.9545"
"496.43","0.85","27","22.9545"
"496.64","0.85","27","22.9545"
"496.85","0.85","27","22.9545"
"497.06","0.85","27","22.9867"
"497.26","0.85","27.48","23.3352"
"497.47","0.85","29.61","25.1405"
"497.68","0.84","31.37","26.4322"
"497.89","0.84","32","26.8505"
"498.1","0.85","32","27.2896"
"498.31","0.85","32","27.3382"
"498.51","0.85","32","27.3382"
"498.72","0.85","32","27.3382"
"498.93","0.85","32","27.3382"
"499.14","0.85","32","27.3382"
"499.35","0.85","32","27.3382"
"499.56","0.85","32","27.3382"
"499.76","0.85","32","27.3382"
"499.97","0.85","32","27.3382"
"500.18","0.85","32","27.3382"
"500.39","0.85","32","27.3382"
"500.6","0.85","32","27.3382"
"500.81","0.85","32","27.3382"
"501.01","0.85","32","27.3382"
"501.22","0.85","32","27.3382"
"501.43","0.85","32","27.3382"
"501.64","0.85","32","27.3382"
"501.85","0.85","32","27.3382"
"502.06","0.85","32","27.3382"
"502.26","0.85","32","27.3382"
"502.47","0.85","32","27.3382"
"502.68","0.85","32","27.3382"
"502.89","0.85","32","27.3382"
"503.1","0.85","32","27.3382"
"503.31","0.85","32","27.3382"
"503.51","0.85","32","27.3382"
"503.72","0.85","32","27.3382"
"503.93","0.85","32","27.3382"
"504.14","0.85","32","27.3382"
"504.35","0.85","32","27.3382"
"504.56","0.85","32","27.3382"
"504.76","0.85","32","27.3382"
"504.97","0.85","32","27.3382"
"505.18","0.85","32","27.3382"
"505.39","0.85","32","27.3382"
"505.6","0.85","32","27.3382"
"505.81","0.85","32","27.3382"
"506.01","0.85","32","27.3382"
"506.22","0.85","32","27.3382"
"506.43","0.85","32","27.3382"
"506.64","0.85","32","27.3382"
"506.85","0.85","32","27.3382"
"507.06","0.85","32","27.3382"
"507.26","0.85","32","27.3382"
"507.47","0.85","32","27.3382"
"507.68","0.85","32","27.3382"
"507.89","0.85","32","27.3382"
"508.1","0.83","32","26.5709"
"508.31","0.79","32","25.1584"
"508.51","0.79","32","25.1584"
"508.72","0.79","32","25.1584"
"508.93","0.79","32","25.1584"
"509.14","0.79","32","25.1584"
"509.35","0.79","32","25.1584"
"509.56","0.79","32","25.1584"
"509.76","0.79","32","25.1584"
"509.97","0.79","32","25.1584"
"510.18","0.79","32","25.1584"
"510.39","0.79","32","25.1584"
"510.6","0.79","32","25.1584"
"510.81","0.79","32","25.1584"
"511.01","0.79","32","25.1584"
"511.22","0.79","32","25.1584"
"511.43","0.79","32","25.1584"
"511.64","0.79","32","25.1584"
"511.85","0.79","32","25.1584"
"512.06","0.79","32","25.1584"
"512.26","0.79","32","25.1584"
"512.47","0.79","32","25.1584"
"512.68","0.79","32","25.1584"
"512.89","0.79","32","25.1584"
"513.1","0.79","32","25.1584"
"513.31","0.79","32","25.1584"
"513.51","0.79","32","25.1584"
"513.72","0.79","32","25.1584"
"513.93","0.79","32","25.1584"
"514.14","0.79","32","25.1584"
"514.35","0.79","32","25.1584"
"514.56","0.79","32","25.1584"
"514.76","0.79","32","25.1584"
"514.97","0.79","32","25.1584"
"515.18","0.79","32","25.1584"
"515.39","0.79","32","25.1584"
"515.6","0.79","32","25.1584"
"515.81","0.79","32","25.1584"
"516.01","0.79","32","25.1584"
"516.22","0.79","32","25.1584"
"516.43","0.79","32","25.1584"
"516.64","0.79","32","25.1584"
"516.85","0.79","32","25.1584"
"517.06","0.79","32","25.1584"
"517.26","0.79","32","25.1584"
"517.47","0.79","32","25.1584"
"517.68","0.79","32","25.1584"
"517.89","0.79","32","25.1584"
"518.1","0.79","32","25.1584"
"518.31","0.79","32","25.1584"
"518.51","0.79","32","25.1584"
"518.72","0.79","32","25.1584"
"518.93","0.79","32","25.1584"
"519.14","0.77","28.14","21.7273"
"519.35","0.76","25","18.9426"
"519.56","0.76","25","18.9426"
"519.76","0.76","25","18.9426"
"519.97","0.76","25","18.9426"
"520.18","0.76","25","18.9426"
"520.39","0.76","25","18.9426"
"520.6","0.76","25","18.958"
"520.81","0.76","25","18.9812"
"521.01","0.76","25","18.9812"
"521.22","0.76","25","18.9812"
"521.43","0.76","25","18.9812"
"521.64","0.76","25","18.9812"
"521.85","0.76","25","18.9812"
"522.06","0.76","25","18.9812"
"522.26","0.76","25","18.9812"
"522.47","0.76","25","18.9812"
"522.68","0.76","25","18.9812"
"522.89","0.76","25","18.9812"
"523.1","0.76","25","18.9812"
"523.31","0.76","25","18.9812"
"523.51","0.76","25","18.9812"
"523.72","0.76","25","18.9812"
"523.93","0.76","25","18.9812"
"524.14","0.76","25","18.9812"
"524.35","0.76","25","18.9812"
"524.56","0.76","25","18.9812"
"524.76","0.76","25","18.9812"
"524.97","0.76","25","18.9812"
"525.18","0.76","25","18.9812"
"525.39","0.76","25","18.9812"
"525.6","0.76","25","18.9812"
"525.81","0.76","25","18.9812"
"526.01","0.76","25","18.9812"
"526.22","0.76","25","18.9812"
"526.43","0.76","25","18.9812"
"526.64","0.76","25","18.9812"
"526.85","0.76","25","18.9812"
"527.06","0.76","25","18.9812"
"527.26","0.76","25","18.9812"
"527.47","0.76","25","18.9812"
"527.68","0.76","25","18.9812"
"527.89","0.76","25","18.9812"
"528.1","0.76","25","18.9812"
"528.31","0.76","25","18.9812"
"528.51","0.76","25","18.9812"
"528.72","0.76","25","18.9812"
"528.93","0.76","25","18.9812"
"529.14","0.76","25","18.9812"
"529.35","0.76","25","18.9812"
"529.56","0.76","25","18.9812"
"529.76","0.76","25","18.9812"
"529.97","0.76","25","18.9812"
"530.18","0.71","21.24","15.1509"
"530.39","0.69","20","13.8877"
"530.6","0.69","20","13.8877"
"530.81","0.69","20","13.8877"
"531.01","0.69","20","13.8877"
"531.22","0.69","20","13.8877"
"531.43","0.69","20","13.8877"
"531.64","0.69","20","13.8877"
"531.85","0.69","20","13.8877"
"532.06","0.69","20","13.8877"
"532.26","0.69","20","13.8877"
"532.47","0.69","20","13.8877"
"532.68","0.69","20","13.8877"
"532.89","0.69","20","13.8877"
"533.1","0.69","20","13.8877"
"533.31","0.69","20","13.8877"
"533.51","0.69","20","13.8877"
"533.72","0.69","20","13.8877"
"533.93","0.69","20","13.8877"
"534.14","0.69","20","13.8877"
"534.35","0.69","20","13.8877"
"534.56","0.69","20","13.8877"
"534.76","0.69","20","13.8877"
"534.97","0.69","20","13.8877"
"535.18","0.69","20","13.8877"
"535.39","0.69","20","13.8877"
"535.6","0.69","20","13.8877"
"535.81","0.69","20","13.8877"
"536.01","0.69","20","13.8877"
"536.22","0.69","20","13.8877"
"536.43","0.69","20","13.8877"
"536.64","0.69","20","13.8877"
"536.85","0.69","20","13.8877"
"537.06","0.69","20","13.8877"
"537.26","0.69","20","13.8877"
"537.47","0.69","20","13.8877"
"537.68","0.69","20","13.8877"
"537.89","0.69","20","13.8877"
"538.1","0.69","20","13.8877"
"538.31","0.69","20","13.8877"
"538.51","0.69","20","13.8877"
"538.72","0.69","20","13.8877"
"538.93","0.69","20","13.8877"
"539.14","0.69","20","13.8877"
"539.35","0.69","20","13.8877"
"539.56","0.69","20","13.8877"
"539.76","0.69","20","13.8877"
"539.97","0.69","20","13.8877"
"540.18","0.69","20","13.8877"
"540.39","0.69","20","13.8877"
"540.6","0.69","20","13.8877"
"540.81","0.69","20","13.8877"
"541.01","0.69","20","13.8877"
"541.22","0.6","17.14","10.2827"
"541.43","0.59","17","10.1009"
"541.64","0.59","17","10.1009"
"541.85","0.59","17","10.1009"
"542.06","0.59","17","10.1009"
"542.26","0.59","17","10.1009"
"542.47","0.59","17","10.1009"
"542.68","0.59","17","10.1009"
"542.89","0.6","17","10.2545"
"543.1","0.65","17","11.0486"
"543.31","0.68","17","11.4844"
"543.51","0.68","17","11.4844"
"543.72","0.68","17","11.4844"
"543.93","0.68","17","11.4844"
"544.14","0.68","17","11.4844"
"544.35","0.68","17","11.4844"
"544.56","0.68","17","11.4844"
"544.76","0.68","17","11.4844"
"544.97","0.68","17","11.4844"
"545.18","0.68","17","11.4844"
"545.39","0.68","17","11.4844"
"545.6","0.68","17","11.5756"
"545.81","0.67","17.92","11.9165"
"546.01","0.68","18","12.1573"
"546.22","0.68","18","12.2472"
"546.43","0.69","18","12.3302"
"546.64","0.69","18","12.3302"
"546.85","0.69","18","12.3302"
"547.06","0.69","18","12.3302"
"547.26","0.69","18","12.3302"
"547.47","0.69","18","12.3302"
"547.68","0.69","18","12.3302"
"547.89","0.69","18","12.3302"
"548.1","0.69","18","12.3302"
"548.31","0.69","18","12.3302"
"548.51","0.69","18","12.3302"
"548.72","0.69","18","12.3302"
"548.93","0.69","18","12.3302"
"549.14","0.69","18","12.3302"
"549.35","0.69","18","12.3302"
"549.56","0.69","18","12.3302"
"549.76","0.69","18","12.3302"
"549.97","0.69","18","12.3302"
"550.18","0.69","18","12.3302"
"550.39","0.69","18","12.3302"
"550.6","0.69","18","12.3302"
"550.81","0.69","18","12.3302"
"551.01","0.69","18","12.3302"
"551.22","0.69","18","12.3302"
"551.43","0.69","18","12.3302"
"551.64","0.69","18","12.3302"
"551.85","0.69","18","12.3302"
"552.06","0.69","17.7","12.1459"
"552.26","0.69","16","11.1177"
"552.47","0.69","16","11.1177"
"552.68","0.69","16","11.1177"
"552.89","0.69","16","11.1177"
"553.1","0.69","16","11.1177"
"553.31","0.69","16","11.1177"
"553.51","0.69","16","11.1177"
"553.72","0.69","16","11.1177"
"553.93","0.69","16","11.1177"
"554.14","0.69","16","11.1177"
"554.35","0.69","16","11.1177"
"554.56","0.69","16","11.1177"
"554.76","0.69","16","11.1177"
"554.97","0.69","16","11.1177"
"555.18","0.69","16","11.1177"
"555.39","0.69","16","11.1177"
"555.6","0.69","16","11.1177"
"555.81","0.69","16","11.1177"
"556.01","0.69","16","11.1177"
"556.22","0.69","16","11.1177"
"556.43","0.69","16","11.1177"
"556.64","0.69","16","11.1177"
"556.85","0.69","16","11.1177"
"557.06","0.69","16","11.1177"
"557.26","0.69","16","11.1177"
"557.47","0.69","16","11.1177"
"557.68","0.69","16","11.1177"
"557.89","0.69","16","11.1177"
"558.1","0.69","16","11.1177"
"558.31","0.69","16","11.1177"
"558.51","0.69","16","11.1177"
"558.72","0.69","16","11.1177"
"558.93","0.69","16","11.1177"
"559.14","0.69","16","11.1177"
"559.35","0.69","16","11.1177"
"559.56","0.69","16","11.1177"
"559.76","0.69","16","11.1177"
"559.97","0.69","16","11.1177"
"560.18","0.69","16","11.1177"
"560.39","0.69","16","11.1177"
"560.6","0.69","16","11.1177"
"560.81","0.69","16","11.1177"
"561.01","0.69","16","11.1177"
"561.22","0.69","16","11.1177"
"561.43","0.69","16","11.1177"
"561.64","0.69","16","11.1177"
"561.85","0.69","16","11.1177"
"562.06","0.69","16","11.1177"
"562.26","0.69","16","11.1177"
"562.47","0.69","16","11.1177"
"562.68","0.69","16","11.1177"
"562.89","0.69","16","11.1177"
"563.1","0.67","15.65","10.523"
"563.31","0.63","15","9.4283"
"563.51","0.63","15","9.4283"
"563.72","0.63","15","9.4283"
"563.93","0.63","15","9.4283"
"564.14","0.63","15","9.4283"
"564.35","0.63","15","9.4283"
"564.56","0.63","15","9.4283"
"564.76","0.63","15","9.4283"
"564.97","0.63","15","9.4283"
"565.18","0.63","15","9.4283"
"565.39","0.63","15","9.4283"
"565.6","0.63","15","9.4283"
"565.81","0.63","15","9.4283"
"566.01","0.63","15","9.4283"
"566.22","0.63","15","9.4283"
"566.43","0.63","15","9.4283"
"566.64","0.63","15","9.4283"
"566.85","0.63","15","9.4283"
"567.06","0.63","15","9.4283"
"567.26","0.63","15","9.4283"
"567.47","0.63","15","9.4283"
"567.68","0.63","15","9.4283"
"567.89","0.63","15.26","9.6441"
"568.1","0.61","16","9.7742"
"568.31","0.61","16","9.7742"
"568.51","0.61","16","9.7742"
"568.72","0.61","16","9.7742"
"568.93","0.61","16","9.7742"
"569.14","0.61","16","9.7742"
"569.35","0.61","16","9.7742"
"569.56","0.61","16","9.7742"
"569.76","0.61","16","9.7742"
"569.97","0.62","16","9.9626"
"570.18","0.64","16","10.2213"
"570.39","0.69","16","11.0085"
"570.6","0.69","16","11.0583"
"570.81","0.69","16","11.0583"
"571.01","0.69","16","11.0583"
"571.22","0.69","16","11.0583"
"571.43","0.69","16","11.0583"
"571.64","0.71","16","11.3092"
"571.85","0.73","16.42","11.9329"
"572.06","0.75","18","13.5289"
"572.26","0.83","18.96","15.7783"
"572.47","0.81","22.18","17.9316"
"572.68","0.82","23.37","19.0945"
"572.89","0.81","24","19.3963"
"573.1","0.81","24","19.3963"
"573.31","0.81","24","19.3963"
"573.51","0.81","24","19.3963"
"573.72","0.81","24","19.3963"
"573.93","0.81","24","19.3963"
"574.14","0.82","24","19.5706"
"574.35","0.8","25.52","20.3952"
"574.56","0.8","27.17","21.7178"
"574.76","0.8","28","22.5092"
"574.97","0.8","28","22.5092"
"575.18","0.8","28","22.5239"
"575.39","0.8","28","22.5288"
"575.6","0.8","28","22.5288"
"575.81","0.81","28","22.5908"
"576.01","0.81","28","22.7788"
"576.22","0.81","28","22.7788"
"576.43","0.81","28","22.7788"
"576.64","0.81","28","22.7788"
"576.85","0.81","28","22.7788"
"577.06","0.81","28","22.7788"
"577.26","0.81","28","22.7788"
"577.47","0.81","28","22.7788"
"577.68","0.81","28","22.7788"
"577.89","0.81","28","22.7788"
"578.1","0.81","28","22.7788"
"578.31","0.81","28","22.7788"
"578.51","0.81","28","22.7788"
"578.72","0.81","28","22.7788"
"578.93","0.81","28","22.7788"
"579.14","0.81","28","22.7788"
"579.35","0.81","28","22.7788"
"579.56","0.81","28","22.7788"
"579.76","0.81","28","22.7788"
"579.97","0.81","28","22.7788"
"580.18","0.81","28","22.7788"
"580.39","0.81","28","22.7788"
"580.6","0.81","28","22.7788"
"580.81","0.81","28","22.7788"
"581.01","0.81","28","22.7788"
"581.22","0.81","28","22.7788"
"581.43","0.81","28","22.7788"
"581.64","0.81","28","22.7788"
"581.85","0.81","28","22.7788"
"582.06","0.81","28","22.7788"
"582.26","0.81","28","22.7788"
"582.47","0.81","28","22.7788"
"582.68","0.81","28","22.7788"
"582.89","0.81","28","22.7788"
"583.1","0.81","28","22.7788"
"583.31","0.81","28","22.7788"
"583.51","0.81","28","22.7788"
"583.72","0.81","28","22.7788"
"583.93","0.81","28","22.7788"
"584.14","0.81","28","22.7788"
"584.35","0.81","28","22.7788"
"584.56","0.81","28","22.7788"
"584.76","0.81","28","22.7788"
"584.97","0.81","28","22.7788"
"585.18","0.75","28","20.8829"
"585.39","0.72","28","20.2576"
"585.6","0.72","28","20.2576"
"585.81","0.72","28","20.2576"
"586.01","0.72","28","20.2576"
"586.22","0.72","28","20.2576"
"586.43","0.72","28","20.2576"
"586.64","0.72","28","20.2576"
"586.85","0.72","28","20.2576"
"587.06","0.72","28","20.2576"
"587.26","0.72","28","20.2576"
"587.47","0.72","28","20.2576"
"587.68","0.72","28","20.2576"
"587.89","0.72","28","20.2576"
"588.1","0.72","28","20.2576"
"588.31","0.72","28","20.2576"
"588.51","0.72","28","20.2576"
"588.72","0.72","28","20.2576"
"588.93","0.72","28","20.2576"
"589.14","0.72","28","20.2576"
"589.35","0.72","28","20.2576"
"589.56","0.72","28","20.2576"
"589.76","0.72","28","20.2576"
"589.97","0.72","28","20.2576"
"590.18","0.72","28","20.2576"
"590.39","0.72","28","20.2576"
"590.6","0.72","28","20.2576"
"590.81","0.72","28","20.2576"
"591.01","0.72","28","20.2576"
"591.22","0.72","28","20.2576"
"591.43","0.72","28","20.2576"
"591.64","0.72","28","20.2576"
"591.85","0.72","28","20.2576"
"592.06","0.72","28","20.2576"
"592.26","0.72","28","20.2576"
"592.47","0.72","28","20.2576"
"592.68","0.72","28","20.2576"
"592.89","0.72","28","20.2576"
"593.1","0.72","28","20.2576"
"593.31","0.72","28","20.2576"
"593.51","0.72","28","20.2576"
"593.72","0.72","28","20.2576"
"593.93","0.72","28","20.2576"
"594.14","0.72","28","20.2576"
"594.35","0.73","28","20.3507"
"594.56","0.73","28","20.3764"
"594.76","0.73","28","20.3764"
"594.97","0.73","28","20.3764"
"595.18","0.73","28","20.3764"
"595.39","0.73","28","20.3991"
"595.6","0.73","28","20.3995"
"595.81","0.73","28","20.3995"
"596.01","0.73","28","20.4173"
"596.22","0.71","28","19.9426"
"596.43","0.72","28","20.2497"
"596.64","0.72","28","20.2497"
"596.85","0.72","28","20.2602"
"597.06","0.72","28","20.2617"
"597.26","0.72","28","20.2617"
"597.47","0.72","28","20.2686"
"597.68","0.73","28","20.4817"
"597.89","0.74","28","20.6076"
"598.1","0.74","28","20.6076"
"598.31","0.74","28","20.6076"
"598.51","0.74","28","20.6076"
"598.72","0.74","28","20.6076"
"598.93","0.74","28","20.6076"
"599.14","0.74","28","20.6076"
"599.35","0.74","28","20.6076"
"599.56","0.74","28","20.6219"
"599.76","0.74","28","20.6272"
"599.97","0.74","28","20.6272"
"600.18","0.74","28","20.6322"
"600.39","0.74","28","20.676"
"600.6","0.74","28","20.7044"
"600.81","0.74","28","20.7044"
"601.01","0.74","28","20.7044"
"601.22","0.74","28","20.7044"
"601.43","0.74","28","20.7044"
"601.64","0.74","28","20.7044"
"601.85","0.74","28","20.7044"
"602.06","0.74","28","20.7044"
"602.26","0.74","28","20.7044"
"602.47","0.74","28","20.7044"
"602.68","0.74","28","20.7044"
"602.89","0.74","28","20.7044"
"603.1","0.74","28","20.7044"
"603.31","0.74","28","20.7044"
"603.51","0.74","28","20.7044"
"603.72","0.74","28","20.7044"
"603.93","0.74","28","20.7044"
"604.14","0.74","28","20.7044"
"604.35","0.74","28","20.7044"
"604.56","0.74","28","20.7044"
"604.76","0.74","28","20.7044"
"604.97","0.74","28","20.7044"
"605.18","0.74","28","20.7044"
"605.39","0.74","28","20.7044"
"605.6","0.74","28","20.7044"
"605.81","0.74","28","20.7044"
"606.01","0.74","28","20.7044"
"606.22","0.74","28","20.7044"
"606.43","0.74","28","20.7044"
"606.64","0.74","28","20.7044"
"606.85","0.74","28","20.7044"
"607.06","0.73","28","20.5116"
"607.26","0.69","28","19.4357"
"607.47","0.69","28","19.4357"
"607.68","0.69","28","19.4357"
"607.89","0.69","28","19.4357"
"608.1","0.69","28","19.4357"
"608.31","0.69","28","19.4357"
"608.51","0.69","28","19.4357"
"608.72","0.69","28","19.4357"
"608.93","0.69","28","19.4357"
"609.14","0.69","28","19.4357"
"609.35","0.7","28","19.5357"
"609.56","0.71","28","19.8917"
"609.76","0.71","28","19.9357"
"609.97","0.71","28","19.9357"
"610.18","0.71","28","19.9357"
"610.39","0.71","28","19.9357"
"610.6","0.71","28","19.9357"
"610.81","0.71","28","19.97"
"611.01","0.77","28.43","21.8461"
"611.22","0.79","29.14","23.0495"
"611.43","0.78","30.98","24.2542"
"611.64","0.78","32","24.8754"
"611.85","0.78","32","24.9457"
"612.06","0.78","32","25.1066"
"612.26","0.78","32","25.1066"
"612.47","0.78","32","25.1066"
"612.68","0.78","32","25.1066"
"612.89","0.78","32","25.1066"
"613.1","0.78","32","25.1066"
"613.31","0.78","32","25.1066"
"613.51","0.79","32","25.3346"
"613.72","0.79","32","25.3566"
"613.93","0.79","32","25.3566"
"614.14","0.79","32","25.3566"
"614.35","0.79","32","25.3566"
"614.56","0.79","32","25.3566"
"614.76","0.79","32","25.3566"
"614.97","0.79","32","25.3566"
"615.18","0.79","32","25.3566"
"615.39","0.79","32","25.3664"
"615.6","0.79","32","25.4148"
"615.81","0.79","32","25.4148"
"616.01","0.79","32","25.4148"
"616.22","0.79","32","25.4148"
"616.43","0.79","32","25.4148"
"616.64","0.79","32","25.4148"
"616.85","0.79","32","25.4148"
"617.06","0.79","32","25.4148"
"617.26","0.79","32","25.4148"
"617.47","0.79","32","25.4148"
"617.68","0.79","32","25.4148"
"617.89","0.79","32","25.4148"
"618.1","0.78","32","24.9887"
"618.31","0.76","32","24.2043"
"618.51","0.76","32","24.2043"
"618.72","0.76","32","24.2043"
"618.93","0.76","32","24.2043"
"619.14","0.76","32","24.2043"
"619.35","0.76","32","24.2043"
"619.56","0.76","32","24.2043"
"619.76","0.76","32","24.2043"
"619.97","0.76","32","24.2043"
"620.18","0.76","32","24.2043"
"620.39","0.76","32","24.2043"
"620.6","0.76","32","24.2043"
"620.81","0.76","32","24.2043"
"621.01","0.76","32","24.2043"
"621.22","0.76","32","24.2043"
"621.43","0.76","32","24.2043"
"621.64","0.76","32","24.2043"
"621.85","0.76","32","24.2043"
"622.06","0.76","32","24.2043"
"622.26","0.76","32","24.2043"
"622.47","0.76","32","24.2043"
"622.68","0.76","32","24.2043"
"622.89","0.76","32","24.2043"
"623.1","0.76","32","24.2043"
"623.31","0.76","32","24.2043"
"623.51","0.76","32","24.2043"
"623.72","0.76","32","24.2043"
"623.93","0.76","32","24.2043"
"624.14","0.76","32","24.2043"
"624.35","0.76","32","24.2043"
"624.56","0.76","32","24.2043"
"624.76","0.76","32","24.2043"
"624.97","0.76","32","24.2043"
"625.18","0.76","32","24.2043"
"625.39","0.76","32","24.2043"
"625.6","0.76","32","24.2043"
"625.81","0.76","32","24.2043"
"626.01","0.76","32","24.2043"
"626.22","0.76","32","24.2043"
"626.43","0.76","32","24.2043"
"626.64","0.76","32","24.2043"
"626.85","0.76","32","24.2043"
"627.06","0.76","32","24.2043"
"627.26","0.76","32","24.2043"
"627.47","0.76","32","24.2043"
"627.68","0.77","32","24.5607"
"627.89","0.79","32","25.1276"
"628.1","0.79","32","25.1276"
"628.31","0.79","32","25.2867"
"628.51","0.79","32","25.3005"
"628.72","0.79","32","25.4306"
"628.93","0.81","32","25.9848"
"629.14","0.82","32","26.1663"
"629.35","0.82","32","26.3711"
"629.56","0.84","32","26.7777"
"629.76","0.84","32","26.8941"
"629.97","0.85","32.9","27.8134"
"630.18","0.85","33","28.0885"
"630.39","0.84","33.65","28.3127"
"630.6","0.84","34","28.448"
"630.81","0.84","34","28.473"
"631.01","0.84","34","28.4971"
"631.22","0.84","34","28.5502"
"631.43","0.84","34","28.6028"
"631.64","0.85","35.39","29.9578"
"631.85","0.85","36","30.4655"
"632.06","0.85","36","30.5057"
"632.26","0.85","36","30.6214"
"632.47","0.85","36","30.6645"
"632.68","0.85","36","30.6645"
"632.89","0.85","36","30.6645"
"633.1","0.85","36","30.6645"
"633.31","0.85","36","30.6645"
"633.51","0.85","36","30.6645"
"633.72","0.85","36","30.6645"
"633.93","0.85","36","30.6645"
"634.14","0.85","36","30.6645"
"634.35","0.85","36","30.6645"
"634.56","0.85","36","30.6645"
"634.76","0.85","36","30.6645"
"634.97","0.85","36","30.6645"
"635.18","0.85","36","30.6645"
"635.39","0.85","36","30.6645"
"635.6","0.85","36","30.6645"
"635.81","0.85","36","30.6645"
"636.01","0.85","36","30.6645"
"636.22","0.85","36","30.6645"
"636.43","0.85","36","30.6645"
"636.64","0.85","36","30.6645"
"636.85","0.85","36","30.6645"
"637.06","0.85","36","30.6645"
"637.26","0.85","36","30.6645"
"637.47","0.85","36","30.6645"
"637.68","0.85","36","30.6645"
"637.89","0.85","36","30.6645"
"638.1","0.85","36","30.6645"
"638.31","0.85","36","30.6645"
"638.51","0.85","36","30.6645"
"638.72","0.85","36","30.6645"
"638.93","0.85","36","30.6645"
"639.14","0.85","36","30.6645"
"639.35","0.85","36","30.6645"
"639.56","0.85","36","30.6645"
"639.76","0.85","36","30.6645"
"639.97","0.85","36","30.6645"
"640.18","0.84","36","30.2165"
"640.39","0.84","36","30.0687"
"640.6","0.84","36","30.0687"
"640.81","0.84","36","30.0687"
"641.01","0.84","36","30.0687"
"641.22","0.84","36","30.0687"
"641.43","0.84","36","30.0687"
"641.64","0.84","36","30.0687"
"641.85","0.84","36","30.0687"
"642.06","0.84","36","30.0687"
"642.26","0.84","36","30.0687"
"642.47","0.84","36","30.0687"
"642.68","0.84","36","30.0687"
"642.89","0.84","36","30.0687"
"643.1","0.84","36","30.0687"
"643.31","0.84","36","30.0687"
"643.51","0.84","36","30.0687"
"643.72","0.84","36","30.0687"
"643.93","0.84","36","30.0687"
"644.14","0.84","36","30.0687"
"644.35","0.84","36","30.0687"
"644.56","0.84","36","30.0687"
"644.76","0.84","36","30.0687"
"644.97","0.84","36","30.0687"
"645.18","0.84","36","30.0687"
"645.39","0.84","36","30.0687"
"645.6","0.84","36","30.0687"
"645.81","0.84","36","30.0687"
"646.01","0.84","36","30.0687"
"646.22","0.84","36","30.0687"
"646.43","0.84","36","30.0687"
"646.64","0.84","36","30.0687"
"646.85","0.84","36","30.0687"
"647.06","0.84","36","30.0687"
"647.26","0.84","36","30.0687"
"647.47","0.84","36","30.0687"
"647.68","0.84","36","30.0687"
"647.89","0.84","36","30.0687"
"648.1","0.84","36","30.0687"
"648.31","0.84","36","30.0687"
"648.51","0.84","36","30.0687"
"648.72","0.84","36","30.0687"
"648.93","0.84","36","30.0687"
"649.14","0.84","36","30.0687"
"649.35","0.84","36","30.0687"
"649.56","0.84","36","30.0687"
"649.76","0.84","36","30.0687"
"649.97","0.84","36","30.0687"
"650.18","0.84","36","30.0687"
"650.39","0.84","36","30.0687"
"650.6","0.84","36","30.0687"
"650.81","0.84","36","30.0687"
"651.01","0.84","36","30.0725"
"651.22","0.79","30.29","23.962"
"651.43","0.79","30","23.6502"
"651.64","0.79","30","23.6502"
"651.85","0.79","30","23.6502"
"652.06","0.79","30","23.6502"
"652.26","0.79","30","23.6502"
"652.47","0.79","30","23.6502"
"652.68","0.79","30","23.6502"
"652.89","0.79","30","23.6502"
"653.1","0.79","30","23.6502"
"653.31","0.79","30","23.6502"
"653.51","0.79","30","23.6502"
"653.72","0.79","30","23.6502"
"653.93","0.79","30","23.6502"
"654.14","0.79","30","23.6502"
"654.35","0.79","30","23.6502"
"654.56","0.79","30","23.6502"
"654.76","0.79","30","23.6502"
"654.97","0.79","30","23.6502"
"655.18","0.79","30","23.6502"
"655.39","0.79","30","23.6502"
"655.6","0.79","30","23.6502"
"655.81","0.79","30","23.6502"
"656.01","0.79","30","23.6502"
"656.22","0.79","30","23.6502"
"656.43","0.79","30","23.6502"
"656.64","0.79","30","23.6502"
"656.85","0.79","30","23.6502"
"657.06","0.79","30","23.6502"
"657.26","0.79","30","23.652"
"657.47","0.79","30","23.6888"
"657.68","0.79","30","23.6888"
"657.89","0.79","30","23.6888"
"658.1","0.79","30","23.7209"
"658.31","0.79","30","23.7273"
"658.51","0.79","30","23.7273"
"658.72","0.79","30","23.7273"
"658.93","0.79","30","23.7273"
"659.14","0.79","30","23.7273"
"659.35","0.79","30","23.7273"
"659.56","0.79","30","23.7273"
"659.76","0.79","30","23.7273"
"659.97","0.79","30","23.7273"
"660.18","0.79","30","23.7273"
"660.39","0.79","30","23.7273"
"660.6","0.79","30","23.7273"
"660.81","0.79","30","23.7273"
"661.01","0.79","30","23.7273"
"661.22","0.79","30","23.7273"
"661.43","0.79","30","23.7273"
"661.64","0.79","30","23.7273"
"661.85","0.79","30","23.7273"
"662.06","0.79","29.24","23.1723"
"662.26","0.8","25","20.076"
"662.47","0.8","25","20.076"
"662.68","0.8","25","20.076"
"662.89","0.8","25","20.076"
"663.1","0.8","25","20.076"
"663.31","0.8","25","20.076"
"663.51","0.8","25","20.076"
"663.72","0.8","25","20.076"
"663.93","0.8","25","20.076"
"664.14","0.8","25","20.076"
"664.35","0.8","25","20.076"
"664.56","0.8","25","20.076"
"664.76","0.8","25","20.076"
"664.97","0.8","25","20.076"
"665.18","0.8","25","20.076"
"665.39","0.8","25","20.076"
"665.6","0.8","25","20.076"
"665.81","0.8","25","20.076"
"666.01","0.8","25","20.076"
"666.22","0.8","25","20.076"
"666.43","0.8","25","20.076"
"666.64","0.8","25","20.076"
"666.85","0.8","25","20.076"
"667.06","0.8","25","20.076"
"667.26","0.8","25","20.076"
"667.47","0.8","25","20.076"
"667.68","0.8","25","20.076"
"667.89","0.8","25","20.076"
"668.1","0.8","25","20.076"
"668.31","0.8","25","20.076"
"668.51","0.8","25","20.076"
"668.72","0.8","25","20.076"
"668.93","0.8","25","20.076"
"669.14","0.8","25","20.076"
"669.35","0.8","25","20.076"
"669.56","0.8","25","20.076"
"669.76","0.8","25","20.076"
"669.97","0.8","25","20.076"
"670.18","0.8","25","20.076"
"670.39","0.8","25","20.076"
"670.6","0.8","25","20.076"
"670.81","0.8","25","20.076"
"671.01","0.8","25","20.076"
"671.22","0.8","25","20.076"
"671.43","0.8","25","20.076"
"671.64","0.8","25","20.076"
"671.85","0.8","25","20.076"
"672.06","0.8","25","20.076"
"672.26","0.8","25","20.076"
"672.47","0.8","25","20.076"
"672.68","0.8","25","20.076"
"672.89","0.8","25","20.076"
"673.1","0.75","23.59","17.8099"
"673.31","0.65","21","13.6383"
"673.51","0.65","21","13.6383"
"673.72","0.65","21","13.6383"
"673.93","0.65","21","13.6383"
"674.14","0.65","21","13.6383"
"674.35","0.65","21","13.6383"
"674.56","0.65","21","13.6383"
"674.76","0.65","21","13.6383"
"674.97","0.65","21","13.6383"
"675.18","0.65","21","13.6383"
"675.39","0.65","21","13.6383"
"675.6","0.65","21","13.6383"
"675.81","0.65","21","13.6383"
"676.01","0.65","21","13.6383"
"676.22","0.65","21","13.6383"
"676.43","0.65","21","13.6383"
"676.64","0.65","21","13.6383"
"676.85","0.65","21","13.6383"
"677.06","0.65","21","13.6383"
"677.26","0.65","21","13.6383"
"677.47","0.65","21","13.6383"
"677.68","0.65","21","13.6383"
"677.89","0.65","21","13.6383"
"678.1","0.65","21","13.6383"
"678.31","0.65","21","13.6383"
"678.51","0.65","21","13.6383"
"678.72","0.65","21","13.6383"
"678.93","0.65","21","13.6383"
"679.14","0.65","21","13.6383"
"679.35","0.65","21","13.6383"
"679.56","0.65","21","13.6383"
"679.76","0.65","21","13.6383"
"679.97","0.65","21","13.6383"
"680.18","0.65","21","13.6383"
"680.39","0.65","21","13.6383"
"680.6","0.65","21","13.6383"
"680.81","0.65","21","13.6383"
"681.01","0.65","21","13.6383"
"681.22","0.65","21","13.6383"
"681.43","0.65","21","13.6383"
"681.64","0.65","21","13.6383"
"681.85","0.65","21","13.6383"
"682.06","0.65","21","13.6383"
"682.26","0.65","21","13.6383"
"682.47","0.65","21","13.6383"
"682.68","0.65","21","13.6383"
"682.89","0.65","21","13.6383"
"683.1","0.65","21","13.6383"
"683.31","0.65","21","13.6383"
"683.51","0.65","21","13.6383"
"683.72","0.65","21","13.6383"
"683.93","0.65","21","13.6383"
"684.14","0.59","18.79","11.1758"
"684.35","0.54","17","9.1772"
"684.56","0.54","17","9.1772"
"684.76","0.54","17","9.1772"
"684.97","0.54","17","9.1772"
"685.18","0.54","17","9.1772"
"685.39","0.54","17","9.1772"
"685.6","0.54","17","9.1772"
"685.81","0.54","17","9.1812"
"686.01","0.54","17","9.2158"
"686.22","0.58","17","9.8889"
"686.43","0.61","17.46","10.6539"
"686.64","0.66","18","11.9116"
"686.85","0.69","18","12.5034"
"687.06","0.71","18","12.7086"
"687.26","0.72","18","12.9829"
"687.47","0.72","18.28","13.0905"
"687.68","0.71","19","13.5389"
"687.89","0.72","19","13.6025"
"688.1","0.76","19","14.3828"
"688.31","0.77","19","14.5779"
"688.51","0.77","19","14.708"
"688.72","0.8","19","15.1104"
"688.93","0.8","19","15.1353"
"689.14","0.8","19","15.1353"
"689.35","0.8","19","15.1353"
"689.56","0.8","19","15.1353"
"689.76","0.8","19","15.1353"
"689.97","0.8","19","15.1353"
"690.18","0.8","19","15.1353"
"690.39","0.8","19","15.1353"
"690.6","0.8","19","15.1353"
"690.81","0.8","19","15.1353"
"691.01","0.8","19","15.1353"
"691.22","0.8","19","15.1353"
"691.43","0.8","19","15.1353"
"691.64","0.8","19","15.1353"
"691.85","0.8","19","15.1353"
"692.06","0.8","19","15.1353"
"692.26","0.8","19","15.1353"
"692.47","0.8","19","15.1353"
"692.68","0.8","19","15.1353"
"692.89","0.8","19","15.1353"
"693.1","0.8","19","15.1353"
"693.31","0.8","19","15.1353"
"693.51","0.8","19","15.1353"
"693.72","0.8","19","15.1353"
"693.93","0.8","19","15.1353"
"694.14","0.8","19","15.1353"
"694.35","0.8","19","15.1353"
"694.56","0.8","19","15.1353"
"694.76","0.8","19","15.1353"
"694.97","0.8","19","15.1353"
"695.18","0.8","18.25","14.6346"
"695.39","0.81","18","14.5412"
"695.6","0.81","18","14.5771"
"695.81","0.81","18","14.5771"
"696.01","0.81","18","14.5771"
"696.22","0.81","18","14.5916"
"696.43","0.81","18","14.6157"
"696.64","0.81","18","14.6157"
"696.85","0.81","18","14.6157"
"697.06","0.81","18","14.6178"
"697.26","0.81","18","14.6542"
"697.47","0.81","18","14.6542"
"697.68","0.81","18","14.6542"
"697.89","0.81","18","14.6542"
"698.1","0.81","18","14.6542"
"698.31","0.82","18","14.6786"
"698.51","0.82","18","14.6928"
"698.72","0.82","18","14.6928"
"698.93","0.82","18","14.6928"
"699.14","0.82","18","14.6928"
"699.35","0.82","18","14.6928"
"699.56","0.82","18","14.6928"
"699.76","0.82","18","14.6928"
"699.97","0.82","18","14.6928"
"700.18","0.82","18","14.6928"
"700.39","0.82","18","14.6928"
"700.6","0.82","18","14.6928"
"700.81","0.82","18","14.6928"
"701.01","0.82","18","14.6928"
"701.22","0.82","18","14.6928"
"701.43","0.82","18","14.6928"
"701.64","0.82","18","14.6928"
"701.85","0.82","18","14.6928"
"702.06","0.82","18","14.6928"
"702.26","0.82","18","14.6928"
"702.47","0.82","18","14.6928"
"702.68","0.82","18","14.6928"
"702.89","0.82","18","14.6928"
"703.1","0.82","18","14.6928"
"703.31","0.82","18","14.6928"
"703.51","0.82","18","14.6928"
"703.72","0.82","18","14.6928"
"703.93","0.82","18","14.6928"
"704.14","0.82","18","14.6928"
"704.35","0.82","18","14.6928"
"704.56","0.82","18","14.6928"
"704.76","0.82","18","14.6928"
"704.97","0.82","18","14.6928"
"705.18","0.82","18","14.6928"
"705.39","0.82","18","14.6928"
"705.6","0.82","18","14.6928"
"705.81","0.82","18","14.6928"
"706.01","0.82","18","14.6928"
"706.22","0.8","13.24","10.649"
"706.43","0.8","13","10.4451"
"706.64","0.8","13","10.4451"
"706.85","0.8","13","10.4451"
"707.06","0.8","13","10.4451"
"707.26","0.8","13","10.4451"
"707.47","0.8","13","10.4451"
"707.68","0.8","13","10.4451"
"707.89","0.8","13","10.4451"
"708.1","0.8","13","10.4451"
"708.31","0.8","13","10.4451"
"708.51","0.8","13","10.4451"
"708.72","0.8","13","10.4451"
"708.93","0.8","13","10.4451"
"709.14","0.8","13","10.4451"
"709.35","0.8","13","10.4451"
"709.56","0.82","13.63","11.1175"
"709.76","0.82","14","11.4827"
"709.97","0.82","14","11.498"
"710.18","0.83","14","11.6557"
"710.39","0.8","14.7","11.7761"
"710.6","0.79","15","11.8286"
"710.81","0.79","15","11.8286"
"711.01","0.79","15","11.8286"
"711.22","0.79","15","11.8286"
"711.43","0.79","15","11.8286"
"711.64","0.79","15","11.8286"
"711.85","0.79","15","11.8286"
"712.06","0.79","15","11.8286"
"712.26","0.79","15","11.8286"
"712.47","0.79","15","11.8286"
"712.68","0.79","15","11.8286"
"712.89","0.79","15","11.8286"
"713.1","0.79","15","11.8286"
"713.31","0.79","15","11.8286"
"713.51","0.79","15","11.8286"
"713.72","0.79","15","11.8286"
"713.93","0.79","15","11.8286"
"714.14","0.79","15","11.8286"
"714.35","0.79","15","11.8286"
"714.56","0.79","15","11.8286"
"714.76","0.79","15","11.8638"
"714.97","0.79","15","11.8672"
"715.18","0.79","15","11.8672"
"715.39","0.79","15","11.8672"
"715.6","0.79","15","11.8672"
"715.81","0.79","15","11.8672"
"716.01","0.79","15","11.8672"
"716.22","0.79","15","11.8672"
"716.43","0.79","15","11.8672"
"716.64","0.79","15","11.8672"
"716.85","0.79","15","11.8672"
"717.06","0.77","15","11.5633"
"717.26","0.66","15","9.8678"
"717.47","0.66","15","9.8678"
"717.68","0.66","15","9.8678"
"717.89","0.66","15","9.8678"
"718.1","0.66","15","9.8678"
"718.31","0.66","15","9.8678"
"718.51","0.66","15","9.8678"
"718.72","0.66","15","9.8678"
"718.93","0.66","15","9.8678"
"719.14","0.66","15","9.8678"
"719.35","0.66","15","9.8789"
"719.56","0.7","15","10.554"
"719.76","0.75","15","11.2209"
"719.97","0.75","15","11.2513"
"720.18","0.75","15","11.2568"
"720.39","0.73","15.79","11.5612"
"720.6","0.72","16","11.5972"
"720.81","0.75","16.44","12.3464"
"721.01","0.79","17.77","13.9853"
"721.22","0.79","18","14.2108"
"721.43","0.77","19.17","14.7919"
"721.64","0.78","20.26","15.9"
"721.85","0.8","21","16.8443"
"722.06","0.8","21.68","17.4042"
"722.26","0.79","22.86","18.1347"
"722.47","0.81","23","18.555"
"722.68","0.81","23.56","18.9648"
"722.89","0.81","24","19.3923"
"723.1","0.8","24.78","19.7686"
"723.31","0.79","25.83","20.5129"
"723.51","0.8","27.19","21.6391"
"723.72","0.79","28","22.1357"
"723.93","0.79","28","22.1828"
"724.14","0.79","28","22.2377"
"724.35","0.8","28.99","23.2482"
"724.56","0.8","30","24.1349"
"724.76","0.81","30","24.3712"
"724.97","0.82","30","24.4813"
"725.18","0.82","30","24.4906"
"725.39","0.82","30","24.5184"
"725.6","0.82","30","24.5894"
"725.81","0.82","30","24.6823"
"726.01","0.82","30","24.7114"
"726.22","0.83","30","24.7608"
"726.43","0.83","30","24.7608"
"726.64","0.83","30","24.7608"
"726.85","0.83","30","24.7608"
"727.06","0.83","30","24.7608"
"727.26","0.83","30","24.7608"
"727.47","0.83","30","24.7608"
"727.68","0.83","30","24.7608"
"727.89","0.83","30","24.7608"
"728.1","0.82","30","24.7472"
"728.31","0.82","30","24.7222"
"728.51","0.82","30","24.7222"
"728.72","0.82","30","24.7222"
"728.93","0.82","30","24.7222"
"729.14","0.82","30","24.7222"
"729.35","0.82","30","24.7222"
"729.56","0.82","30","24.7222"
"729.76","0.82","30","24.7222"
"729.97","0.82","30","24.7222"
"730.18","0.82","30","24.7222"
"730.39","0.82","30","24.7222"
"730.6","0.82","30","24.7222"
"730.81","0.82","30","24.7222"
"731.01","0.82","30","24.7222"
"731.22","0.82","30","24.7222"
"731.43","0.82","30","24.7222"
"731.64","0.82","30","24.7222"
"731.85","0.82","30","24.7222"
"732.06","0.82","30","24.7222"
"732.26","0.82","30","24.7222"
"732.47","0.82","30","24.7222"
"732.68","0.82","30","24.7222"
"732.89","0.82","30","24.7222"
"733.1","0.82","30","24.7222"
"733.31","0.82","30","24.7222"
"733.51","0.82","30","24.7222"
"733.72","0.82","30","24.7222"
"733.93","0.82","30","24.7222"
"734.14","0.82","30","24.7222"
"734.35","0.82","30","24.7222"
"734.56","0.82","30","24.7222"
"734.76","0.82","30","24.7222"
"734.97","0.82","30","24.7222"
"735.18","0.82","30","24.7222"
"735.39","0.82","30","24.7222"
"735.6","0.82","30","24.7222"
"735.81","0.82","30","24.7222"
"736.01","0.82","30","24.7222"
"736.22","0.82","30","24.7222"
"736.43","0.82","30","24.7222"
"736.64","0.82","30","24.7222"
"736.85","0.82","30","24.7222"
"737.06","0.82","30","24.7222"
"737.26","0.82","30","24.7222"
"737.47","0.82","30","24.7222"
"737.68","0.82","30","24.7222"
"737.89","0.82","30","24.7222"
"738.1","0.82","30","24.7222"
"738.31","0.82","30","24.7222"
"738.51","0.82","30","24.7222"
"738.72","0.82","30","24.7222"
"738.93","0.82","30","24.7222"
"739.14","0.8","24.48","19.6719"
"739.35","0.78","20","15.5731"
"739.56","0.78","20","15.5731"
"739.76","0.78","20","15.5731"
"739.97","0.78","20","15.5731"
"740.18","0.78","20","15.5731"
"740.39","0.78","20","15.5731"
"740.6","0.78","20","15.5731"
"740.81","0.78","20","15.5731"
"741.01","0.78","20","15.5731"
"741.22","0.78","20","15.5731"
"741.43","0.78","20","15.5731"
"741.64","0.78","20","15.5731"
"741.85","0.78","20","15.5731"
"742.06","0.78","20","15.5731"
"742.26","0.78","20","15.5731"
"742.47","0.78","20","15.5731"
"742.68","0.78","20","15.5731"
"742.89","0.78","20","15.5731"
"743.1","0.78","20","15.5731"
"743.31","0.78","20","15.5731"
"743.51","0.78","20","15.5731"
"743.72","0.78","20","15.5731"
"743.93","0.78","20","15.5731"
"744.14","0.78","20","15.5731"
"744.35","0.78","20","15.5731"
"744.56","0.78","20","15.5731"
"744.76","0.81","20","16.2151"
"744.97","0.83","21.42","17.7027"
"745.18","0.83","22","18.2829"
"745.39","0.83","22","18.2829"
"745.6","0.83","22","18.2829"
"745.81","0.83","22","18.2829"
"746.01","0.83","22","18.2829"
"746.22","0.83","22","18.2829"
"746.43","0.83","22","18.2829"
"746.64","0.83","22","18.2829"
"746.85","0.83","22","18.2829"
"747.06","0.83","22","18.2829"
"747.26","0.83","22","18.2829"
"747.47","0.83","22","18.2829"
"747.68","0.83","22","18.2829"
"747.89","0.83","22","18.2829"
"748.1","0.83","22","18.2829"
"748.31","0.83","22","18.2829"
"748.51","0.83","22","18.2829"
"748.72","0.83","22","18.2829"
"748.93","0.83","22","18.2829"
"749.14","0.83","22","18.2829"
"749.35","0.83","22","18.2829"
"749.56","0.83","22","18.2829"
"749.76","0.83","22","18.2829"
"749.97","0.83","22","18.2829"
"750.18","0.83","20.5","16.9534"
"750.39","0.83","20","16.515"
"750.6","0.83","20","16.515"
"750.81","0.83","20","16.515"
"751.01","0.83","20","16.515"
"751.22","0.83","20","16.515"
"751.43","0.83","20","16.515"
"751.64","0.83","20","16.515"
"751.85","0.83","20","16.515"
"752.06","0.83","20","16.515"
"752.26","0.83","20","16.515"
"752.47","0.83","20","16.515"
"752.68","0.83","20","16.515"
"752.89","0.83","20","16.515"
"753.1","0.83","20","16.515"
"753.31","0.83","20","16.515"
"753.51","0.83","20","16.515"
"753.72","0.83","20","16.515"
"753.93","0.83","20","16.515"
"754.14","0.83","20","16.515"
"754.35","0.83","20","16.515"
"754.56","0.83","20","16.515"
"754.76","0.83","20","16.515"
"754.97","0.83","20","16.515"
"755.18","0.83","20","16.515"
"755.39","0.83","20","16.515"
"755.6","0.83","20","16.515"
"755.81","0.83","20","16.515"
"756.01","0.83","20","16.515"
"756.22","0.83","20","16.515"
"756.43","0.83","20","16.515"
"756.64","0.83","20","16.515"
"756.85","0.83","20","16.515"
"757.06","0.83","20","16.515"
"757.26","0.83","20","16.515"
"757.47","0.83","20","16.515"
"757.68","0.83","20","16.515"
"757.89","0.83","20","16.515"
"758.1","0.83","20","16.515"
"758.31","0.83","20","16.515"
"758.51","0.83","20","16.515"
"758.72","0.83","20","16.515"
"758.93","0.83","20","16.515"
"759.14","0.83","20","16.515"
"759.35","0.83","20","16.515"
"759.56","0.83","20","16.515"
"759.76","0.83","20","16.515"
"759.97","0.83","20","16.515"
"760.18","0.83","20","16.515"
"760.39","0.83","20","16.515"
"760.6","0.83","20","16.515"
"760.81","0.83","20","16.515"
"761.01","0.83","20","16.515"
"761.22","0.78","18.1","14.1978"
"761.43","0.78","18","14.081"
"761.64","0.78","18","14.081"
"761.85","0.78","18","14.081"
"762.06","0.78","18","14.088"
"762.26","0.78","18","14.1272"
"762.47","0.78","18","14.1272"
"762.68","0.78","18","14.1272"
"762.89","0.78","18","14.1272"
"763.1","0.78","18","14.1272"
"763.31","0.78","18","14.1272"
"763.51","0.78","18","14.1272"
"763.72","0.78","18","14.1272"
"763.93","0.78","18","14.1272"
"764.14","0.78","18","14.1272"
"764.35","0.78","18","14.1272"
"764.56","0.79","18","14.1543"
"764.76","0.79","18","14.1886"
"764.97","0.79","18","14.1886"
"765.18","0.79","18","14.1886"
"765.39","0.79","18","14.1886"
"765.6","0.79","18","14.1886"
"765.81","0.79","18","14.1886"
"766.01","0.79","18","14.2486"
"766.22","0.8","18","14.4386"
"766.43","0.8","18","14.4543"
"766.64","0.8","18","14.4583"
"766.85","0.8","18","14.4583"
"767.06","0.8","18","14.4583"
"767.26","0.8","18","14.4583"
"767.47","0.8","18","14.4583"
"767.68","0.8","18.13","14.4943"
"767.89","0.8","19","15.2649"
"768.1","0.82","19.4","15.8072"
"768.31","0.81","20","16.1503"
"768.51","0.82","20","16.3606"
"768.72","0.82","20","16.3606"
"768.93","0.82","20","16.4129"
"769.14","0.83","20","16.5531"
"769.35","0.83","20","16.5531"
"769.56","0.83","20","16.5531"
"769.76","0.83","20","16.5531"
"769.97","0.83","20","16.5531"
"770.18","0.83","20","16.5531"
"770.39","0.83","20","16.5531"
"770.6","0.83","20","16.5531"
"770.81","0.83","20","16.5531"
"771.01","0.83","20","16.5531"
"771.22","0.83","20","16.5531"
"771.43","0.83","20","16.5531"
"771.64","0.83","20","16.5531"
"771.85","0.83","20","16.5531"
"772.06","0.82","20","16.4362"
"772.26","0.79","20","15.7841"
"772.47","0.79","20","15.7841"
"772.68","0.79","20","15.7841"
"772.89","0.79","20","15.7841"
"773.1","0.79","20","15.7841"
"773.31","0.79","20","15.7841"
"773.51","0.79","20","15.7841"
"773.72","0.79","20","15.7841"
"773.93","0.79","20","15.7841"
"774.14","0.79","20","15.7841"
"774.35","0.79","20","15.7841"
"774.56","0.79","20","15.7841"
"774.76","0.79","20","15.7841"
"774.97","0.79","20","15.7841"
"775.18","0.79","20","15.7841"
"775.39","0.79","20","15.7841"
"775.6","0.79","20","15.7841"
"775.81","0.79","20","15.7841"
"776.01","0.79","20","15.7841"
"776.22","0.79","20","15.7841"
"776.43","0.79","20","15.7841"
"776.64","0.79","20","15.7841"
"776.85","0.79","20","15.7841"
"777.06","0.79","20","15.7841"
"777.26","0.79","20","15.7841"
"777.47","0.79","20","15.7841"
"777.68","0.79","20","15.8187"
"777.89","0.79","20","15.8227"
"778.1","0.79","20","15.8511"
"778.31","0.79","20","15.8613"
"778.51","0.79","20","15.8613"
"778.72","0.79","20","15.8613"
"778.93","0.79","20","15.8613"
"779.14","0.79","20","15.8789"
"779.35","0.79","20","15.8999"
"779.56","0.79","20","15.8999"
"779.76","0.79","20","15.8999"
"779.97","0.79","20","15.8999"
"780.18","0.79","20","15.8999"
"780.39","0.79","20","15.8999"
"780.6","0.79","20","15.8999"
"780.81","0.79","20","15.8999"
"781.01","0.79","20","15.8999"
"781.22","0.79","20","15.8999"
"781.43","0.79","20","15.8999"
"781.64","0.8","20","15.9268"
"781.85","0.8","20","15.9385"
"782.06","0.8","20","15.9385"
"782.26","0.8","20","15.9385"
"782.47","0.8","20","15.9385"
"782.68","0.8","20","15.9385"
"782.89","0.8","20","15.9385"
"783.1","0.81","18.24","14.714"
"783.31","0.83","15","12.4597"
"783.51","0.83","15","12.4597"
"783.72","0.83","15","12.4597"
"783.93","0.83","15","12.4902"
"784.14","0.86","15.55","13.3424"
"784.35","0.87","16","13.8432"
"784.56","0.87","16","13.8432"
"784.76","0.87","16","13.8432"
"784.97","0.87","16","13.8432"
"785.18","0.87","16","13.8698"
"785.39","0.87","16","13.9204"
"785.6","0.87","16","13.9204"
"785.81","0.87","16","13.9204"
"786.01","0.87","16","13.9204"
"786.22","0.87","16","13.9204"
"786.43","0.87","16","13.9204"
"786.64","0.87","16","13.9204"
"786.85","0.87","16","13.9204"
"787.06","0.87","16","13.9204"
"787.26","0.87","16","13.9204"
"787.47","0.87","16","13.9204"
"787.68","0.87","16","13.9204"
"787.89","0.87","16","13.9204"
"788.1","0.87","16","13.9204"
"788.31","0.87","16","13.9204"
"788.51","0.87","16","13.9204"
"788.72","0.87","16","13.9204"
"788.93","0.87","16","13.9204"
"789.14","0.87","16","13.9204"
"789.35","0.87","16","13.9204"
"789.56","0.87","16","13.9204"
"789.76","0.87","16","13.9204"
"789.97","0.87","16","13.9204"
"790.18","0.87","16","13.9204"
"790.39","0.87","16","13.9204"
"790.6","0.87","16","13.9204"
"790.81","0.87","16","13.9955"
"791.01","0.88","16","14.0743"
"791.22","0.88","16","14.0743"
"791.43","0.88","16","14.0743"
"791.64","0.88","16","14.0743"
"791.85","0.88","16","14.0743"
"792.06","0.88","16","14.0743"
"792.26","0.88","16","14.0743"
"792.47","0.88","16","14.0743"
"792.68","0.88","16","14.0743"
"792.89","0.88","16","14.0743"
"793.1","0.89","16","14.2998"
"793.31","0.89","16","14.3054"
"793.51","0.88","16.53","14.5793"
"793.72","0.87","17.57","15.2049"
"793.93","0.86","18","15.4457"
"794.14","0.86","18","15.433"
"794.35","0.85","18","15.3811"
"794.56","0.85","18","15.3811"
"794.76","0.85","18.1","15.4392"
"794.97","0.85","20","16.9641"
"795.18","0.85","20","16.9761"
"795.39","0.85","20","16.9761"
"795.6","0.85","20","16.9761"
"795.81","0.85","20","16.9761"
"796.01","0.85","20","16.9761"
"796.22","0.85","20","16.9761"
"796.43","0.85","20","16.9761"
"796.64","0.85","20","16.9761"
"796.85","0.85","20","16.9761"
"797.06","0.85","20","16.9761"
"797.26","0.85","20","16.9761"
"797.47","0.85","20","16.9761"
"797.68","0.85","20","16.9761"
"797.89","0.85","20","16.9761"
"798.1","0.85","20","16.9761"
"798.31","0.85","20","16.9761"
"798.51","0.85","20","16.9761"
"798.72","0.85","20","16.9913"
"798.93","0.84","20.66","17.2625"
"799.14","0.82","21","17.322"
"799.35","0.82","21","17.322"
"799.56","0.82","21","17.322"
"799.76","0.82","21","17.322"
"799.97","0.82","21","17.322"
"800.18","0.82","21","17.322"
"800.39","0.82","21","17.322"
"800.6","0.82","21","17.322"
"800.81","0.82","21","17.322"
"801.01","0.82","21","17.322"
"801.22","0.82","21","17.322"
"801.43","0.82","21","17.322"
"801.64","0.82","21","17.322"
"801.85","0.82","21","17.322"
"802.06","0.82","21","17.322"
"802.26","0.83","21","17.3663"
"802.47","0.83","21","17.4759"
"802.68","0.83","21","17.4759"
"802.89","0.83","21","17.4759"
"803.1","0.83","21","17.4759"
"803.31","0.83","21","17.4759"
"803.51","0.83","21","17.4759"
"803.72","0.83","21","17.4759"
"803.93","0.83","21","17.4759"
"804.14","0.83","21","17.4759"
"804.35","0.83","21","17.4759"
"804.56","0.83","21","17.4759"
"804.76","0.83","21","17.4759"
"804.97","0.83","21","17.4759"
"805.18","0.83","21","17.3776"
"805.39","0.83","21","17.3451"
"805.6","0.83","21","17.3451"
"805.81","0.83","21","17.3451"
"806.01","0.83","21","17.3451"
"806.22","0.83","21","17.3451"
"806.43","0.83","21","17.3451"
"806.64","0.83","21","17.3451"
"806.85","0.83","21","17.3451"
"807.06","0.83","21","17.3451"
"807.26","0.83","21","17.3451"
"807.47","0.83","21","17.3451"
"807.68","0.83","21","17.3451"
"807.89","0.83","21","17.3451"
"808.1","0.83","21","17.3451"
"808.31","0.83","21","17.3451"
"808.51","0.83","21","17.3451"
"808.72","0.83","21","17.3451"
"808.93","0.83","21","17.3451"
"809.14","0.83","21","17.3451"
"809.35","0.83","21","17.3451"
"809.56","0.83","21","17.3451"
"809.76","0.83","21","17.3451"
"809.97","0.83","21","17.3451"
"810.18","0.83","21","17.3451"
"810.39","0.83","21","17.3451"
"810.6","0.83","21","17.3451"
"810.81","0.83","21","17.3451"
"811.01","0.83","21","17.3451"
"811.22","0.83","21","17.3451"
"811.43","0.83","21","17.3451"
"811.64","0.83","21","17.3451"
"811.85","0.83","21","17.3451"
"812.06","0.83","21","17.3451"
"812.26","0.83","21","17.3451"
"812.47","0.83","21","17.3451"
"812.68","0.83","21","17.3451"
"812.89","0.83","21","17.3451"
"813.1","0.83","21","17.3451"
"813.31","0.83","21","17.3451"
"813.51","0.83","21","17.3451"
"813.72","0.83","21","17.3451"
"813.93","0.83","21","17.3451"
"814.14","0.83","21","17.3451"
"814.35","0.83","21","17.3451"
"814.56","0.83","21","17.3451"
"814.76","0.83","21","17.3451"
"814.97","0.83","21","17.3451"
"815.18","0.83","21","17.3451"
"815.39","0.83","21","17.3451"
"815.6","0.83","21","17.3451"
"815.81","0.83","21","17.3451"
"816.01","0.83","21","17.3544"
"816.22","0.78","20.05","15.6449"
"816.43","0.79","20","15.8849"
"816.64","0.8","20","15.9229"
"816.85","0.8","20","15.9235"
"817.06","0.8","20","15.9519"
"817.26","0.8","20","16.0007"
"817.47","0.8","20","16.0007"
"817.68","0.8","20","16.0007"
"817.89","0.8","20","16.0007"
"818.1","0.8","20","16.0279"
"818.31","0.8","20","16.0779"
"818.51","0.8","20","16.0779"
"818.72","0.8","20","16.0779"
"818.93","0.8","20","16.0779"
"819.14","0.82","20","16.4182"
"819.35","0.82","20","16.4238"
"819.56","0.82","20","16.4238"
"819.76","0.82","20","16.4238"
"819.97","0.83","20.71","17.1542"
"820.18","0.84","21","17.6544"
"820.39","0.84","21","17.6544"
"820.6","0.84","21","17.6544"
"820.81","0.84","21","17.7056"
"821.01","0.85","21","17.7851"
"821.22","0.85","21","17.7851"
"821.43","0.85","21","17.7851"
"821.64","0.85","21","17.7851"
"821.85","0.85","21","17.7851"
"822.06","0.85","21","17.7851"
"822.26","0.85","21","17.7851"
"822.47","0.85","21","17.7851"
"822.68","0.85","21","17.7851"
"822.89","0.85","21","17.7851"
"823.1","0.85","21","17.7851"
"823.31","0.85","21","17.7851"
"823.51","0.85","21","17.7851"
"823.72","0.85","21","17.7851"
"823.93","0.85","21","17.7851"
"824.14","0.85","21","17.7851"
"824.35","0.85","21","17.9205"
"824.56","0.85","21","17.939"
"824.76","0.85","21","17.939"
"824.97","0.85","21","17.939"
"825.18","0.85","21","17.939"
"825.39","0.85","21","17.939"
"825.6","0.85","21","17.939"
"825.81","0.85","21","17.939"
"826.01","0.85","21","17.939"
"826.22","0.85","21","17.939"
"826.43","0.85","21","17.939"
"826.64","0.85","21","17.939"
"826.85","0.85","21","17.939"
"827.06","0.86","20.85","17.9127"
"827.26","0.89","20","17.7661"
"827.47","0.89","20","17.7661"
"827.68","0.89","20","17.7661"
"827.89","0.89","20","17.7661"
"828.1","0.88","20.35","17.9715"
"828.31","0.87","21","18.2658"
"828.51","0.87","21","18.2658"
"828.72","0.87","21","18.2658"
"828.93","0.87","21","18.2658"
"829.14","0.88","21","18.3779"
"829.35","0.88","21","18.4387"
"829.56","0.88","21","18.4387"
"829.76","0.88","21","18.4387"
"829.97","0.88","21","18.4387"
"830.18","0.88","21","18.4387"
"830.39","0.88","21","18.4387"
"830.6","0.88","21","18.4387"
"830.81","0.88","21","18.4387"
"831.01","0.88","21","18.4387"
"831.22","0.88","21","18.4387"
"831.43","0.88","21","18.4387"
"831.64","0.88","21","18.4387"
"831.85","0.88","21","18.4387"
"832.06","0.88","21","18.4387"
"832.26","0.88","21","18.4387"
"832.47","0.88","21","18.4387"
"832.68","0.88","21","18.4387"
"832.89","0.88","21","18.4387"
"833.1","0.88","21","18.4387"
"833.31","0.88","21","18.4387"
"833.51","0.88","21","18.4387"
"833.72","0.88","21","18.4387"
"833.93","0.88","21","18.4387"
"834.14","0.88","21","18.4387"
"834.35","0.88","21","18.4387"
"834.56","0.88","21","18.4387"
"834.76","0.88","21","18.4387"
"834.97","0.88","21","18.4387"
"835.18","0.88","21","18.4387"
"835.39","0.88","21","18.4387"
"835.6","0.88","21","18.4387"
"835.81","0.88","21","18.4387"
"836.01","0.88","21","18.4387"
"836.22","0.88","21","18.4387"
"836.43","0.88","21","18.4387"
"836.64","0.88","21","18.4387"
"836.85","0.88","21","18.4387"
"837.06","0.88","21","18.4387"
"837.26","0.88","21","18.4387"
"837.47","0.88","21","18.4387"
"837.68","0.88","21","18.4387"
"837.89","0.88","21","18.4387"
"838.1","0.86","21","18.0933"
"838.31","0.83","21","17.4573"
"838.51","0.83","21","17.4573"
"838.72","0.83","21","17.4573"
"838.93","0.83","21","17.4573"
"839.14","0.83","21","17.4573"
"839.35","0.83","21","17.4573"
"839.56","0.83","21","17.4573"
"839.76","0.83","21","17.4573"
"839.97","0.83","21","17.4573"
"840.18","0.83","21","17.4573"
"840.39","0.83","21","17.4573"
"840.6","0.83","21","17.4573"
"840.81","0.83","21","17.4573"
"841.01","0.83","21","17.4573"
"841.22","0.83","21","17.4573"
"841.43","0.83","21","17.4573"
"841.64","0.83","21","17.4573"
"841.85","0.83","21","17.4573"
"842.06","0.83","21","17.4573"
"842.26","0.83","21","17.4573"
"842.47","0.83","21","17.4573"
"842.68","0.83","21","17.4573"
"842.89","0.83","21","17.4573"
"843.1","0.83","21","17.4573"
"843.31","0.83","21","17.4573"
"843.51","0.83","21","17.4573"
"843.72","0.83","21","17.4573"
"843.93","0.83","21","17.4573"
"844.14","0.83","21","17.4573"
"844.35","0.83","21","17.4573"
"844.56","0.83","21","17.4573"
"844.76","0.83","21","17.4573"
"844.97","0.83","21","17.4573"
"845.18","0.83","21","17.4826"
"845.39","0.83","21","17.5191"
"845.6","0.83","21","17.5345"
"845.81","0.83","21","17.5345"
"846.01","0.83","21","17.5345"
"846.22","0.83","21","17.5345"
"846.43","0.83","21","17.5345"
"846.64","0.83","21","17.5345"
"846.85","0.84","21","17.6105"
"847.06","0.84","21","17.6503"
"847.26","0.84","21","17.6503"
"847.47","0.84","21","17.6503"
"847.68","0.84","21","17.6503"
"847.89","0.84","21","17.6503"
"848.1","0.84","21","17.6503"
"848.31","0.84","21","17.6821"
"848.51","0.84","21","17.6889"
"848.72","0.84","21","17.6889"
"848.93","0.84","21","17.6889"
"849.14","0.81","20.45","16.5433"
"849.35","0.78","20","15.6136"
"849.56","0.78","20","15.6136"
"849.76","0.78","20","15.6136"
"849.97","0.78","20","15.6136"
"850.18","0.78","20","15.6136"
"850.39","0.78","20","15.6136"
"850.6","0.78","20","15.6136"
"850.81","0.78","20","15.6136"
"851.01","0.78","20","15.6136"
"851.22","0.78","20","15.6136"
"851.43","0.78","20","15.6136"
"851.64","0.78","20","15.6136"
"851.85","0.78","20","15.6136"
"852.06","0.78","20","15.6136"
"852.26","0.78","20","15.6136"
"852.47","0.78","20","15.6136"
"852.68","0.78","20","15.6136"
"852.89","0.78","20","15.6136"
"853.1","0.78","20","15.6136"
"853.31","0.78","20","15.6136"
"853.51","0.78","20","15.6136"
"853.72","0.78","20","15.6136"
"853.93","0.78","20","15.6136"
"854.14","0.78","20","15.6136"
"854.35","0.78","20","15.6136"
"854.56","0.78","20","15.6136"
"854.76","0.78","20","15.6136"
"854.97","0.78","20","15.6136"
"855.18","0.78","20","15.6136"
"855.39","0.78","20","15.6136"
"855.6","0.78","20","15.6136"
"855.81","0.78","20","15.6136"
"856.01","0.78","20","15.6136"
"856.22","0.78","20","15.6136"
"856.43","0.78","20","15.6136"
"856.64","0.78","20","15.6136"
"856.85","0.78","20","15.6136"
"857.06","0.78","20","15.6136"
"857.26","0.78","20","15.6136"
"857.47","0.78","20","15.6136"
"857.68","0.78","20","15.6136"
"857.89","0.78","20","15.6136"
"858.1","0.78","20","15.6136"
"858.31","0.78","20","15.6136"
"858.51","0.78","20","15.6136"
"858.72","0.78","20","15.6136"
"858.93","0.78","20","15.6136"
"859.14","0.78","20","15.6136"
"859.35","0.78","20","15.6136"
"859.56","0.78","20","15.6136"
"859.76","0.78","20","15.6136"
"859.97","0.78","20","15.6136"
"860.18","0.78","17.74","13.7779"
"860.39","0.77","17","13.1725"
"860.6","0.77","17","13.1725"
"860.81","0.77","17","13.1725"
"861.01","0.77","17","13.1725"
"861.22","0.77","17","13.1725"
"861.43","0.77","17","13.1725"
"861.64","0.77","17","13.1725"
"861.85","0.77","17","13.1725"
"862.06","0.77","17","13.1725"
"862.26","0.77","17","13.1725"
"862.47","0.77","17","13.1725"
"862.68","0.77","17","13.1725"
"862.89","0.78","17","13.2181"
"863.1","0.79","17","13.3454"
"863.31","0.79","17","13.3454"
"863.51","0.79","17","13.3454"
"863.72","0.79","17","13.3454"
"863.93","0.79","17","13.3454"
"864.14","0.79","17","13.3454"
"864.35","0.79","17","13.3454"
"864.56","0.79","17","13.3454"
"864.76","0.79","17","13.3454"
"864.97","0.79","17","13.3454"
"865.18","0.79","17","13.3454"
"865.39","0.79","17","13.3454"
"865.6","0.79","17","13.3454"
"865.81","0.79","17","13.3454"
"866.01","0.79","17","13.3454"
"866.22","0.79","17","13.3454"
"866.43","0.79","17","13.3454"
"866.64","0.79","17","13.3454"
"866.85","0.79","17","13.3454"
"867.06","0.79","17","13.3454"
"867.26","0.79","17","13.3703"
"867.47","0.8","17","13.5183"
"867.68","0.8","17","13.5405"
"867.89","0.82","17","13.9237"
"868.1","0.83","17","14.0372"
"868.31","0.83","17","14.0372"
"868.51","0.83","17","14.0372"
"868.72","0.83","17","14.1603"
"868.93","0.84","17","14.2101"
"869.14","0.84","17","14.2101"
"869.35","0.84","17","14.2101"
"869.56","0.84","17","14.2101"
"869.76","0.84","17","14.2101"
"869.97","0.84","17","14.2101"
"870.18","0.84","17","14.2101"
"870.39","0.84","17","14.2101"
"870.6","0.84","17","14.2101"
"870.81","0.84","17","14.2101"
"871.01","0.84","17","14.2101"
"871.22","0.82","17","13.9166"
"871.43","0.82","17","13.9018"
"871.64","0.82","17","13.9018"
"871.85","0.82","17","13.9018"
"872.06","0.82","17","13.9018"
"872.26","0.82","17","13.9018"
"872.47","0.82","17","13.9018"
"872.68","0.82","17","13.9018"
"872.89","0.82","17","13.9018"
"873.1","0.82","17","13.9018"
"873.31","0.82","17","13.9018"
"873.51","0.82","17","13.9018"
"873.72","0.82","17","13.9018"
"873.93","0.83","17","14.0835"
"874.14","0.83","17","14.0943"
"874.35","0.83","17","14.0943"
"874.56","0.83","17","14.0943"
"874.76","0.83","17","14.0943"
"874.97","0.83","17","14.0943"
"875.18","0.83","17","14.0943"
"875.39","0.83","17","14.0943"
"875.6","0.83","17","14.0943"
"875.81","0.83","17","14.0943"
"876.01","0.83","17","14.0943"
"876.22","0.83","17","14.0943"
"876.43","0.83","17","14.0943"
"876.64","0.83","17","14.0943"
"876.85","0.83","17","14.0943"
"877.06","0.83","17","14.0943"
"877.26","0.83","17","14.0943"
"877.47","0.83","17","14.0943"
"877.68","0.83","17","14.0943"
"877.89","0.83","17","14.0943"
"878.1","0.83","17","14.0943"
"878.31","0.83","17","14.0943"
"878.51","0.83","17","14.0943"
"878.72","0.83","17","14.0943"
"878.93","0.83","17","14.0943"
"879.14","0.83","17","14.0943"
"879.35","0.83","17","14.0943"
"879.56","0.83","17","14.0943"
"879.76","0.83","17","14.0943"
"879.97","0.83","17","14.0943"
"880.18","0.83","17","14.0943"
"880.39","0.83","17","14.0943"
"880.6","0.83","17","14.0943"
"880.81","0.83","17","14.0943"
"881.01","0.83","17","14.0943"
"881.22","0.83","17","14.0943"
"881.43","0.83","17","14.0943"
"881.64","0.83","17","14.0943"
"881.85","0.83","17","14.0943"
"882.06","0.83","17","14.0417"
"882.26","0.81","17","13.7484"
"882.47","0.81","17","13.7484"
"882.68","0.81","17","13.7484"
"882.89","0.81","17","13.7484"
"883.1","0.81","17","13.7484"
"883.31","0.81","17","13.7484"
"883.51","0.81","17","13.7484"
"883.72","0.81","17","13.7484"
"883.93","0.81","17","13.7484"
"884.14","0.81","17","13.7484"
"884.35","0.81","17","13.7484"
"884.56","0.81","17","13.7484"
"884.76","0.81","17","13.7484"
"884.97","0.81","17","13.7484"
"885.18","0.81","17","13.7484"
"885.39","0.81","17","13.7484"
"885.6","0.81","17","13.7484"
"885.81","0.81","17","13.7484"
"886.01","0.81","17","13.7484"
"886.22","0.81","17","13.7484"
"886.43","0.81","17","13.7484"
"886.64","0.81","17","13.7484"
"886.85","0.81","17","13.7484"
"887.06","0.81","17","13.7484"
"887.26","0.81","17","13.7484"
"887.47","0.81","17","13.7484"
"887.68","0.81","17","13.7484"
"887.89","0.81","17","13.7484"
"888.1","0.81","17","13.7484"
"888.31","0.81","17","13.7484"
"888.51","0.81","17","13.7484"
"888.72","0.81","17","13.7484"
"888.93","0.81","17","13.7484"
"889.14","0.81","17","13.7484"
"889.35","0.81","17","13.7484"
"889.56","0.81","17","13.7484"
"889.76","0.81","17","13.7484"
"889.97","0.81","17","13.7484"
"890.18","0.81","17","13.7484"
"890.39","0.81","17","13.7484"
"890.6","0.81","17","13.7484"
"890.81","0.81","17","13.7484"
"891.01","0.81","17","13.7484"
"891.22","0.81","17","13.7484"
"891.43","0.81","17","13.7484"
"891.64","0.81","17","13.7484"
"891.85","0.81","17","13.7484"
"892.06","0.81","17","13.7484"
"892.26","0.81","17","13.7484"
"892.47","0.81","17","13.7484"
"892.68","0.81","17","13.7484"
"892.89","0.81","17","13.7484"
"893.1","0.82","16.3","13.3832"
"893.31","0.85","15","12.7108"
"893.51","0.85","15","12.7164"
"893.72","0.85","15","12.7494"
"893.93","0.85","15","12.7494"
"894.14","0.86","15","12.9113"
"894.35","0.86","16.62","14.3263"
"894.56","0.87","17","14.7098"
"894.76","0.87","17","14.7098"
"894.97","0.87","17","14.7098"
"895.18","0.87","17","14.7098"
"895.39","0.87","17","14.7098"
"895.6","0.87","17","14.7098"
"895.81","0.87","17.49","15.1996"
"896.01","0.87","18.34","15.8969"
"896.22","0.83","20","16.6122"
"896.43","0.83","20","16.6122"
"896.64","0.85","20","16.9336"
"896.85","0.86","20","17.208"
"897.06","0.84","20.68","17.4681"
"897.26","0.84","21","17.5728"
"897.47","0.84","21","17.5736"
"897.68","0.85","21","17.7657"
"897.89","0.87","21.5","18.7805"
"898.1","0.87","22.93","19.9622"
"898.31","0.87","23.63","20.5316"
"898.51","0.86","24","20.6873"
"898.72","0.86","24","20.6966"
"898.93","0.87","24","20.8469"
"899.14","0.88","24","21.0115"
"899.35","0.88","24","21.0152"
"899.56","0.88","24","21.0152"
"899.76","0.88","24","21.0152"
"899.97","0.88","24","21.0152"
"900.18","0.88","24","21.029"
"900.39","0.87","25.9","22.5121"
"900.6","0.86","27","23.1845"
"900.81","0.86","27","23.2634"
"901.01","0.86","27","23.2634"
"901.22","0.87","27","23.4909"
"901.43","0.87","27","23.5716"
"901.64","0.87","27","23.5716"
"901.85","0.87","27","23.5716"
"902.06","0.88","27","23.8016"
"902.26","0.88","27","23.8216"
"902.47","0.88","27","23.8216"
"902.68","0.88","27","23.8216"
"902.89","0.88","27","23.8216"
"903.1","0.88","27","23.8216"
"903.31","0.88","27","23.8216"
"903.51","0.88","27","23.8216"
"903.72","0.88","27","23.8216"
"903.93","0.88","27","23.8216"
"904.14","0.88","27","23.8216"
"904.35","0.88","27","23.8216"
"904.56","0.88","27","23.8216"
"904.76","0.88","27","23.8216"
"904.97","0.88","27","23.8216"
"905.18","0.88","27","23.8216"
"905.39","0.88","27","23.8216"
"905.6","0.88","27","23.8216"
"905.81","0.88","27","23.8216"
"906.01","0.88","27","23.8216"
"906.22","0.88","27","23.8216"
"906.43","0.88","27","23.8216"
"906.64","0.88","27","23.8216"
"906.85","0.88","27","23.8216"
"907.06","0.88","27","23.8216"
"907.26","0.88","27","23.8216"
"907.47","0.88","27","23.8216"
"907.68","0.88","27","23.8216"
"907.89","0.88","27","23.8216"
"908.1","0.88","27","23.8216"
"908.31","0.88","27","23.8216"
"908.51","0.88","27","23.8216"
"908.72","0.88","27","23.8216"
"908.93","0.88","27","23.8216"
"909.14","0.88","27","23.8216"
"909.35","0.88","27","23.8216"
"909.56","0.88","27","23.8216"
"909.76","0.88","27","23.8216"
"909.97","0.88","27","23.8216"
"910.18","0.88","27","23.8216"
"910.39","0.88","27","23.8216"
"910.6","0.88","27","23.8216"
"910.81","0.88","27","23.8216"
"911.01","0.88","27","23.8216"
"911.22","0.88","27","23.8216"
"911.43","0.88","27","23.8216"
"911.64","0.88","27","23.8216"
"911.85","0.88","27","23.8216"
"912.06","0.88","27","23.8216"
"912.26","0.88","27","23.8216"
"912.47","0.88","27","23.8216"
"912.68","0.88","27","23.8216"
"912.89","0.88","27","23.8216"
"913.1","0.88","27","23.8216"
"913.31","0.88","27","23.8216"
"913.51","0.88","27","23.8216"
"913.72","0.88","27","23.8216"
"913.93","0.88","27","23.8216"
"914.14","0.88","27","23.8216"
"914.35","0.88","27","23.8216"
"914.56","0.88","27","23.8216"
"914.76","0.88","27","23.8216"
"914.97","0.88","27","23.8216"
"915.18","0.87","22.49","19.5437"
"915.39","0.86","21","18.1329"
"915.6","0.86","21","18.1329"
"915.81","0.86","21","18.1329"
"916.01","0.86","21","18.1329"
"916.22","0.86","21","18.1329"
"916.43","0.86","21.3","18.2906"
"916.64","0.85","23","19.6478"
"916.85","0.86","23","19.6893"
"917.06","0.86","23","19.6893"
"917.26","0.86","23","19.6893"
"917.47","0.86","23","19.6893"
"917.68","0.86","23","19.6893"
"917.89","0.86","23","19.6893"
"918.1","0.86","23","19.6893"
"918.31","0.86","23","19.6893"
"918.51","0.86","23","19.6893"
"918.72","0.86","23","19.6893"
"918.93","0.86","23","19.6893"
"919.14","0.86","23","19.6893"
"919.35","0.86","23","19.6893"
"919.56","0.86","23","19.6893"
"919.76","0.86","23","19.6893"
"919.97","0.86","23","19.6893"
"920.18","0.86","23","19.6893"
"920.39","0.86","23","19.6893"
"920.6","0.86","23","19.6893"
"920.81","0.86","23","19.6893"
"921.01","0.86","23","19.6893"
"921.22","0.86","23","19.6893"
"921.43","0.86","23","19.6893"
"921.64","0.86","23","19.6893"
"921.85","0.86","23","19.6893"
"922.06","0.86","23","19.6893"
"922.26","0.86","23","19.6893"
"922.47","0.86","23","19.6893"
"922.68","0.86","23","19.6893"
"922.89","0.86","23","19.6893"
"923.1","0.86","23","19.6893"
"923.31","0.86","23","19.6893"
"923.51","0.86","23","19.6893"
"923.72","0.86","23","19.6893"
"923.93","0.86","23","19.6893"
"924.14","0.86","23","19.6893"
"924.35","0.86","23","19.6893"
"924.56","0.86","23","19.6893"
"924.76","0.86","23","19.6893"
"924.97","0.86","23","19.6893"
"925.18","0.86","23","19.6893"
"925.39","0.86","23","19.6893"
"925.6","0.86","23","19.6893"
"925.81","0.86","23","19.6893"
"926.01","0.86","23","19.6893"
"926.22","0.85","23","19.5791"
"926.43","0.85","23","19.5736"
"926.64","0.85","23","19.5736"
"926.85","0.85","23","19.5736"
"927.06","0.85","23","19.5736"
"927.26","0.85","23","19.5736"
"927.47","0.85","23","19.5736"
"927.68","0.85","23","19.5736"
"927.89","0.85","23","19.5736"
"928.1","0.85","23","19.5736"
"928.31","0.85","23","19.5736"
"928.51","0.85","23","19.5736"
"928.72","0.85","23","19.5736"
"928.93","0.85","23","19.5736"
"929.14","0.85","23","19.5736"
"929.35","0.85","23","19.5736"
"929.56","0.85","23","19.5736"
"929.76","0.85","23","19.5736"
"929.97","0.85","23","19.5736"
"930.18","0.85","23","19.5736"
"930.39","0.85","23","19.5736"
"930.6","0.85","23","19.5736"
"930.81","0.85","23","19.5736"
"931.01","0.85","23","19.5736"
"931.22","0.85","23","19.5736"
"931.43","0.85","23","19.5736"
"931.64","0.85","23","19.5736"
"931.85","0.85","23","19.5736"
"932.06","0.85","23","19.5736"
"932.26","0.85","23","19.5736"
"932.47","0.85","23","19.5736"
"932.68","0.85","23","19.5736"
"932.89","0.85","23","19.5736"
"933.1","0.85","23","19.5736"
"933.31","0.85","23","19.5736"
"933.51","0.85","23","19.5736"
"933.72","0.85","23","19.5736"
"933.93","0.85","23","19.5736"
"934.14","0.85","23","19.5736"
"934.35","0.85","23","19.5736"
"934.56","0.85","23","19.5736"
"934.76","0.85","23","19.5736"
"934.97","0.85","23","19.5736"
"935.18","0.85","23","19.5736"
"935.39","0.85","23","19.5736"
"935.6","0.85","23","19.5736"
"935.81","0.85","23","19.5736"
"936.01","0.85","23","19.5736"
"936.22","0.85","23","19.5736"
"936.43","0.85","23","19.5736"
"936.64","0.85","23","19.5736"
"936.85","0.85","23","19.5736"
"937.06","0.86","22.24","19.0653"
"937.26","0.9","18","16.2296"
"937.47","0.9","18","16.2296"
"937.68","0.9","18","16.2296"
"937.89","0.9","18","16.2296"
"938.1","0.9","18","16.2296"
"938.31","0.9","18","16.2296"
"938.51","0.9","18","16.2296"
"938.72","0.9","18","16.2296"
"938.93","0.9","18","16.2296"
"939.14","0.9","18","16.2357"
"939.35","0.9","18","16.2527"
"939.56","0.92","18.34","16.8833"
"939.76","0.91","19.96","18.2426"
"939.97","0.92","20.09","18.5664"
"940.18","0.9","21","18.9704"
"940.39","0.91","21","19.0547"
"940.6","0.91","21","19.0584"
"940.81","0.92","21","19.2858"
"941.01","0.92","21","19.2858"
"941.22","0.92","21","19.2858"
"941.43","0.92","21","19.2858"
"941.64","0.92","21","19.2858"
"941.85","0.92","21","19.2858"
"942.06","0.92","21","19.2858"
"942.26","0.92","21","19.2858"
"942.47","0.92","21","19.2858"
"942.68","0.92","21","19.2858"
"942.89","0.92","21","19.2858"
"943.1","0.92","21","19.2858"
"943.31","0.92","21","19.2858"
"943.51","0.92","21","19.2858"
"943.72","0.92","21","19.2858"
"943.93","0.92","21","19.2858"
"944.14","0.92","21","19.2858"
"944.35","0.92","21","19.2858"
"944.56","0.92","21","19.2858"
"944.76","0.92","21","19.2858"
"944.97","0.92","21","19.2858"
"945.18","0.92","21","19.2858"
"945.39","0.92","21","19.2858"
"945.6","0.92","21","19.2858"
"945.81","0.92","21","19.2858"
"946.01","0.92","21","19.2858"
"946.22","0.92","21","19.2858"
"946.43","0.92","21","19.2858"
"946.64","0.92","21","19.2858"
"946.85","0.92","21","19.2858"
"947.06","0.92","21","19.2858"
"947.26","0.92","21","19.2858"
"947.47","0.92","21","19.2858"
"947.68","0.92","21","19.2858"
"947.89","0.92","21","19.2858"
"948.1","0.92","21","19.2316"
"948.31","0.91","21","19.1319"
"948.51","0.91","21","19.1319"
"948.72","0.91","21","19.1319"
"948.93","0.91","21","19.1319"
"949.14","0.91","21","19.1319"
"949.35","0.91","21","19.1319"
"949.56","0.91","21","19.1319"
"949.76","0.91","21","19.1319"
"949.97","0.91","21","19.1319"
"950.18","0.91","21","19.1319"
"950.39","0.91","21","19.1319"
"950.6","0.91","21","19.1319"
"950.81","0.91","21","19.1319"
"951.01","0.91","21","19.1319"
"951.22","0.91","21","19.1319"
"951.43","0.91","21","19.1319"
"951.64","0.91","21","19.1319"
"951.85","0.91","21","19.1319"
"952.06","0.91","21","19.1319"
"952.26","0.91","21","19.1319"
"952.47","0.91","21","19.1319"
"952.68","0.91","21","19.1319"
"952.89","0.91","21","19.1319"
"953.1","0.91","21","19.1319"
"953.31","0.91","21","19.1319"
"953.51","0.91","21","19.1319"
"953.72","0.91","21","19.1319"
"953.93","0.91","21","19.1319"
"954.14","0.91","21","19.1319"
"954.35","0.91","21","19.1319"
"954.56","0.91","21","19.1319"
"954.76","0.91","21","19.1319"
"954.97","0.91","21","19.1319"
"955.18","0.91","21","19.1319"
"955.39","0.91","21","19.1319"
"955.6","0.91","21","19.1319"
"955.81","0.91","21","19.1319"
"956.01","0.91","21","19.1319"
"956.22","0.91","21","19.1319"
"956.43","0.91","21","19.1319"
"956.64","0.91","21","19.1319"
"956.85","0.91","21","19.1319"
"957.06","0.91","21","19.1319"
"957.26","0.91","21","19.1319"
"957.47","0.9","21.23","19.1721"
"957.68","0.88","22.67","19.8444"
"957.89","0.86","25","21.3801"
"958.1","0.86","25","21.3801"
"958.31","0.86","25","21.3801"
"958.51","0.86","25","21.3801"
"958.72","0.86","25","21.3801"
"958.93","0.86","25","21.3801"
"959.14","0.84","25","20.8815"
"959.35","0.82","25","20.4768"
"959.56","0.82","25","20.4768"
"959.76","0.82","25","20.4768"
"959.97","0.82","25","20.4768"
"960.18","0.82","25","20.4768"
"960.39","0.82","25","20.4768"
"960.6","0.82","25","20.4768"
"960.81","0.82","25","20.4768"
"961.01","0.82","25","20.4768"
"961.22","0.82","25","20.4768"
"961.43","0.82","25","20.4768"
"961.64","0.82","25","20.4768"
"961.85","0.82","25","20.4768"
"962.06","0.82","25","20.4768"
"962.26","0.82","25","20.4768"
"962.47","0.82","25","20.4768"
"962.68","0.82","25","20.4768"
"962.89","0.82","25","20.4768"
"963.1","0.82","25","20.4768"
"963.31","0.82","25","20.4768"
"963.51","0.82","25","20.4768"
"963.72","0.82","25","20.4768"
"963.93","0.82","25","20.4768"
"964.14","0.82","25","20.4768"
"964.35","0.82","25","20.4768"
"964.56","0.82","25","20.4768"
"964.76","0.82","25","20.4768"
"964.97","0.82","25","20.4768"
"965.18","0.82","25","20.4768"
"965.39","0.82","25","20.4768"
"965.6","0.82","25","20.4768"
"965.81","0.82","25","20.4768"
"966.01","0.82","25","20.4768"
"966.22","0.82","25","20.4768"
"966.43","0.82","25","20.4768"
"966.64","0.82","25","20.4768"
"966.85","0.82","25","20.4768"
"967.06","0.82","25","20.4768"
"967.26","0.82","25","20.4768"
"967.47","0.82","25","20.4768"
"967.68","0.82","25","20.4768"
"967.89","0.82","25","20.4768"
"968.1","0.82","25","20.4768"
"968.31","0.82","25","20.4768"
"968.51","0.82","25","20.4768"
"968.72","0.82","25","20.4768"
"968.93","0.82","25","20.4768"
"969.14","0.82","25","20.4768"
"969.35","0.82","25","20.4768"
"969.56","0.82","25","20.4768"
"969.76","0.82","25","20.4768"
"969.97","0.82","25","20.4768"
"970.18","0.8","20.49","16.412"
"970.39","0.79","19","15.0714"
"970.6","0.79","19","15.0714"
"970.81","0.79","19","15.0714"
"971.01","0.79","19","15.0714"
"971.22","0.79","19","15.0714"
"971.43","0.79","19","15.0714"
"971.64","0.8","19","15.1522"
"971.85","0.8","19","15.2486"
"972.06","0.8","19","15.2486"
"972.26","0.8","19","15.2486"
"972.47","0.8","19","15.2486"
"972.68","0.8","19","15.2486"
"972.89","0.8","19","15.2486"
"973.1","0.8","19","15.2486"
"973.31","0.8","19","15.2486"
"973.51","0.8","19","15.2486"
"973.72","0.8","19","15.2486"
"973.93","0.8","19","15.2486"
"974.14","0.8","19","15.2486"
"974.35","0.8","19","15.2486"
"974.56","0.8","19","15.2486"
"974.76","0.8","19","15.2486"
"974.97","0.81","19","15.3191"
"975.18","0.84","19","15.9057"
"975.39","0.84","19","15.9403"
"975.6","0.84","19","15.9403"
"975.81","0.84","19","15.9403"
"976.01","0.84","19","15.9403"
"976.22","0.84","19","15.9403"
"976.43","0.84","19","15.9403"
"976.64","0.84","19","15.9403"
"976.85","0.84","19","15.9403"
"977.06","0.84","19","15.9403"
"977.26","0.84","19","15.9403"
"977.47","0.84","19","15.9403"
"977.68","0.84","19","15.9403"
"977.89","0.84","19","15.9403"
"978.1","0.84","19","15.9403"
"978.31","0.84","19","15.9403"
"978.51","0.84","19","15.9403"
"978.72","0.84","19","15.9403"
"978.93","0.84","19","15.9403"
"979.14","0.84","19","15.9403"
"979.35","0.84","19","15.9403"
"979.56","0.84","19","15.9403"
"979.76","0.84","19","15.9403"
"979.97","0.84","19","15.9403"
"980.18","0.84","19","15.9403"
"980.39","0.84","19","15.9403"
"980.6","0.84","19","15.9403"
"980.81","0.84","19","15.9403"
"981.01","0.84","19","15.9403"
"981.22","0.82","18.05","14.7139"
"981.43","0.81","18","14.6521"
"981.64","0.81","18","14.6521"
"981.85","0.81","18","14.6521"
"982.06","0.81","18","14.6521"
"982.26","0.81","18","14.6521"
"982.47","0.81","18","14.6521"
"982.68","0.81","18","14.6521"
"982.89","0.81","18","14.6521"
"983.1","0.81","18","14.6521"
"983.31","0.81","18","14.6521"
"983.51","0.81","18","14.6521"
"983.72","0.81","18","14.6521"
"983.93","0.81","18","14.6521"
"984.14","0.81","18","14.6521"
"984.35","0.81","18","14.6521"
"984.56","0.81","18","14.6521"
"984.76","0.81","18","14.6521"
"984.97","0.81","18","14.6521"
"985.18","0.81","18","14.6521"
"985.39","0.81","18","14.6521"
"985.6","0.81","18","14.6521"
"985.81","0.81","18","14.6521"
"986.01","0.81","18","14.6521"
"986.22","0.81","18","14.6521"
"986.43","0.81","18","14.6521"
"986.64","0.81","18","14.6521"
"986.85","0.81","18","14.6521"
"987.06","0.81","18","14.6521"
"987.26","0.81","18","14.6521"
"987.47","0.81","18","14.6521"
"987.68","0.81","18","14.6521"
"987.89","0.81","18","14.6521"
"988.1","0.81","18","14.6521"
"988.31","0.81","18","14.6521"
"988.51","0.81","18","14.6521"
"988.72","0.81","18","14.6521"
"988.93","0.81","18","14.6521"
"989.14","0.81","18","14.6521"
"989.35","0.81","18","14.6521"
"989.56","0.81","18","14.6521"
"989.76","0.81","18","14.6543"
"989.97","0.82","18","14.6861"
"990.18","0.82","18","14.6983"
"990.39","0.82","18","14.6983"
"990.6","0.82","18","14.6983"
"990.81","0.82","18","14.6983"
"991.01","0.82","18","14.6983"
"991.22","0.82","18","14.6983"
"991.43","0.82","18","14.6983"
"991.64","0.82","18","14.6983"
"991.85","0.82","18","14.6983"
"992.06","0.8","17.54","14.141"
"992.26","0.74","15","11.0318"
"992.47","0.74","15","11.0318"
"992.68","0.74","15","11.0318"
"992.89","0.74","15","11.0318"
"993.1","0.74","15","11.0318"
"993.31","0.74","15","11.0318"
"993.51","0.74","15","11.0318"
"993.72","0.74","15","11.0318"
"993.93","0.74","15","11.0318"
"994.14","0.74","15","11.0318"
"994.35","0.74","15","11.0318"
"994.56","0.74","15","11.0318"
"994.76","0.74","15","11.0318"
"994.97","0.74","15","11.0318"
"995.18","0.74","15","11.0318"
"995.39","0.74","15","11.0318"
"995.6","0.74","15","11.0318"
"995.81","0.74","15","11.0318"
"996.01","0.74","15","11.0318"
"996.22","0.74","15","11.0318"
"996.43","0.74","15","11.0318"
"996.64","0.74","15","11.0318"
"996.85","0.74","15","11.0318"
"997.06","0.74","15","11.0318"
"997.26","0.74","15","11.0318"
"997.47","0.74","15","11.0318"
"997.68","0.74","15","11.0318"
"997.89","0.74","15","11.0318"
"998.1","0.74","15","11.0318"
"998.31","0.74","15","11.0318"
"998.51","0.74","15","11.0318"
"998.72","0.74","15","11.0318"
"998.93","0.74","15","11.0318"
"999.14","0.74","15","11.0318"
"999.35","0.74","15","11.0318"
"999.56","0.74","15","11.0318"
"999.76","0.74","15","11.0318"
"999.97","0.74","15","11.0318"
"1000.18","0.74","15","11.0318"
"1000.39","0.74","15","11.0318"
"1000.6","0.74","15","11.0318"
"1000.81","0.74","15","11.0318"
"1001.01","0.74","15","11.0318"
"1001.22","0.74","15","11.0318"
"1001.43","0.74","15","11.0318"
"1001.64","0.74","15","11.0318"
"1001.85","0.74","15","11.0318"
"1002.06","0.74","15","11.0318"
"1002.26","0.74","15","11.0318"
"1002.47","0.74","15","11.0318"
"1002.68","0.74","15","11.0318"
"1002.89","0.74","15","11.0318"
"1003.1","0.67","15","10.0828"
"1003.31","0.56","15","8.3357"
"1003.51","0.56","15","8.3357"
"1003.72","0.56","15","8.3357"
"1003.93","0.56","15","8.3357"
"1004.14","0.56","15","8.3357"
"1004.35","0.56","15","8.3357"
"1004.56","0.56","15","8.3357"
"1004.76","0.56","15","8.3357"
"1004.97","0.57","15","8.5322"
"1005.18","0.58","15","8.6816"
"1005.39","0.62","15","9.2793"
"1005.6","0.62","15","9.3733"
"1005.81","0.62","15","9.3733"
"1006.01","0.62","15","9.3733"
"1006.22","0.63","15","9.4799"
"1006.43","0.65","15","9.8064"
"1006.64","0.66","15","9.8922"
"1006.85","0.72","15","10.7835"
"1007.06","0.75","15","11.2722"
"1007.26","0.75","15","11.2722"
"1007.47","0.77","15","11.5517"
"1007.68","0.77","15","11.6181"
"1007.89","0.77","15","11.6181"
"1008.1","0.77","15","11.6181"
"1008.31","0.77","15","11.6181"
"1008.51","0.77","15","11.6181"
"1008.72","0.77","15","11.6181"
"1008.93","0.78","15","11.7121"
"1009.14","0.81","15","12.0885"
"1009.35","0.82","15","12.3098"
"1009.56","0.82","15","12.3098"
"1009.76","0.82","15","12.3098"
"1009.97","0.82","15","12.3098"
"1010.18","0.82","15","12.3098"
"1010.39","0.82","15","12.3098"
"1010.6","0.82","15","12.3098"
"1010.81","0.82","15","12.3098"
"1011.01","0.82","15","12.3098"
"1011.22","0.82","15","12.3098"
"1011.43","0.82","15","12.3098"
"1011.64","0.82","15","12.3098"
"1011.85","0.82","15","12.3098"
"1012.06","0.82","15","12.3098"
"1012.26","0.82","15","12.3098"
"1012.47","0.82","15","12.3098"
"1012.68","0.82","15","12.3098"
"1012.89","0.82","15","12.3098"
"1013.1","0.82","15","12.3098"
"1013.31","0.82","15","12.3098"
"1013.51","0.82","15","12.3098"
"1013.72","0.82","15","12.3098"
"1013.93","0.82","15","12.3098"
"1014.14","0.8","15","12.0459"
"1014.35","0.79","15","11.8317"
"1014.56","0.79","15","11.8317"
"1014.76","0.79","15","11.8317"
"1014.97","0.79","15","11.8317"
"1015.18","0.79","15","11.8317"
"1015.39","0.79","15","11.8317"
"1015.6","0.79","15","11.8317"
"1015.81","0.79","15","11.8317"
"1016.01","0.79","15","11.8317"
"1016.22","0.79","15","11.8317"
"1016.43","0.79","15","11.8317"
"1016.64","0.79","15","11.8317"
"1016.85","0.79","15","11.8317"
"1017.06","0.79","15","11.8317"
"1017.26","0.79","15","11.8317"
"1017.47","0.79","15","11.8317"
"1017.68","0.79","15","11.8317"
"1017.89","0.79","15","11.8317"
"1018.1","0.79","15","11.8317"
"1018.31","0.79","15","11.8317"
"1018.51","0.79","15","11.8317"
"1018.72","0.79","15","11.8317"
"1018.93","0.79","15","11.8317"
"1019.14","0.79","15","11.8317"
"1019.35","0.79","15","11.8317"
"1019.56","0.79","15","11.8317"
"1019.76","0.79","15","11.8317"
"1019.97","0.79","15","11.8317"
"1020.18","0.79","15","11.8317"
"1020.39","0.79","15","11.8317"
"1020.6","0.79","15","11.8317"
"1020.81","0.79","15","11.8317"
"1021.01","0.79","15","11.8317"
"1021.22","0.79","15","11.8317"
"1021.43","0.79","15","11.8317"
"1021.64","0.79","15","11.8317"
"1021.85","0.79","15","11.8317"
"1022.06","0.79","15","11.8317"
"1022.26","0.79","15","11.8601"
"1022.47","0.79","15.04","11.9394"
"1022.68","0.81","16","12.9431"
"1022.89","0.85","16","13.5207"
"1023.1","0.85","16","13.6729"
"1023.31","0.85","16","13.6729"
"1023.51","0.85","16","13.6729"
"1023.72","0.85","16","13.6729"
"1023.93","0.85","16","13.6729"
"1024.14","0.85","16","13.6729"
"1024.35","0.86","16","13.7044"
"1024.56","0.86","16","13.7887"
"1024.76","0.86","16","13.7887"
"1024.97","0.86","16","13.7887"
"1025.18","0.84","16","13.3985"
"1025.39","0.83","16","13.2699"
"1025.6","0.83","16","13.2699"
"1025.81","0.83","16","13.2699"
"1026.01","0.83","16","13.2699"
"1026.22","0.83","16","13.3085"
"1026.43","0.83","16","13.3085"
"1026.64","0.83","16","13.3085"
"1026.85","0.83","16","13.3085"
"1027.06","0.83","16","13.3085"
"1027.26","0.83","16","13.3085"
"1027.47","0.83","16","13.3085"
"1027.68","0.83","16","13.3085"
"1027.89","0.83","16","13.3085"
"1028.1","0.83","16","13.3085"
"1028.31","0.83","16","13.3085"
"1028.51","0.83","16","13.3085"
"1028.72","0.83","16","13.3085"
"1028.93","0.83","16","13.3085"
"1029.14","0.83","16","13.3085"
"1029.35","0.83","16","13.3085"
"1029.56","0.83","16","13.3085"
"1029.76","0.83","16","13.3085"
"1029.97","0.83","16","13.3085"
"1030.18","0.83","16","13.3085"
"1030.39","0.83","16","13.3085"
"1030.6","0.83","16","13.3085"
"1030.81","0.83","16","13.3085"
"1031.01","0.86","16","13.7069"
"1031.22","0.86","16","13.8273"
"1031.43","0.86","16","13.8273"
"1031.64","0.86","16","13.8273"
"1031.85","0.86","16","13.8273"
"1032.06","0.85","16.44","13.9034"
"1032.26","0.82","17","14.0002"
"1032.47","0.82","17","14.0002"
"1032.68","0.83","17","14.0777"
"1032.89","0.84","17","14.3461"
"1033.1","0.84","17","14.3461"
"1033.31","0.83","17.63","14.7155"
"1033.51","0.83","18","14.8649"
"1033.72","0.83","18","14.8649"
"1033.93","0.83","18","14.8649"
"1034.14","0.83","18","14.8649"
"1034.35","0.83","18","14.8649"
"1034.56","0.83","18","14.8649"
"1034.76","0.83","18","14.8649"
"1034.97","0.83","18","14.8649"
"1035.18","0.83","18","14.8649"
"1035.39","0.83","18","14.8649"
"1035.6","0.83","18","14.8649"
"1035.81","0.83","18","14.8649"
"1036.01","0.83","18","14.8649"
"1036.22","0.8","18","14.3343"
"1036.43","0.79","18","14.3075"
"1036.64","0.79","18","14.3075"
"1036.85","0.79","18","14.3075"
"1037.06","0.79","18","14.3075"
"1037.26","0.79","18","14.3075"
"1037.47","0.79","18","14.3075"
"1037.68","0.79","18","14.3075"
"1037.89","0.79","18","14.3075"
"1038.1","0.79","18","14.3075"
"1038.31","0.79","18","14.3075"
"1038.51","0.79","18","14.3075"
"1038.72","0.79","18","14.3075"
"1038.93","0.79","18","14.3075"
"1039.14","0.79","18","14.3075"
"1039.35","0.79","18","14.3075"
"1039.56","0.79","18","14.3075"
"1039.76","0.79","18","14.3075"
"1039.97","0.79","18","14.3075"
"1040.18","0.79","18","14.3075"
"1040.39","0.79","18","14.3075"
"1040.6","0.79","18","14.3075"
"1040.81","0.79","18","14.3075"
"1041.01","0.79","18","14.3075"
"1041.22","0.79","18","14.3075"
"1041.43","0.79","18","14.3075"
"1041.64","0.79","18","14.3075"
"1041.85","0.79","18","14.3075"
"1042.06","0.79","18","14.3075"
"1042.26","0.79","18","14.3075"
"1042.47","0.79","18","14.3075"
"1042.68","0.79","18","14.3075"
"1042.89","0.79","18","14.3075"
"1043.1","0.79","18","14.3075"
"1043.31","0.79","18","14.3075"
"1043.51","0.79","18","14.3075"
"1043.72","0.79","18","14.3075"
"1043.93","0.79","18","14.3075"
"1044.14","0.79","18","14.3075"
"1044.35","0.79","18","14.3075"
"1044.56","0.79","18","14.3075"
"1044.76","0.79","18","14.3075"
"1044.97","0.79","18","14.3075"
"1045.18","0.79","18","14.3075"
"1045.39","0.79","18","14.3075"
"1045.6","0.79","18","14.3075"
"1045.81","0.79","18","14.3075"
"1046.01","0.79","18","14.3075"
"1046.22","0.79","18","14.3075"
"1046.43","0.79","18","14.3075"
"1046.64","0.79","18","14.3075"
"1046.85","0.79","18","14.3075"
"1047.06","0.79","18","14.1789"
"1047.26","0.75","18","13.4614"
"1047.47","0.75","18","13.4614"
"1047.68","0.75","18","13.4614"
"1047.89","0.75","18","13.4614"
"1048.1","0.75","18","13.4614"
"1048.31","0.75","18","13.4614"
"1048.51","0.75","18","13.4614"
"1048.72","0.75","18","13.4614"
"1048.93","0.75","18","13.4614"
"1049.14","0.75","18","13.4614"
"1049.35","0.75","18","13.4614"
"1049.56","0.75","18","13.4614"
"1049.76","0.75","18","13.4614"
"1049.97","0.75","18","13.5294"
"1050.18","0.78","18","13.9614"
"1050.39","0.78","18","13.9614"
"1050.6","0.78","18","13.9614"
"1050.81","0.78","18","13.9774"
"1051.01","0.78","18","14.1155"
"1051.22","0.78","18","14.1155"
"1051.43","0.78","18","14.1155"
"1051.64","0.78","18","14.1155"
"1051.85","0.78","18","14.1155"
"1052.06","0.78","18","14.1155"
"1052.26","0.78","18","14.1155"
"1052.47","0.78","18","14.1155"
"1052.68","0.78","18","14.1155"
"1052.89","0.78","18","14.1155"
"1053.1","0.78","18","14.1155"
"1053.31","0.78","18","14.1155"
"1053.51","0.78","18","14.1155"
"1053.72","0.78","18","14.1155"
"1053.93","0.78","18","14.1155"
"1054.14","0.78","18","14.1155"
"1054.35","0.78","18","14.1155"
"1054.56","0.78","18","14.1155"
"1054.76","0.78","18","14.1155"
"1054.97","0.78","18","14.1155"
"1055.18","0.78","18","14.1155"
"1055.39","0.78","18","14.1155"
"1055.6","0.78","18","14.1155"
"1055.81","0.78","18","14.1155"
"1056.01","0.78","18","14.1155"
"1056.22","0.78","18","14.1155"
"1056.43","0.78","18","14.1155"
"1056.64","0.8","18","14.3615"
"1056.85","0.8","18","14.3655"
"1057.06","0.8","18","14.3655"
"1057.26","0.8","18","14.3655"
"1057.47","0.8","18","14.3655"
"1057.68","0.8","18","14.3655"
"1057.89","0.8","18","14.3655"
"1058.1","0.79","17.65","13.9394"
"1058.31","0.77","17","13.1549"
"1058.51","0.77","17","13.1549"
"1058.72","0.77","17","13.1549"
"1058.93","0.77","17","13.1549"
"1059.14","0.77","17","13.1549"
"1059.35","0.77","17","13.1549"
"1059.56","0.77","17","13.1549"
"1059.76","0.77","17","13.1549"
"1059.97","0.77","17","13.1549"
"1060.18","0.77","17","13.1549"
"1060.39","0.77","17","13.1549"
"1060.6","0.77","17","13.1549"
"1060.81","0.77","17","13.1549"
"1061.01","0.77","17","13.1549"
"1061.22","0.77","17","13.1549"
"1061.43","0.77","17","13.1549"
"1061.64","0.77","17","13.1549"
"1061.85","0.77","17","13.1549"
"1062.06","0.77","17","13.1549"
"1062.26","0.77","17","13.1549"
"1062.47","0.77","17","13.1549"
"1062.68","0.77","17","13.1549"
"1062.89","0.77","17","13.1549"
"1063.1","0.77","17","13.1549"
"1063.31","0.77","17","13.1549"
"1063.51","0.77","17","13.1549"
"1063.72","0.77","17","13.1549"
"1063.93","0.77","17","13.1549"
"1064.14","0.77","17","13.1549"
"1064.35","0.77","17","13.1549"
"1064.56","0.77","17","13.1549"
"1064.76","0.77","17","13.1549"
"1064.97","0.77","17","13.1549"
"1065.18","0.77","17","13.1549"
"1065.39","0.77","17","13.1549"
"1065.6","0.77","17","13.1549"
"1065.81","0.77","17","13.1549"
"1066.01","0.77","17","13.1549"
"1066.22","0.77","17","13.1549"
"1066.43","0.77","17","13.1549"
"1066.64","0.77","17","13.1549"
"1066.85","0.77","17","13.1549"
"1067.06","0.77","17","13.1549"
"1067.26","0.77","17","13.1549"
"1067.47","0.77","17","13.1549"
"1067.68","0.77","17","13.1549"
"1067.89","0.77","17","13.1549"
"1068.1","0.77","17","13.1549"
"1068.31","0.77","17","13.1549"
"1068.51","0.77","17","13.1549"
"1068.72","0.77","17","13.1549"
"1068.93","0.77","17","13.1549"
"1069.14","0.81","15.34","12.4243"
"1069.35","0.85","14","11.8313"
"1069.56","0.85","14","11.8313"
"1069.76","0.85","14","11.8313"
"1069.97","0.85","14","11.8313"
"1070.18","0.85","14","11.8313"
"1070.39","0.85","14","11.8313"
"1070.6","0.85","14","11.8313"
"1070.81","0.85","14","11.8313"
"1071.01","0.85","14","11.8313"
"1071.22","0.85","14","11.8313"
"1071.43","0.85","14","11.8313"
"1071.64","0.85","14","11.8313"
"1071.85","0.85","14","11.8313"
"1072.06","0.85","14","11.8313"
"1072.26","0.85","14","11.8313"
"1072.47","0.85","14","11.8313"
"1072.68","0.85","14","11.8313"
"1072.89","0.85","14","11.8313"
"1073.1","0.85","14","11.8313"
"1073.31","0.84","14.06","11.8699"
"1073.51","0.85","15","12.6856"
"1073.72","0.85","15","12.6926"
"1073.93","0.86","15","12.8558"
"1074.14","0.84","15.65","13.0896"
"1074.35","0.83","16","13.2114"
"1074.56","0.83","16","13.2114"
"1074.76","0.83","16","13.2114"
"1074.97","0.83","16","13.2114"
"1075.18","0.83","16","13.2114"
"1075.39","0.83","16","13.2114"
"1075.6","0.83","16","13.2114"
"1075.81","0.83","16","13.2114"
"1076.01","0.83","16","13.2114"
"1076.22","0.83","16","13.2114"
"1076.43","0.83","16","13.2114"
"1076.64","0.83","16","13.2114"
"1076.85","0.83","16","13.2114"
"1077.06","0.83","16","13.2274"
"1077.26","0.86","16","13.6809"
"1077.47","0.87","16","13.8843"
"1077.68","0.87","16","13.8843"
"1077.89","0.87","16","13.8843"
"1078.1","0.87","16","13.8843"
"1078.31","0.87","16","13.8843"
"1078.51","0.87","16","13.8843"
"1078.72","0.87","16","13.8843"
"1078.93","0.87","16","13.8843"
"1079.14","0.87","16","13.8843"
"1079.35","0.87","16","13.8843"
"1079.56","0.87","16","13.8843"
"1079.76","0.87","16","13.8843"
"1079.97","0.87","16","13.8843"
"1080.18","0.84","16","13.3641"
"1080.39","0.82","16","13.1926"
"1080.6","0.82","16","13.1926"
"1080.81","0.82","16","13.1926"
"1081.01","0.82","16","13.1926"
"1081.22","0.82","16","13.1926"
"1081.43","0.82","16","13.1926"
"1081.64","0.82","16","13.1926"
"1081.85","0.82","16","13.1926"
"1082.06","0.82","16","13.1926"
"1082.26","0.82","16","13.1926"
"1082.47","0.82","16","13.1926"
"1082.68","0.82","16","13.1926"
"1082.89","0.82","16","13.1926"
"1083.1","0.82","16","13.1926"
"1083.31","0.82","16","13.1926"
"1083.51","0.82","16","13.1926"
"1083.72","0.82","16","13.1926"
"1083.93","0.82","16","13.1926"
"1084.14","0.82","16","13.1926"
"1084.35","0.82","16","13.1926"
"1084.56","0.82","16","13.1926"
"1084.76","0.82","16","13.1926"
"1084.97","0.82","16","13.1926"
"1085.18","0.82","16","13.1926"
"1085.39","0.82","16","13.1926"
"1085.6","0.82","16","13.1926"
"1085.81","0.82","16","13.1926"
"1086.01","0.82","16","13.1926"
"1086.22","0.82","16","13.1926"
"1086.43","0.82","16","13.1926"
"1086.64","0.82","16","13.1926"
"1086.85","0.82","16","13.1926"
"1087.06","0.82","16","13.1926"
"1087.26","0.82","16","13.1926"
"1087.47","0.82","16","13.1926"
"1087.68","0.82","16","13.1926"
"1087.89","0.82","16","13.1926"
"1088.1","0.82","16","13.1926"
"1088.31","0.82","16","13.1926"
"1088.51","0.82","16","13.1926"
"1088.72","0.82","16","13.1926"
"1088.93","0.82","16","13.1926"
"1089.14","0.82","16","13.1926"
"1089.35","0.82","16","13.1926"
"1089.56","0.82","16","13.1926"
"1089.76","0.82","16","13.1926"
"1089.97","0.82","16","13.1926"
"1090.18","0.82","16","13.1926"
"1090.39","0.82","16","13.1926"
"1090.6","0.82","16","13.1926"
"1090.81","0.82","16","13.1926"
"1091.01","0.82","16","13.1926"
"1091.22","0.75","15.05","11.3033"
"1091.43","0.75","15","11.208"
"1091.64","0.75","15","11.208"
"1091.85","0.75","15","11.208"
"1092.06","0.75","15","11.208"
"1092.26","0.75","15","11.208"
"1092.47","0.75","15","11.208"
"1092.68","0.75","15","11.208"
"1092.89","0.75","15","11.208"
"1093.1","0.75","15","11.208"
"1093.31","0.75","15","11.208"
"1093.51","0.75","15","11.208"
"1093.72","0.75","15","11.208"
"1093.93","0.75","15","11.2371"
"1094.14","0.75","15","11.2466"
"1094.35","0.75","15","11.2466"
"1094.56","0.75","15","11.2466"
"1094.76","0.75","15","11.2466"
"1094.97","0.75","15","11.2466"
"1095.18","0.75","15","11.2497"
"1095.39","0.75","15","11.2852"
"1095.6","0.75","15","11.2852"
"1095.81","0.75","15","11.2852"
"1096.01","0.75","15","11.2852"
"1096.22","0.75","15","11.2852"
"1096.43","0.75","15","11.3235"
"1096.64","0.76","15","11.3525"
"1096.85","0.76","15","11.3723"
"1097.06","0.76","15","11.401"
"1097.26","0.76","15","11.401"
"1097.47","0.76","15","11.401"
"1097.68","0.76","15","11.401"
"1097.89","0.76","15","11.401"
"1098.1","0.76","15","11.401"
"1098.31","0.76","15","11.401"
"1098.51","0.76","15","11.401"
"1098.72","0.76","15","11.401"
"1098.93","0.76","15","11.401"
"1099.14","0.76","15","11.401"
"1099.35","0.76","15","11.401"
"1099.56","0.76","15","11.401"
"1099.76","0.76","15","11.401"
"1099.97","0.76","15","11.401"
"1100.18","0.76","15","11.401"
"1100.39","0.76","15","11.401"
"1100.6","0.76","15","11.401"
"1100.81","0.76","15","11.401"
"1101.01","0.76","15","11.401"
"1101.22","0.76","15","11.401"
"1101.43","0.76","15","11.401"
"1101.64","0.76","15","11.401"
"1101.85","0.76","15","11.401"
"1102.06","0.75","14.7","11.0593"
"1102.26","0.7","13","9.1528"
"1102.47","0.7","13","9.1528"
"1102.68","0.7","13","9.1528"
"1102.89","0.7","13","9.1528"
"1103.1","0.72","13","9.3288"
"1103.31","0.72","13","9.3643"
"1103.51","0.72","13","9.3643"
"1103.72","0.72","13","9.3643"
"1103.93","0.72","13","9.3643"
"1104.14","0.72","13","9.3643"
"1104.35","0.72","13","9.3643"
"1104.56","0.72","13","9.3643"
"1104.76","0.72","13","9.3643"
"1104.97","0.72","13","9.3643"
"1105.18","0.72","13","9.3643"
"1105.39","0.72","13","9.3643"
"1105.6","0.72","13","9.3643"
"1105.81","0.72","13","9.3643"
"1106.01","0.72","13","9.3643"
"1106.22","0.72","13","9.3643"
"1106.43","0.72","13","9.3668"
"1106.64","0.77","13","10.072"
"1106.85","0.79","13","10.2646"
"1107.06","0.8","13","10.3762"
"1107.26","0.8","13","10.383"
"1107.47","0.8","13","10.383"
"1107.68","0.8","13","10.383"
"1107.89","0.8","13","10.383"
"1108.1","0.8","13","10.383"
"1108.31","0.8","13","10.383"
"1108.51","0.8","13","10.383"
"1108.72","0.8","13","10.383"
"1108.93","0.8","13","10.383"
"1109.14","0.8","13","10.383"
"1109.35","0.8","13","10.383"
"1109.56","0.8","13","10.383"
"1109.76","0.8","13","10.383"
"1109.97","0.8","13","10.383"
"1110.18","0.8","13","10.383"
"1110.39","0.8","13","10.383"
"1110.6","0.8","13","10.383"
"1110.81","0.8","13","10.383"
"1111.01","0.8","13","10.383"
"1111.22","0.8","13","10.383"
"1111.43","0.8","13","10.383"
"1111.64","0.8","13","10.383"
"1111.85","0.8","13","10.383"
"1112.06","0.8","13","10.383"
"1112.26","0.8","13","10.383"
"1112.47","0.8","13","10.383"
"1112.68","0.8","13","10.383"
"1112.89","0.8","13","10.383"
"1113.1","0.79","13","10.2339"
"1113.31","0.77","13","9.9592"
"1113.51","0.77","13","9.9592"
"1113.72","0.77","13","9.9592"
"1113.93","0.77","13","9.9592"
"1114.14","0.77","13","9.9592"
"1114.35","0.77","13","9.9592"
"1114.56","0.77","13","9.9592"
"1114.76","0.77","13","9.9592"
"1114.97","0.77","13","9.9592"
"1115.18","0.77","13","9.9592"
"1115.39","0.77","13","9.9592"
"1115.6","0.77","13","9.9592"
"1115.81","0.77","13","9.9592"
"1116.01","0.77","13","9.9592"
"1116.22","0.77","13","9.9592"
"1116.43","0.77","13","9.9592"
"1116.64","0.77","13","9.9592"
"1116.85","0.77","13","9.9592"
"1117.06","0.77","13","9.9592"
"1117.26","0.77","13","9.9592"
"1117.47","0.77","13","9.9592"
"1117.68","0.77","13","9.9592"
"1117.89","0.77","13","9.9592"
"1118.1","0.77","13","9.9592"
"1118.31","0.77","13","9.9592"
"1118.51","0.77","13","9.9592"
"1118.72","0.77","13","9.9592"
"1118.93","0.77","13","9.9592"
"1119.14","0.77","13","9.9592"
"1119.35","0.77","13","9.9592"
"1119.56","0.77","13","9.9592"
"1119.76","0.77","13","9.9592"
"1119.97","0.77","13","9.9592"
"1120.18","0.77","13","9.9592"
"1120.39","0.77","13","9.9592"
"1120.6","0.77","13","9.9592"
"1120.81","0.77","13","9.9592"
"1121.01","0.77","13","9.9592"
"1121.22","0.77","13","9.9592"
"1121.43","0.77","13","9.9592"
"1121.64","0.77","13","9.9592"
"1121.85","0.77","13","9.9592"
"1122.06","0.77","13","9.9592"
"1122.26","0.77","13","9.9592"
"1122.47","0.77","13","9.9592"
"1122.68","0.77","13","9.9592"
"1122.89","0.77","13","9.9592"
"1123.1","0.77","13","9.9592"
"1123.31","0.77","13","9.9592"
"1123.51","0.77","13","9.9592"
"1123.72","0.77","13","9.9592"
"1123.93","0.77","13","9.9592"
"1124.14","0.8","11.9","9.4606"
"1124.35","0.82","11","9.056"
"1124.56","0.82","11","9.056"
"1124.76","0.82","11","9.056"
"1124.97","0.82","11","9.056"
"1125.18","0.83","11","9.0848"
"1125.39","0.83","11","9.0943"
"1125.6","0.83","11","9.0943"
"1125.81","0.83","11","9.0943"
"1126.01","0.83","11","9.0943"
"1126.22","0.83","11","9.0943"
"1126.43","0.83","11","9.0943"
"1126.64","0.83","11","9.0943"
"1126.85","0.83","11","9.0943"
"1127.06","0.83","11","9.0943"
"1127.26","0.83","11","9.0943"
"1127.47","0.83","11","9.0943"
"1127.68","0.83","11","9.0943"
"1127.89","0.83","11","9.0943"
"1128.1","0.83","11","9.0943"
"1128.31","0.83","11","9.0943"
"1128.51","0.83","11","9.0943"
"1128.72","0.83","11","9.0943"
"1128.93","0.83","11","9.0943"
"1129.14","0.83","11","9.0943"
"1129.35","0.83","11","9.0943"
"1129.56","0.83","11","9.0943"
"1129.76","0.83","11","9.0943"
"1129.97","0.83","11","9.0943"
"1130.18","0.83","11","9.0943"
"1130.39","0.83","11","9.0943"
"1130.6","0.83","11","9.0943"
"1130.81","0.83","11","9.0943"
"1131.01","0.83","11","9.0943"
"1131.22","0.83","11","9.0943"
"1131.43","0.83","11","9.0943"
"1131.64","0.83","11","9.0943"
"1131.85","0.83","11","9.0943"
"1132.06","0.83","11","9.0943"
"1132.26","0.83","11","9.0943"
"1132.47","0.83","11","9.0943"
"1132.68","0.83","11","9.0943"
"1132.89","0.83","11","9.0943"
"1133.1","0.83","11","9.0943"
"1133.31","0.83","11","9.0943"
"1133.51","0.83","11","9.0943"
"1133.72","0.83","11","9.0943"
"1133.93","0.83","11","9.0943"
"1134.14","0.83","11","9.0943"
"1134.35","0.83","11","9.0943"
"1134.56","0.83","11","9.0943"
"1134.76","0.83","11","9.0943"
"1134.97","0.83","11","9.0943"
"1135.18","0.86","10.25","8.8427"
"1135.39","0.88","10","8.7597"
"1135.6","0.88","10","8.7597"
"1135.81","0.88","10","8.7597"
"1136.01","0.88","10","8.7597"
"1136.22","0.88","10","8.7817"
"1136.43","0.88","10","8.7828"
"1136.64","0.88","10","8.7828"
"1136.85","0.88","10","8.7828"
"1137.06","0.88","10","8.7828"
"1137.26","0.88","10","8.7828"
"1137.47","0.88","10","8.7828"
"1137.68","0.88","10","8.7828"
"1137.89","0.88","10","8.7828"
"1138.1","0.88","10","8.7828"
"1138.31","0.88","10","8.7828"
"1138.51","0.88","10","8.7828"
"1138.72","0.88","10","8.7828"
"1138.93","0.88","10","8.7828"
"1139.14","0.88","10","8.7828"
"1139.35","0.88","10","8.7828"
"1139.56","0.88","10","8.7828"
"1139.76","0.88","10","8.7828"
"1139.97","0.88","10","8.7828"
"1140.18","0.88","10","8.7828"
"1140.39","0.88","10","8.7828"
"1140.6","0.88","10","8.7828"
"1140.81","0.88","10","8.7828"
"1141.01","0.88","10","8.7828"
"1141.22","0.88","10","8.7828"
"1141.43","0.88","10","8.7828"
"1141.64","0.88","10","8.7828"
"1141.85","0.88","10","8.7828"
"1142.06","0.88","10","8.7828"
"1142.26","0.88","10","8.7828"
"1142.47","0.88","10","8.7828"
"1142.68","0.88","10","8.7828"
"1142.89","0.88","10","8.7828"
"1143.1","0.88","10","8.7927"
"1143.31","0.88","10","8.8076"
"1143.51","0.88","10","8.8076"
"1143.72","0.88","10","8.8076"
"1143.93","0.88","10","8.8274"
"1144.14","0.88","10","8.8462"
"1144.35","0.88","10","8.8462"
"1144.56","0.89","10","8.8781"
"1144.76","0.89","10","8.8828"
"1144.97","0.89","10","8.8828"
"1145.18","0.89","10","8.8828"
"1145.39","0.89","10","8.8828"
"1145.6","0.89","10","8.8828"
"1145.81","0.89","10","8.8828"
"1146.01","0.89","10","8.8828"
"1146.22","0.82","10","8.2242"
"1146.43","0.82","10","8.191"
"1146.64","0.82","10","8.191"
"1146.85","0.82","10","8.191"
"1147.06","0.82","10","8.191"
"1147.26","0.82","10","8.191"
"1147.47","0.82","10","8.191"
"1147.68","0.82","10","8.191"
"1147.89","0.82","10","8.191"
"1148.1","0.82","10","8.191"
"1148.31","0.82","10","8.191"
"1148.51","0.82","10","8.191"
"1148.72","0.82","10","8.191"
"1148.93","0.82","10","8.191"
"1149.14","0.82","10","8.191"
"1149.35","0.82","10","8.191"
"1149.56","0.82","10","8.191"
"1149.76","0.82","10","8.191"
"1149.97","0.82","10","8.191"
"1150.18","0.82","10","8.191"
"1150.39","0.82","10","8.2086"
"1150.6","0.83","10","8.2624"
"1150.81","0.83","10","8.3068"
"1151.01","0.83","10","8.3179"
"1151.22","0.83","10","8.3454"
"1151.43","0.83","10","8.3454"
"1151.64","0.83","10","8.3454"
"1151.85","0.83","10","8.3454"
"1152.06","0.83","10","8.3454"
"1152.26","0.83","10","8.3454"
"1152.47","0.83","10","8.3454"
"1152.68","0.83","10","8.3454"
"1152.89","0.83","10","8.3454"
"1153.1","0.83","10","8.3454"
"1153.31","0.83","10","8.3454"
"1153.51","0.83","10","8.3454"
"1153.72","0.83","10","8.3454"
"1153.93","0.83","10","8.3454"
"1154.14","0.86","10.19","8.7646"
"1154.35","0.84","12.59","10.5466"
"1154.56","0.83","13","10.7665"
"1154.76","0.83","13","10.7665"
"1154.97","0.83","13","10.7665"
"1155.18","0.83","13","10.7665"
"1155.39","0.83","13","10.7665"
"1155.6","0.83","13","10.7665"
"1155.81","0.83","13.58","11.2784"
"1156.01","0.82","14","11.5164"
"1156.22","0.82","15.13","12.4627"
"1156.43","0.8","17","13.5335"
"1156.64","0.81","17","13.8394"
"1156.85","0.82","17","13.8603"
"1157.06","0.82","17","13.8603"
"1157.26","0.82","17","13.8603"
"1157.47","0.82","17","13.8603"
"1157.68","0.82","17","13.8603"
"1157.89","0.82","17","13.8603"
"1158.1","0.81","17.98","14.5189"
"1158.31","0.81","18","14.5521"
"1158.51","0.81","18","14.5521"
"1158.72","0.81","18","14.5521"
"1158.93","0.81","18","14.5521"
"1159.14","0.81","18","14.5521"
"1159.35","0.81","18","14.5521"
"1159.56","0.81","18","14.5521"
"1159.76","0.81","18","14.5521"
"1159.97","0.81","18","14.5521"
"1160.18","0.81","18","14.5521"
"1160.39","0.81","18","14.5521"
"1160.6","0.81","18","14.5521"
"1160.81","0.81","18","14.5521"
"1161.01","0.81","18","14.5521"
"1161.22","0.81","18","14.5521"
"1161.43","0.81","18","14.5521"
"1161.64","0.81","18","14.5521"
"1161.85","0.81","18","14.5521"
"1162.06","0.81","18","14.5521"
"1162.26","0.81","18","14.5521"
"1162.47","0.81","18","14.5521"
"1162.68","0.81","18","14.5521"
"1162.89","0.81","18","14.5521"
"1163.1","0.81","18","14.5521"
"1163.31","0.81","18","14.5521"
"1163.51","0.81","18","14.5521"
"1163.72","0.81","18","14.5521"
"1163.93","0.81","18","14.5521"
"1164.14","0.81","18","14.5521"
"1164.35","0.81","18","14.5521"
"1164.56","0.81","18","14.5521"
"1164.76","0.81","18","14.5521"
"1164.97","0.81","18","14.5521"
"1165.18","0.81","18","14.5521"
"1165.39","0.81","18","14.5521"
"1165.6","0.81","18","14.5521"
"1165.81","0.81","18","14.5521"
"1166.01","0.81","18","14.5521"
"1166.22","0.81","18","14.5521"
"1166.43","0.81","18","14.5521"
"1166.64","0.81","18","14.5521"
"1166.85","0.81","18","14.5521"
"1167.06","0.81","18","14.5521"
"1167.26","0.81","18","14.5521"
"1167.47","0.81","18","14.5521"
"1167.68","0.81","18","14.5521"
"1167.89","0.81","18","14.5521"
"1168.1","0.81","17.65","14.3086"
"1168.31","0.82","17","13.8603"
"1168.51","0.82","17","13.9252"
"1168.72","0.82","17","13.9943"
"1168.93","0.82","17","14.0147"
"1169.14","0.82","17","14.0147"
"1169.35","0.82","17","14.0147"
"1169.56","0.82","17","14.0147"
"1169.76","0.82","17","14.0147"
"1169.97","0.82","17","14.0147"
"1170.18","0.83","17","14.053"
"1170.39","0.83","17","14.0533"
"1170.6","0.83","17","14.0539"
"1170.81","0.83","17","14.1293"
"1171.01","0.83","17","14.1305"
"1171.22","0.83","17","14.1907"
"1171.43","0.84","17","14.2463"
"1171.64","0.84","17","14.2463"
"1171.85","0.84","17","14.2463"
"1172.06","0.84","17","14.2463"
"1172.26","0.84","17","14.2778"
"1172.47","0.84","17","14.2849"
"1172.68","0.84","17","14.2849"
"1172.89","0.84","17","14.2849"
"1173.1","0.84","17","14.2849"
"1173.31","0.84","17","14.2849"
"1173.51","0.84","17","14.2849"
"1173.72","0.84","17","14.2849"
"1173.93","0.84","17","14.2849"
"1174.14","0.84","17","14.2849"
"1174.35","0.84","17","14.2849"
"1174.56","0.84","17","14.2849"
"1174.76","0.84","17","14.2849"
"1174.97","0.84","17","14.2849"
"1175.18","0.84","17","14.2849"
"1175.39","0.84","17","14.2849"
"1175.6","0.84","17","14.2849"
"1175.81","0.84","17","14.2849"
"1176.01","0.84","17","14.2849"
"1176.22","0.84","17","14.2849"
"1176.43","0.84","17","14.2849"
"1176.64","0.84","17","14.2849"
"1176.85","0.84","17","14.2849"
"1177.06","0.84","17","14.2849"
"1177.26","0.84","17","14.2849"
"1177.47","0.84","17","14.2849"
"1177.68","0.84","17","14.2849"
"1177.89","0.84","17","14.2849"
"1178.1","0.84","17","14.2849"
"1178.31","0.84","17","14.2849"
"1178.51","0.84","17","14.2849"
"1178.72","0.84","17","14.2849"
"1178.93","0.84","17","14.2849"
"1179.14","0.83","17","14.094"
"1179.35","0.82","17","13.939"
"1179.56","0.82","17","13.939"
"1179.76","0.82","17","13.939"
"1179.97","0.82","17","13.9488"
"1180.18","0.82","17","13.9621"
"1180.39","0.82","17","13.9804"
"1180.6","0.82","17","13.9852"
"1180.81","0.82","17","13.9852"
"1181.01","0.82","17","13.9852"
"1181.22","0.82","17","13.9917"
"1181.43","0.82","17","14.0084"
"1181.64","0.82","17","14.0084"
"1181.85","0.82","17","14.0084"
"1182.06","0.82","17","14.0084"
"1182.26","0.82","17","14.0084"
"1182.47","0.82","17","14.0084"
"1182.68","0.82","17","14.0084"
"1182.89","0.82","17","14.0084"
"1183.1","0.82","17","14.0084"
"1183.31","0.82","17","14.0084"
"1183.51","0.82","17","14.0084"
"1183.72","0.82","17","14.0084"
"1183.93","0.82","17","14.0084"
"1184.14","0.82","17","14.0084"
"1184.35","0.82","17","14.0084"
"1184.56","0.82","17","14.0084"
"1184.76","0.82","17","14.0124"
"1184.97","0.83","17","14.0929"
"1185.18","0.83","17","14.0929"
"1185.39","0.83","17","14.1261"
"1185.6","0.84","17","14.2468"
"1185.81","0.84","17","14.2468"
"1186.01","0.84","17","14.2468"
"1186.22","0.84","17","14.2468"
"1186.43","0.84","17","14.2468"
"1186.64","0.84","17","14.2468"
"1186.85","0.84","17","14.2468"
"1187.06","0.84","17","14.2468"
"1187.26","0.84","17","14.2468"
"1187.47","0.84","17","14.2468"
"1187.68","0.84","17","14.2468"
"1187.89","0.84","17","14.2578"
"1188.1","0.85","17","14.4006"
"1188.31","0.85","17","14.4006"
"1188.51","0.85","17","14.4006"
"1188.72","0.85","17","14.4006"
"1188.93","0.85","17","14.4006"
"1189.14","0.85","17","14.4006"
"1189.35","0.85","17","14.4006"
"1189.56","0.85","17","14.4006"
"1189.76","0.85","17","14.4006"
"1189.97","0.85","17","14.4006"
"1190.18","0.77","16.25","12.5219"
"1190.39","0.74","16","11.9023"
"1190.6","0.74","16","11.9023"
"1190.81","0.74","16","11.9023"
"1191.01","0.74","16","11.9023"
"1191.22","0.74","16","11.9023"
"1191.43","0.74","16","11.9023"
"1191.64","0.74","16","11.9023"
"1191.85","0.74","16","11.9023"
"1192.06","0.74","16","11.9023"
"1192.26","0.74","16","11.9023"
"1192.47","0.74","16","11.9023"
"1192.68","0.74","16","11.9023"
"1192.89","0.74","16","11.9023"
"1193.1","0.74","16","11.9023"
"1193.31","0.74","16","11.9023"
"1193.51","0.74","16","11.9023"
"1193.72","0.74","16","11.9023"
"1193.93","0.74","16","11.9023"
"1194.14","0.74","16","11.9023"
"1194.35","0.74","16","11.9023"
"1194.56","0.74","16","11.9023"
"1194.76","0.74","16","11.9023"
"1194.97","0.74","16","11.9023"
"1195.18","0.74","16","11.9023"
"1195.39","0.74","16","11.9023"
"1195.6","0.74","16","11.9023"
"1195.81","0.74","16","11.9023"
"1196.01","0.74","16","11.9023"
"1196.22","0.74","16","11.9023"
"1196.43","0.74","16","11.9023"
"1196.64","0.74","16","11.9023"
"1196.85","0.74","16","11.9023"
"1197.06","0.74","16","11.9023"
"1197.26","0.74","16","11.9023"
"1197.47","0.74","16","11.9023"
"1197.68","0.74","16","11.9023"
"1197.89","0.74","16","11.9023"
"1198.1","0.74","16","11.9023"
"1198.31","0.74","16","11.9023"
"1198.51","0.74","16","11.9023"
"1198.72","0.74","16","11.9023"
"1198.93","0.74","16","11.9023"
"1199.14","0.74","16","11.9023"
"1199.35","0.74","16","11.9023"
"1199.56","0.74","16","11.9023"
"1199.76","0.74","16","11.9023"
"1199.97","0.74","16","11.9023"
"1200.18","0.74","16","11.9023"
"1200.39","0.74","16","11.9023"
"1200.6","0.74","16","11.9023"
"1200.81","0.74","16","11.9023"
"1201.01","0.74","16","11.9023"
"1201.22","0.71","12.19","8.6685"
"1201.43","0.71","12","8.5229"
"1201.64","0.71","12","8.5229"
"1201.85","0.71","12","8.5229"
"1202.06","0.71","12","8.5229"
"1202.26","0.71","12","8.5229"
"1202.47","0.71","12","8.5229"
"1202.68","0.71","12","8.5229"
"1202.89","0.71","12","8.5229"
"1203.1","0.71","12","8.5229"
"1203.31","0.71","12","8.5229"
"1203.51","0.71","12","8.5561"
"1203.72","0.72","12","8.6958"
"1203.93","0.72","12","8.6958"
"1204.14","0.72","12","8.6958"
"1204.35","0.72","12","8.6958"
"1204.56","0.72","12","8.6958"
"1204.76","0.72","12","8.6958"
"1204.97","0.72","12","8.6958"
"1205.18","0.72","12","8.6958"
"1205.39","0.72","12","8.6958"
"1205.6","0.72","12","8.6958"
"1205.81","0.72","12","8.6958"
"1206.01","0.72","12","8.6958"
"1206.22","0.72","12","8.6958"
"1206.43","0.72","12","8.6958"
"1206.64","0.72","12","8.6958"
"1206.85","0.72","12","8.6958"
"1207.06","0.72","12","8.6958"
"1207.26","0.72","12","8.6958"
"1207.47","0.72","12","8.6958"
"1207.68","0.72","12","8.6958"
"1207.89","0.74","12","8.8785"
"1208.1","0.76","12","9.0811"
"1208.31","0.77","12","9.2717"
"1208.51","0.78","12","9.3685"
"1208.72","0.78","12","9.3685"
"1208.93","0.78","12","9.3685"
"1209.14","0.78","12","9.3685"
"1209.35","0.78","12","9.3685"
"1209.56","0.78","12","9.3685"
"1209.76","0.78","12","9.3685"
"1209.97","0.78","12","9.3685"
"1210.18","0.78","12","9.3685"
"1210.39","0.78","12","9.3685"
"1210.6","0.78","12","9.3685"
"1210.81","0.78","12","9.3685"
"1211.01","0.8","12","9.5844"
"1211.22","0.81","12","9.7144"
"1211.43","0.81","12","9.7144"
"1211.64","0.81","12","9.7144"
"1211.85","0.81","12","9.7144"
"1212.06","0.81","12","9.6968"
"1212.26","0.8","12","9.5986"
"1212.47","0.8","12","9.5986"
"1212.68","0.8","12","9.5986"
"1212.89","0.81","12","9.7147"
"1213.1","0.81","12","9.7294"
"1213.31","0.81","12","9.7294"
"1213.51","0.81","12","9.7294"
"1213.72","0.81","12","9.7294"
"1213.93","0.81","12","9.7294"
"1214.14","0.81","12","9.7294"
"1214.35","0.81","12","9.7294"
"1214.56","0.81","12","9.7294"
"1214.76","0.81","12","9.7294"
"1214.97","0.81","12","9.7294"
"1215.18","0.81","12","9.7294"
"1215.39","0.81","12","9.7294"
"1215.6","0.81","12","9.7294"
"1215.81","0.81","12","9.7294"
"1216.01","0.81","12","9.7294"
"1216.22","0.81","12","9.7294"
"1216.43","0.81","12","9.7294"
"1216.64","0.81","12","9.7294"
"1216.85","0.81","12","9.7294"
"1217.06","0.81","12","9.7294"
"1217.26","0.81","12","9.7294"
"1217.47","0.81","12","9.7294"
"1217.68","0.81","12","9.7294"
"1217.89","0.81","12","9.7294"
"1218.1","0.81","12","9.7294"
"1218.31","0.81","12","9.7294"
"1218.51","0.81","12","9.7294"
"1218.72","0.81","12","9.7294"
"1218.93","0.81","12","9.7294"
"1219.14","0.81","12","9.7294"
"1219.35","0.81","12","9.7294"
"1219.56","0.81","12","9.7294"
"1219.76","0.81","12","9.7294"
"1219.97","0.81","12","9.7294"
"1220.18","0.81","12","9.7294"
"1220.39","0.81","12","9.7294"
"1220.6","0.81","12","9.7294"
"1220.81","0.81","12","9.7294"
"1221.01","0.81","12","9.7294"
"1221.22","0.81","12","9.7294"
"1221.43","0.81","12","9.7294"
"1221.64","0.81","12","9.7294"
"1221.85","0.81","12","9.7294"
"1222.06","0.81","12","9.7294"
"1222.26","0.81","12","9.7294"
"1222.47","0.81","12","9.7294"
"1222.68","0.81","12","9.7294"
"1222.89","0.81","12","9.7294"
"1223.1","0.81","11.65","9.425"
"1223.31","0.81","11","8.8647"
"1223.51","0.81","11","8.8647"
"1223.72","0.81","11","8.8647"
"1223.93","0.81","11","8.8647"
"1224.14","0.81","11","8.8647"
"1224.35","0.81","11","8.8647"
"1224.56","0.81","11","8.8647"
"1224.76","0.81","11","8.8647"
"1224.97","0.81","11","8.8647"
"1225.18","0.81","11","8.8647"
"1225.39","0.81","11","8.8647"
"1225.6","0.81","11","8.8647"
"1225.81","0.81","11","8.8647"
"1226.01","0.81","11","8.8896"
"1226.22","0.82","11","9.0376"
"1226.43","0.82","11","9.0376"
"1226.64","0.82","11","9.0376"
"1226.85","0.82","11","9.0376"
"1227.06","0.82","11","9.0376"
"1227.26","0.82","11","9.0376"
"1227.47","0.82","11","9.0376"
"1227.68","0.82","11","9.0376"
"1227.89","0.82","11","9.0376"
"1228.1","0.82","11","9.0376"
"1228.31","0.82","11","9.0376"
"1228.51","0.82","11","9.0376"
"1228.72","0.82","11","9.0376"
"1228.93","0.82","11","9.0376"
"1229.14","0.82","11","9.0376"
"1229.35","0.82","11","9.0376"
"1229.56","0.82","11","9.0376"
"1229.76","0.82","11","9.0376"
"1229.97","0.82","11","9.0376"
"1230.18","0.82","11","9.0376"
"1230.39","0.82","11","9.0376"
"1230.6","0.82","11","9.0376"
"1230.81","0.82","11","9.0376"
"1231.01","0.82","11","9.0376"
"1231.22","0.82","11","9.0376"
"1231.43","0.82","11","9.0376"
"1231.64","0.82","11","9.0376"
"1231.85","0.82","11","9.0376"
"1232.06","0.82","11","9.0376"
"1232.26","0.82","11","9.0376"
"1232.47","0.82","11","9.0376"
"1232.68","0.82","11","9.0376"
"1232.89","0.82","11","9.0376"
"1233.1","0.82","11","9.0376"
"1233.31","0.82","11","9.0376"
"1233.51","0.82","11","9.0376"
"1233.72","0.82","11","9.0376"
"1233.93","0.82","11","9.0376"
"1234.14","0.81","11","8.8802"
"1234.35","0.8","11","8.7525"
"1234.56","0.8","11","8.7525"
"1234.76","0.8","11","8.7525"
"1234.97","0.8","11","8.7525"
"1235.18","0.8","11","8.7525"
"1235.39","0.8","11","8.7525"
"1235.6","0.8","11","8.7525"
"1235.81","0.8","11","8.7525"
"1236.01","0.8","11","8.7525"
"1236.22","0.8","11","8.7525"
"1236.43","0.8","11","8.7525"
"1236.64","0.8","11","8.7525"
"1236.85","0.8","11","8.7525"
"1237.06","0.8","11","8.7525"
"1237.26","0.8","11","8.7525"
"1237.47","0.8","11","8.7525"
"1237.68","0.8","11","8.7525"
"1237.89","0.8","11","8.7525"
"1238.1","0.8","11","8.7525"
"1238.31","0.8","11","8.7525"
"1238.51","0.8","11","8.7525"
"1238.72","0.8","11","8.7525"
"1238.93","0.8","11","8.7525"
"1239.14","0.8","11","8.7525"
"1239.35","0.8","11","8.7525"
"1239.56","0.8","11","8.7525"
"1239.76","0.8","11","8.7525"
"1239.97","0.8","11","8.7525"
"1240.18","0.8","11","8.7525"
"1240.39","0.8","11","8.7525"
"1240.6","0.8","11","8.7525"
"1240.81","0.8","11","8.7525"
"1241.01","0.8","11","8.7525"
"1241.22","0.8","11","8.7525"
"1241.43","0.8","11","8.7525"
"1241.64","0.8","11","8.7525"
"1241.85","0.8","11","8.7525"
"1242.06","0.8","11","8.7525"
"1242.26","0.8","11","8.7525"
"1242.47","0.8","11","8.7525"
"1242.68","0.8","11","8.7525"
"1242.89","0.8","11","8.7525"
"1243.1","0.8","11","8.7525"
"1243.31","0.8","11","8.7525"
"1243.51","0.8","11","8.7525"
"1243.72","0.8","11","8.7525"
"1243.93","0.8","11","8.7525"
"1244.14","0.8","11","8.7525"
"1244.35","0.8","11","8.7525"
"1244.56","0.8","11","8.7525"
"1244.76","0.8","11","8.7525"
"1244.97","0.8","11","8.7525"
"1245.18","0.83","10.25","8.5383"
"1245.39","0.85","10","8.4676"
"1245.6","0.85","10","8.4676"
"1245.81","0.85","10","8.4676"
"1246.01","0.85","10","8.4676"
"1246.22","0.85","10","8.4676"
"1246.43","0.85","10","8.4676"
"1246.64","0.85","10","8.4676"
"1246.85","0.85","10","8.4676"
"1247.06","0.85","10","8.4676"
"1247.26","0.85","10","8.4676"
"1247.47","0.85","10","8.4676"
"1247.68","0.85","10","8.4676"
"1247.89","0.85","10","8.4676"
"1248.1","0.85","10","8.4676"
"1248.31","0.85","10","8.4676"
"1248.51","0.85","10","8.4676"
"1248.72","0.85","10","8.4676"
"1248.93","0.85","10","8.4676"
"1249.14","0.85","10","8.4676"
"1249.35","0.85","10","8.4676"
"1249.56","0.85","10","8.4676"
"1249.76","0.85","10","8.4676"
"1249.97","0.85","10","8.4676"
"1250.18","0.85","10","8.4676"
"1250.39","0.85","10","8.4676"
"1250.6","0.85","10","8.4676"
"1250.81","0.85","10","8.4676"
"1251.01","0.85","10","8.4676"
"1251.22","0.85","10","8.4676"
"1251.43","0.85","10","8.4676"
"1251.64","0.85","10","8.4676"
"1251.85","0.85","10","8.4676"
"1252.06","0.85","10","8.4676"
"1252.26","0.85","10","8.4676"
"1252.47","0.85","10","8.4676"
"1252.68","0.85","10","8.4676"
"1252.89","0.85","10","8.4676"
"1253.1","0.85","10","8.4676"
"1253.31","0.85","10","8.4676"
"1253.51","0.85","10","8.4676"
"1253.72","0.85","10","8.4676"
"1253.93","0.85","10","8.4676"
"1254.14","0.85","10","8.4676"
"1254.35","0.85","10","8.4676"
"1254.56","0.85","10","8.4676"
"1254.76","0.85","10","8.4676"
"1254.97","0.85","10","8.4676"
"1255.18","0.85","10","8.4676"
"1255.39","0.85","10","8.4676"
"1255.6","0.85","10","8.4676"
"1255.81","0.85","10","8.4676"
"1256.01","0.85","10","8.4676"
"1256.22","0.68","9.05","6.1944"
"1256.43","0.68","9","6.0798"
"1256.64","0.68","9","6.0798"
"1256.85","0.68","9","6.0798"
"1257.06","0.68","9","6.0912"
"1257.26","0.68","9","6.1184"
"1257.47","0.68","9","6.1184"
"1257.68","0.68","9","6.1184"
"1257.89","0.68","9","6.1184"
"1258.1","0.68","9","6.1184"
"1258.31","0.68","9","6.1184"
"1258.51","0.68","9","6.1184"
"1258.72","0.68","9","6.1184"
"1258.93","0.68","9","6.1184"
"1259.14","0.68","9","6.1184"
"1259.35","0.68","9","6.1184"
"1259.56","0.68","9","6.1184"
"1259.76","0.68","9","6.1184"
"1259.97","0.68","9","6.1184"
"1260.18","0.68","9","6.1184"
"1260.39","0.68","9","6.1184"
"1260.6","0.68","9","6.1184"
"1260.81","0.68","9","6.1184"
"1261.01","0.68","9","6.1184"
"1261.22","0.68","9","6.1184"
"1261.43","0.68","9","6.1184"
"1261.64","0.68","9","6.1184"
"1261.85","0.68","9","6.1184"
"1262.06","0.68","9","6.1184"
"1262.26","0.68","9","6.1184"
"1262.47","0.68","9","6.1184"
"1262.68","0.68","9","6.1184"
"1262.89","0.68","9","6.1184"
"1263.1","0.68","9","6.1184"
"1263.31","0.68","9","6.1184"
"1263.51","0.68","9","6.1184"
"1263.72","0.68","9","6.1184"
"1263.93","0.68","9","6.1184"
"1264.14","0.68","9","6.1184"
"1264.35","0.68","9","6.1184"
"1264.56","0.68","9","6.1184"
"1264.76","0.68","9","6.1184"
"1264.97","0.68","9","6.1184"
"1265.18","0.68","9","6.1184"
"1265.39","0.68","9","6.1184"
"1265.6","0.68","9","6.1184"
"1265.81","0.68","9","6.1184"
"1266.01","0.68","9","6.1184"
"1266.22","0.68","9","6.1184"
"1266.43","0.68","9","6.1184"
"1266.64","0.68","9","6.1184"
"1266.85","0.68","9","6.1184"
"1267.06","0.67","9","6.0161"
"1267.26","0.61","9","5.4453"
"1267.47","0.61","9","5.4453"
"1267.68","0.61","9","5.4453"
"1267.89","0.61","9","5.4453"
"1268.1","0.61","9","5.4453"
"1268.31","0.61","9","5.4453"
"1268.51","0.61","9","5.4453"
"1268.72","0.61","9","5.4453"
"1268.93","0.61","9","5.4453"
"1269.14","0.61","9","5.4453"
"1269.35","0.61","9","5.4453"
"1269.56","0.61","9","5.4453"
"1269.76","0.61","9","5.4453"
"1269.97","0.61","9","5.4453"
"1270.18","0.61","9","5.4453"
"1270.39","0.61","9","5.4453"
"1270.6","0.61","9","5.4453"
"1270.81","0.61","9","5.4453"
"1271.01","0.61","9","5.4453"
"1271.22","0.61","9","5.4453"
"1271.43","0.61","9","5.4453"
"1271.64","0.61","9","5.4453"
"1271.85","0.61","9","5.4515"
"1272.06","0.61","9","5.4839"
"1272.26","0.61","9","5.4839"
"1272.47","0.61","9","5.4839"
"1272.68","0.61","9","5.4839"
"1272.89","0.61","9","5.4839"
"1273.1","0.61","9","5.4839"
"1273.31","0.61","9","5.4839"
"1273.51","0.61","9","5.4839"
"1273.72","0.61","9","5.4839"
"1273.93","0.61","9","5.4839"
"1274.14","0.61","9","5.4839"
"1274.35","0.61","9","5.4839"
"1274.56","0.61","9","5.4839"
"1274.76","0.61","9","5.4839"
"1274.97","0.61","9","5.4839"
"1275.18","0.61","9","5.4839"
"1275.39","0.61","9","5.4839"
"1275.6","0.61","9","5.4839"
"1275.81","0.61","9","5.4839"
"1276.01","0.61","9","5.4861"
"1276.22","0.61","9","5.5068"
"1276.43","0.61","9","5.5068"
"1276.64","0.61","9","5.5068"
"1276.85","0.61","9","5.5068"
"1277.06","0.61","9","5.5068"
"1277.26","0.61","9","5.5068"
"1277.47","0.61","9","5.5068"
"1277.68","0.61","9","5.5068"
"1277.89","0.61","9","5.5068"
"1278.1","0.62","8.65","5.3242"
"1278.31","0.62","8","4.988"
"1278.51","0.62","8","4.988"
"1278.72","0.62","8","4.988"
"1278.93","0.62","8","4.988"
"1279.14","0.62","8","4.988"
"1279.35","0.62","8","4.988"
"1279.56","0.62","8","4.988"
"1279.76","0.62","8","4.988"
"1279.97","0.62","8","4.988"
"1280.18","0.62","8","4.988"
"1280.39","0.62","8","4.988"
"1280.6","0.62","8","4.988"
"1280.81","0.62","8","4.988"
"1281.01","0.62","8","4.988"
"1281.22","0.62","8","4.988"
"1281.43","0.62","8","4.988"
"1281.64","0.64","8","5.0946"
"1281.85","0.65","8","5.1995"
"1282.06","0.65","8","5.1995"
"1282.26","0.66","8","5.241"
"1282.47","0.69","8","5.5093"
"1282.68","0.73","8","5.8173"
"1282.89","0.76","8","6.0607"
"1283.1","0.76","8","6.0607"
"1283.31","0.76","8","6.0607"
"1283.51","0.76","8","6.0607"
"1283.72","0.76","8","6.0607"
"1283.93","0.76","8","6.0607"
"1284.14","0.76","8","6.0607"
"1284.35","0.76","8","6.0607"
"1284.56","0.76","8","6.0607"
"1284.76","0.76","8","6.0607"
"1284.97","0.76","8","6.0607"
"1285.18","0.76","8","6.0607"
"1285.39","0.76","8","6.0607"
"1285.6","0.76","8","6.0607"
"1285.81","0.76","8","6.0607"
"1286.01","0.76","8","6.0607"
"1286.22","0.76","8","6.0607"
"1286.43","0.76","8","6.0607"
"1286.64","0.76","8","6.0607"
"1286.85","0.76","8","6.0607"
"1287.06","0.76","8","6.0607"
"1287.26","0.76","8","6.0607"
"1287.47","0.76","8","6.0607"
"1287.68","0.76","8","6.0607"
"1287.89","0.76","8","6.0607"
"1288.1","0.76","8","6.0607"
"1288.31","0.76","8","6.0607"
"1288.51","0.76","8","6.0607"
"1288.72","0.76","8","6.0607"
"1288.93","0.76","8","6.0607"
"1289.14","0.71","8","5.6827"
"1289.35","0.67","8","5.3759"
"1289.56","0.67","8","5.3759"
"1289.76","0.67","8","5.3759"
"1289.97","0.67","8","5.3759"
"1290.18","0.67","8","5.3933"
"1290.39","0.67","8","5.3991"
"1290.6","0.67","8","5.3991"
"1290.81","0.67","8","5.3991"
"1291.01","0.67","8","5.3991"
"1291.22","0.67","8","5.3991"
"1291.43","0.68","8","5.4031"
"1291.64","0.68","8","5.4222"
"1291.85","0.68","8","5.4222"
"1292.06","0.68","8","5.4222"
"1292.26","0.68","8","5.4222"
"1292.47","0.68","8","5.4222"
"1292.68","0.68","8","5.4222"
"1292.89","0.68","8","5.4222"
"1293.1","0.68","8","5.4222"
"1293.31","0.68","8","5.4222"
"1293.51","0.68","8","5.4222"
"1293.72","0.68","8","5.4222"
"1293.93","0.68","8","5.4222"
"1294.14","0.68","8","5.4222"
"1294.35","0.68","8","5.4222"
"1294.56","0.68","8","5.4222"
"1294.76","0.68","8","5.4222"
"1294.97","0.68","8","5.4222"
"1295.18","0.68","8","5.4222"
"1295.39","0.68","8","5.4222"
"1295.6","0.68","8","5.4222"
"1295.81","0.68","8","5.4222"
"1296.01","0.68","8","5.4222"
"1296.22","0.68","8","5.4222"
"1296.43","0.68","8","5.4222"
"1296.64","0.68","8","5.4222"
"1296.85","0.68","8","5.4222"
"1297.06","0.68","8","5.4222"
"1297.26","0.68","8","5.4222"
"1297.47","0.68","8","5.4222"
"1297.68","0.68","8","5.4222"
"1297.89","0.68","8","5.4222"
"1298.1","0.68","8","5.4222"
"1298.31","0.68","8","5.4222"
"1298.51","0.68","8","5.4222"
"1298.72","0.68","8","5.4222"
"1298.93","0.68","8","5.4222"
"1299.14","0.68","8","5.4222"
"1299.35","0.68","8","5.4222"
"1299.56","0.68","8","5.4222"
"1299.76","0.68","8","5.4222"
"1299.97","0.68","8","5.4222"
"1300.18","0.48","7.25","3.5198"
"1300.39","0.41","7","2.8924"
"1300.6","0.41","7","2.8924"
"1300.81","0.41","7","2.8924"
"1301.01","0.41","7","2.8924"
"1301.22","0.41","7","2.8924"
"1301.43","0.41","7","2.8924"
"1301.64","0.41","7","2.8924"
"1301.85","0.41","7","2.8924"
"1302.06","0.41","7","2.8924"
"1302.26","0.41","7","2.8924"
"1302.47","0.41","7","2.8924"
"1302.68","0.41","7","2.8924"
"1302.89","0.41","7","2.8924"
"1303.1","0.41","7","2.8924"
"1303.31","0.41","7","2.8924"
"1303.51","0.41","7","2.8924"
"1303.72","0.41","7","2.8924"
"1303.93","0.41","7","2.8924"
"1304.14","0.41","7","2.8924"
"1304.35","0.41","7","2.8924"
"1304.56","0.41","7","2.8924"
"1304.76","0.41","7","2.8924"
"1304.97","0.41","7","2.8924"
"1305.18","0.41","7","2.8924"
"1305.39","0.41","7","2.8924"
"1305.6","0.41","7","2.8924"
"1305.81","0.41","7","2.8924"
"1306.01","0.41","7","2.8924"
"1306.22","0.41","7","2.8924"
"1306.43","0.41","7","2.8924"
"1306.64","0.41","7","2.8924"
"1306.85","0.41","7","2.8924"
"1307.06","0.41","7","2.8924"
"1307.26","0.41","7","2.8924"
"1307.47","0.41","7","2.8924"
"1307.68","0.41","7","2.8924"
"1307.89","0.41","7","2.8924"
"1308.1","0.41","7","2.8924"
"1308.31","0.41","7","2.8924"
"1308.51","0.41","7","2.8924"
"1308.72","0.41","7","2.8924"
"1308.93","0.41","7","2.8924"
"1309.14","0.41","7","2.8924"
"1309.35","0.41","7","2.8924"
"1309.56","0.41","7","2.8924"
"1309.76","0.41","7","2.8924"
"1309.97","0.41","7","2.8924"
"1310.18","0.41","7","2.8924"
"1310.39","0.41","7","2.8924"
"1310.6","0.41","7","2.8924"
"1310.81","0.41","7","2.8924"
"1311.01","0.41","7","2.8924"
"1311.22","0.43","6.05","2.625"
"1311.43","0.44","6","2.6115"
"1311.64","0.44","6","2.6115"
"1311.85","0.44","6","2.6115"
"1312.06","0.44","6","2.6115"
"1312.26","0.44","6","2.6115"
"1312.47","0.44","6","2.6115"
"1312.68","0.44","6","2.6115"
"1312.89","0.44","6","2.6115"
"1313.1","0.44","6","2.6115"
"1313.31","0.44","6","2.6115"
"1313.51","0.44","6","2.6115"
"1313.72","0.44","6","2.6115"
"1313.93","0.44","6","2.6115"
"1314.14","0.44","6","2.6115"
"1314.35","0.44","6","2.6115"
"1314.56","0.44","6","2.6115"
"1314.76","0.44","6","2.6115"
"1314.97","0.44","6","2.6115"
"1315.18","0.44","6","2.6115"
"1315.39","0.44","6","2.6115"
"1315.6","0.44","6","2.6115"
"1315.81","0.44","6","2.6115"
"1316.01","0.44","6","2.6115"
"1316.22","0.44","6","2.6115"
"1316.43","0.44","6","2.6115"
"1316.64","0.44","6","2.6115"
"1316.85","0.44","6","2.6115"
"1317.06","0.44","6","2.6115"
"1317.26","0.44","6","2.6234"
"1317.47","0.46","6","2.7348"
"1317.68","0.46","6","2.7348"
"1317.89","0.46","6","2.7348"
"1318.1","0.46","6","2.7348"
"1318.31","0.46","6","2.7348"
"1318.51","0.46","6","2.7348"
"1318.72","0.46","6","2.7348"
"1318.93","0.46","6","2.7348"
"1319.14","0.46","6","2.7348"
"1319.35","0.46","6","2.7348"
"1319.56","0.46","6","2.7348"
"1319.76","0.46","6","2.7348"
"1319.97","0.46","6","2.7348"
"1320.18","0.46","6","2.7348"
"1320.39","0.46","6","2.7348"
"1320.6","0.46","6","2.7348"
"1320.81","0.46","6","2.7348"
"1321.01","0.46","6","2.7348"
"1321.22","0.46","6","2.7348"
"1321.43","0.46","6","2.7348"
"1321.64","0.46","6","2.7348"
"1321.85","0.46","6","2.7348"
"1322.06","0.45","6","2.7289"
"1322.26","0.45","6","2.6962"
"1322.47","0.45","6","2.6962"
"1322.68","0.45","6","2.6962"
"1322.89","0.45","6","2.6962"
"1323.1","0.45","6","2.6962"
"1323.31","0.45","6","2.6962"
"1323.51","0.45","6","2.6962"
"1323.72","0.45","6","2.6962"
"1323.93","0.45","6","2.6962"
"1324.14","0.45","6","2.6962"
"1324.35","0.45","6","2.6962"
"1324.56","0.45","6","2.6962"
"1324.76","0.45","6","2.6962"
"1324.97","0.45","6","2.6962"
"1325.18","0.45","6","2.6962"
"1325.39","0.45","6","2.6962"
"1325.6","0.45","6","2.6962"
"1325.81","0.45","6","2.6962"
"1326.01","0.45","6","2.6962"
"1326.22","0.45","6","2.6962"
"1326.43","0.45","6","2.6962"
"1326.64","0.45","6","2.7169"
"1326.85","0.48","6","2.8885"
"1327.06","0.51","6","3.042"
"1327.26","0.51","6","3.042"
"1327.47","0.51","6","3.042"
"1327.68","0.51","6","3.042"
"1327.89","0.52","6","3.1126"
"1328.1","0.54","6","3.215"
"1328.31","0.54","6","3.215"
"1328.51","0.54","6","3.215"
"1328.72","0.54","6","3.215"
"1328.93","0.54","6","3.215"
"1329.14","0.54","6","3.215"
"1329.35","0.54","6","3.215"
"1329.56","0.54","6","3.215"
"1329.76","0.54","6","3.215"
"1329.97","0.54","6","3.215"
"1330.18","0.54","6","3.215"
"1330.39","0.54","6","3.215"
"1330.6","0.54","6","3.215"
"1330.81","0.54","6","3.215"
"1331.01","0.54","6","3.215"
"1331.22","0.54","6","3.215"
"1331.43","0.54","6","3.215"
"1331.64","0.54","6","3.215"
"1331.85","0.54","6","3.215"
"1332.06","0.54","6","3.215"
"1332.26","0.54","6","3.215"
"1332.47","0.54","6","3.215"
"1332.68","0.54","6","3.215"
"1332.89","0.54","6","3.215"
"1333.1","0.53","6","3.2068"
"1333.31","0.53","6","3.1918"
"1333.51","0.53","6","3.1996"
"1333.72","0.54","6","3.2239"
"1333.93","0.54","6","3.2536"
"1334.14","0.61","6","3.6354"
"1334.35","0.66","6","3.9453"
"1334.56","0.66","6","3.9453"
"1334.76","0.66","6","3.9453"
"1334.97","0.66","6","3.9453"
"1335.18","0.66","6","3.9453"
"1335.39","0.66","6","3.9453"
"1335.6","0.66","6","3.9453"
"1335.81","0.66","6","3.9453"
"1336.01","0.66","6","3.9453"
"1336.22","0.66","6","3.9453"
"1336.43","0.66","6","3.9453"
"1336.64","0.66","6","3.9453"
"1336.85","0.66","6","3.9453"
"1337.06","0.66","6","3.9453"
"1337.26","0.66","6","3.9453"
"1337.47","0.66","6","3.9453"
"1337.68","0.66","6","3.9453"
"1337.89","0.66","6","3.9453"
"1338.1","0.67","6","4.0158"
"1338.31","0.7","6.2","4.3088"
"1338.51","0.74","7","5.1528"
"1338.72","0.74","7","5.1832"
"1338.93","0.74","7","5.1832"
"1339.14","0.74","7","5.1832"
"1339.35","0.74","7","5.1832"
"1339.56","0.74","7","5.1832"
"1339.76","0.74","7","5.1832"
"1339.97","0.74","7","5.1832"
"1340.18","0.74","7","5.1832"
"1340.39","0.74","7","5.1832"
"1340.6","0.74","7","5.1832"
"1340.81","0.74","7","5.1832"
"1341.01","0.74","7","5.1832"
"1341.22","0.71","7.9","5.6024"
"1341.43","0.71","8","5.702"
"1341.64","0.71","8","5.702"
"1341.85","0.72","8","5.7323"
"1342.06","0.72","8","5.7406"
"1342.26","0.72","8","5.7406"
"1342.47","0.72","8","5.7406"
"1342.68","0.72","8","5.7406"
"1342.89","0.72","8","5.7406"
"1343.1","0.72","8","5.7406"
"1343.31","0.72","8","5.7406"
"1343.51","0.72","8","5.7406"
"1343.72","0.72","8","5.7406"
"1343.93","0.72","8","5.7406"
"1344.14","0.72","8","5.7406"
"1344.35","0.72","8","5.7406"
"1344.56","0.72","8","5.7406"
"1344.76","0.72","8","5.7406"
"1344.97","0.72","8","5.7406"
"1345.18","0.73","8","5.8796"
"1345.39","0.74","8","5.9254"
"1345.6","0.74","8","5.9254"
"1345.81","0.74","8","5.9254"
"1346.01","0.74","8","5.9254"
"1346.22","0.74","8","5.9254"
"1346.43","0.74","8","5.9254"
"1346.64","0.75","8","6.0034"
"1346.85","0.78","8","6.2155"
"1347.06","0.78","8","6.2337"
"1347.26","0.81","8","6.4495"
"1347.47","0.83","8","6.6778"
"1347.68","0.84","8","6.7525"
"1347.89","0.84","8","6.7525"
"1348.1","0.84","8","6.7525"
"1348.31","0.84","8","6.7525"
"1348.51","0.84","8","6.7525"
"1348.72","0.84","8","6.7525"
"1348.93","0.84","8","6.7525"
"1349.14","0.84","8","6.7525"
"1349.35","0.84","8","6.7525"
"1349.56","0.84","8","6.7525"
"1349.76","0.84","8","6.7525"
"1349.97","0.84","8","6.7525"
"1350.18","0.84","8","6.7525"
"1350.39","0.84","8","6.7525"
"1350.6","0.84","8","6.7525"
"1350.81","0.84","8","6.7525"
"1351.01","0.84","8","6.7525"
"1351.22","0.84","8","6.7525"
"1351.43","0.84","8.35","7.0286"
"1351.64","0.83","10","8.3475"
"1351.85","0.83","10","8.3475"
"1352.06","0.83","10","8.3475"
"1352.26","0.83","10","8.3475"
"1352.47","0.83","10","8.3475"
"1352.68","0.83","10.03","8.3654"
"1352.89","0.83","11","9.1145"
"1353.1","0.84","11","9.2894"
"1353.31","0.84","11","9.2894"
"1353.51","0.84","11","9.2894"
"1353.72","0.84","11","9.2894"
"1353.93","0.85","11","9.3325"
"1354.14","0.86","11","9.4819"
"1354.35","0.86","11","9.4819"
"1354.56","0.86","11","9.4819"
"1354.76","0.86","11","9.4819"
"1354.97","0.86","11","9.4819"
"1355.18","0.85","11","9.3951"
"1355.39","0.85","11","9.3665"
"1355.6","0.85","11","9.3665"
"1355.81","0.85","11","9.3665"
"1356.01","0.85","11","9.3665"
"1356.22","0.8","11.95","9.5795"
"1356.43","0.81","12","9.7123"
"1356.64","0.81","12","9.7123"
"1356.85","0.81","12","9.7123"
"1357.06","0.81","12","9.7123"
"1357.26","0.81","12","9.7123"
"1357.47","0.81","12","9.7123"
"1357.68","0.81","12","9.7123"
"1357.89","0.81","12","9.7123"
"1358.1","0.81","12","9.7123"
"1358.31","0.81","12","9.7123"
"1358.51","0.81","12","9.7123"
"1358.72","0.81","12","9.7123"
"1358.93","0.81","12","9.7123"
"1359.14","0.81","12","9.7123"
"1359.35","0.81","12","9.7123"
"1359.56","0.81","12","9.7123"
"1359.76","0.81","12","9.7123"
"1359.97","0.81","12","9.7123"
"1360.18","0.81","12","9.7123"
"1360.39","0.81","12","9.7123"
"1360.6","0.81","12","9.7123"
"1360.81","0.81","12","9.7123"
"1361.01","0.81","12","9.7123"
"1361.22","0.81","12","9.7123"
"1361.43","0.81","12","9.7123"
"1361.64","0.81","12","9.7123"
"1361.85","0.81","12","9.7123"
"1362.06","0.81","12","9.7123"
"1362.26","0.81","12","9.7123"
"1362.47","0.81","12","9.7123"
"1362.68","0.81","12","9.7123"
"1362.89","0.81","12","9.7123"
"1363.1","0.81","12","9.7123"
"1363.31","0.81","12","9.7123"
"1363.51","0.81","12","9.7123"
"1363.72","0.81","12","9.7123"
"1363.93","0.81","12","9.7123"
"1364.14","0.81","12","9.7123"
"1364.35","0.81","12","9.7123"
"1364.56","0.81","12","9.7123"
"1364.76","0.81","12","9.7123"
"1364.97","0.81","12","9.7123"
"1365.18","0.81","12","9.7123"
"1365.39","0.81","12","9.7123"
"1365.6","0.81","12","9.7123"
"1365.81","0.81","12","9.7123"
"1366.01","0.81","12","9.7123"
"1366.22","0.75","12","8.9437"
"1366.43","0.74","12","8.9049"
"1366.64","0.74","12","8.9049"
"1366.85","0.74","12","8.9049"
"1367.06","0.74","12","8.9049"
"1367.26","0.74","12","8.9049"
"1367.47","0.74","12","8.9049"
"1367.68","0.74","12","8.9049"
"1367.89","0.74","12","8.9049"
"1368.1","0.74","12","8.9049"
"1368.31","0.74","12","8.9049"
"1368.51","0.74","12","8.9049"
"1368.72","0.74","12","8.9049"
"1368.93","0.74","12","8.9049"
"1369.14","0.74","12","8.9049"
"1369.35","0.74","12","8.9049"
"1369.56","0.74","12","8.9049"
"1369.76","0.74","12","8.9049"
"1369.97","0.74","12","8.9049"
"1370.18","0.74","12","8.9049"
"1370.39","0.74","12","8.9049"
"1370.6","0.74","12","8.9049"
"1370.81","0.74","12","8.9049"
"1371.01","0.74","12","8.9049"
"1371.22","0.74","12","8.9049"
"1371.43","0.74","12","8.9049"
"1371.64","0.74","12","8.9049"
"1371.85","0.74","12","8.9049"
"1372.06","0.74","12","8.9049"
"1372.26","0.74","12","8.9049"
"1372.47","0.74","12","8.9049"
"1372.68","0.74","12","8.9049"
"1372.89","0.74","12","8.9049"
"1373.1","0.74","12","8.9049"
"1373.31","0.74","12","8.9049"
"1373.51","0.74","12","8.9049"
"1373.72","0.74","12","8.9049"
"1373.93","0.74","12","8.9049"
"1374.14","0.74","12","8.9049"
"1374.35","0.74","12","8.9049"
"1374.56","0.74","12","8.9049"
"1374.76","0.74","12","8.9049"
"1374.97","0.74","12","8.9049"
"1375.18","0.74","12","8.9049"
"1375.39","0.74","12","8.9049"
"1375.6","0.74","12","8.9049"
"1375.81","0.74","12","8.9049"
"1376.01","0.74","12","8.9049"
"1376.22","0.74","12","8.9049"
"1376.43","0.74","12","8.9049"
"1376.64","0.74","12","8.9049"
"1376.85","0.74","12","8.9049"
"1377.06","0.72","11.54","8.399"
"1377.26","0.62","9","5.5766"
"1377.47","0.62","9","5.5766"
"1377.68","0.62","9","5.5766"
"1377.89","0.62","9","5.5766"
"1378.1","0.62","9","5.5766"
"1378.31","0.62","9","5.5766"
"1378.51","0.62","9","5.5766"
"1378.72","0.62","9","5.5766"
"1378.93","0.62","9","5.5766"
"1379.14","0.62","9","5.5766"
"1379.35","0.62","9","5.5766"
"1379.56","0.62","9","5.5766"
"1379.76","0.62","9","5.5766"
"1379.97","0.62","9","5.5766"
"1380.18","0.62","9","5.5766"
"1380.39","0.62","9","5.5766"
"1380.6","0.62","9","5.5766"
"1380.81","0.62","9","5.5766"
"1381.01","0.62","9","5.5766"
"1381.22","0.62","9","5.5766"
"1381.43","0.62","9","5.5766"
"1381.64","0.62","9","5.5766"
"1381.85","0.62","9","5.5766"
"1382.06","0.62","9","5.5766"
"1382.26","0.62","9","5.5766"
"1382.47","0.62","9","5.5766"
"1382.68","0.62","9","5.5766"
"1382.89","0.62","9","5.5766"
"1383.1","0.62","9","5.5766"
"1383.31","0.62","9","5.5766"
"1383.51","0.62","9","5.5766"
"1383.72","0.62","9","5.5766"
"1383.93","0.62","9","5.5766"
"1384.14","0.62","9","5.5766"
"1384.35","0.62","9","5.5766"
"1384.56","0.62","9","5.5766"
"1384.76","0.63","9","5.6564"
"1384.97","0.64","9","5.7151"
"1385.18","0.64","9","5.7151"
"1385.39","0.64","9","5.7151"
"1385.6","0.64","9","5.7151"
"1385.81","0.64","9","5.7151"
"1386.01","0.64","9","5.7151"
"1386.22","0.64","9","5.7151"
"1386.43","0.64","9","5.7151"
"1386.64","0.64","9","5.7151"
"1386.85","0.64","9","5.7151"
"1387.06","0.64","9","5.7151"
"1387.26","0.64","9","5.7151"
"1387.47","0.64","9","5.7151"
"1387.68","0.64","9","5.7151"
"1387.89","0.64","9","5.7151"
"1388.1","0.61","9","5.4717"
"1388.31","0.56","9","5.0235"
"1388.51","0.56","9","5.0235"
"1388.72","0.56","9","5.0235"
"1388.93","0.56","9","5.0235"
"1389.14","0.56","9","5.0235"
"1389.35","0.56","9","5.0235"
"1389.56","0.56","9","5.0235"
"1389.76","0.56","9","5.0235"
"1389.97","0.56","9","5.0235"
"1390.18","0.56","9","5.0235"
"1390.39","0.56","9","5.0235"
"1390.6","0.56","9","5.0235"
"1390.81","0.56","9","5.0235"
"1391.01","0.56","9","5.0235"
"1391.22","0.56","9","5.0235"
"1391.43","0.56","9","5.0235"
"1391.64","0.56","9","5.0235"
"1391.85","0.56","9","5.0235"
"1392.06","0.56","9","5.0235"
"1392.26","0.56","9","5.0235"
"1392.47","0.56","9","5.0235"
"1392.68","0.56","9","5.0235"
"1392.89","0.56","9","5.0235"
"1393.1","0.56","9","5.0235"
"1393.31","0.56","9","5.0235"
"1393.51","0.56","9","5.0235"
"1393.72","0.56","9","5.0235"
"1393.93","0.56","9","5.0235"
"1394.14","0.56","9","5.0235"
"1394.35","0.56","9","5.0235"
"1394.56","0.56","9","5.0539"
"1394.76","0.57","9","5.1458"
"1394.97","0.57","9","5.1458"
"1395.18","0.57","9","5.1458"
"1395.39","0.57","9","5.1653"
"1395.6","0.59","9","5.2724"
"1395.81","0.6","9","5.4343"
"1396.01","0.62","9","5.5505"
"1396.22","0.62","9","5.6073"
"1396.43","0.62","9","5.6073"
"1396.64","0.62","9","5.6073"
"1396.85","0.62","9","5.6073"
"1397.06","0.62","9","5.6073"
"1397.26","0.62","9","5.6073"
"1397.47","0.62","9","5.6073"
"1397.68","0.62","9","5.6073"
"1397.89","0.62","9","5.6073"
"1398.1","0.62","9","5.6073"
"1398.31","0.62","9","5.6073"
"1398.51","0.62","9","5.6073"
"1398.72","0.62","9","5.6073"
"1398.93","0.62","9","5.6073"
"1399.14","0.61","9","5.4882"
"1399.35","0.6","9","5.3915"
"1399.56","0.6","9","5.3915"
"1399.76","0.6","9","5.3915"
"1399.97","0.6","9","5.3915"
"1400.18","0.6","9","5.3915"
"1400.39","0.6","9","5.3915"
"1400.6","0.6","9","5.3915"
"1400.81","0.6","9","5.3915"
"1401.01","0.6","9","5.3915"
"1401.22","0.6","9","5.3915"
"1401.43","0.6","9","5.3915"
"1401.64","0.6","9","5.3915"
"1401.85","0.6","9","5.3915"
"1402.06","0.6","9","5.3915"
"1402.26","0.6","9","5.3915"
"1402.47","0.6","9","5.3915"
"1402.68","0.6","9","5.3915"
"1402.89","0.6","9","5.3915"
"1403.1","0.6","9","5.3915"
"1403.31","0.6","9","5.3915"
"1403.51","0.6","9","5.3915"
"1403.72","0.6","9","5.3915"
"1403.93","0.6","9","5.3915"
"1404.14","0.6","9","5.3915"
"1404.35","0.6","9","5.3915"
"1404.56","0.6","9","5.3915"
"1404.76","0.6","9","5.3915"
"1404.97","0.6","9","5.3915"
"1405.18","0.6","9","5.3915"
"1405.39","0.6","9","5.3915"
"1405.6","0.6","9","5.3915"
"1405.81","0.6","9","5.3915"
"1406.01","0.6","9","5.3915"
"1406.22","0.6","9","5.3915"
"1406.43","0.6","9","5.3915"
"1406.64","0.6","9","5.3915"
"1406.85","0.6","9","5.3915"
"1407.06","0.6","9","5.3915"
"1407.26","0.6","9","5.3915"
"1407.47","0.6","9","5.406"
"1407.68","0.6","9","5.4301"
"1407.89","0.61","9","5.46"
"1408.1","0.62","9","5.5687"
"1408.31","0.62","9","5.5687"
"1408.51","0.62","9","5.5687"
"1408.72","0.62","9","5.5687"
"1408.93","0.62","9","5.5687"
"1409.14","0.62","9","5.5687"
"1409.35","0.62","9","5.5687"
"1409.56","0.62","9","5.5687"
"1409.76","0.62","9","5.5687"
"1409.97","0.62","9","5.5687"
"1410.18","0.64","8.25","5.3086"
"1410.39","0.65","8","5.2228"
"1410.6","0.65","8","5.2228"
"1410.81","0.65","8","5.2228"
"1411.01","0.65","8","5.2228"
"1411.22","0.65","8","5.2228"
"1411.43","0.65","8","5.2228"
"1411.64","0.65","8","5.2228"
"1411.85","0.65","8","5.2228"
"1412.06","0.65","8","5.2228"
"1412.26","0.65","8","5.2228"
"1412.47","0.65","8","5.2228"
"1412.68","0.65","8","5.2228"
"1412.89","0.65","8","5.2228"
"1413.1","0.67","8.54","5.6987"
"1413.31","0.66","9","5.9145"
"1413.51","0.66","9","5.9145"
"1413.72","0.66","9","5.9145"
"1413.93","0.69","9","6.2355"
"1414.14","0.79","9","7.1251"
"1414.35","0.8","9","7.17"
"1414.56","0.83","9.74","8.0369"
"1414.76","0.82","12.1","9.8673"
"1414.97","0.79","15.04","11.8853"
"1415.18","0.78","16","12.4609"
"1415.39","0.78","16","12.4609"
"1415.6","0.78","16","12.4838"
"1415.81","0.78","16","12.4995"
"1416.01","0.78","16","12.5032"
"1416.22","0.78","16","12.5381"
"1416.43","0.79","16","12.6035"
"1416.64","0.79","16","12.6403"
"1416.85","0.8","16","12.7446"
"1417.06","0.8","16","12.7697"
"1417.26","0.8","16","12.7697"
"1417.47","0.8","16","12.7697"
"1417.68","0.8","16","12.7697"
"1417.89","0.8","16","12.7697"
"1418.1","0.8","16","12.7697"
"1418.31","0.8","16","12.7709"
"1418.51","0.81","16","12.9235"
"1418.72","0.81","16","13.0109"
"1418.93","0.82","16","13.0774"
"1419.14","0.82","16","13.0774"
"1419.35","0.82","16","13.0774"
"1419.56","0.82","16","13.0774"
"1419.76","0.82","16","13.0774"
"1419.97","0.82","16","13.0774"
"1420.18","0.82","16","13.0774"
"1420.39","0.82","16","13.0774"
"1420.6","0.82","16","13.1611"
"1420.81","0.83","16","13.2082"
"1421.01","0.83","16","13.2082"
"1421.22","0.83","16","13.2082"
"1421.43","0.83","16","13.2082"
"1421.64","0.83","16","13.2082"
"1421.85","0.83","16","13.2082"
"1422.06","0.83","16","13.2082"
"1422.26","0.83","16","13.2082"
"1422.47","0.83","16","13.2082"
"1422.68","0.83","16","13.2082"
"1422.89","0.83","16","13.2082"
"1423.1","0.83","16","13.2082"
"1423.31","0.83","16","13.2082"
"1423.51","0.83","16","13.2082"
"1423.72","0.83","16","13.2082"
"1423.93","0.83","16","13.2082"
"1424.14","0.83","16","13.2082"
"1424.35","0.83","16","13.2082"
"1424.56","0.83","16","13.2082"
"1424.76","0.83","16","13.2082"
"1424.97","0.83","16","13.2082"
"1425.18","0.83","16","13.2082"
"1425.39","0.83","16","13.2082"
"1425.6","0.83","16","13.2082"
"1425.81","0.83","16","13.2082"
"1426.01","0.83","16","13.2082"
"1426.22","0.83","16","13.2082"
"1426.43","0.83","16","13.2082"
"1426.64","0.83","16","13.2082"
"1426.85","0.83","16","13.2082"
"1427.06","0.83","16","13.2082"
"1427.26","0.83","16","13.2082"
"1427.47","0.83","16","13.2082"
"1427.68","0.83","16","13.2082"
"1427.89","0.83","16","13.2082"
"1428.1","0.83","16","13.2524"
"1428.31","0.84","16.35","13.7809"
"1428.51","0.82","18","14.7577"
"1428.72","0.82","18","14.7646"
"1428.93","0.82","18","14.7646"
"1429.14","0.82","18","14.7646"
"1429.35","0.82","18","14.7646"
"1429.56","0.82","18","14.7646"
"1429.76","0.82","18","14.7646"
"1429.97","0.82","18","14.7646"
"1430.18","0.82","18","14.7646"
"1430.39","0.82","18","14.7646"
"1430.6","0.83","18","14.9"
"1430.81","0.83","18","14.9185"
"1431.01","0.83","18","14.9185"
"1431.22","0.83","18","14.9185"
"1431.43","0.84","18","15.0935"
"1431.64","0.84","18","15.1881"
"1431.85","0.84","18","15.1881"
"1432.06","0.84","18","15.1881"
"1432.26","0.84","18","15.1881"
"1432.47","0.84","18","15.1881"
"1432.68","0.84","18","15.1881"
"1432.89","0.84","18","15.1881"
"1433.1","0.84","18","15.1881"
"1433.31","0.84","18","15.1881"
"1433.51","0.84","18","15.1881"
"1433.72","0.84","18","15.1881"
"1433.93","0.84","18","15.1881"
"1434.14","0.84","18","15.1881"
"1434.35","0.84","18","15.1881"
"1434.56","0.84","18","15.1881"
"1434.76","0.84","18","15.1881"
"1434.97","0.84","18","15.1881"
"1435.18","0.84","18","15.1881"
"1435.39","0.84","18","15.1881"
"1435.6","0.84","18","15.1881"
"1435.81","0.84","18","15.1881"
"1436.01","0.84","18","15.1881"
"1436.22","0.84","18","15.1881"
"1436.43","0.84","18","15.1881"
"1436.64","0.84","18","15.1881"
"1436.85","0.84","18","15.1881"
"1437.06","0.84","18","15.1881"
"1437.26","0.84","18","15.1881"
"1437.47","0.84","18","15.1881"
"1437.68","0.84","18","15.1881"
"1437.89","0.85","18","15.215"
"1438.1","0.85","18","15.2267"
"1438.31","0.85","18","15.2267"
"1438.51","0.85","18","15.2267"
"1438.72","0.85","18","15.2542"
"1438.93","0.85","18","15.2721"
"1439.14","0.85","18","15.3039"
"1439.35","0.85","18","15.3039"
"1439.56","0.85","18","15.3039"
"1439.76","0.85","18","15.3039"
"1439.97","0.85","18","15.3039"
"1440.18","0.85","18","15.3039"
"1440.39","0.85","18","15.3039"
"1440.6","0.85","18","15.3039"
"1440.81","0.85","18","15.3039"
"1441.01","0.85","18","15.3039"
"1441.22","0.85","18","15.3039"
"1441.43","0.85","18","15.3039"
"1441.64","0.85","18","15.3039"
"1441.85","0.85","18","15.3039"
"1442.06","0.85","18","15.3039"
"1442.26","0.85","18","15.3039"
"1442.47","0.85","18","15.3039"
"1442.68","0.85","18","15.3039"
"1442.89","0.85","18","15.3039"
"1443.1","0.85","17.65","14.9995"
"1443.31","0.85","17","14.4392"
"1443.51","0.85","17","14.4392"
"1443.72","0.85","17","14.4392"
"1443.93","0.85","17","14.4392"
"1444.14","0.85","17","14.4392"
"1444.35","0.85","17","14.4392"
"1444.56","0.85","17","14.4392"
"1444.76","0.85","17","14.4392"
"1444.97","0.85","17","14.4392"
"1445.18","0.85","17","14.4392"
"1445.39","0.85","17","14.4392"
"1445.6","0.85","17","14.4392"
"1445.81","0.85","17","14.4392"
"1446.01","0.85","17","14.4392"
"1446.22","0.85","17","14.4392"
"1446.43","0.85","17","14.4392"
"1446.64","0.85","17","14.4392"
"1446.85","0.85","17","14.4392"
"1447.06","0.85","17","14.4392"
"1447.26","0.85","17","14.4392"
"1447.47","0.85","17","14.4392"
"1447.68","0.85","17","14.4392"
"1447.89","0.85","17","14.4392"
"1448.1","0.85","17","14.4392"
"1448.31","0.85","17","14.4392"
"1448.51","0.85","17","14.4392"
"1448.72","0.85","17","14.4704"
"1448.93","0.85","17","14.4976"
"1449.14","0.85","17","14.5164"
"1449.35","0.86","17","14.5522"
"1449.56","0.86","17","14.555"
"1449.76","0.86","17","14.618"
"1449.97","0.86","17","14.672"
"1450.18","0.87","17","14.748"
"1450.39","0.87","17","14.748"
"1450.6","0.87","17","14.748"
"1450.81","0.87","17","14.748"
"1451.01","0.87","17","14.7591"
"1451.22","0.87","17","14.7866"
"1451.43","0.87","17","14.7866"
"1451.64","0.87","17","14.7866"
"1451.85","0.87","17","14.7866"
"1452.06","0.87","17","14.7866"
"1452.26","0.87","17","14.7866"
"1452.47","0.87","17","14.7866"
"1452.68","0.87","17","14.7866"
"1452.89","0.87","17","14.7866"
"1453.1","0.87","17","14.7866"
"1453.31","0.87","17","14.7866"
"1453.51","0.87","17","14.7866"
"1453.72","0.87","17","14.7866"
"1453.93","0.87","17","14.7866"
"1454.14","0.87","16.45","14.3834"
"1454.35","0.88","16","14.0562"
"1454.56","0.88","16","14.0562"
"1454.76","0.88","16","14.0562"
"1454.97","0.88","16","14.0562"
"1455.18","0.88","16","14.0562"
"1455.39","0.88","16","14.0562"
"1455.6","0.88","16","14.0562"
"1455.81","0.88","16","14.0562"
"1456.01","0.88","16","14.0562"
"1456.22","0.88","16","14.0562"
"1456.43","0.88","16","14.0562"
"1456.64","0.88","16","14.0562"
"1456.85","0.88","16","14.0562"
"1457.06","0.88","16","14.0562"
"1457.26","0.88","16","14.0562"
"1457.47","0.88","16","14.0562"
"1457.68","0.88","16","14.0562"
"1457.89","0.88","16","14.0562"
"1458.1","0.88","16","14.0562"
"1458.31","0.89","16","14.2425"
"1458.51","0.89","16","14.2487"
"1458.72","0.89","16","14.2487"
"1458.93","0.89","16","14.2487"
"1459.14","0.89","16","14.2487"
"1459.35","0.89","16","14.2487"
"1459.56","0.89","16","14.2487"
"1459.76","0.89","16","14.2487"
"1459.97","0.89","16","14.2487"
"1460.18","0.89","16","14.2487"
"1460.39","0.89","16","14.2487"
"1460.6","0.89","16","14.2487"
"1460.81","0.91","16","14.5102"
"1461.01","0.89","16.96","15.0995"
"1461.22","0.89","17","15.1134"
"1461.43","0.89","17","15.1134"
"1461.64","0.89","17","15.1134"
"1461.85","0.89","17","15.1134"
"1462.06","0.89","17","15.1134"
"1462.26","0.89","17","15.1134"
"1462.47","0.89","17","15.1134"
"1462.68","0.89","17","15.1134"
"1462.89","0.89","17","15.1134"
"1463.1","0.89","17","15.1134"
"1463.31","0.89","17","15.1134"
"1463.51","0.89","17","15.1134"
"1463.72","0.89","17","15.1134"
"1463.93","0.89","17","15.1134"
"1464.14","0.89","17","15.1134"
"1464.35","0.89","17","15.1134"
"1464.56","0.89","17","15.1134"
"1464.76","0.89","17","15.1134"
"1464.97","0.89","17","15.1134"
"1465.18","0.84","17","14.2632"
"1465.39","0.82","17","13.9829"
"1465.6","0.84","17","14.2059"
"1465.81","0.87","17.69","15.3655"
"1466.01","0.85","20.3","17.3244"
"1466.22","0.86","21.76","18.6272"
"1466.43","0.86","22.27","19.0655"
"1466.64","0.86","23","19.7912"
"1466.85","0.85","23.85","20.2753"
"1467.06","0.84","25.97","21.7483"
"1467.26","0.84","26","21.8904"
"1467.47","0.85","26.18","22.1324"
"1467.68","0.84","27","22.6713"
"1467.89","0.83","27.89","23.1859"
"1468.1","0.84","28","23.4598"
"1468.31","0.83","28.68","23.9372"
"1468.51","0.83","29","24.07"
"1468.72","0.83","29","24.07"
"1468.93","0.83","29","24.07"
"1469.14","0.83","29","24.07"
"1469.35","0.83","29","24.07"
"1469.56","0.83","29","24.07"
"1469.76","0.83","29","24.082"
"1469.97","0.84","29","24.333"
"1470.18","0.84","29","24.3396"
"1470.39","0.84","29","24.395"
"1470.6","0.84","29","24.4935"
"1470.81","0.84","29","24.4935"
"1471.01","0.84","29","24.4935"
"1471.22","0.84","29","24.4935"
"1471.43","0.84","29","24.4935"
"1471.64","0.84","29","24.4935"
"1471.85","0.84","29","24.4935"
"1472.06","0.84","29","24.4935"
"1472.26","0.84","29","24.4935"
"1472.47","0.84","29","24.4935"
"1472.68","0.84","29","24.4935"
"1472.89","0.84","29","24.4935"
"1473.1","0.84","29","24.4935"
"1473.31","0.84","29","24.4935"
"1473.51","0.84","29","24.4935"
"1473.72","0.84","29","24.4935"
"1473.93","0.84","29","24.4935"
"1474.14","0.84","29","24.4935"
"1474.35","0.84","29","24.4935"
"1474.56","0.84","29","24.4935"
"1474.76","0.84","29","24.4935"
"1474.97","0.84","29","24.4935"
"1475.18","0.84","29","24.4935"
"1475.39","0.84","29","24.4935"
"1475.6","0.84","29","24.4935"
"1475.81","0.84","29","24.4935"
"1476.01","0.84","29","24.4935"
"1476.22","0.84","29","24.3289"
"1476.43","0.84","29","24.3206"
"1476.64","0.84","29","24.3206"
"1476.85","0.84","29","24.3206"
"1477.06","0.84","29","24.3206"
"1477.26","0.84","29","24.3206"
"1477.47","0.84","29","24.3206"
"1477.68","0.84","29","24.3206"
"1477.89","0.84","29","24.3206"
"1478.1","0.84","29","24.3206"
"1478.31","0.84","29","24.3206"
"1478.51","0.84","29","24.3206"
"1478.72","0.84","29","24.3206"
"1478.93","0.84","29","24.3206"
"1479.14","0.84","29","24.3206"
"1479.35","0.84","29","24.3206"
"1479.56","0.84","29","24.3206"
"1479.76","0.84","29","24.3206"
"1479.97","0.84","29","24.3206"
"1480.18","0.84","29","24.3206"
"1480.39","0.84","29","24.3206"
"1480.6","0.84","29","24.3206"
"1480.81","0.84","29","24.3206"
"1481.01","0.84","29","24.3206"
"1481.22","0.84","29","24.3206"
"1481.43","0.84","29","24.3206"
"1481.64","0.84","29","24.3206"
"1481.85","0.84","29","24.3206"
"1482.06","0.84","29","24.3206"
"1482.26","0.84","29","24.3206"
"1482.47","0.84","29","24.3206"
"1482.68","0.84","29","24.3206"
"1482.89","0.84","29","24.3206"
"1483.1","0.84","29","24.3206"
"1483.31","0.84","29","24.3206"
"1483.51","0.84","29","24.3206"
"1483.72","0.84","29","24.3206"
"1483.93","0.84","29","24.3206"
"1484.14","0.84","29","24.3206"
"1484.35","0.84","29","24.3206"
"1484.56","0.84","29","24.3206"
"1484.76","0.84","29","24.3206"
"1484.97","0.84","29","24.3206"
"1485.18","0.84","29","24.3206"
"1485.39","0.84","29","24.3206"
"1485.6","0.84","29","24.3206"
"1485.81","0.84","29","24.3206"
"1486.01","0.84","29","24.3206"
"1486.22","0.84","29","24.3206"
"1486.43","0.84","29","24.3206"
"1486.64","0.84","29","24.3206"
"1486.85","0.84","29","24.3206"
"1487.06","0.84","27.78","23.295"
"1487.26","0.84","21","17.5736"
"1487.47","0.84","21","17.5736"
"1487.68","0.84","21","17.5736"
"1487.89","0.84","21","17.5736"
"1488.1","0.84","21","17.5736"
"1488.31","0.84","21","17.5736"
"1488.51","0.84","21","17.5736"
"1488.72","0.84","21","17.5736"
"1488.93","0.84","21","17.5736"
"1489.14","0.84","21","17.5736"
"1489.35","0.84","21","17.5736"
"1489.56","0.84","21","17.5736"
"1489.76","0.84","21","17.5736"
"1489.97","0.84","21","17.5736"
"1490.18","0.84","21","17.5736"
"1490.39","0.84","21","17.5736"
"1490.6","0.84","21","17.5736"
"1490.81","0.84","21","17.5736"
"1491.01","0.84","21","17.5736"
"1491.22","0.84","21","17.5736"
"1491.43","0.84","21","17.5736"
"1491.64","0.84","21","17.5736"
"1491.85","0.84","21","17.5736"
"1492.06","0.84","21","17.5736"
"1492.26","0.84","21","17.5736"
"1492.47","0.84","21","17.5736"
"1492.68","0.84","21","17.5736"
"1492.89","0.84","21","17.5736"
"1493.1","0.84","21","17.5736"
"1493.31","0.84","21","17.5736"
"1493.51","0.84","21","17.5736"
"1493.72","0.84","21","17.5736"
"1493.93","0.84","21","17.5736"
"1494.14","0.84","21","17.5736"
"1494.35","0.84","21","17.5736"
"1494.56","0.84","21","17.5736"
"1494.76","0.84","21","17.5736"
"1494.97","0.84","21","17.5736"
"1495.18","0.84","21","17.5736"
"1495.39","0.84","21","17.5736"
"1495.6","0.84","21","17.5736"
"1495.81","0.84","21","17.5736"
"1496.01","0.84","21","17.5736"
"1496.22","0.84","21","17.5736"
"1496.43","0.84","21","17.5736"
"1496.64","0.84","21","17.5736"
"1496.85","0.84","21","17.5736"
"1497.06","0.84","21","17.5736"
"1497.26","0.84","21","17.5736"
"1497.47","0.84","21","17.5736"
"1497.68","0.84","21","17.5736"
"1497.89","0.84","21","17.5736"
"1498.1","0.81","19.94","16.2677"
"1498.31","0.77","18","13.8636"
"1498.51","0.79","18","14.2372"
"1498.72","0.8","18","14.3824"
"1498.93","0.82","18","14.7366"
"1499.14","0.84","18","15.0742"
"1499.35","0.84","18","15.0742"
"1499.56","0.84","18","15.0742"
"1499.76","0.84","18","15.0991"
"1499.97","0.83","18.86","15.6248"
"1500.18","0.83","19","15.7659"
"1500.39","0.83","19","15.7659"
"1500.6","0.83","19.02","15.8406"
"1500.81","0.81","20.58","16.7081"
"1501.01","0.83","21","17.3309"
"1501.22","0.83","21","17.342"
"1501.43","0.83","21","17.342"
"1501.64","0.83","21","17.342"
"1501.85","0.83","21","17.342"
"1502.06","0.83","21","17.342"
"1502.26","0.83","21","17.342"
"1502.47","0.83","21","17.342"
"1502.68","0.83","21","17.342"
"1502.89","0.83","21","17.342"
"1503.1","0.83","21","17.342"
"1503.31","0.83","21","17.342"
"1503.51","0.83","21","17.342"
"1503.72","0.83","21","17.342"
"1503.93","0.83","21","17.342"
"1504.14","0.83","21","17.342"
"1504.35","0.83","21","17.342"
"1504.56","0.83","21","17.3738"
"1504.76","0.83","21","17.3806"
"1504.97","0.83","21","17.3806"
"1505.18","0.83","21","17.3806"
"1505.39","0.83","21","17.3806"
"1505.6","0.83","21","17.3806"
"1505.81","0.83","21","17.3806"
"1506.01","0.83","21","17.3806"
"1506.22","0.83","21","17.3806"
"1506.43","0.83","21","17.3806"
"1506.64","0.83","21","17.3806"
"1506.85","0.83","21","17.3806"
"1507.06","0.83","21","17.3806"
"1507.26","0.83","21","17.3806"
"1507.47","0.83","21","17.3806"
"1507.68","0.83","21","17.3806"
"1507.89","0.83","21","17.3806"
"1508.1","0.83","21","17.3806"
"1508.31","0.83","21","17.3806"
"1508.51","0.83","21","17.3806"
"1508.72","0.83","21","17.3806"
"1508.93","0.83","21","17.3806"
"1509.14","0.82","20.45","16.8181"
"1509.35","0.82","20","16.3616"
"1509.56","0.82","20","16.3616"
"1509.76","0.82","20","16.3616"
"1509.97","0.82","20","16.3647"
"1510.18","0.82","20","16.4387"
"1510.39","0.82","20","16.4387"
"1510.6","0.82","20","16.4387"
"1510.81","0.82","20","16.4387"
"1511.01","0.82","20","16.4387"
"1511.22","0.82","20","16.4387"
"1511.43","0.82","20","16.4387"
"1511.64","0.82","20","16.4387"
"1511.85","0.82","20","16.4387"
"1512.06","0.82","20","16.4387"
"1512.26","0.82","20","16.4387"
"1512.47","0.82","20","16.4387"
"1512.68","0.82","20","16.4387"
"1512.89","0.82","20","16.4387"
"1513.1","0.82","20","16.4387"
"1513.31","0.82","20","16.4387"
"1513.51","0.82","20","16.4387"
"1513.72","0.82","20","16.4387"
"1513.93","0.82","20","16.4387"
"1514.14","0.82","20","16.4387"
"1514.35","0.82","20","16.4387"
"1514.56","0.82","20","16.4387"
"1514.76","0.82","20","16.4387"
"1514.97","0.82","20","16.4387"
"1515.18","0.82","20","16.4387"
"1515.39","0.82","20","16.4387"
"1515.6","0.82","20","16.4387"
"1515.81","0.82","20","16.4387"
"1516.01","0.82","20","16.4387"
"1516.22","0.82","20","16.4727"
"1516.43","0.83","20","16.6887"
"1516.64","0.83","20","16.6887"
"1516.85","0.83","20","16.6887"
"1517.06","0.83","20","16.6887"
"1517.26","0.83","20","16.6887"
"1517.47","0.83","20","16.6887"
"1517.68","0.83","20","16.6887"
"1517.89","0.83","20","16.6887"
"1518.1","0.83","20","16.6887"
"1518.31","0.83","20","16.6887"
"1518.51","0.83","20","16.6887"
"1518.72","0.83","20","16.6887"
"1518.93","0.83","20","16.6887"
"1519.14","0.83","20","16.6887"
"1519.35","0.83","20","16.6887"
"1519.56","0.83","20","16.6887"
"1519.76","0.83","20","16.6887"
"1519.97","0.83","20","16.6887"
"1520.18","0.81","19.25","15.6626"
"1520.39","0.81","19","15.3242"
"1520.6","0.81","19","15.3242"
"1520.81","0.81","19","15.3242"
"1521.01","0.81","19","15.3242"
"1521.22","0.81","19","15.3242"
"1521.43","0.81","19","15.3242"
"1521.64","0.81","19","15.3242"
"1521.85","0.81","19","15.3242"
"1522.06","0.81","19","15.3242"
"1522.26","0.81","19","15.3242"
"1522.47","0.81","19","15.3242"
"1522.68","0.81","19","15.3242"
"1522.89","0.81","19","15.3242"
"1523.1","0.81","19","15.3242"
"1523.31","0.81","19","15.3242"
"1523.51","0.81","19","15.3242"
"1523.72","0.81","19","15.3242"
"1523.93","0.81","19","15.3242"
"1524.14","0.81","19","15.3242"
"1524.35","0.81","19","15.3242"
"1524.56","0.81","19","15.3242"
"1524.76","0.81","19","15.3242"
"1524.97","0.81","19","15.3242"
"1525.18","0.81","19","15.3242"
"1525.39","0.81","19","15.3242"
"1525.6","0.81","19","15.3242"
"1525.81","0.81","19","15.3242"
"1526.01","0.81","19","15.3242"
"1526.22","0.81","19","15.3242"
"1526.43","0.81","19","15.3242"
"1526.64","0.81","19","15.3242"
"1526.85","0.81","19","15.3242"
"1527.06","0.81","19","15.3242"
"1527.26","0.81","19","15.3242"
"1527.47","0.81","19","15.3242"
"1527.68","0.81","19","15.3242"
"1527.89","0.81","19","15.3242"
"1528.1","0.81","19","15.3242"
"1528.31","0.81","19","15.3242"
"1528.51","0.81","19","15.3242"
"1528.72","0.81","19","15.3242"
"1528.93","0.81","19","15.3242"
"1529.14","0.81","19","15.3242"
"1529.35","0.81","19","15.3242"
"1529.56","0.81","19","15.3242"
"1529.76","0.81","19","15.3242"
"1529.97","0.81","19","15.3242"
"1530.18","0.82","19","15.5687"
"1530.39","0.82","19","15.6125"
"1530.6","0.82","19","15.6125"
"1530.81","0.82","19","15.6125"
"1531.01","0.82","19","15.6125"
"1531.22","0.76","18.05","13.6914"
"1531.43","0.76","18","13.5946"
"1531.64","0.76","18","13.5946"
"1531.85","0.76","18","13.5946"
"1532.06","0.76","18","13.5946"
"1532.26","0.76","18","13.5946"
"1532.47","0.76","18","13.5946"
"1532.68","0.76","18","13.5946"
"1532.89","0.76","18","13.5946"
"1533.1","0.76","18","13.5946"
"1533.31","0.76","18","13.5946"
"1533.51","0.76","18","13.5946"
"1533.72","0.76","18","13.5946"
"1533.93","0.76","18","13.5946"
"1534.14","0.76","18","13.5946"
"1534.35","0.76","18","13.5946"
"1534.56","0.76","18","13.5946"
"1534.76","0.76","18","13.5946"
"1534.97","0.76","18","13.5946"
"1535.18","0.76","18","13.5946"
"1535.39","0.76","18","13.5946"
"1535.6","0.76","18","13.5946"
"1535.81","0.76","18","13.5946"
"1536.01","0.76","18","13.5946"
"1536.22","0.76","18","13.5946"
"1536.43","0.76","18","13.5946"
"1536.64","0.76","18","13.5946"
"1536.85","0.76","18","13.5946"
"1537.06","0.76","18","13.5946"
"1537.26","0.76","18","13.5946"
"1537.47","0.76","18","13.5946"
"1537.68","0.76","18","13.5946"
"1537.89","0.76","18","13.5946"
"1538.1","0.76","18","13.5946"
"1538.31","0.76","18","13.5946"
"1538.51","0.76","18","13.5946"
"1538.72","0.76","18","13.5946"
"1538.93","0.76","18","13.5946"
"1539.14","0.76","18","13.5946"
"1539.35","0.76","18","13.5946"
"1539.56","0.76","18","13.5946"
"1539.76","0.76","18","13.5946"
"1539.97","0.76","18","13.5946"
"1540.18","0.76","18","13.5946"
"1540.39","0.76","18","13.5946"
"1540.6","0.76","18","13.5946"
"1540.81","0.76","18","13.5946"
"1541.01","0.76","18","13.5946"
"1541.22","0.76","18","13.5946"
"1541.43","0.76","18","13.5946"
"1541.64","0.76","18","13.5946"
"1541.85","0.76","18","13.5946"
"1542.06","0.76","17.7","13.4426"
"1542.26","0.79","16","12.5946"
"1542.47","0.79","16","12.5946"
"1542.68","0.79","16","12.5946"
"1542.89","0.79","16","12.5946"
"1543.1","0.79","16","12.5946"
"1543.31","0.79","16","12.5946"
"1543.51","0.79","16","12.5946"
"1543.72","0.79","16","12.5946"
"1543.93","0.79","16","12.5946"
"1544.14","0.79","16","12.5946"
"1544.35","0.79","16","12.5946"
"1544.56","0.79","16","12.5946"
"1544.76","0.79","16","12.5946"
"1544.97","0.79","16","12.5946"
"1545.18","0.79","16","12.5946"
"1545.39","0.79","16","12.5946"
"1545.6","0.79","16","12.5946"
"1545.81","0.79","16","12.5946"
"1546.01","0.79","16","12.5946"
"1546.22","0.79","16","12.5946"
"1546.43","0.79","16","12.5946"
"1546.64","0.79","16","12.5946"
"1546.85","0.79","16","12.5946"
"1547.06","0.79","16","12.5946"
"1547.26","0.79","16","12.5946"
"1547.47","0.79","16","12.5946"
"1547.68","0.79","16","12.5946"
"1547.89","0.79","16","12.5946"
"1548.1","0.79","16","12.5946"
"1548.31","0.79","16","12.5946"
"1548.51","0.79","16","12.5946"
"1548.72","0.79","16","12.5946"
"1548.93","0.79","16","12.5946"
"1549.14","0.79","16","12.5946"
"1549.35","0.79","16","12.5946"
"1549.56","0.79","16","12.5946"
"1549.76","0.79","16","12.5946"
"1549.97","0.79","16","12.5946"
"1550.18","0.79","16","12.5946"
"1550.39","0.79","16","12.5946"
"1550.6","0.79","16","12.5946"
"1550.81","0.79","16","12.5946"
"1551.01","0.79","16","12.5946"
"1551.22","0.79","16","12.5946"
"1551.43","0.79","16","12.5946"
"1551.64","0.79","16","12.5946"
"1551.85","0.79","16","12.5946"
"1552.06","0.79","16","12.5946"
"1552.26","0.79","16","12.5946"
"1552.47","0.79","16","12.5946"
"1552.68","0.79","16","12.5946"
"1552.89","0.79","16","12.5946"
"1553.1","0.79","15.65","12.3033"
"1553.31","0.78","15","11.7673"
"1553.51","0.78","15","11.7673"
"1553.72","0.78","15","11.7673"
"1553.93","0.78","15","11.7673"
"1554.14","0.78","15","11.7673"
"1554.35","0.78","15","11.7673"
"1554.56","0.78","15","11.7673"
"1554.76","0.78","15","11.7673"
"1554.97","0.78","15","11.7673"
"1555.18","0.78","15","11.7673"
"1555.39","0.78","15","11.7673"
"1555.6","0.79","15","11.8313"
"1555.81","0.8","15","12.0173"
"1556.01","0.8","15","12.0173"
"1556.22","0.8","15","12.0587"
"1556.43","0.81","15","12.0755"
"1556.64","0.81","15","12.0755"
"1556.85","0.81","15","12.0755"
"1557.06","0.81","15","12.0755"
"1557.26","0.81","15","12.0755"
"1557.47","0.81","15","12.0755"
"1557.68","0.81","15","12.0755"
"1557.89","0.81","15","12.0755"
"1558.1","0.81","15","12.0755"
"1558.31","0.81","15","12.0755"
"1558.51","0.81","15","12.0755"
"1558.72","0.81","15","12.0755"
"1558.93","0.81","15","12.0755"
"1559.14","0.81","15","12.0755"
"1559.35","0.81","15","12.0755"
"1559.56","0.81","15","12.0755"
"1559.76","0.81","15","12.0755"
"1559.97","0.81","15","12.0755"
"1560.18","0.81","15","12.0755"
"1560.39","0.81","15","12.0755"
"1560.6","0.81","15","12.0755"
"1560.81","0.81","15","12.0755"
"1561.01","0.81","15","12.0755"
"1561.22","0.81","15","12.0755"
"1561.43","0.81","15","12.0755"
"1561.64","0.81","15","12.0755"
"1561.85","0.81","15","12.0755"
"1562.06","0.81","15","12.0755"
"1562.26","0.81","15","12.0755"
"1562.47","0.81","15","12.0755"
"1562.68","0.81","15","12.0755"
"1562.89","0.81","15","12.0755"
"1563.1","0.81","15","12.0755"
"1563.31","0.81","15","12.0755"
"1563.51","0.81","15","12.0755"
"1563.72","0.81","15","12.0755"
"1563.93","0.81","15","12.0755"
"1564.14","0.79","15","11.7995"
"1564.35","0.77","15","11.5755"
"1564.56","0.77","15","11.5755"
"1564.76","0.77","15","11.5755"
"1564.97","0.77","15","11.5755"
"1565.18","0.77","15","11.5755"
"1565.39","0.77","15","11.5755"
"1565.6","0.77","15","11.5755"
"1565.81","0.77","15","11.5755"
"1566.01","0.77","15","11.5755"
"1566.22","0.77","15","11.5755"
"1566.43","0.77","15","11.5755"
"1566.64","0.77","15","11.5857"
"1566.85","0.77","15","11.6141"
"1567.06","0.77","15","11.6141"
"1567.26","0.77","15","11.6141"
"1567.47","0.77","15","11.6141"
"1567.68","0.77","15","11.6141"
"1567.89","0.77","15","11.6141"
"1568.1","0.77","15","11.6141"
"1568.31","0.77","15","11.6141"
"1568.51","0.77","15","11.6141"
"1568.72","0.77","15","11.6141"
"1568.93","0.77","15","11.6141"
"1569.14","0.77","15","11.6141"
"1569.35","0.77","15","11.6141"
"1569.56","0.77","15","11.6141"
"1569.76","0.77","15","11.6141"
"1569.97","0.77","15","11.6141"
"1570.18","0.77","15","11.6141"
"1570.39","0.77","15","11.6141"
"1570.6","0.77","15","11.6141"
"1570.81","0.77","15","11.6141"
"1571.01","0.77","15","11.6141"
"1571.22","0.77","15","11.6141"
"1571.43","0.77","15","11.6141"
"1571.64","0.77","15","11.6141"
"1571.85","0.77","15","11.6141"
"1572.06","0.77","15","11.6141"
"1572.26","0.77","15","11.6141"
"1572.47","0.77","15","11.6141"
"1572.68","0.77","15","11.6141"
"1572.89","0.77","15","11.6141"
"1573.1","0.77","15","11.6141"
"1573.31","0.77","15","11.6141"
"1573.51","0.77","15","11.6141"
"1573.72","0.77","15","11.6141"
"1573.93","0.77","15","11.6141"
"1574.14","0.77","15","11.6141"
"1574.35","0.77","15","11.6141"
"1574.56","0.77","15","11.6141"
"1574.76","0.77","15","11.6141"
"1574.97","0.77","15","11.6141"
"1575.18","0.76","14.25","10.8625"
"1575.39","0.76","14","10.6146"
"1575.6","0.76","14","10.6146"
"1575.81","0.76","14","10.6146"
"1576.01","0.76","14","10.6146"
"1576.22","0.76","14","10.6146"
"1576.43","0.76","14","10.6146"
"1576.64","0.76","14","10.6146"
"1576.85","0.77","14","10.7668"
"1577.06","0.77","14","10.7875"
"1577.26","0.77","14","10.7875"
"1577.47","0.77","14","10.7875"
"1577.68","0.77","14","10.7875"
"1577.89","0.78","14","10.8871"
"1578.1","0.8","14","11.1334"
"1578.31","0.8","14","11.2109"
"1578.51","0.82","14","11.4793"
"1578.72","0.82","14","11.4793"
"1578.93","0.82","14","11.4793"
"1579.14","0.82","14","11.4793"
"1579.35","0.82","14","11.4793"
"1579.56","0.82","14","11.4793"
"1579.76","0.82","14","11.4793"
"1579.97","0.82","14","11.4793"
"1580.18","0.82","14","11.4793"
"1580.39","0.82","14","11.4793"
"1580.6","0.82","14","11.4793"
"1580.81","0.82","14","11.4793"
"1581.01","0.82","14","11.4793"
"1581.22","0.82","14","11.4793"
"1581.43","0.82","14","11.4793"
"1581.64","0.82","14","11.4793"
"1581.85","0.82","14","11.4793"
"1582.06","0.82","14","11.4793"
"1582.26","0.82","14","11.4793"
"1582.47","0.82","14","11.4793"
"1582.68","0.82","14","11.4793"
"1582.89","0.82","14","11.4793"
"1583.1","0.82","14","11.4793"
"1583.31","0.82","14","11.4793"
"1583.51","0.82","14","11.4793"
"1583.72","0.82","14","11.4793"
"1583.93","0.82","14","11.4793"
"1584.14","0.82","14","11.4793"
"1584.35","0.82","14","11.4793"
"1584.56","0.82","14","11.4793"
"1584.76","0.82","14","11.4793"
"1584.97","0.82","14","11.4793"
"1585.18","0.82","14","11.4793"
"1585.39","0.82","14","11.4793"
"1585.6","0.82","14","11.4793"
"1585.81","0.82","14","11.4793"
"1586.01","0.82","14","11.4793"
"1586.22","0.79","13.05","10.271"
"1586.43","0.79","13","10.2101"
"1586.64","0.79","13","10.2101"
"1586.85","0.79","13","10.2101"
"1587.06","0.79","13","10.2101"
"1587.26","0.79","13","10.2101"
"1587.47","0.79","13","10.2101"
"1587.68","0.79","13","10.2101"
"1587.89","0.79","13","10.2101"
"1588.1","0.79","13","10.2101"
"1588.31","0.79","13","10.2101"
"1588.51","0.79","13","10.2101"
"1588.72","0.79","13","10.2101"
"1588.93","0.79","13","10.2101"
"1589.14","0.79","13","10.2101"
"1589.35","0.79","13","10.2101"
"1589.56","0.79","13","10.2101"
"1589.76","0.79","13","10.2101"
"1589.97","0.79","13","10.2101"
"1590.18","0.79","13","10.2101"
"1590.39","0.79","13","10.2101"
"1590.6","0.79","13","10.2101"
"1590.81","0.79","13","10.2101"
"1591.01","0.79","13","10.2101"
"1591.22","0.79","13","10.2101"
"1591.43","0.79","13","10.2101"
"1591.64","0.79","13","10.2101"
"1591.85","0.79","13","10.2101"
"1592.06","0.79","13","10.2101"
"1592.26","0.79","13","10.2101"
"1592.47","0.79","13","10.2101"
"1592.68","0.79","13","10.2101"
"1592.89","0.79","13","10.2101"
"1593.1","0.79","13","10.2101"
"1593.31","0.79","13","10.2101"
"1593.51","0.79","13","10.2101"
"1593.72","0.79","13","10.2101"
"1593.93","0.79","13","10.2101"
"1594.14","0.79","13","10.2101"
"1594.35","0.79","13","10.2101"
"1594.56","0.79","13","10.2101"
"1594.76","0.79","13","10.2101"
"1594.97","0.79","13","10.2101"
"1595.18","0.79","13","10.2101"
"1595.39","0.79","13","10.2101"
"1595.6","0.79","13","10.2101"
"1595.81","0.79","13","10.2101"
"1596.01","0.79","13","10.2101"
"1596.22","0.79","13","10.2101"
"1596.43","0.79","13","10.2101"
"1596.64","0.79","13","10.2101"
"1596.85","0.79","13","10.2101"
"1597.06","0.78","12.7","9.9647"
"1597.26","0.78","11","8.5955"
"1597.47","0.78","11","8.5955"
"1597.68","0.78","11","8.5955"
"1597.89","0.78","11","8.5955"
"1598.1","0.78","11","8.5955"
"1598.31","0.78","11","8.5955"
"1598.51","0.78","11","8.5955"
"1598.72","0.78","11","8.5955"
"1598.93","0.78","11","8.5955"
"1599.14","0.78","11","8.5955"
"1599.35","0.78","11","8.5955"
"1599.56","0.78","11","8.5955"
"1599.76","0.78","11","8.5955"
"1599.97","0.78","11","8.5955"
"1600.18","0.78","11","8.5955"
"1600.39","0.78","11","8.5955"
"1600.6","0.78","11","8.5955"
"1600.81","0.78","11","8.5955"
"1601.01","0.78","11","8.5955"
"1601.22","0.78","11","8.5955"
"1601.43","0.78","11","8.5955"
"1601.64","0.78","11","8.5955"
"1601.85","0.78","11","8.5955"
"1602.06","0.78","11","8.5955"
"1602.26","0.78","11","8.5955"
"1602.47","0.78","11","8.5955"
"1602.68","0.78","11","8.5955"
"1602.89","0.78","11","8.5955"
"1603.1","0.78","11","8.5955"
"1603.31","0.78","11","8.5955"
"1603.51","0.78","11","8.5955"
"1603.72","0.78","11","8.5955"
"1603.93","0.78","11","8.5955"
"1604.14","0.78","11","8.5955"
"1604.35","0.78","11","8.5955"
"1604.56","0.78","11","8.5955"
"1604.76","0.78","11","8.5955"
"1604.97","0.78","11","8.5955"
"1605.18","0.78","11","8.5955"
"1605.39","0.78","11","8.5955"
"1605.6","0.78","11","8.5955"
"1605.81","0.78","11","8.5955"
"1606.01","0.78","11","8.5955"
"1606.22","0.78","11","8.5955"
"1606.43","0.78","11","8.5955"
"1606.64","0.78","11","8.5955"
"1606.85","0.79","11","8.6453"
"1607.06","0.84","11","9.2817"
"1607.26","0.85","11","9.304"
"1607.47","0.85","11","9.3645"
"1607.68","0.85","11","9.3645"
"1607.89","0.85","11","9.3737"
"1608.1","0.79","11.93","9.4503"
"1608.31","0.78","12","9.4031"
"1608.51","0.8","12","9.5877"
"1608.72","0.85","12","10.1865"
"1608.93","0.85","12","10.2106"
"1609.14","0.82","12.55","10.3061"
"1609.35","0.81","13","10.5219"
"1609.56","0.83","13","10.8221"
"1609.76","0.84","13","10.9023"
"1609.97","0.84","13","10.9023"
"1610.18","0.84","13","10.9023"
"1610.39","0.84","13","10.9023"
"1610.6","0.84","13","10.9023"
"1610.81","0.84","13","10.9023"
"1611.01","0.84","13","10.9023"
"1611.22","0.84","13","10.9023"
"1611.43","0.84","13","10.9023"
"1611.64","0.84","13","10.9023"
"1611.85","0.84","13","10.9023"
"1612.06","0.84","13","10.9023"
"1612.26","0.84","13","10.9023"
"1612.47","0.84","13","10.9023"
"1612.68","0.84","13","10.9023"
"1612.89","0.84","13","10.9023"
"1613.1","0.84","13","10.9023"
"1613.31","0.84","13","10.9023"
"1613.51","0.84","13","10.9023"
"1613.72","0.84","13","10.9023"
"1613.93","0.84","13","10.9023"
"1614.14","0.84","13","10.9023"
"1614.35","0.84","13","10.9023"
"1614.56","0.84","13","10.9023"
"1614.76","0.84","13","10.9023"
"1614.97","0.84","13","10.9023"
"1615.18","0.84","13","10.9023"
"1615.39","0.84","13","10.9023"
"1615.6","0.84","13","10.9023"
"1615.81","0.84","13","10.9023"
"1616.01","0.84","13","10.9023"
"1616.22","0.84","13","10.9023"
"1616.43","0.84","13","10.9023"
"1616.64","0.84","13","10.9023"
"1616.85","0.84","13","10.9023"
"1617.06","0.84","13","10.9023"
"1617.26","0.84","13","10.9023"
"1617.47","0.84","13","10.9023"
"1617.68","0.84","13","10.9023"
"1617.89","0.84","13","10.9023"
"1618.1","0.84","13","10.9023"
"1618.31","0.84","13","10.9064"
"1618.51","0.84","13","10.9409"
"1618.72","0.84","13","10.9409"
"1618.93","0.84","13","10.9409"
"1619.14","0.84","13","10.9409"
"1619.35","0.84","13","10.9409"
"1619.56","0.84","13","10.9409"
"1619.76","0.84","13","10.9409"
"1619.97","0.84","13","10.9409"
"1620.18","0.84","13","10.9409"
"1620.39","0.84","13","10.9409"
"1620.6","0.84","13","10.9409"
"1620.81","0.84","13","10.9409"
"1621.01","0.84","13","10.9409"
"1621.22","0.85","13","11.0833"
"1621.43","0.86","13","11.172"
"1621.64","0.86","13","11.172"
"1621.85","0.86","13","11.172"
"1622.06","0.86","13","11.172"
"1622.26","0.86","13","11.172"
"1622.47","0.87","13","11.2594"
"1622.68","0.87","13","11.3259"
"1622.89","0.87","13","11.3259"
"1623.1","0.87","13","11.3259"
"1623.31","0.87","13","11.3259"
"1623.51","0.87","13","11.3259"
"1623.72","0.87","13","11.3259"
"1623.93","0.87","13","11.3259"
"1624.14","0.87","13","11.3259"
"1624.35","0.87","13","11.3259"
"1624.56","0.87","13","11.3259"
"1624.76","0.88","13","11.3923"
"1624.97","0.88","13","11.4798"
"1625.18","0.88","13","11.4798"
"1625.39","0.88","13","11.4798"
"1625.6","0.88","13","11.4798"
"1625.81","0.88","13","11.4798"
"1626.01","0.88","13","11.4798"
"1626.22","0.88","13","11.4798"
"1626.43","0.88","13","11.4798"
"1626.64","0.88","13","11.4798"
"1626.85","0.88","13","11.4798"
"1627.06","0.88","13","11.4798"
"1627.26","0.88","13","11.4798"
"1627.47","0.88","13","11.4798"
"1627.68","0.88","13","11.4798"
"1627.89","0.88","13","11.4798"
"1628.1","0.88","13","11.4798"
"1628.31","0.88","13","11.4798"
"1628.51","0.88","13","11.4798"
"1628.72","0.88","13","11.4798"
"1628.93","0.88","13","11.4798"
"1629.14","0.88","13","11.4798"
"1629.35","0.88","13","11.4798"
"1629.56","0.88","13","11.4798"
"1629.76","0.88","13","11.4798"
"1629.97","0.88","13","11.4798"
"1630.18","0.88","11.5","10.0922"
"1630.39","0.88","11","9.6346"
"1630.6","0.88","11","9.6346"
"1630.81","0.88","11","9.6346"
"1631.01","0.88","11","9.6346"
"1631.22","0.88","11","9.6346"
"1631.43","0.88","11","9.6346"
"1631.64","0.88","11","9.6346"
"1631.85","0.88","11","9.6346"
"1632.06","0.88","11","9.6346"
"1632.26","0.88","11","9.6346"
"1632.47","0.88","11","9.6346"
"1632.68","0.88","11","9.6346"
"1632.89","0.88","11","9.6346"
"1633.1","0.88","11","9.6346"
"1633.31","0.88","11","9.6346"
"1633.51","0.88","11","9.6346"
"1633.72","0.88","11","9.6346"
"1633.93","0.88","11","9.6346"
"1634.14","0.88","11","9.6346"
"1634.35","0.88","11","9.6346"
"1634.56","0.88","11","9.6346"
"1634.76","0.88","11","9.6346"
"1634.97","0.88","11","9.6346"
"1635.18","0.88","11","9.6346"
"1635.39","0.88","11","9.6346"
"1635.6","0.88","11","9.6346"
"1635.81","0.88","11","9.6346"
"1636.01","0.88","11","9.6346"
"1636.22","0.88","11","9.6346"
"1636.43","0.88","11","9.6346"
"1636.64","0.88","11","9.6346"
"1636.85","0.88","11","9.6346"
"1637.06","0.88","11.39","9.9902"
"1637.26","0.89","12.86","11.4456"
"1637.47","0.86","14.61","12.5814"
"1637.68","0.84","16.56","13.8819"
"1637.89","0.82","17","13.958"
"1638.1","0.83","17","14.1628"
"1638.31","0.85","17","14.4381"
"1638.51","0.84","17.62","14.7342"
"1638.72","0.83","18.47","15.3969"
"1638.93","0.83","19","15.6874"
"1639.14","0.83","19","15.8254"
"1639.35","0.84","19","15.9374"
"1639.56","0.84","19","15.9374"
"1639.76","0.84","19","15.9374"
"1639.97","0.84","19","15.9374"
"1640.18","0.84","19","15.9374"
"1640.39","0.84","19","15.9374"
"1640.6","0.84","19","15.9374"
"1640.81","0.84","19","15.9374"
"1641.01","0.84","19","15.9374"
"1641.22","0.81","19","15.3514"
"1641.43","0.81","19","15.3219"
"1641.64","0.81","19","15.3219"
"1641.85","0.81","19","15.3219"
"1642.06","0.81","19","15.3219"
"1642.26","0.81","19","15.3219"
"1642.47","0.81","19","15.3219"
"1642.68","0.81","19","15.3219"
"1642.89","0.81","19","15.3219"
"1643.1","0.81","19","15.3219"
"1643.31","0.81","19","15.3219"
"1643.51","0.81","19","15.3219"
"1643.72","0.81","19","15.3219"
"1643.93","0.81","19","15.3219"
"1644.14","0.81","19","15.3219"
"1644.35","0.81","19","15.3219"
"1644.56","0.81","19","15.3219"
"1644.76","0.81","19","15.3219"
"1644.97","0.81","19","15.3219"
"1645.18","0.81","19","15.3219"
"1645.39","0.81","19","15.3219"
"1645.6","0.81","19","15.3219"
"1645.81","0.81","19","15.3219"
"1646.01","0.81","19","15.3219"
"1646.22","0.81","19","15.3219"
"1646.43","0.81","19","15.3219"
"1646.64","0.81","19","15.3219"
"1646.85","0.81","19","15.3219"
"1647.06","0.81","19","15.3219"
"1647.26","0.81","19","15.3219"
"1647.47","0.81","19","15.3219"
"1647.68","0.81","19","15.3219"
"1647.89","0.81","19","15.3219"
"1648.1","0.81","19","15.3219"
"1648.31","0.81","19","15.3219"
"1648.51","0.81","19","15.3219"
"1648.72","0.81","19","15.3219"
"1648.93","0.81","19","15.3219"
"1649.14","0.81","19","15.3219"
"1649.35","0.81","19","15.3219"
"1649.56","0.81","19","15.3219"
"1649.76","0.81","19","15.3219"
"1649.97","0.81","19","15.3219"
"1650.18","0.81","19","15.3219"
"1650.39","0.81","19","15.3219"
"1650.6","0.81","19","15.3219"
"1650.81","0.81","19","15.3219"
"1651.01","0.81","19","15.3219"
"1651.22","0.81","19","15.3219"
"1651.43","0.81","19","15.3219"
"1651.64","0.81","19","15.3219"
"1651.85","0.81","19","15.3219"
"1652.06","0.8","18.09","14.5536"
"1652.26","0.79","13","10.2673"
"1652.47","0.79","13","10.2673"
"1652.68","0.79","13","10.2673"
"1652.89","0.79","13","10.2673"
"1653.1","0.79","13","10.2673"
"1653.31","0.79","13","10.2673"
"1653.51","0.79","13","10.2673"
"1653.72","0.79","13","10.2673"
"1653.93","0.79","13","10.2673"
"1654.14","0.79","13","10.2673"
"1654.35","0.79","13","10.2673"
"1654.56","0.79","13","10.2673"
"1654.76","0.79","13","10.2673"
"1654.97","0.79","13","10.2673"
"1655.18","0.79","13","10.2673"
"1655.39","0.79","13","10.2673"
"1655.6","0.79","13","10.2673"
"1655.81","0.79","13","10.2673"
"1656.01","0.79","13","10.2673"
"1656.22","0.79","13","10.2673"
"1656.43","0.79","13","10.2673"
"1656.64","0.79","13","10.2673"
"1656.85","0.79","13","10.2673"
"1657.06","0.79","13","10.2673"
"1657.26","0.79","13","10.2673"
"1657.47","0.79","13","10.2673"
"1657.68","0.79","13","10.2673"
"1657.89","0.79","13","10.2673"
"1658.1","0.79","13","10.2673"
"1658.31","0.79","13","10.2673"
"1658.51","0.79","13","10.2673"
"1658.72","0.79","13","10.2673"
"1658.93","0.79","13","10.2673"
"1659.14","0.79","13","10.2673"
"1659.35","0.79","13","10.2673"
"1659.56","0.79","13","10.2673"
"1659.76","0.79","13","10.2673"
"1659.97","0.79","13","10.2673"
"1660.18","0.79","13","10.2673"
"1660.39","0.79","13","10.2673"
"1660.6","0.79","13","10.2673"
"1660.81","0.79","13","10.2731"
"1661.01","0.79","13","10.3058"
"1661.22","0.79","13","10.3058"
"1661.43","0.79","13","10.3058"
"1661.64","0.79","13","10.3058"
"1661.85","0.79","13","10.3058"
"1662.06","0.79","13","10.3058"
"1662.26","0.79","13","10.3058"
"1662.47","0.79","13","10.3058"
"1662.68","0.79","13","10.3058"
"1662.89","0.79","13","10.3058"
"1663.1","0.79","12.65","10.0015"
"1663.31","0.79","12","9.4412"
"1663.51","0.79","12","9.4412"
"1663.72","0.79","12","9.4412"
"1663.93","0.79","12","9.4412"
"1664.14","0.79","12","9.4412"
"1664.35","0.79","12","9.4412"
"1664.56","0.79","12","9.4412"
"1664.76","0.79","12","9.4412"
"1664.97","0.79","12","9.4412"
"1665.18","0.79","12","9.4412"
"1665.39","0.8","12","9.5432"
"1665.6","0.81","12","9.6912"
"1665.81","0.81","12","9.6912"
"1666.01","0.81","12","9.6912"
"1666.22","0.81","12","9.6912"
"1666.43","0.81","12","9.6912"
"1666.64","0.81","12","9.6912"
"1666.85","0.81","12","9.6912"
"1667.06","0.81","12","9.6912"
"1667.26","0.81","12","9.6912"
"1667.47","0.81","12","9.6912"
"1667.68","0.81","12","9.6912"
"1667.89","0.81","12","9.6912"
"1668.1","0.81","12","9.6912"
"1668.31","0.81","12","9.6912"
"1668.51","0.81","12","9.6912"
"1668.72","0.81","12","9.6912"
"1668.93","0.81","12","9.6912"
"1669.14","0.81","12","9.6912"
"1669.35","0.81","12","9.6912"
"1669.56","0.81","12","9.6912"
"1669.76","0.81","12","9.6912"
"1669.97","0.81","12","9.6912"
"1670.18","0.81","12","9.6912"
"1670.39","0.81","12","9.6912"
"1670.6","0.81","12","9.6912"
"1670.81","0.81","12","9.6912"
"1671.01","0.81","12","9.6912"
"1671.22","0.81","12","9.6912"
"1671.43","0.81","12","9.6912"
"1671.64","0.81","12","9.6912"
"1671.85","0.81","12","9.6912"
"1672.06","0.81","12","9.6912"
"1672.26","0.81","12","9.6912"
"1672.47","0.81","12","9.6912"
"1672.68","0.81","12","9.6912"
"1672.89","0.81","12","9.6912"
"1673.1","0.81","12","9.6912"
"1673.31","0.81","12","9.6912"
"1673.51","0.81","12","9.6912"
"1673.72","0.81","12","9.6912"
"1673.93","0.81","12","9.6912"
"1674.14","0.75","12","8.9441"
"1674.35","0.69","12","8.3378"
"1674.56","0.69","12","8.3378"
"1674.76","0.69","12","8.3378"
"1674.97","0.69","12","8.3378"
"1675.18","0.69","12","8.3378"
"1675.39","0.69","12","8.3378"
"1675.6","0.69","12","8.3378"
"1675.81","0.69","12","8.3378"
"1676.01","0.69","12","8.3378"
"1676.22","0.69","12","8.3378"
"1676.43","0.69","12","8.3378"
"1676.64","0.69","12","8.3378"
"1676.85","0.69","12","8.3378"
"1677.06","0.69","12","8.3378"
"1677.26","0.69","12","8.3378"
"1677.47","0.69","12","8.3378"
"1677.68","0.69","12","8.3378"
"1677.89","0.69","12","8.3378"
"1678.1","0.69","12","8.3378"
"1678.31","0.69","12","8.3378"
"1678.51","0.69","12","8.3378"
"1678.72","0.69","12","8.3378"
"1678.93","0.69","12","8.3378"
"1679.14","0.69","12","8.3378"
"1679.35","0.69","12","8.3378"
"1679.56","0.69","12","8.3378"
"1679.76","0.69","12","8.3378"
"1679.97","0.69","12","8.3378"
"1680.18","0.69","12","8.3378"
"1680.39","0.69","12","8.3378"
"1680.6","0.69","12","8.3378"
"1680.81","0.69","12","8.3378"
"1681.01","0.69","12","8.3378"
"1681.22","0.69","12","8.3378"
"1681.43","0.69","12","8.3378"
"1681.64","0.69","12","8.3378"
"1681.85","0.69","12","8.3378"
"1682.06","0.69","12","8.3378"
"1682.26","0.69","12","8.3378"
"1682.47","0.69","12","8.3378"
"1682.68","0.69","12","8.3378"
"1682.89","0.69","12","8.3378"
"1683.1","0.69","12","8.3378"
"1683.31","0.69","12","8.3378"
"1683.51","0.69","12","8.3378"
"1683.72","0.69","12","8.3378"
"1683.93","0.69","12","8.3378"
"1684.14","0.69","12","8.3378"
"1684.35","0.69","12","8.3378"
"1684.56","0.69","12","8.3378"
"1684.76","0.69","12","8.3378"
"1684.97","0.69","12","8.3378"
"1685.18","0.67","12","8.0313"
"1685.39","0.66","12","7.9303"
"1685.6","0.66","12","7.9303"
"1685.81","0.66","12","7.964"
"1686.01","0.67","12","7.9994"
"1686.22","0.67","12","7.9994"
"1686.43","0.67","12","7.9994"
"1686.64","0.67","12","7.9994"
"1686.85","0.67","12","7.9994"
"1687.06","0.67","12","7.9994"
"1687.26","0.67","12","7.9994"
"1687.47","0.67","12","7.9994"
"1687.68","0.67","12","7.9994"
"1687.89","0.67","12","7.9994"
"1688.1","0.67","12","7.9994"
"1688.31","0.67","12","7.9994"
"1688.51","0.67","12","7.9994"
"1688.72","0.67","12","7.9994"
"1688.93","0.67","12","7.9994"
"1689.14","0.67","12","7.9994"
"1689.35","0.67","12","7.9994"
"1689.56","0.67","12","7.9994"
"1689.76","0.67","12","7.9994"
"1689.97","0.67","12","7.9994"
"1690.18","0.67","12","7.9994"
"1690.39","0.67","12","7.9994"
"1690.6","0.67","12","7.9994"
"1690.81","0.67","12","7.9994"
"1691.01","0.67","12","7.9994"
"1691.22","0.67","12","7.9994"
"1691.43","0.67","12","7.9994"
"1691.64","0.67","12","7.9994"
"1691.85","0.67","12","7.9994"
"1692.06","0.67","12","7.9994"
"1692.26","0.67","12","7.9994"
"1692.47","0.67","12","7.9994"
"1692.68","0.67","12","7.9994"
"1692.89","0.67","12","7.9994"
"1693.1","0.67","12","7.9994"
"1693.31","0.67","12","7.9994"
"1693.51","0.67","12","7.9994"
"1693.72","0.67","12","7.9994"
"1693.93","0.67","12","7.9994"
"1694.14","0.67","12","7.9994"
"1694.35","0.67","12","7.9994"
"1694.56","0.67","12","7.9994"
"1694.76","0.67","12","7.9994"
"1694.97","0.67","12","7.9994"
"1695.18","0.67","12","7.9994"
"1695.39","0.67","12","7.9994"
"1695.6","0.67","12","7.9994"
"1695.81","0.67","12","7.9994"
"1696.01","0.67","12","7.9994"
"1696.22","0.74","10.1","7.5015"
"1696.43","0.75","10","7.4764"
"1696.64","0.75","10","7.4764"
"1696.85","0.75","10","7.4764"
"1697.06","0.75","10","7.4764"
"1697.26","0.75","10","7.4764"
"1697.47","0.75","10","7.4764"
"1697.68","0.75","10","7.4764"
"1697.89","0.75","10","7.4764"
"1698.1","0.75","10","7.4764"
"1698.31","0.75","10","7.4764"
"1698.51","0.75","10","7.4764"
"1698.72","0.75","10","7.4764"
"1698.93","0.75","10","7.4764"
"1699.14","0.75","10","7.4764"
"1699.35","0.75","10","7.4764"
"1699.56","0.75","10","7.4764"
"1699.76","0.75","10","7.4764"
"1699.97","0.75","10","7.4764"
"1700.18","0.75","10","7.4764"
"1700.39","0.78","10.7","8.3023"
"1700.6","0.83","11.16","9.2569"
"1700.81","0.83","12.54","10.4564"
"1701.01","0.81","13","10.5893"
"1701.22","0.81","13","10.5893"
"1701.43","0.81","13","10.5893"
"1701.64","0.81","13","10.5893"
"1701.85","0.81","13","10.5893"
"1702.06","0.81","13","10.5893"
"1702.26","0.82","13","10.6115"
"1702.47","0.82","13","10.6124"
"1702.68","0.82","13","10.6124"
"1702.89","0.82","13","10.6124"
"1703.1","0.82","13","10.6183"
"1703.31","0.82","13","10.6355"
"1703.51","0.82","13","10.6355"
"1703.72","0.82","13","10.6355"
"1703.93","0.82","13","10.6355"
"1704.14","0.82","13","10.6355"
"1704.35","0.82","13","10.6355"
"1704.56","0.82","13","10.6355"
"1704.76","0.82","13","10.6355"
"1704.97","0.82","13","10.6497"
"1705.18","0.82","13","10.6782"
"1705.39","0.82","13","10.6983"
"1705.6","0.82","13","10.7014"
"1705.81","0.82","13","10.7014"
"1706.01","0.82","13","10.7014"
"1706.22","0.82","13","10.7014"
"1706.43","0.82","13","10.7014"
"1706.64","0.82","13","10.7014"
"1706.85","0.82","13","10.7014"
"1707.06","0.82","13","10.6955"
"1707.26","0.82","13","10.6628"
"1707.47","0.82","13","10.6628"
"1707.68","0.82","13","10.6628"
"1707.89","0.82","13","10.6628"
"1708.1","0.82","13","10.6628"
"1708.31","0.82","13","10.6628"
"1708.51","0.82","13","10.6628"
"1708.72","0.82","13","10.6628"
"1708.93","0.82","13","10.6628"
"1709.14","0.82","13","10.6628"
"1709.35","0.82","13","10.6628"
"1709.56","0.82","13","10.6628"
"1709.76","0.82","13","10.6628"
"1709.97","0.82","13","10.6628"
"1710.18","0.82","13","10.6628"
"1710.39","0.82","13","10.6628"
"1710.6","0.82","13","10.6628"
"1710.81","0.82","13","10.6628"
"1711.01","0.82","13","10.6628"
"1711.22","0.82","13","10.6628"
"1711.43","0.82","13","10.6628"
"1711.64","0.82","13","10.6628"
"1711.85","0.82","13","10.6628"
"1712.06","0.82","13","10.6628"
"1712.26","0.82","13","10.6628"
"1712.47","0.82","13","10.6628"
"1712.68","0.82","13","10.6628"
"1712.89","0.82","13","10.6628"
"1713.1","0.82","13","10.6628"
"1713.31","0.82","13","10.6628"
"1713.51","0.82","13","10.6628"
"1713.72","0.82","13","10.6628"
"1713.93","0.82","13","10.6628"
"1714.14","0.82","13","10.6628"
"1714.35","0.82","13","10.6628"
"1714.56","0.82","13","10.6628"
"1714.76","0.82","13","10.6628"
"1714.97","0.82","13","10.6628"
"1715.18","0.82","13","10.6628"
"1715.39","0.82","13","10.6628"
"1715.6","0.82","13","10.6628"
"1715.81","0.82","13","10.6628"
"1716.01","0.82","13","10.6628"
"1716.22","0.82","13","10.6628"
"1716.43","0.82","13","10.6628"
"1716.64","0.82","13","10.6628"
"1716.85","0.82","13","10.6628"
"1717.06","0.82","13","10.6628"
"1717.26","0.82","13","10.6628"
"1717.47","0.82","13","10.6628"
"1717.68","0.82","13","10.6628"
"1717.89","0.82","13","10.6628"
"1718.1","0.84","11.59","9.6831"
"1718.31","0.88","9","7.8794"
"1718.51","0.88","9","7.8794"
"1718.72","0.88","9","7.8794"
"1718.93","0.88","9","7.8794"
"1719.14","0.88","9","7.8794"
"1719.35","0.88","9","7.8794"
"1719.56","0.88","9","7.8794"
"1719.76","0.88","9","7.8794"
"1719.97","0.88","9","7.8794"
"1720.18","0.88","9","7.8794"
"1720.39","0.88","9","7.8794"
"1720.6","0.88","9","7.8794"
"1720.81","0.88","9","7.8794"
"1721.01","0.88","9","7.8794"
"1721.22","0.88","9","7.8794"
"1721.43","0.88","9","7.8794"
"1721.64","0.88","9","7.8794"
"1721.85","0.88","9","7.8794"
"1722.06","0.88","9","7.8794"
"1722.26","0.88","9","7.8794"
"1722.47","0.88","9","7.8794"
"1722.68","0.88","9","7.8794"
"1722.89","0.88","9","7.8794"
"1723.1","0.88","9","7.8794"
"1723.31","0.88","9","7.8794"
"1723.51","0.88","9","7.8794"
"1723.72","0.88","9","7.8794"
"1723.93","0.88","9","7.8794"
"1724.14","0.88","9","7.8794"
"1724.35","0.88","9","7.8794"
"1724.56","0.88","9","7.8794"
"1724.76","0.88","9","7.8794"
"1724.97","0.88","9","7.8794"
"1725.18","0.88","9","7.8794"
"1725.39","0.88","9","7.8794"
"1725.6","0.88","9","7.8794"
"1725.81","0.88","9","7.8794"
"1726.01","0.88","9","7.8794"
"1726.22","0.88","9","7.8859"
"1726.43","0.88","9","7.9025"
"1726.64","0.88","9","7.9025"
"1726.85","0.88","9","7.9272"
"1727.06","0.88","9","7.9507"
"1727.26","0.89","9","7.9797"
"1727.47","0.89","9","7.9797"
"1727.68","0.89","9","7.9797"
"1727.89","0.89","9","7.9797"
"1728.1","0.89","9","7.9797"
"1728.31","0.89","9","7.9797"
"1728.51","0.89","9","8.0094"
"1728.72","0.89","9","8.0183"
"1728.93","0.89","9","8.0183"
"1729.14","0.88","9","7.9015"
"1729.35","0.87","9","7.8068"
"1729.56","0.87","9","7.8068"
"1729.76","0.87","9","7.8068"
"1729.97","0.87","9","7.8068"
"1730.18","0.87","9","7.8068"
"1730.39","0.87","9","7.8679"
"1730.6","0.88","9","7.884"
"1730.81","0.88","9","7.884"
"1731.01","0.88","9","7.9284"
"1731.22","0.88","9","7.9612"
"1731.43","0.88","9","7.9612"
"1731.64","0.88","9","7.9612"
"1731.85","0.84","9.69","8.0801"
"1732.06","0.81","10","8.1341"
"1732.26","0.81","10","8.1341"
"1732.47","0.81","10","8.1341"
"1732.68","0.81","10","8.1341"
"1732.89","0.81","10","8.1478"
"1733.1","0.82","10","8.1538"
"1733.31","0.82","10","8.1538"
"1733.51","0.82","10","8.1538"
"1733.72","0.82","10","8.1538"
"1733.93","0.82","10","8.1538"
"1734.14","0.82","10","8.1538"
"1734.35","0.82","10","8.1538"
"1734.56","0.82","10","8.1538"
"1734.76","0.82","10","8.1538"
"1734.97","0.82","10","8.1538"
"1735.18","0.82","10","8.1538"
"1735.39","0.82","10","8.1538"
"1735.6","0.82","10","8.1538"
"1735.81","0.82","10","8.1538"
"1736.01","0.82","10","8.1538"
"1736.22","0.82","10","8.1538"
"1736.43","0.82","10","8.1538"
"1736.64","0.82","10","8.1538"
"1736.85","0.82","10","8.1538"
"1737.06","0.82","10","8.1538"
"1737.26","0.82","10","8.1538"
"1737.47","0.82","10","8.1538"
"1737.68","0.82","10","8.1538"
"1737.89","0.82","10","8.1538"
"1738.1","0.82","10","8.1538"
"1738.31","0.82","10","8.1538"
"1738.51","0.82","10","8.1538"
"1738.72","0.82","10","8.1538"
"1738.93","0.82","10","8.1538"
"1739.14","0.82","10","8.1538"
"1739.35","0.82","10","8.1538"
"1739.56","0.82","10","8.1538"
"1739.76","0.82","10","8.1538"
"1739.97","0.82","10","8.1538"
"1740.18","0.81","10","8.0783"
"1740.39","0.81","10","8.0534"
"1740.6","0.81","10","8.0534"
"1740.81","0.81","10","8.0534"
"1741.01","0.81","10","8.0534"
"1741.22","0.81","10","8.1195"
"1741.43","0.81","10","8.1228"
"1741.64","0.84","10","8.3594"
"1741.85","0.84","10.64","8.9471"
"1742.06","0.89","11","9.8164"
"1742.26","0.91","11","10.0107"
"1742.47","0.86","11.86","10.1619"
"1742.68","0.85","12","10.1868"
"1742.89","0.85","12","10.1868"
"1743.1","0.85","12","10.1868"
"1743.31","0.85","12.39","10.4939"
"1743.51","0.86","13","11.2244"
"1743.72","0.87","13","11.2563"
"1743.93","0.88","13","11.3974"
"1744.14","0.88","13","11.3974"
"1744.35","0.88","13","11.3974"
"1744.56","0.88","13","11.3974"
"1744.76","0.88","13","11.3974"
"1744.97","0.88","13","11.3974"
"1745.18","0.88","13","11.3974"
"1745.39","0.88","13","11.3974"
"1745.6","0.88","13","11.3974"
"1745.81","0.88","13","11.3974"
"1746.01","0.88","13","11.3974"
"1746.22","0.88","13","11.3974"
"1746.43","0.88","13","11.3974"
"1746.64","0.88","13","11.3974"
"1746.85","0.88","13","11.3974"
"1747.06","0.88","13","11.3974"
"1747.26","0.88","13","11.3974"
"1747.47","0.88","13","11.3974"
"1747.68","0.88","13","11.3974"
"1747.89","0.88","13","11.3974"
"1748.1","0.88","13","11.3974"
"1748.31","0.88","13","11.3974"
"1748.51","0.88","13","11.3974"
"1748.72","0.88","13","11.3974"
"1748.93","0.88","13","11.3974"
"1749.14","0.88","13","11.3974"
"1749.35","0.88","13","11.3974"
"1749.56","0.88","13","11.3974"
"1749.76","0.88","13","11.3974"
"1749.97","0.88","13","11.3974"
"1750.18","0.88","13","11.3974"
"1750.39","0.88","13","11.3974"
"1750.6","0.88","13","11.3974"
"1750.81","0.88","13","11.3974"
"1751.01","0.88","13","11.3974"
"1751.22","0.87","13","11.3606"
"1751.43","0.87","13","11.3588"
"1751.64","0.87","13","11.3588"
"1751.85","0.87","13","11.3588"
"1752.06","0.87","13","11.3588"
"1752.26","0.87","13","11.3588"
"1752.47","0.87","13","11.3588"
"1752.68","0.87","13","11.3588"
"1752.89","0.87","13","11.3588"
"1753.1","0.87","13","11.3588"
"1753.31","0.87","13","11.3588"
"1753.51","0.87","13","11.3588"
"1753.72","0.87","13","11.3588"
"1753.93","0.87","13","11.3588"
"1754.14","0.88","13","11.4572"
"1754.35","0.88","13","11.4587"
"1754.56","0.88","13","11.4587"
"1754.76","0.88","13","11.4587"
"1754.97","0.88","13","11.4587"
"1755.18","0.88","13","11.4587"
"1755.39","0.88","13","11.4587"
"1755.6","0.9","13","11.6667"
"1755.81","0.9","13","11.7087"
"1756.01","0.9","13","11.7087"
"1756.22","0.9","13","11.7087"
"1756.43","0.9","13","11.747"
"1756.64","0.91","13","11.767"
"1756.85","0.91","13","11.767"
"1757.06","0.91","13","11.767"
"1757.26","0.91","13","11.78"
"1757.47","0.91","13","11.8056"
"1757.68","0.91","13","11.8056"
"1757.89","0.91","13","11.8056"
"1758.1","0.91","13","11.8056"
"1758.31","0.91","13","11.8056"
"1758.51","0.91","13","11.8056"
"1758.72","0.91","13","11.8056"
"1758.93","0.91","13","11.8056"
"1759.14","0.91","13","11.8056"
"1759.35","0.91","13","11.8056"
"1759.56","0.91","13","11.8056"
"1759.76","0.91","13","11.8056"
"1759.97","0.91","13","11.8056"
"1760.18","0.91","13","11.8266"
"1760.39","0.91","13","11.8828"
"1760.6","0.91","13","11.8828"
"1760.81","0.91","13","11.8936"
"1761.01","0.93","13","12.0752"
"1761.22","0.93","13","12.0805"
"1761.43","0.94","13","12.1552"
"1761.64","0.94","13","12.191"
"1761.85","0.94","13","12.212"
"1762.06","0.95","13","12.2987"
"1762.26","0.94","13","12.264"
"1762.47","0.94","13","12.284"
"1762.68","0.94","13","12.284"
"1762.89","0.94","13","12.284"
"1763.1","0.94","13","12.284"
"1763.31","0.94","13","12.284"
"1763.51","0.94","13","12.284"
"1763.72","0.94","13","12.284"
"1763.93","0.94","13","12.284"
"1764.14","0.94","13","12.284"
"1764.35","0.94","13","12.284"
"1764.56","0.94","13","12.284"
"1764.76","0.94","13","12.284"
"1764.97","0.94","13","12.284"
"1765.18","0.94","13","12.284"
"1765.39","0.94","13","12.284"
"1765.6","0.94","13","12.284"
"1765.81","0.94","13","12.284"
"1766.01","0.94","13","12.284"
"1766.22","0.94","13","12.284"
"1766.43","0.94","13","12.284"
"1766.64","0.94","13","12.284"
"1766.85","0.94","13","12.284"
"1767.06","0.94","13","12.284"
"1767.26","0.94","13","12.284"
"1767.47","0.94","13","12.284"
"1767.68","0.94","13","12.284"
"1767.89","0.94","13","12.284"
"1768.1","0.94","13","12.284"
"1768.31","0.94","13","12.284"
"1768.51","0.94","13","12.284"
"1768.72","0.94","13","12.284"
"1768.93","0.94","13","12.284"
"1769.14","0.94","13","12.284"
"1769.35","0.92","13.9","12.7793"
"1769.56","0.91","15","13.6675"
"1769.76","0.91","15","13.6675"
"1769.97","0.89","15.47","13.7492"
"1770.18","0.88","16.03","14.1089"
"1770.39","0.87","17","14.7052"
"1770.6","0.87","17","14.7052"
"1770.81","0.87","17","14.7052"
"1771.01","0.87","17","14.7052"
"1771.22","0.87","17","14.7052"
"1771.43","0.86","18.31","15.7087"
"1771.64","0.86","19","16.3616"
"1771.85","0.87","19","16.4379"
"1772.06","0.87","19","16.5154"
"1772.26","0.86","19.67","16.9139"
"1772.47","0.84","21","17.5531"
"1772.68","0.84","21","17.6637"
"1772.89","0.85","21","17.8989"
"1773.1","0.85","21","17.8989"
"1773.31","0.85","21","17.8989"
"1773.51","0.85","21","17.8989"
"1773.72","0.85","21","17.8989"
"1773.93","0.85","21","17.8989"
"1774.14","0.85","21","17.8989"
"1774.35","0.85","21","17.8989"
"1774.56","0.85","21","17.8989"
"1774.76","0.85","21","17.8989"
"1774.97","0.85","21","17.8989"
"1775.18","0.85","21","17.8989"
"1775.39","0.85","21","17.8989"
"1775.6","0.85","21","17.8989"
"1775.81","0.85","21","17.8989"
"1776.01","0.85","21","17.8989"
"1776.22","0.85","21","17.8989"
"1776.43","0.85","21","17.8989"
"1776.64","0.85","21","17.8989"
"1776.85","0.85","21","17.8989"
"1777.06","0.85","21","17.8989"
"1777.26","0.85","21","17.8989"
"1777.47","0.85","21","17.8989"
"1777.68","0.85","21","17.8989"
"1777.89","0.85","21","17.8989"
"1778.1","0.85","21","17.8989"
"1778.31","0.85","21","17.8989"
"1778.51","0.85","21","17.8989"
"1778.72","0.85","21","17.8989"
"1778.93","0.85","21","17.8989"
"1779.14","0.85","21","17.8989"
"1779.35","0.85","21","17.8989"
"1779.56","0.85","21","17.8989"
"1779.76","0.85","21","17.8989"
"1779.97","0.85","21","17.8989"
"1780.18","0.85","21","17.8989"
"1780.39","0.85","21","17.8989"
"1780.6","0.85","21","17.8989"
"1780.81","0.85","21","17.8989"
"1781.01","0.85","21","17.8989"
"1781.22","0.85","21","17.8989"
"1781.43","0.85","21","17.8989"
"1781.64","0.85","21","17.8989"
"1781.85","0.85","21","17.8989"
"1782.06","0.85","21","17.8989"
"1782.26","0.85","21","17.8989"
"1782.47","0.85","21","17.8989"
"1782.68","0.85","21","17.8989"
"1782.89","0.85","21","17.9369"
"1783.1","0.85","21","17.9375"
"1783.31","0.85","21","17.9375"
"1783.51","0.85","21","17.9375"
"1783.72","0.85","21","17.9375"
"1783.93","0.85","21","17.9375"
"1784.14","0.82","21","17.248"
"1784.35","0.79","21","16.6884"
"1784.56","0.79","21","16.6884"
"1784.76","0.79","21","16.6884"
"1784.97","0.79","21","16.6884"
"1785.18","0.79","21","16.6884"
"1785.39","0.79","21","16.6884"
"1785.6","0.79","21","16.6884"
"1785.81","0.79","21","16.6884"
"1786.01","0.79","21","16.6884"
"1786.22","0.79","21","16.6884"
"1786.43","0.8","21","16.7222"
"1786.64","0.8","21","16.8808"
"1786.85","0.82","21","17.1382"
"1787.06","0.85","21","17.9185"
"1787.26","0.86","21","18.0347"
"1787.47","0.86","21.28","18.2982"
"1787.68","0.87","22","19.0431"
"1787.89","0.87","22","19.0528"
"1788.1","0.87","22","19.0528"
"1788.31","0.87","22","19.0791"
"1788.51","0.85","23.06","19.6242"
"1788.72","0.85","24.28","20.5207"
"1788.93","0.85","25","21.301"
"1789.14","0.85","25","21.301"
"1789.35","0.85","25","21.301"
"1789.56","0.85","25","21.301"
"1789.76","0.85","25","21.301"
"1789.97","0.86","25","21.383"
"1790.18","0.86","25","21.551"
"1790.39","0.86","25","21.551"
"1790.6","0.86","25","21.551"
"1790.81","0.86","25","21.601"
"1791.01","0.88","25","21.8984"
"1791.22","0.88","25","21.9175"
"1791.43","0.88","25","21.9175"
"1791.64","0.88","25","21.9175"
"1791.85","0.88","25","21.9175"
"1792.06","0.88","25","21.9175"
"1792.26","0.88","25","21.9175"
"1792.47","0.88","25","21.9175"
"1792.68","0.88","25","21.9175"
"1792.89","0.88","25","21.9175"
"1793.1","0.88","25","21.9175"
"1793.31","0.88","25","21.9175"
"1793.51","0.88","25","21.9175"
"1793.72","0.88","25","21.9175"
"1793.93","0.88","25","21.9175"
"1794.14","0.88","25","21.9175"
"1794.35","0.88","25","21.9175"
"1794.56","0.88","25","21.9175"
"1794.76","0.88","25","21.9175"
"1794.97","0.88","25","21.9175"
"1795.18","0.88","25","21.9175"
"1795.39","0.88","25","21.9175"
"1795.6","0.88","25","21.9175"
"1795.81","0.88","25","21.9175"
"1796.01","0.88","25","21.9175"
"1796.22","0.88","25","21.9175"
"1796.43","0.88","25","21.9175"
"1796.64","0.88","25","21.9175"
"1796.85","0.88","25","21.9175"
"1797.06","0.88","25","21.9175"
"1797.26","0.88","25","21.9175"
"1797.47","0.88","25","21.9175"
"1797.68","0.88","25","21.9175"
"1797.89","0.88","25","21.9175"
"1798.1","0.88","25","21.9175"
"1798.31","0.88","25","21.9175"
"1798.51","0.88","25","21.9175"
"1798.72","0.88","25","21.9175"
"1798.93","0.88","25","21.9175"
"1799.14","0.88","25","21.9175"
"1799.35","0.88","25","21.9175"
"1799.56","0.88","25","21.9175"
"1799.76","0.88","25","21.9175"
"1799.97","0.88","25","21.9175"
"1800.18","0.88","25","21.9175"
"1800.39","0.88","25","21.9175"
"1800.6","0.88","25","21.9175"
"1800.81","0.88","25","21.9175"
"1801.01","0.88","25","21.9175"
"1801.22","0.88","25","21.9175"
"1801.43","0.88","25","21.9175"
"1801.64","0.88","25","21.9175"
"1801.85","0.88","25","21.9175"
"1802.06","0.88","25","21.9175"
"1802.26","0.88","25","21.9175"
"1802.47","0.88","25","21.9175"
"1802.68","0.88","25","21.9175"
"1802.89","0.88","25","21.9175"
"1803.1","0.88","25","21.9175"
"1803.31","0.88","25","21.9175"
"1803.51","0.88","25","21.9175"
"1803.72","0.88","25","21.9175"
"1803.93","0.88","25","21.9175"
"1804.14","0.88","25","21.9175"
"1804.35","0.88","25","21.9175"
"1804.56","0.88","25","21.9175"
"1804.76","0.88","25","21.9175"
"1804.97","0.88","25","21.9175"
"1805.18","0.88","25","21.9175"
"1805.39","0.88","25","21.9175"
"1805.6","0.88","25","21.9175"
"1805.81","0.88","25","21.9175"
"1806.01","0.88","25","21.9175"
"1806.22","0.82","21.19","17.332"
"1806.43","0.81","21","17.1008"
"1806.64","0.81","21","17.1008"
"1806.85","0.81","21","17.1008"
"1807.06","0.81","21","17.1043"
"1807.26","0.82","21","17.1239"
"1807.47","0.82","21","17.1239"
"1807.68","0.82","21","17.1239"
"1807.89","0.82","21","17.1239"
"1808.1","0.82","21","17.1239"
"1808.31","0.82","21","17.1239"
"1808.51","0.82","21","17.1239"
"1808.72","0.82","21","17.1239"
"1808.93","0.82","21","17.1239"
"1809.14","0.82","21","17.1239"
"1809.35","0.82","21","17.1239"
"1809.56","0.82","21","17.1239"
"1809.76","0.82","21","17.1239"
"1809.97","0.82","21","17.1239"
"1810.18","0.82","21","17.1239"
"1810.39","0.82","21","17.1239"
"1810.6","0.82","21","17.1239"
"1810.81","0.82","21","17.1239"
"1811.01","0.82","21","17.1239"
"1811.22","0.82","21","17.1239"
"1811.43","0.82","21","17.1239"
"1811.64","0.82","21","17.1239"
"1811.85","0.82","21","17.1239"
"1812.06","0.82","21","17.1239"
"1812.26","0.82","21","17.1239"
"1812.47","0.82","21","17.1239"
"1812.68","0.82","21","17.1239"
"1812.89","0.82","21","17.1239"
"1813.1","0.82","21","17.1239"
"1813.31","0.82","21","17.1239"
"1813.51","0.82","21","17.1239"
"1813.72","0.82","21","17.1239"
"1813.93","0.82","21","17.1239"
"1814.14","0.82","21","17.1239"
"1814.35","0.82","21","17.1239"
"1814.56","0.82","21","17.1239"
"1814.76","0.82","21","17.1239"
"1814.97","0.82","21","17.1239"
"1815.18","0.82","21","17.1239"
"1815.39","0.82","21","17.1239"
"1815.6","0.82","21","17.1239"
"1815.81","0.82","21","17.1239"
"1816.01","0.82","21","17.1239"
"1816.22","0.82","21","17.1239"
"1816.43","0.82","21","17.1239"
"1816.64","0.82","21","17.1239"
"1816.85","0.82","21","17.1239"
"1817.06","0.77","20.24","15.8428"
"1817.26","0.54","16","8.6953"
"1817.47","0.54","16","8.6953"
"1817.68","0.54","16","8.6953"
"1817.89","0.54","16","8.6953"
"1818.1","0.54","16","8.7116"
"1818.31","0.55","16","8.7415"
"1818.51","0.55","16","8.7415"
"1818.72","0.55","16","8.7415"
"1818.93","0.55","16","8.7415"
"1819.14","0.55","16","8.7415"
"1819.35","0.55","16","8.7415"
"1819.56","0.55","16","8.7415"
"1819.76","0.55","16","8.7415"
"1819.97","0.55","16","8.7415"
"1820.18","0.55","16","8.7415"
"1820.39","0.55","16","8.7415"
"1820.6","0.55","16","8.7415"
"1820.81","0.55","16","8.7415"
"1821.01","0.55","16","8.7415"
"1821.22","0.55","16","8.7415"
"1821.43","0.55","16","8.7415"
"1821.64","0.55","16","8.7415"
"1821.85","0.55","16","8.7415"
"1822.06","0.55","16","8.7415"
"1822.26","0.55","16","8.7415"
"1822.47","0.55","16","8.7415"
"1822.68","0.55","16","8.7415"
"1822.89","0.55","16","8.7415"
"1823.1","0.55","16","8.7415"
"1823.31","0.55","16","8.7415"
"1823.51","0.55","16","8.7415"
"1823.72","0.55","16","8.7415"
"1823.93","0.55","16","8.7415"
"1824.14","0.55","16","8.7415"
"1824.35","0.55","16","8.7415"
"1824.56","0.55","16","8.7415"
"1824.76","0.55","16","8.7415"
"1824.97","0.55","16","8.7415"
"1825.18","0.55","16","8.7415"
"1825.39","0.55","16","8.7415"
"1825.6","0.55","16","8.7415"
"1825.81","0.55","16","8.7415"
"1826.01","0.55","16","8.7415"
"1826.22","0.55","16","8.7415"
"1826.43","0.55","16","8.7415"
"1826.64","0.55","16","8.7415"
"1826.85","0.55","16","8.7415"
"1827.06","0.55","16","8.7415"
"1827.26","0.55","16","8.7415"
"1827.47","0.55","16","8.7415"
"1827.68","0.55","16","8.7415"
"1827.89","0.55","16","8.7415"
"1828.1","0.43","14.94","6.6754"
"1828.31","0.22","13","2.8719"
"1828.51","0.22","13","2.8719"
"1828.72","0.22","13","2.8719"
"1828.93","0.22","13","2.8719"
"1829.14","0.22","13","2.8719"
"1829.35","0.22","13","2.8719"
"1829.56","0.22","13","2.8719"
"1829.76","0.22","13","2.8719"
"1829.97","0.22","13","2.8719"
"1830.18","0.22","13","2.8719"
"1830.39","0.22","13","2.8719"
"1830.6","0.22","13","2.8719"
"1830.81","0.22","13","2.8719"
"1831.01","0.22","13","2.8719"
"1831.22","0.22","13","2.8719"
"1831.43","0.22","13","2.8719"
"1831.64","0.22","13","2.8719"
"1831.85","0.22","13","2.8719"
"1832.06","0.22","13","2.8719"
"1832.26","0.22","13","2.8719"
"1832.47","0.22","13","2.8719"
"1832.68","0.22","13","2.8719"
"1832.89","0.22","13","2.8719"
"1833.1","0.22","13","2.8719"
"1833.31","0.22","13","2.8719"
"1833.51","0.22","13","2.8719"
"1833.72","0.22","13","2.8719"
"1833.93","0.22","13","2.8719"
"1834.14","0.22","13","2.8719"
"1834.35","0.22","13","2.8719"
"1834.56","0.22","13","2.8719"
"1834.76","0.22","13","2.8719"
"1834.97","0.22","13","2.8719"
"1835.18","0.22","13","2.8719"
"1835.39","0.22","13","2.8719"
"1835.6","0.22","13","2.8719"
"1835.81","0.22","13","2.8719"
"1836.01","0.22","13","2.8719"
"1836.22","0.22","13","2.8719"
"1836.43","0.22","13","2.8719"
"1836.64","0.22","13","2.8719"
"1836.85","0.22","13","2.8719"
"1837.06","0.22","13","2.8719"
"1837.26","0.22","13","2.8719"
"1837.47","0.22","13","2.8719"
"1837.68","0.22","13","2.8719"
"1837.89","0.22","13","2.8719"
"1838.1","0.22","13","2.8719"
"1838.31","0.22","13","2.8719"
"1838.51","0.22","13","2.8719"
"1838.72","0.22","13","2.8719"
"1838.93","0.22","13","2.8719"
"1839.14","0.21","11.34","2.3768"
"1839.35","0.2","10","1.975"
"1839.56","0.2","10","1.975"
"1839.76","0.2","10","1.975"
"1839.97","0.2","10","1.975"
"1840.18","0.2","10","1.975"
"1840.39","0.2","10","1.975"
"1840.6","0.2","10","1.975"
"1840.81","0.2","10","1.975"
"1841.01","0.2","10","1.975"
"1841.22","0.2","10","1.975"
"1841.43","0.2","10","1.975"
"1841.64","0.2","10","1.975"
"1841.85","0.2","10","1.975"
"1842.06","0.2","10","1.975"
"1842.26","0.2","10","1.975"
"1842.47","0.2","10","1.975"
"1842.68","0.2","10","1.975"
"1842.89","0.2","10","1.975"
"1843.1","0.2","10","1.975"
"1843.31","0.2","10","1.975"
"1843.51","0.2","10","1.975"
"1843.72","0.2","10","1.975"
"1843.93","0.2","10","1.975"
"1844.14","0.2","10","1.975"
"1844.35","0.2","10","1.975"
"1844.56","0.2","10","1.975"
"1844.76","0.2","10","1.975"
"1844.97","0.2","10","1.975"
"1845.18","0.2","10","1.975"
"1845.39","0.2","10","1.975"
"1845.6","0.2","10","1.975"
"1845.81","0.2","10","1.975"
"1846.01","0.2","10","1.975"
"1846.22","0.2","10","1.975"
"1846.43","0.2","10","1.975"
"1846.64","0.2","10","1.975"
"1846.85","0.2","10","1.975"
"1847.06","0.2","10","1.975"
"1847.26","0.2","10","1.975"
"1847.47","0.2","10","1.975"
"1847.68","0.2","10","1.975"
"1847.89","0.2","10","1.975"
"1848.1","0.2","10","1.975"
"1848.31","0.2","10","1.975"
"1848.51","0.2","10","1.975"
"1848.72","0.2","10","1.975"
"1848.93","0.2","10","1.975"
"1849.14","0.2","10","1.975"
"1849.35","0.2","10","1.975"
"1849.56","0.2","10","1.975"
"1849.76","0.2","10","1.975"
"1849.97","0.2","10","1.975"
"1850.18","0.2","9.25","1.8822"
"1850.39","0.21","9","1.8516"
"1850.6","0.21","9","1.8516"
"1850.81","0.21","9","1.8516"
"1851.01","0.21","9","1.8516"
"1851.22","0.21","9","1.8516"
"1851.43","0.21","9","1.8516"
"1851.64","0.21","9","1.8516"
"1851.85","0.21","9","1.8516"
"1852.06","0.21","9","1.8516"
"1852.26","0.21","9","1.8516"
"1852.47","0.21","9","1.8516"
"1852.68","0.21","9","1.8516"
"1852.89","0.21","9","1.8516"
"1853.1","0.21","9","1.8516"
"1853.31","0.21","9","1.8516"
"1853.51","0.21","9","1.8516"
"1853.72","0.21","9","1.8516"
"1853.93","0.21","9","1.8516"
"1854.14","0.21","9","1.8516"
"1854.35","0.21","9","1.8516"
"1854.56","0.21","9","1.8516"
"1854.76","0.21","9","1.8516"
"1854.97","0.21","9","1.8516"
"1855.18","0.21","9","1.8516"
"1855.39","0.21","9","1.8516"
"1855.6","0.21","9","1.8516"
"1855.81","0.21","9","1.8516"
"1856.01","0.21","9","1.8516"
"1856.22","0.21","9","1.8516"
"1856.43","0.21","9","1.8516"
"1856.64","0.21","9","1.8516"
"1856.85","0.21","9","1.8516"
"1857.06","0.21","9","1.8516"
"1857.26","0.21","9","1.8516"
"1857.47","0.21","9","1.8516"
"1857.68","0.21","9","1.8516"
"1857.89","0.21","9","1.8516"
"1858.1","0.21","9","1.8516"
"1858.31","0.21","9","1.8516"
"1858.51","0.21","9","1.8516"
"1858.72","0.21","9","1.8516"
"1858.93","0.21","9","1.8516"
"1859.14","0.21","9","1.8516"
"1859.35","0.21","9","1.8516"
"1859.56","0.21","9","1.8516"
"1859.76","0.21","9","1.8516"
"1859.97","0.21","9","1.8516"
"1860.18","0.21","9","1.8516"
"1860.39","0.21","9","1.8516"
"1860.6","0.21","9","1.8516"
"1860.81","0.21","9","1.8516"
"1861.01","0.21","9","1.8516"
"1861.22","0.21","8.05","1.7046"
"1861.43","0.21","8","1.6972"
"1861.64","0.21","8","1.6972"
"1861.85","0.21","8","1.6972"
"1862.06","0.21","8","1.6972"
"1862.26","0.21","8","1.6972"
"1862.47","0.21","8","1.6972"
"1862.68","0.21","8","1.6972"
"1862.89","0.21","8","1.6972"
"1863.1","0.21","8","1.6972"
"1863.31","0.21","8","1.6972"
"1863.51","0.21","8","1.6972"
"1863.72","0.21","8","1.6972"
"1863.93","0.21","8","1.6972"
"1864.14","0.21","8","1.6972"
"1864.35","0.21","8","1.6972"
"1864.56","0.21","8","1.6972"
"1864.76","0.21","8","1.6972"
"1864.97","0.21","8","1.6972"
"1865.18","0.21","8","1.6972"
"1865.39","0.21","8","1.6972"
"1865.6","0.21","8","1.6972"
"1865.81","0.21","8","1.6972"
"1866.01","0.21","8","1.6972"
"1866.22","0.21","8","1.6972"
"1866.43","0.21","8","1.6972"
"1866.64","0.21","8","1.6972"
"1866.85","0.21","8","1.6972"
"1867.06","0.21","8","1.6972"
"1867.26","0.21","8","1.6972"
"1867.47","0.21","8","1.6972"
"1867.68","0.21","8","1.6972"
"1867.89","0.21","8","1.6972"
"1868.1","0.21","8","1.6972"
"1868.31","0.21","8","1.6972"
"1868.51","0.21","8","1.6972"
"1868.72","0.21","8","1.6972"
"1868.93","0.21","8","1.6972"
"1869.14","0.21","8","1.6972"
"1869.35","0.21","8","1.6972"
"1869.56","0.21","8","1.6972"
"1869.76","0.21","8","1.6972"
"1869.97","0.21","8","1.6972"
"1870.18","0.21","8","1.6972"
"1870.39","0.21","8","1.6972"
"1870.6","0.21","8","1.6972"
"1870.81","0.21","8","1.6972"
"1871.01","0.21","8","1.6972"
"1871.22","0.21","8","1.6972"
"1871.43","0.21","8","1.6972"
"1871.64","0.21","8","1.6972"
"1871.85","0.21","8","1.6972"
"1872.06","0.21","8","1.6972"
"1872.26","0.21","8","1.6972"
"1872.47","0.21","8","1.6972"
"1872.68","0.21","8","1.6972"
"1872.89","0.21","8","1.6972"
"1873.1","0.21","8","1.6972"
"1873.31","0.21","8","1.6972"
"1873.51","0.21","8","1.6972"
"1873.72","0.21","8","1.6972"
"1873.93","0.21","8","1.6972"
"1874.14","0.21","8","1.6972"
"1874.35","0.21","8","1.6972"
"1874.56","0.21","8","1.6972"
"1874.76","0.21","8","1.6972"
"1874.97","0.21","8","1.6972"
"1875.18","0.21","8","1.6972"
"1875.39","0.21","8","1.6972"
"1875.6","0.21","8","1.6972"
"1875.81","0.21","8","1.6972"
"1876.01","0.21","8","1.6972"
"1876.22","0.21","8","1.6972"
"1876.43","0.21","8","1.6972"
"1876.64","0.21","8","1.6972"
"1876.85","0.21","8","1.6972"
"1877.06","0.21","8","1.6972"
"1877.26","0.21","8","1.6972"
"1877.47","0.21","8","1.6972"
"1877.68","0.21","8","1.6972"
"1877.89","0.21","8","1.6972"
"1878.1","0.21","8","1.6972"
"1878.31","0.21","8","1.6972"
"1878.51","0.21","8","1.6972"
"1878.72","0.21","8","1.6972"
"1878.93","0.21","8","1.6972"
"1879.14","0.21","8","1.6972"
"1879.35","0.21","8","1.6972"
"1879.56","0.21","8","1.6972"
"1879.76","0.21","8","1.6972"
"1879.97","0.21","8","1.6972"
"1880.18","0.21","8","1.6972"
"1880.39","0.21","8","1.6972"
"1880.6","0.21","8","1.6972"
"1880.81","0.21","8","1.6972"
"1881.01","0.21","8","1.6972"
"1881.22","0.21","8","1.6972"
"1881.43","0.21","8","1.6972"
"1881.64","0.21","8","1.6972"
"1881.85","0.21","8","1.6972"
"1882.06","0.21","8","1.6972"
"1882.26","0.21","8","1.6972"
"1882.47","0.21","8","1.6972"
"1882.68","0.21","8","1.6972"
"1882.89","0.21","8","1.6972"
"1883.1","0.21","8","1.689"
"1883.31","0.21","8","1.6741"
"1883.51","0.21","8","1.6741"
"1883.72","0.21","8","1.6741"
"1883.93","0.21","8","1.6741"
"1884.14","0.21","8","1.6741"
"1884.35","0.21","8","1.6741"
"1884.56","0.21","8","1.6741"
"1884.76","0.21","8","1.6741"
"1884.97","0.21","8","1.6741"
"1885.18","0.21","8","1.6741"
"1885.39","0.21","8","1.6741"
"1885.6","0.21","8","1.6741"
"1885.81","0.21","8","1.6741"
"1886.01","0.21","8","1.6741"
"1886.22","0.21","8","1.6741"
"1886.43","0.21","8","1.6741"
"1886.64","0.21","8","1.6741"
"1886.85","0.21","8","1.6741"
"1887.06","0.21","8","1.6741"
"1887.26","0.21","8","1.6741"
"1887.47","0.21","8","1.6741"
"1887.68","0.21","8","1.6741"
"1887.89","0.21","8","1.6741"
"1888.1","0.21","8","1.6741"
"1888.31","0.21","8","1.6741"
"1888.51","0.21","8","1.6741"
"1888.72","0.21","8","1.6741"
"1888.93","0.21","8","1.6741"
"1889.14","0.21","8","1.6741"
"1889.35","0.21","8","1.6741"
"1889.56","0.21","8","1.6741"
"1889.76","0.21","8","1.6741"
"1889.97","0.21","8","1.6741"
"1890.18","0.21","8","1.6741"
"1890.39","0.21","8","1.6741"
"1890.6","0.21","8","1.6741"
"1890.81","0.21","8","1.6741"
"1891.01","0.21","8","1.6741"
"1891.22","0.21","8","1.6741"
"1891.43","0.21","8","1.6741"
"1891.64","0.21","8","1.6741"
"1891.85","0.21","8","1.6741"
"1892.06","0.21","8","1.6741"
"1892.26","0.21","8","1.6741"
"1892.47","0.21","8","1.6741"
"1892.68","0.21","8","1.6741"
"1892.89","0.21","8","1.6741"
"1893.1","0.21","8","1.6741"
"1893.31","0.21","8","1.6741"
"1893.51","0.21","8","1.6741"
"1893.72","0.21","8","1.6741"
"1893.93","0.21","8","1.6741"
"1894.14","0.21","8","1.6485"
"1894.35","0.2","8","1.6278"
"1894.56","0.2","8","1.6278"
"1894.76","0.2","8","1.6278"
"1894.97","0.2","8","1.6278"
"1895.18","0.2","8","1.6278"
"1895.39","0.2","8","1.6278"
"1895.6","0.2","8","1.6278"
"1895.81","0.2","8","1.6278"
"1896.01","0.2","8","1.6278"
"1896.22","0.2","8","1.6278"
"1896.43","0.2","8","1.6278"
"1896.64","0.2","8","1.6278"
"1896.85","0.2","8","1.6278"
"1897.06","0.2","8","1.6278"
"1897.26","0.2","8","1.6278"
"1897.47","0.2","8","1.6278"
"1897.68","0.2","8","1.6278"
"1897.89","0.2","8","1.6278"
"1898.1","0.2","8","1.6278"
"1898.31","0.2","8","1.6278"
"1898.51","0.2","8","1.6278"
"1898.72","0.2","8","1.6278"
"1898.93","0.2","8","1.6278"
"1899.14","0.2","8","1.6278"
"1899.35","0.2","8","1.6278"
"1899.56","0.2","8","1.6278"
"1899.76","0.2","8","1.6278"
"1899.97","0.2","8","1.6278"
"1900.18","0.2","8","1.6278"
"1900.39","0.2","8","1.6278"
"1900.6","0.2","8","1.6278"
"1900.81","0.2","8","1.6278"
"1901.01","0.2","8","1.6278"
"1901.22","0.2","8","1.6278"
"1901.43","0.2","8","1.6278"
"1901.64","0.2","8","1.6278"
"1901.85","0.2","8","1.6278"
"1902.06","0.2","8","1.6278"
"1902.26","0.2","8","1.6278"
"1902.47","0.2","8","1.6278"
"1902.68","0.2","8","1.6278"
"1902.89","0.2","8","1.6278"
"1903.1","0.2","8","1.6278"
"1903.31","0.2","8","1.6278"
"1903.51","0.2","8","1.6278"
"1903.72","0.2","8","1.6278"
"1903.93","0.2","8","1.6278"
"1904.14","0.2","8","1.6278"
"1904.35","0.2","8","1.6278"
"1904.56","0.2","8","1.6278"
"1904.76","0.2","8","1.6278"
"1904.97","0.2","8","1.6278"
"1905.18","0.2","8","1.5756"
"1905.39","0.19","8","1.5584"
"1905.6","0.19","8","1.5584"
"1905.81","0.19","8","1.5584"
"1906.01","0.19","8","1.5584"
"1906.22","0.19","8","1.5584"
"1906.43","0.19","8","1.5584"
"1906.64","0.19","8","1.5584"
"1906.85","0.19","8","1.5584"
"1907.06","0.19","8","1.5584"
"1907.26","0.19","8","1.5584"
"1907.47","0.19","8","1.5584"
"1907.68","0.19","8","1.5584"
"1907.89","0.19","8","1.5584"
"1908.1","0.19","8","1.5584"
"1908.31","0.19","8","1.5584"
"1908.51","0.19","8","1.5584"
"1908.72","0.19","8","1.5584"
"1908.93","0.19","8","1.5584"
"1909.14","0.19","8","1.5584"
"1909.35","0.19","8","1.5584"
"1909.56","0.19","8","1.5584"
"1909.76","0.19","8","1.5584"
"1909.97","0.19","8","1.5584"
"1910.18","0.19","8","1.5584"
"1910.39","0.19","8","1.5584"
"1910.6","0.19","8","1.5584"
"1910.81","0.19","8","1.5584"
"1911.01","0.19","8","1.5584"
"1911.22","0.19","8","1.5584"
"1911.43","0.19","8","1.5584"
"1911.64","0.19","8","1.5584"
"1911.85","0.19","8","1.5584"
"1912.06","0.19","8","1.5584"
"1912.26","0.19","8","1.5584"
"1912.47","0.19","8","1.5584"
"1912.68","0.19","8","1.5584"
"1912.89","0.19","8","1.5584"
"1913.1","0.19","8","1.5584"
"1913.31","0.19","8","1.5584"
"1913.51","0.19","8","1.5584"
"1913.72","0.19","8","1.5584"
"1913.93","0.19","8","1.5584"
"1914.14","0.19","8","1.5584"
"1914.35","0.19","8","1.5584"
"1914.56","0.19","8","1.5584"
"1914.76","0.19","8","1.5584"
"1914.97","0.19","8","1.5584"
"1915.18","0.19","8","1.5584"
"1915.39","0.19","8","1.5584"
"1915.6","0.19","8","1.5584"
"1915.81","0.19","8","1.5584"
"1916.01","0.19","8","1.5584"
"1916.22","0.19","8","1.5144"
"1916.43","0.19","8","1.5122"
"1916.64","0.19","8","1.5122"
"1916.85","0.19","8","1.5122"
"1917.06","0.19","8","1.5122"
"1917.26","0.19","8","1.5122"
"1917.47","0.19","8","1.5122"
"1917.68","0.19","8","1.5122"
"1917.89","0.19","8","1.5122"
"1918.1","0.19","8","1.5122"
"1918.31","0.19","8","1.5122"
"1918.51","0.19","8","1.5122"
"1918.72","0.19","8","1.5122"
"1918.93","0.19","8","1.5122"
"1919.14","0.19","8","1.5122"
"1919.35","0.19","8","1.5122"
"1919.56","0.19","8","1.5122"
"1919.76","0.19","8","1.5122"
"1919.97","0.19","8","1.5122"
"1920.18","0.19","8","1.5122"
"1920.39","0.19","8","1.5122"
"1920.6","0.19","8","1.5122"
"1920.81","0.19","8","1.5122"
"1921.01","0.19","8","1.5122"
"1921.22","0.19","8","1.5122"
"1921.43","0.19","8","1.5122"
"1921.64","0.19","8","1.5122"
"1921.85","0.19","8","1.5122"
"1922.06","0.19","8","1.5122"
"1922.26","0.19","8","1.5122"
"1922.47","0.19","8","1.5122"
"1922.68","0.19","8","1.5122"
"1922.89","0.19","8","1.5122"
"1923.1","0.19","8","1.5122"
"1923.31","0.19","8","1.5122"
"1923.51","0.19","8","1.5122"
"1923.72","0.19","8","1.5122"
"1923.93","0.19","8","1.5122"
"1924.14","0.19","8","1.5122"
"1924.35","0.19","8","1.5122"
"1924.56","0.19","8","1.5122"
"1924.76","0.19","8","1.5122"
"1924.97","0.19","8","1.5122"
"1925.18","0.19","8","1.5122"
"1925.39","0.19","8","1.5122"
"1925.6","0.19","8","1.5122"
"1925.81","0.19","8","1.5122"
"1926.01","0.19","8","1.5122"
"1926.22","0.19","8","1.5122"
"1926.43","0.19","8","1.5122"
"1926.64","0.19","8","1.5122"
"1926.85","0.19","8","1.5122"
"1927.06","0.2","7.54","1.5016"
"1927.26","0.29","5","1.4428"
"1927.47","0.29","5","1.4428"
"1927.68","0.29","5","1.4428"
"1927.89","0.29","5","1.4428"
"1928.1","0.29","5","1.4428"
"1928.31","0.29","5","1.4428"
"1928.51","0.29","5","1.4428"
"1928.72","0.29","5","1.4428"
"1928.93","0.29","5","1.4428"
"1929.14","0.29","5","1.4428"
"1929.35","0.29","5","1.4428"
"1929.56","0.29","5","1.4428"
"1929.76","0.29","5","1.4428"
"1929.97","0.29","5","1.4428"
"1930.18","0.29","5","1.4428"
"1930.39","0.29","5","1.4428"
"1930.6","0.29","5","1.4428"
"1930.81","0.29","5","1.4428"
"1931.01","0.29","5","1.4428"
"1931.22","0.29","5","1.4428"
"1931.43","0.29","5","1.4428"
"1931.64","0.29","5","1.4428"
"1931.85","0.29","5","1.4428"
"1932.06","0.29","5","1.4428"
"1932.26","0.29","5","1.4428"
"1932.47","0.29","5","1.4428"
"1932.68","0.29","5","1.4428"
"1932.89","0.29","5","1.4428"
"1933.1","0.29","5","1.4428"
"1933.31","0.29","5","1.4428"
"1933.51","0.29","5","1.4428"
"1933.72","0.29","5","1.4428"
"1933.93","0.29","5","1.4428"
"1934.14","0.29","5","1.4428"
"1934.35","0.29","5","1.4428"
"1934.56","0.29","5","1.4428"
"1934.76","0.29","5","1.4428"
"1934.97","0.29","5","1.4428"
"1935.18","0.29","5","1.4428"
"1935.39","0.29","5","1.4428"
"1935.6","0.29","5","1.4428"
"1935.81","0.29","5","1.4428"
"1936.01","0.29","5","1.4428"
"1936.22","0.29","5","1.4428"
"1936.43","0.29","5","1.4428"
"1936.64","0.29","5","1.4428"
"1936.85","0.29","5","1.4428"
"1937.06","0.29","5","1.4428"
"1937.26","0.29","5","1.4428"
"1937.47","0.29","5","1.4428"
"1937.68","0.29","5","1.4428"
"1937.89","0.29","5","1.4428"
"1938.1","0.31","4.65","1.4347"
"1938.31","0.35","4","1.4197"
"1938.51","0.35","4","1.4197"
"1938.72","0.35","4","1.4197"
"1938.93","0.35","4","1.4197"
"1939.14","0.35","4","1.4197"
"1939.35","0.35","4","1.4197"
"1939.56","0.35","4","1.4197"
"1939.76","0.35","4","1.4197"
"1939.97","0.35","4","1.4197"
"1940.18","0.35","4","1.4197"
"1940.39","0.35","4","1.4197"
"1940.6","0.35","4","1.4197"
"1940.81","0.35","4","1.4197"
"1941.01","0.35","4","1.4197"
"1941.22","0.35","4","1.4197"
"1941.43","0.35","4","1.4197"
"1941.64","0.35","4","1.4197"
"1941.85","0.35","4","1.4197"
"1942.06","0.35","4","1.4197"
"1942.26","0.35","4","1.4197"
"1942.47","0.35","4","1.4197"
"1942.68","0.35","4","1.4197"
"1942.89","0.35","4","1.4197"
"1943.1","0.35","4","1.4197"
"1943.31","0.35","4","1.4197"
"1943.51","0.35","4","1.4197"
"1943.72","0.35","4","1.4197"
"1943.93","0.35","4","1.4197"
"1944.14","0.35","4","1.4197"
"1944.35","0.35","4","1.4197"
"1944.56","0.35","4","1.4197"
"1944.76","0.35","4","1.4197"
"1944.97","0.35","4","1.4197"
"1945.18","0.35","4","1.4197"
"1945.39","0.35","4","1.4197"
"1945.6","0.35","4","1.4197"
"1945.81","0.35","4","1.4197"
"1946.01","0.35","4","1.4197"
"1946.22","0.35","4","1.4197"
"1946.43","0.35","4","1.4197"
"1946.64","0.35","4","1.4197"
"1946.85","0.35","4","1.4197"
"1947.06","0.35","4","1.4197"
"1947.26","0.35","4","1.4197"
"1947.47","0.35","4","1.4197"
"1947.68","0.35","4","1.4197"
"1947.89","0.35","4","1.4197"
"1948.1","0.35","4","1.4197"
"1948.31","0.35","4","1.4197"
"1948.51","0.35","4","1.4197"
"1948.72","0.35","4","1.4197"
"1948.93","0.35","4","1.4197"
"1949.14","0.35","4","1.4197"
"1949.35","0.35","4","1.4197"
"1949.56","0.35","4","1.4197"
"1949.76","0.35","4","1.4197"
"1949.97","0.35","4","1.4197"
"1950.18","0.35","4","1.4197"
"1950.39","0.35","4","1.4197"
"1950.6","0.35","4","1.4197"
"1950.81","0.35","4","1.4197"
"1951.01","0.35","4","1.4197"
"1951.22","0.35","4","1.4197"
"1951.43","0.35","4","1.4197"
"1951.64","0.35","4","1.4197"
"1951.85","0.35","4","1.4197"
"1952.06","0.35","4","1.4197"
"1952.26","0.35","4","1.4197"
"1952.47","0.35","4","1.4197"
"1952.68","0.35","4","1.4197"
"1952.89","0.35","4","1.4197"
"1953.1","0.35","4","1.4197"
"1953.31","0.35","4","1.4197"
"1953.51","0.35","4","1.4197"
"1953.72","0.35","4","1.4197"
"1953.93","0.35","4","1.4197"
"1954.14","0.35","4","1.4197"
"1954.35","0.35","4","1.4197"
"1954.56","0.35","4","1.4197"
"1954.76","0.35","4","1.4197"
"1954.97","0.35","4","1.4197"
"1955.18","0.35","4","1.4197"
"1955.39","0.35","4","1.4197"
"1955.6","0.35","4","1.4197"
"1955.81","0.35","4","1.4197"
"1956.01","0.35","4","1.4197"
"1956.22","0.35","4","1.4197"
"1956.43","0.35","4","1.4197"
"1956.64","0.35","4","1.4197"
"1956.85","0.35","4","1.4197"
"1957.06","0.35","4","1.4197"
"1957.26","0.35","4","1.4197"
"1957.47","0.35","4","1.4197"
"1957.68","0.35","4","1.4197"
"1957.89","0.35","4","1.4197"
"1958.1","0.35","4","1.4197"
"1958.31","0.35","4","1.4197"
"1958.51","0.35","4","1.4197"
"1958.72","0.35","4","1.4197"
"1958.93","0.35","4","1.4197"
"1959.14","0.35","4","1.4197"
"1959.35","0.35","4","1.4197"
"1959.56","0.35","4","1.4197"
"1959.76","0.35","4","1.4197"
"1959.97","0.35","4","1.4197"
"1960.18","0.35","4","1.4197"
"1960.39","0.35","4","1.4197"
"1960.6","0.35","4","1.4197"
"1960.81","0.35","4","1.4197"
"1961.01","0.35","4","1.4197"
"1961.22","0.35","4","1.4197"
"1961.43","0.35","4","1.4197"
"1961.64","0.35","4","1.4197"
"1961.85","0.35","4","1.4197"
"1962.06","0.35","4","1.4197"
"1962.26","0.35","4","1.4197"
"1962.47","0.35","4","1.4197"
"1962.68","0.35","4","1.4197"
"1962.89","0.35","4","1.4197"
"1963.1","0.35","4","1.4197"
"1963.31","0.35","4","1.4197"
"1963.51","0.35","4","1.4197"
"1963.72","0.35","4","1.4197"
"1963.93","0.35","4","1.4197"
"1964.14","0.35","4","1.4197"
"1964.35","0.35","4","1.4197"
"1964.56","0.35","4","1.4197"
"1964.76","0.35","4","1.4197"
"1964.97","0.35","4","1.4197"
"1965.18","0.35","4","1.4197"
"1965.39","0.35","4","1.4197"
"1965.6","0.35","4","1.4197"
"1965.81","0.35","4","1.4197"
"1966.01","0.35","4","1.4197"
"1966.22","0.35","4","1.4197"
"1966.43","0.35","4","1.4197"
"1966.64","0.35","4","1.4197"
"1966.85","0.35","4","1.4197"
"1967.06","0.35","4","1.4197"
"1967.26","0.35","4","1.4197"
"1967.47","0.35","4","1.4197"
"1967.68","0.35","4","1.4197"
"1967.89","0.35","4","1.4197"
"1968.1","0.35","4","1.4197"
"1968.31","0.35","4","1.4197"
"1968.51","0.35","4","1.4197"
"1968.72","0.35","4","1.4197"
"1968.93","0.35","4","1.4197"
"1969.14","0.35","4","1.4197"
"1969.35","0.35","4","1.4197"
"1969.56","0.35","4","1.4197"
"1969.76","0.35","4","1.4197"
"1969.97","0.35","4","1.4197"
"1970.18","0.35","4","1.4197"
"1970.39","0.35","4","1.4197"
"1970.6","0.35","4","1.4197"
"1970.81","0.35","4","1.4197"
"1971.01","0.35","4","1.4197"
"1971.22","0.35","4","1.4197"
"1971.43","0.35","4","1.4197"
"1971.64","0.35","4","1.4197"
"1971.85","0.35","4","1.4197"
"1972.06","0.35","4","1.4197"
"1972.26","0.35","4","1.4197"
"1972.47","0.35","4","1.4197"
"1972.68","0.35","4","1.4197"
"1972.89","0.35","4","1.4197"
"1973.1","0.35","4","1.4197"
"1973.31","0.35","4","1.4197"
"1973.51","0.35","4","1.4197"
"1973.72","0.35","4","1.4197"
"1973.93","0.35","4","1.4197"
"1974.14","0.35","4","1.4197"
"1974.35","0.35","4","1.4197"
"1974.56","0.35","4","1.4197"
"1974.76","0.35","4","1.4197"
"1974.97","0.35","4","1.4197"
"1975.18","0.35","4","1.4197"
"1975.39","0.35","4","1.4197"
"1975.6","0.35","4","1.4197"
"1975.81","0.35","4","1.4197"
"1976.01","0.35","4","1.4197"
"1976.22","0.35","4","1.4197"
"1976.43","0.35","4","1.4197"
"1976.64","0.35","4","1.4197"
"1976.85","0.35","4","1.4197"
"1977.06","0.35","4","1.4197"
"1977.26","0.35","4","1.4197"
"1977.47","0.35","4","1.4197"
"1977.68","0.35","4","1.4197"
"1977.89","0.35","4","1.4197"
"1978.1","0.35","4","1.4197"
"1978.31","0.35","4","1.4197"
"1978.51","0.35","4","1.4197"
"1978.72","0.35","4","1.4197"
"1978.93","0.35","4","1.4197"
"1979.14","0.35","4","1.4197"
"1979.35","0.35","4","1.4197"
"1979.56","0.35","4","1.4197"
"1979.76","0.35","4","1.4197"
"1979.97","0.35","4","1.4197"
"1980.18","0.35","4","1.4197"
"1980.39","0.35","4","1.4197"
"1980.6","0.35","4","1.4197"
"1980.81","0.35","4","1.4197"
"1981.01","0.35","4","1.4197"
"1981.22","0.35","4","1.4197"
"1981.43","0.35","4","1.4197"
"1981.64","0.35","4","1.4197"
"1981.85","0.35","4","1.4197"
"1982.06","0.35","4","1.4197"
"1982.26","0.35","4","1.4197"
"1982.47","0.35","4","1.4197"
"1982.68","0.35","4","1.4197"
"1982.89","0.35","4","1.4197"
"1983.1","0.35","4","1.4197"
"1983.31","0.35","4","1.4197"
"1983.51","0.35","4","1.4197"
"1983.72","0.35","4","1.4197"
"1983.93","0.35","4","1.4197"
"1984.14","0.35","4","1.4197"
"1984.35","0.35","4","1.4197"
"1984.56","0.35","4","1.4197"
"1984.76","0.35","4","1.4197"
"1984.97","0.35","4","1.4197"
"1985.18","0.35","4","1.4197"
"1985.39","0.35","4","1.4197"
"1985.6","0.35","4","1.4197"
"1985.81","0.35","4","1.4197"
"1986.01","0.35","4","1.4197"
"1986.22","0.35","4","1.4197"
"1986.43","0.35","4","1.4197"
"1986.64","0.35","4","1.4197"
"1986.85","0.35","4","1.4197"
"1987.06","0.35","4","1.4197"
"1987.26","0.35","4","1.4197"
"1987.47","0.35","4","1.4197"
"1987.68","0.35","4","1.4197"
"1987.89","0.35","4","1.4197"
"1988.1","0.35","4","1.4197"
"1988.31","0.35","4","1.4197"
"1988.51","0.35","4","1.4197"
"1988.72","0.35","4","1.4197"
"1988.93","0.35","4","1.4197"
"1989.14","0.35","4","1.4197"
"1989.35","0.35","4","1.4197"
"1989.56","0.35","4","1.4197"
"1989.76","0.35","4","1.4197"
"1989.97","0.35","4","1.4197"
"1990.18","0.35","4","1.4197"
"1990.39","0.35","4","1.4197"
"1990.6","0.35","4","1.4197"
"1990.81","0.35","4","1.4197"
"1991.01","0.35","4","1.4197"
"1991.22","0.35","4","1.4197"
"1991.43","0.35","4","1.4197"
"1991.64","0.35","4","1.4197"
"1991.85","0.35","4","1.4197"
"1992.06","0.35","4","1.4197"
"1992.26","0.35","4","1.4197"
"1992.47","0.35","4","1.4197"
"1992.68","0.35","4","1.4197"
"1992.89","0.35","4","1.4197"
"1993.1","0.35","4","1.4197"
"1993.31","0.35","4","1.4197"
"1993.51","0.35","4","1.4197"
"1993.72","0.35","4","1.4197"
"1993.93","0.35","4","1.4197"
"1994.14","0.35","4","1.4197"
"1994.35","0.35","4","1.4197"
"1994.56","0.35","4","1.4197"
"1994.76","0.35","4","1.4197"
"1994.97","0.35","4","1.4197"
"1995.18","0.35","4","1.4197"
"1995.39","0.35","4","1.4197"
"1995.6","0.35","4","1.4197"
"1995.81","0.35","4","1.4197"
"1996.01","0.35","4","1.4197"
"1996.22","0.35","4","1.4197"
"1996.43","0.35","4","1.4197"
"1996.64","0.35","4","1.4197"
"1996.85","0.35","4","1.4197"
"1997.06","0.35","4","1.4197"
"1997.26","0.35","4","1.4197"
"1997.47","0.35","4","1.4197"
"1997.68","0.35","4","1.4197"
"1997.89","0.35","4","1.4197"
"1998.1","0.35","4","1.4197"
"1998.31","0.35","4","1.4197"
"1998.51","0.35","4","1.4197"
"1998.72","0.35","4","1.4197"
"1998.93","0.35","4","1.4197"
"1999.14","0.35","4","1.4197"
"1999.35","0.35","4","1.4197"
"1999.56","0.35","4","1.4197"
"1999.76","0.35","4","1.4197"
"1999.97","0.35","4","1.4197"
"2000.18","0.35","4","1.4197"
"2000.39","0.35","4","1.4197"
"2000.6","0.35","4","1.4197"
"2000.81","0.35","4","1.4197"
"2001.01","0.35","4","1.4197"
"2001.22","0.35","4","1.4197"
"2001.43","0.35","4","1.4197"
"2001.64","0.35","4","1.4197"
"2001.85","0.35","4","1.4197"
"2002.06","0.35","4","1.4197"
"2002.26","0.35","4","1.4197"
"2002.47","0.35","4","1.4197"
"2002.68","0.35","4","1.4197"
"2002.89","0.35","4","1.4197"
"2003.1","0.35","4","1.4197"
"2003.31","0.35","4","1.4197"
"2003.51","0.35","4","1.4197"
"2003.72","0.35","4","1.4197"
"2003.93","0.35","4","1.4197"
"2004.14","0.35","4","1.4197"
"2004.35","0.35","4","1.4197"
"2004.56","0.35","4","1.4197"
"2004.76","0.35","4","1.4197"
"2004.97","0.35","4","1.4197"
"2005.18","0.35","4","1.4197"
"2005.39","0.35","4","1.4197"
"2005.6","0.35","4","1.4197"
"2005.81","0.35","4","1.4197"
"2006.01","0.35","4","1.4197"
"2006.22","0.35","4","1.4197"
"2006.43","0.35","4","1.4197"
"2006.64","0.35","4","1.4197"
"2006.85","0.35","4","1.4197"
"2007.06","0.35","4","1.4197"
"2007.26","0.35","4","1.4197"
"2007.47","0.35","4","1.4197"
"2007.68","0.35","4","1.4197"
"2007.89","0.35","4","1.4197"
"2008.1","0.35","4","1.4197"
"2008.31","0.35","4","1.4197"
"2008.51","0.35","4","1.4197"
"2008.72","0.35","4","1.4197"
"2008.93","0.35","4","1.4197"
"2009.14","0.35","4","1.4197"
"2009.35","0.35","4","1.4197"
"2009.56","0.35","4","1.4197"
"2009.76","0.35","4","1.4197"
"2009.97","0.35","4","1.4197"
"2010.18","0.35","4","1.4197"
"2010.39","0.35","4","1.4197"
"2010.6","0.35","4","1.4197"
"2010.81","0.35","4","1.4197"
"2011.01","0.35","4","1.4197"
"2011.22","0.35","4","1.4197"
"2011.43","0.35","4","1.4197"
"2011.64","0.35","4","1.4197"
"2011.85","0.35","4","1.4197"
"2012.06","0.35","4","1.4197"
"2012.26","0.35","4","1.4197"
"2012.47","0.35","4","1.4197"
"2012.68","0.35","4","1.4197"
"2012.89","0.35","4","1.4197"
"2013.1","0.35","4","1.4197"
"2013.31","0.35","4","1.4197"
"2013.51","0.35","4","1.4197"
"2013.72","0.35","4","1.4197"
"2013.93","0.35","4","1.4197"
"2014.14","0.35","4","1.4197"
"2014.35","0.35","4","1.4197"
"2014.56","0.35","4","1.4197"
"2014.76","0.35","4","1.4197"
"2014.97","0.35","4","1.4197"
"2015.18","0.35","4","1.4197"
"2015.39","0.35","4","1.4197"
"2015.6","0.35","4","1.4197"
"2015.81","0.35","4","1.4197"
"2016.01","0.35","4","1.4197"
"2016.22","0.35","4","1.4197"
"2016.43","0.35","4","1.4197"
"2016.64","0.35","4","1.4197"
"2016.85","0.35","4","1.4197"
"2017.06","0.35","4","1.4197"
"2017.26","0.35","4","1.4197"
"2017.47","0.35","4","1.4197"
"2017.68","0.35","4","1.4197"
"2017.89","0.35","4","1.4197"
"2018.1","0.35","4","1.4197"
"2018.31","0.35","4","1.4197"
"2018.51","0.35","4","1.4197"
"2018.72","0.35","4","1.4197"
"2018.93","0.35","4","1.4197"
"2019.14","0.35","4","1.4197"
"2019.35","0.35","4","1.4197"
"2019.56","0.35","4","1.4197"
"2019.76","0.35","4","1.4197"
"2019.97","0.35","4","1.4197"
"2020.18","0.35","4","1.4197"
"2020.39","0.35","4","1.4197"
"2020.6","0.35","4","1.4197"
"2020.81","0.35","4","1.4197"
"2021.01","0.35","4","1.4197"
"2021.22","0.35","4","1.4197"
"2021.43","0.35","4","1.4197"
"2021.64","0.35","4","1.4197"
"2021.85","0.35","4","1.4197"
"2022.06","0.35","4","1.4197"
"2022.26","0.35","4","1.4197"
"2022.47","0.35","4","1.4197"
"2022.68","0.35","4","1.4197"
"2022.89","0.35","4","1.4197"
"2023.1","0.35","4","1.4197"
"2023.31","0.35","4","1.4197"
"2023.51","0.35","4","1.4197"
"2023.72","0.35","4","1.4197"
"2023.93","0.35","4","1.4197"
"2024.14","0.35","4","1.4197"
"2024.35","0.35","4","1.4197"
"2024.56","0.35","4","1.4197"
"2024.76","0.35","4","1.4197"
"2024.97","0.35","4","1.4197"
"2025.18","0.35","4","1.4197"
"2025.39","0.35","4","1.4197"
"2025.6","0.35","4","1.4197"
"2025.81","0.35","4","1.4197"
"2026.01","0.35","4","1.4197"
"2026.22","0.35","4","1.4197"
"2026.43","0.35","4","1.4197"
"2026.64","0.35","4","1.4197"
"2026.85","0.35","4","1.4197"
"2027.06","0.35","4","1.4197"
"2027.26","0.35","4","1.4197"
"2027.47","0.35","4","1.4197"
"2027.68","0.35","4","1.4197"
"2027.89","0.35","4","1.4197"
"2028.1","0.35","4","1.4197"
"2028.31","0.35","4","1.4197"
"2028.51","0.35","4","1.4197"
"2028.72","0.35","4","1.4197"
"2028.93","0.35","4","1.4197"
"2029.14","0.35","4","1.4197"
"2029.35","0.35","4","1.4197"
"2029.56","0.35","4","1.4197"
"2029.76","0.35","4","1.4197"
"2029.97","0.35","4","1.4197"
"2030.18","0.35","4","1.4197"
"2030.39","0.35","4","1.4197"
"2030.6","0.35","4","1.4197"
"2030.81","0.35","4","1.4197"
"2031.01","0.35","4","1.4197"
"2031.22","0.35","4","1.4197"
"2031.43","0.35","4","1.4197"
"2031.64","0.35","4","1.4197"
"2031.85","0.35","4","1.4197"
"2032.06","0.35","4","1.4197"
"2032.26","0.35","4","1.4197"
"2032.47","0.35","4","1.4197"
"2032.68","0.35","4","1.4197"
"2032.89","0.35","4","1.4197"
"2033.1","0.35","4","1.4197"
"2033.31","0.35","4","1.4197"
"2033.51","0.35","4","1.4197"
"2033.72","0.35","4","1.4197"
"2033.93","0.35","4","1.4197"
"2034.14","0.35","4","1.4197"
"2034.35","0.35","4","1.4197"
"2034.56","0.35","4","1.4197"
"2034.76","0.35","4","1.4197"
"2034.97","0.35","4","1.4197"
"2035.18","0.35","4","1.4197"
"2035.39","0.35","4","1.4197"
"2035.6","0.35","4","1.4197"
"2035.81","0.35","4","1.4197"
"2036.01","0.35","4","1.4197"
"2036.22","0.35","4","1.4197"
"2036.43","0.35","4","1.4197"
"2036.64","0.35","4","1.4197"
"2036.85","0.35","4","1.4197"
"2037.06","0.35","4","1.4197"
"2037.26","0.35","4","1.4197"
"2037.47","0.35","4","1.4197"
"2037.68","0.35","4","1.4197"
"2037.89","0.35","4","1.4197"
"2038.1","0.35","4","1.4197"
"2038.31","0.35","4","1.4197"
"2038.51","0.35","4","1.4197"
"2038.72","0.35","4","1.4197"
"2038.93","0.35","4","1.4197"
"2039.14","0.35","4","1.4197"
"2039.35","0.35","4","1.4197"
"2039.56","0.35","4","1.4197"
"2039.76","0.35","4","1.4197"
"2039.97","0.35","4","1.4197"
"2040.18","0.35","4","1.4197"
"2040.39","0.35","4","1.4197"
"2040.6","0.35","4","1.4197"
"2040.81","0.35","4","1.4197"
"2041.01","0.35","4","1.4197"
"2041.22","0.35","4","1.4197"
"2041.43","0.35","4","1.4197"
"2041.64","0.35","4","1.4197"
"2041.85","0.35","4","1.4197"
"2042.06","0.35","4","1.4197"
"2042.26","0.35","4","1.4197"
"2042.47","0.35","4","1.4197"
"2042.68","0.35","4","1.4197"
"2042.89","0.35","4","1.4197"
"2043.1","0.35","4","1.4197"
"2043.31","0.35","4","1.4197"
"2043.51","0.35","4","1.4197"
"2043.72","0.35","4","1.4197"
"2043.93","0.35","4","1.4197"
"2044.14","0.35","4","1.4197"
"2044.35","0.35","4","1.4197"
"2044.56","0.35","4","1.4197"
"2044.76","0.35","4","1.4197"
"2044.97","0.35","4","1.4197"
"2045.18","0.35","4","1.4197"
"2045.39","0.35","4","1.4197"
"2045.6","0.35","4","1.4197"
"2045.81","0.35","4","1.4197"
"2046.01","0.35","4","1.4197"
"2046.22","0.35","4","1.4197"
"2046.43","0.35","4","1.4197"
"2046.64","0.35","4","1.4197"
"2046.85","0.35","4","1.4197"
"2047.06","0.35","4","1.4197"
"2047.26","0.35","4","1.4197"
"2047.47","0.35","4","1.4197"
"2047.68","0.35","4","1.4197"
"2047.89","0.35","4","1.4197"
"2048.1","0.35","4","1.4197"
"2048.31","0.35","4","1.4197"
"2048.51","0.35","4","1.4197"
"2048.72","0.35","4","1.4197"
"2048.93","0.35","4","1.4197"
"2049.14","0.35","4","1.4197"
"2049.35","0.35","4","1.4197"
"2049.56","0.35","4","1.4197"
"2049.76","0.35","4","1.4197"
"2049.97","0.35","4","1.4197"
"2050.18","0.35","4","1.4197"
"2050.39","0.35","4","1.4197"
"2050.6","0.35","4","1.4197"
"2050.81","0.35","4","1.4197"
"2051.01","0.35","4","1.4197"
"2051.22","0.35","4","1.4197"
"2051.43","0.35","4","1.4197"
"2051.64","0.35","4","1.4197"
"2051.85","0.35","4","1.4197"
"2052.06","0.35","4","1.4197"
"2052.26","0.35","4","1.4197"
"2052.47","0.35","4","1.4197"
"2052.68","0.35","4","1.4197"
"2052.89","0.35","4","1.4197"
"2053.1","0.35","4","1.4197"
"2053.31","0.35","4","1.4197"
"2053.51","0.35","4","1.4197"
"2053.72","0.35","4","1.4197"
"2053.93","0.35","4","1.4197"
"2054.14","0.35","4","1.4197"
"2054.35","0.35","4","1.4197"
"2054.56","0.35","4","1.4197"
"2054.76","0.35","4","1.4197"
"2054.97","0.35","4","1.4197"
"2055.18","0.35","4","1.4197"
"2055.39","0.35","4","1.4197"
"2055.6","0.35","4","1.4197"
"2055.81","0.35","4","1.4197"
"2056.01","0.35","4","1.4197"
"2056.22","0.35","4","1.4197"
"2056.43","0.35","4","1.4197"
"2056.64","0.35","4","1.4197"
"2056.85","0.35","4","1.4197"
"2057.06","0.35","4","1.4197"
"2057.26","0.35","4","1.4197"
"2057.47","0.35","4","1.4197"
"2057.68","0.35","4","1.4197"
"2057.89","0.35","4","1.4197"
"2058.1","0.35","4","1.4197"
"2058.31","0.35","4","1.4197"
"2058.51","0.35","4","1.4197"
"2058.72","0.35","4","1.4197"
"2058.93","0.35","4","1.4197"
"2059.14","0.35","4","1.4197"
"2059.35","0.35","4","1.4197"
"2059.56","0.35","4","1.4197"
"2059.76","0.35","4","1.4197"
"2059.97","0.35","4","1.4197"
"2060.18","0.35","4","1.4197"
"2060.39","0.35","4","1.4197"
"2060.6","0.35","4","1.4197"
"2060.81","0.35","4","1.4197"
"2061.01","0.35","4","1.4197"
"2061.22","0.35","4","1.4197"
"2061.43","0.35","4","1.4197"
"2061.64","0.35","4","1.4197"
"2061.85","0.35","4","1.4197"
"2062.06","0.35","4","1.4197"
"2062.26","0.35","4","1.4197"
"2062.47","0.35","4","1.4197"
"2062.68","0.35","4","1.4197"
"2062.89","0.35","4","1.4197"
"2063.1","0.35","4","1.4197"
"2063.31","0.35","4","1.4197"
"2063.51","0.35","4","1.4197"
"2063.72","0.35","4","1.4197"
"2063.93","0.35","4","1.4197"
"2064.14","0.35","4","1.4197"
"2064.35","0.35","4","1.4197"
"2064.56","0.35","4","1.4197"
"2064.76","0.35","4","1.4197"
"2064.97","0.35","4","1.4197"
"2065.18","0.35","4","1.4197"
"2065.39","0.35","4","1.4197"
"2065.6","0.35","4","1.4197"
"2065.81","0.35","4","1.4197"
"2066.01","0.35","4","1.4197"
"2066.22","0.35","4","1.4197"
"2066.43","0.35","4","1.4197"
"2066.64","0.35","4","1.4197"
"2066.85","0.35","4","1.4197"
"2067.06","0.35","4","1.4197"
"2067.26","0.35","4","1.4197"
"2067.47","0.35","4","1.4197"
"2067.68","0.35","4","1.4197"
"2067.89","0.35","4","1.4197"
"2068.1","0.35","4","1.4197"
"2068.31","0.35","4","1.4197"
"2068.51","0.35","4","1.4197"
"2068.72","0.35","4","1.4197"
"2068.93","0.35","4","1.4197"
"2069.14","0.35","4","1.4197"
"2069.35","0.35","4","1.4197"
"2069.56","0.35","4","1.4197"
"2069.76","0.35","4","1.4197"
"2069.97","0.35","4","1.4197"
"2070.18","0.35","4","1.4197"
"2070.39","0.35","4","1.4197"
"2070.6","0.35","4","1.4197"
"2070.81","0.35","4","1.4197"
"2071.01","0.35","4","1.4197"
"2071.22","0.35","4","1.4197"
"2071.43","0.35","4","1.4197"
"2071.64","0.35","4","1.4197"
"2071.85","0.35","4","1.4197"
"2072.06","0.35","4","1.4197"
"2072.26","0.35","4","1.4197"
"2072.47","0.35","4","1.4197"
"2072.68","0.35","4","1.4197"
"2072.89","0.35","4","1.4197"
"2073.1","0.35","4","1.4197"
"2073.31","0.35","4","1.4197"
"2073.51","0.35","4","1.4197"
"2073.72","0.35","4","1.4197"
"2073.93","0.35","4","1.4197"
"2074.14","0.35","4","1.4197"
"2074.35","0.35","4","1.4197"
"2074.56","0.35","4","1.4197"
"2074.76","0.35","4","1.4197"
"2074.97","0.35","4","1.4197"
"2075.18","0.35","4","1.4197"
"2075.39","0.35","4","1.4197"
"2075.6","0.35","4","1.4197"
"2075.81","0.35","4","1.4197"
"2076.01","0.35","4","1.4197"
"2076.22","0.35","4","1.4197"
"2076.43","0.35","4","1.4197"
"2076.64","0.35","4","1.4197"
"2076.85","0.35","4","1.4197"
"2077.06","0.35","4","1.4197"
"2077.26","0.35","4","1.4197"
"2077.47","0.35","4","1.4197"
"2077.68","0.35","4","1.4197"
"2077.89","0.35","4","1.4197"
"2078.1","0.35","4","1.4197"
"2078.31","0.35","4","1.4197"
"2078.51","0.35","4","1.4197"
"2078.72","0.35","4","1.4197"
"2078.93","0.35","4","1.4197"
"2079.14","0.35","4","1.4197"
"2079.35","0.35","4","1.4197"
"2079.56","0.35","4","1.4197"
"2079.76","0.35","4","1.4197"
"2079.97","0.35","4","1.4197"
"2080.18","0.35","4","1.4197"
"2080.39","0.35","4","1.4197"
"2080.6","0.35","4","1.4197"
"2080.81","0.35","4","1.4197"
"2081.01","0.35","4","1.4197"
"2081.22","0.35","4","1.4197"
"2081.43","0.35","4","1.4197"
"2081.64","0.35","4","1.4197"
"2081.85","0.35","4","1.4197"
"2082.06","0.35","4","1.4197"
"2082.26","0.35","4","1.4197"
"2082.47","0.35","4","1.4197"
"2082.68","0.35","4","1.4197"
"2082.89","0.35","4","1.4197"
"2083.1","0.35","4","1.4197"
"2083.31","0.35","4","1.4197"
"2083.51","0.35","4","1.4197"
"2083.72","0.35","4","1.4197"
"2083.93","0.35","4","1.4197"
"2084.14","0.35","4","1.4197"
"2084.35","0.35","4","1.4197"
"2084.56","0.35","4","1.4197"
"2084.76","0.35","4","1.4197"
"2084.97","0.35","4","1.4197"
"2085.18","0.35","4","1.4197"
"2085.39","0.35","4","1.4197"
"2085.6","0.35","4","1.4197"
"2085.81","0.35","4","1.4197"
"2086.01","0.35","4","1.4197"
"2086.22","0.35","4","1.4197"
"2086.43","0.35","4","1.4197"
"2086.64","0.35","4","1.4197"
"2086.85","0.35","4","1.4197"
"2087.06","0.35","4","1.4197"
"2087.26","0.35","4","1.4197"
"2087.47","0.35","4","1.4197"
"2087.68","0.35","4","1.4197"
"2087.89","0.35","4","1.4197"
"2088.1","0.35","4","1.4197"
"2088.31","0.35","4","1.4197"
"2088.51","0.35","4","1.4197"
"2088.72","0.35","4","1.4197"
"2088.93","0.35","4","1.4197"
"2089.14","0.35","4","1.4197"
"2089.35","0.35","4","1.4197"
"2089.56","0.35","4","1.4197"
"2089.76","0.35","4","1.4197"
"2089.97","0.35","4","1.4197"
"2090.18","0.35","4","1.4197"
"2090.39","0.35","4","1.4197"
"2090.6","0.35","4","1.4197"
"2090.81","0.35","4","1.4197"
"2091.01","0.35","4","1.4197"
"2091.22","0.35","4","1.4197"
"2091.43","0.35","4","1.4197"
"2091.64","0.35","4","1.4197"
"2091.85","0.35","4","1.4197"
"2092.06","0.35","4","1.4197"
"2092.26","0.35","4","1.4197"
"2092.47","0.35","4","1.4197"
"2092.68","0.35","4","1.4197"
"2092.89","0.35","4","1.4197"
"2093.1","0.35","4","1.4197"
"2093.31","0.35","4","1.4197"
"2093.51","0.35","4","1.4197"
"2093.72","0.35","4","1.4197"
"2093.93","0.35","4","1.4197"
"2094.14","0.35","4","1.4197"
"2094.35","0.35","4","1.4197"
"2094.56","0.35","4","1.4197"
"2094.76","0.35","4","1.4197"
"2094.97","0.35","4","1.4197"
"2095.18","0.35","4","1.4197"
"2095.39","0.35","4","1.4197"
"2095.6","0.35","4","1.4197"
"2095.81","0.35","4","1.4197"
"2096.01","0.35","4","1.4197"
"2096.22","0.35","4","1.4197"
"2096.43","0.35","4","1.4197"
"2096.64","0.35","4","1.4197"
"2096.85","0.35","4","1.4197"
"2097.06","0.35","4","1.4197"
"2097.26","0.35","4","1.4197"
"2097.47","0.35","4","1.4197"
"2097.68","0.35","4","1.4197"
"2097.89","0.35","4","1.4197"
"2098.1","0.35","4","1.4197"
"2098.31","0.35","4","1.4197"
"2098.51","0.35","4","1.4197"
"2098.72","0.35","4","1.4197"
"2098.93","0.35","4","1.4197"
"2099.14","0.35","4","1.4197"
"2099.35","0.35","4","1.4197"
"2099.56","0.35","4","1.4197"
"2099.76","0.35","4","1.4197"
"2099.97","0.35","4","1.4197"
"2100.18","0.35","4","1.4197"
"2100.39","0.35","4","1.4197"
"2100.6","0.35","4","1.4197"
"2100.81","0.35","4","1.4197"
"2101.01","0.35","4","1.4197"
"2101.22","0.35","4","1.4197"
"2101.43","0.35","4","1.4197"
"2101.64","0.35","4","1.4197"
"2101.85","0.35","4","1.4197"
"2102.06","0.35","4","1.4197"
"2102.26","0.35","4","1.4197"
"2102.47","0.35","4","1.4197"
"2102.68","0.35","4","1.4197"
"2102.89","0.35","4","1.4197"
"2103.1","0.35","4","1.4197"
"2103.31","0.35","4","1.4197"
"2103.51","0.35","4","1.4197"
"2103.72","0.35","4","1.4197"
"2103.93","0.35","4","1.4197"
"2104.14","0.35","4","1.4197"
"2104.35","0.35","4","1.4197"
"2104.56","0.35","4","1.4197"
"2104.76","0.35","4","1.4197"
"2104.97","0.35","4","1.4197"
"2105.18","0.35","4","1.4197"
"2105.39","0.35","4","1.4197"
"2105.6","0.35","4","1.4197"
"2105.81","0.35","4","1.4197"
"2106.01","0.35","4","1.4197"
"2106.22","0.35","4","1.4197"
"2106.43","0.35","4","1.4197"
"2106.64","0.35","4","1.4197"
"2106.85","0.35","4","1.4197"
"2107.06","0.35","4","1.4197"
"2107.26","0.35","4","1.4197"
"2107.47","0.35","4","1.4197"
"2107.68","0.35","4","1.4197"
"2107.89","0.35","4","1.4197"
"2108.1","0.35","4","1.4197"
"2108.31","0.35","4","1.4197"
"2108.51","0.35","4","1.4197"
"2108.72","0.35","4","1.4197"
"2108.93","0.35","4","1.4197"
"2109.14","0.35","4","1.4197"
"2109.35","0.35","4","1.4197"
"2109.56","0.35","4","1.4197"
"2109.76","0.35","4","1.4197"
"2109.97","0.35","4","1.4197"
"2110.18","0.35","4","1.4197"
"2110.39","0.35","4","1.4197"
"2110.6","0.35","4","1.4197"
"2110.81","0.35","4","1.4197"
"2111.01","0.35","4","1.4197"
"2111.22","0.35","4","1.4197"
"2111.43","0.35","4","1.4197"
"2111.64","0.35","4","1.4197"
"2111.85","0.35","4","1.4197"
"2112.06","0.35","4","1.4197"
"2112.26","0.35","4","1.4197"
"2112.47","0.35","4","1.4197"
"2112.68","0.35","4","1.4197"
"2112.89","0.35","4","1.4197"
"2113.1","0.35","4","1.4197"
"2113.31","0.35","4","1.4197"
"2113.51","0.35","4","1.4197"
"2113.72","0.35","4","1.4197"
"2113.93","0.35","4","1.4197"
"2114.14","0.35","4","1.4197"
"2114.35","0.35","4","1.4197"
"2114.56","0.35","4","1.4197"
"2114.76","0.35","4","1.4197"
"2114.97","0.35","4","1.4197"
"2115.18","0.35","4","1.4197"
"2115.39","0.35","4","1.4197"
"2115.6","0.35","4","1.4197"
"2115.81","0.35","4","1.4197"
"2116.01","0.35","4","1.4197"
"2116.22","0.35","4","1.4197"
"2116.43","0.35","4","1.4197"
"2116.64","0.35","4","1.4197"
"2116.85","0.35","4","1.4197"
"2117.06","0.35","4","1.4197"
"2117.26","0.35","4","1.4197"
"2117.47","0.35","4","1.4197"
"2117.68","0.35","4","1.4197"
"2117.89","0.35","4","1.4197"
"2118.1","0.35","4","1.4197"
"2118.31","0.35","4","1.4197"
"2118.51","0.35","4","1.4197"
"2118.72","0.35","4","1.4197"
"2118.93","0.35","4","1.4197"
"2119.14","0.35","4","1.4197"
"2119.35","0.35","4","1.4197"
"2119.56","0.35","4","1.4197"
"2119.76","0.35","4","1.4197"
"2119.97","0.35","4","1.4197"
"2120.18","0.35","4","1.4197"
"2120.39","0.35","4","1.4197"
"2120.6","0.35","4","1.4197"
"2120.81","0.35","4","1.4197"
"2121.01","0.35","4","1.4197"
"2121.22","0.35","4","1.4197"
"2121.43","0.35","4","1.4197"
"2121.64","0.35","4","1.4197"
"2121.85","0.35","4","1.4197"
"2122.06","0.35","4","1.4197"
"2122.26","0.35","4","1.4197"
"2122.47","0.35","4","1.4197"
"2122.68","0.35","4","1.4197"
"2122.89","0.35","4","1.4197"
"2123.1","0.35","4","1.4197"
"2123.31","0.35","4","1.4197"
"2123.51","0.35","4","1.4197"
"2123.72","0.35","4","1.4197"
"2123.93","0.35","4","1.4197"
"2124.14","0.35","4","1.4197"
"2124.35","0.35","4","1.4197"
"2124.56","0.35","4","1.4197"
"2124.76","0.35","4","1.4197"
"2124.97","0.35","4","1.4197"
"2125.18","0.35","4","1.4197"
"2125.39","0.35","4","1.4197"
"2125.6","0.35","4","1.4197"
"2125.81","0.35","4","1.4197"
"2126.01","0.35","4","1.4197"
"2126.22","0.35","4","1.4197"
"2126.43","0.35","4","1.4197"
"2126.64","0.35","4","1.4197"
"2126.85","0.35","4","1.4197"
"2127.06","0.35","4","1.4197"
"2127.26","0.35","4","1.4197"
"2127.47","0.35","4","1.4197"
"2127.68","0.35","4","1.4197"
"2127.89","0.35","4","1.4197"
"2128.1","0.35","4","1.4197"
"2128.31","0.35","4","1.4197"
"2128.51","0.35","4","1.4197"
"2128.72","0.35","4","1.4197"
"2128.93","0.35","4","1.4197"
"2129.14","0.35","4","1.4197"
"2129.35","0.35","4","1.4197"
"2129.56","0.35","4","1.4197"
"2129.76","0.35","4","1.4197"
"2129.97","0.35","4","1.4197"
"2130.18","0.35","4","1.4197"
"2130.39","0.35","4","1.4197"
"2130.6","0.35","4","1.4197"
"2130.81","0.35","4","1.4197"
"2131.01","0.35","4","1.4197"
"2131.22","0.35","4","1.4197"
"2131.43","0.35","4","1.4197"
"2131.64","0.35","4","1.4197"
"2131.85","0.35","4","1.4197"
"2132.06","0.35","4","1.4197"
"2132.26","0.35","4","1.4197"
"2132.47","0.35","4","1.4197"
"2132.68","0.35","4","1.4197"
"2132.89","0.35","4","1.4197"
"2133.1","0.35","4","1.4197"
"2133.31","0.35","4","1.4197"
"2133.51","0.35","4","1.4197"
"2133.72","0.35","4","1.4197"
"2133.93","0.35","4","1.4197"
"2134.14","0.35","4","1.4197"
"2134.35","0.35","4","1.4197"
"2134.56","0.35","4","1.4197"
"2134.76","0.35","4","1.4197"
"2134.97","0.35","4","1.4197"
"2135.18","0.35","4","1.4197"
"2135.39","0.35","4","1.4197"
"2135.6","0.35","4","1.4197"
"2135.81","0.35","4","1.4197"
"2136.01","0.35","4","1.4197"
"2136.22","0.35","4","1.4197"
"2136.43","0.35","4","1.4197"
"2136.64","0.35","4","1.4197"
"2136.85","0.35","4","1.4197"
"2137.06","0.35","4","1.4197"
"2137.26","0.35","4","1.4197"
"2137.47","0.35","4","1.4197"
"2137.68","0.35","4","1.4197"
"2137.89","0.35","4","1.4197"
"2138.1","0.35","4","1.4197"
"2138.31","0.35","4","1.4197"
"2138.51","0.35","4","1.4197"
"2138.72","0.35","4","1.4197"
"2138.93","0.35","4","1.4197"
"2139.14","0.35","4","1.4197"
"2139.35","0.35","4","1.4197"
"2139.56","0.35","4","1.4197"
"2139.76","0.35","4","1.4197"
"2139.97","0.35","4","1.4197"
"2140.18","0.35","4","1.4197"
"2140.39","0.35","4","1.4197"
"2140.6","0.35","4","1.4197"
"2140.81","0.35","4","1.4197"
"2141.01","0.35","4","1.4197"
"2141.22","0.35","4","1.4197"
"2141.43","0.35","4","1.4197"
"2141.64","0.35","4","1.4197"
"2141.85","0.35","4","1.4197"
"2142.06","0.35","4","1.4197"
"2142.26","0.35","4","1.4197"
"2142.47","0.35","4","1.4197"
"2142.68","0.35","4","1.4197"
"2142.89","0.35","4","1.4197"
"2143.1","0.35","4","1.4197"
"2143.31","0.35","4","1.4197"
"2143.51","0.35","4","1.4197"
"2143.72","0.35","4","1.4197"
"2143.93","0.35","4","1.4197"
"2144.14","0.35","4","1.4197"
"2144.35","0.35","4","1.4197"
"2144.56","0.35","4","1.4197"
"2144.76","0.35","4","1.4197"
"2144.97","0.35","4","1.4197"
"2145.18","0.35","4","1.4197"
"2145.39","0.35","4","1.4197"
"2145.6","0.35","4","1.4197"
"2145.81","0.35","4","1.4197"
"2146.01","0.35","4","1.4197"
"2146.22","0.35","4","1.4197"
"2146.43","0.35","4","1.4197"
"2146.64","0.35","4","1.4197"
"2146.85","0.35","4","1.4197"
"2147.06","0.35","4","1.4197"
"2147.26","0.35","4","1.4197"
"2147.47","0.35","4","1.4197"
"2147.68","0.35","4","1.4197"
"2147.89","0.35","4","1.4197"
"2148.1","0.35","4","1.4197"
"2148.31","0.35","4","1.4197"
"2148.51","0.35","4","1.4197"
"2148.72","0.35","4","1.4197"
"2148.93","0.35","4","1.4197"
"2149.14","0.35","4","1.4197"
"2149.35","0.35","4","1.4197"
"2149.56","0.35","4","1.4197"
"2149.76","0.35","4","1.4197"
"2149.97","0.35","4","1.4197"
"2150.18","0.35","4","1.4197"
"2150.39","0.35","4","1.4197"
"2150.6","0.35","4","1.4197"
"2150.81","0.35","4","1.4197"
"2151.01","0.35","4","1.4197"
"2151.22","0.35","4","1.4197"
"2151.43","0.35","4","1.4197"
"2151.64","0.35","4","1.4197"
"2151.85","0.35","4","1.4197"
"2152.06","0.35","4","1.4197"
"2152.26","0.35","4","1.4197"
"2152.47","0.35","4","1.4197"
"2152.68","0.35","4","1.4197"
"2152.89","0.35","4","1.4197"
"2153.1","0.35","4","1.4197"
"2153.31","0.35","4","1.4197"
"2153.51","0.35","4","1.4197"
"2153.72","0.35","4","1.4197"
"2153.93","0.35","4","1.4197"
"2154.14","0.35","4","1.4197"
"2154.35","0.35","4","1.4197"
"2154.56","0.35","4","1.4197"
"2154.76","0.35","4","1.4197"
"2154.97","0.35","4","1.4197"
"2155.18","0.35","4","1.4197"
"2155.39","0.35","4","1.4197"
"2155.6","0.35","4","1.4197"
"2155.81","0.35","4","1.4197"
"2156.01","0.35","4","1.4197"
"2156.22","0.35","4","1.4197"
"2156.43","0.35","4","1.4197"
"2156.64","0.35","4","1.4197"
"2156.85","0.35","4","1.4197"
"2157.06","0.35","4","1.4197"
"2157.26","0.35","4","1.4197"
"2157.47","0.35","4","1.4197"
"2157.68","0.35","4","1.4197"
"2157.89","0.35","4","1.4197"
"2158.1","0.35","4","1.4197"
"2158.31","0.35","4","1.4197"
"2158.51","0.35","4","1.4197"
"2158.72","0.35","4","1.4197"
"2158.93","0.35","4","1.4197"
"2159.14","0.35","4","1.4197"
"2159.35","0.35","4","1.4197"
"2159.56","0.35","4","1.4197"
"2159.76","0.35","4","1.4197"
"2159.97","0.35","4","1.4197"
"2160.18","0.35","4","1.4197"
"2160.39","0.35","4","1.4197"
"2160.6","0.35","4","1.4197"
"2160.81","0.35","4","1.4197"
"2161.01","0.35","4","1.4197"
"2161.22","0.35","4","1.4197"
"2161.43","0.35","4","1.4197"
"2161.64","0.35","4","1.4197"
"2161.85","0.35","4","1.4197"
"2162.06","0.35","4","1.4197"
"2162.26","0.35","4","1.4197"
"2162.47","0.35","4","1.4197"
"2162.68","0.35","4","1.4197"
"2162.89","0.35","4","1.4197"
"2163.1","0.35","4","1.4197"
"2163.31","0.35","4","1.4197"
"2163.51","0.35","4","1.4197"
"2163.72","0.35","4","1.4197"
"2163.93","0.35","4","1.4197"
"2164.14","0.35","4","1.4197"
"2164.35","0.35","4","1.4197"
"2164.56","0.35","4","1.4197"
"2164.76","0.35","4","1.4197"
"2164.97","0.35","4","1.4197"
"2165.18","0.35","4","1.4197"
"2165.39","0.35","4","1.4197"
"2165.6","0.35","4","1.4197"
"2165.81","0.35","4","1.4197"
"2166.01","0.35","4","1.4197"
"2166.22","0.35","4","1.4197"
"2166.43","0.35","4","1.4197"
"2166.64","0.35","4","1.4197"
"2166.85","0.35","4","1.4197"
"2167.06","0.35","4","1.4197"
"2167.26","0.35","4","1.4197"
"2167.47","0.35","4","1.4197"
"2167.68","0.35","4","1.4197"
"2167.89","0.35","4","1.4197"
"2168.1","0.35","4","1.4197"
"2168.31","0.35","4","1.4197"
"2168.51","0.35","4","1.4197"
"2168.72","0.35","4","1.4197"
"2168.93","0.35","4","1.4197"
"2169.14","0.35","4","1.4197"
"2169.35","0.35","4","1.4197"
"2169.56","0.35","4","1.4197"
"2169.76","0.35","4","1.4197"
"2169.97","0.35","4","1.4197"
"2170.18","0.35","4","1.4197"
"2170.39","0.35","4","1.4197"
"2170.6","0.35","4","1.4197"
"2170.81","0.35","4","1.4197"
"2171.01","0.35","4","1.4197"
"2171.22","0.35","4","1.4197"
"2171.43","0.35","4","1.4197"
"2171.64","0.35","4","1.4197"
"2171.85","0.35","4","1.4197"
"2172.06","0.35","4","1.4197"
"2172.26","0.35","4","1.4197"
"2172.47","0.35","4","1.4197"
"2172.68","0.35","4","1.4197"
"2172.89","0.35","4","1.4197"
"2173.1","0.35","4","1.4197"
"2173.31","0.35","4","1.4197"
"2173.51","0.35","4","1.4197"
"2173.72","0.35","4","1.4197"
"2173.93","0.35","4","1.4197"
"2174.14","0.35","4","1.4197"
"2174.35","0.35","4","1.4197"
"2174.56","0.35","4","1.4197"
"2174.76","0.35","4","1.4197"
"2174.97","0.35","4","1.4197"
"2175.18","0.35","4","1.4197"
"2175.39","0.35","4","1.4197"
"2175.6","0.35","4","1.4197"
"2175.81","0.35","4","1.4197"
"2176.01","0.35","4","1.4197"
"2176.22","0.35","4","1.4197"
"2176.43","0.35","4","1.4197"
"2176.64","0.35","4","1.4197"
"2176.85","0.35","4","1.4197"
"2177.06","0.35","4","1.4197"
"2177.26","0.35","4","1.4197"
"2177.47","0.35","4","1.4197"
"2177.68","0.35","4","1.4197"
"2177.89","0.35","4","1.4197"
"2178.1","0.35","4","1.4197"
"2178.31","0.35","4","1.4197"
"2178.51","0.35","4","1.4197"
"2178.72","0.35","4","1.4197"
"2178.93","0.35","4","1.4197"
"2179.14","0.35","4","1.4197"
"2179.35","0.35","4","1.4197"
"2179.56","0.35","4","1.4197"
"2179.76","0.35","4","1.4197"
"2179.97","0.35","4","1.4197"
"2180.18","0.35","4","1.4197"
"2180.39","0.35","4","1.4197"
"2180.6","0.35","4","1.4197"
"2180.81","0.35","4","1.4197"
"2181.01","0.35","4","1.4197"
"2181.22","0.35","4","1.4197"
"2181.43","0.35","4","1.4197"
"2181.64","0.35","4","1.4197"
"2181.85","0.35","4","1.4197"
"2182.06","0.35","4","1.4197"
"2182.26","0.35","4","1.4197"
"2182.47","0.35","4","1.4197"
"2182.68","0.35","4","1.4197"
"2182.89","0.35","4","1.4197"
"2183.1","0.35","4","1.4197"
"2183.31","0.35","4","1.4197"
"2183.51","0.35","4","1.4197"
"2183.72","0.35","4","1.4197"
"2183.93","0.35","4","1.4197"
"2184.14","0.35","4","1.4197"
"2184.35","0.35","4","1.4197"
"2184.56","0.35","4","1.4197"
"2184.76","0.35","4","1.4197"
"2184.97","0.35","4","1.4197"
"2185.18","0.35","4","1.4197"
"2185.39","0.35","4","1.4197"
"2185.6","0.35","4","1.4197"
"2185.81","0.35","4","1.4197"
"2186.01","0.35","4","1.4197"
"2186.22","0.35","4","1.4197"
"2186.43","0.35","4","1.4197"
"2186.64","0.35","4","1.4197"
"2186.85","0.35","4","1.4197"
"2187.06","0.35","4","1.4197"
"2187.26","0.35","4","1.4197"
"2187.47","0.35","4","1.4197"
"2187.68","0.35","4","1.4197"
"2187.89","0.35","4","1.4197"
"2188.1","0.35","4","1.4197"
"2188.31","0.35","4","1.4197"
"2188.51","0.35","4","1.4197"
"2188.72","0.35","4","1.4197"
"2188.93","0.35","4","1.4197"
"2189.14","0.35","4","1.4197"
"2189.35","0.35","4","1.4197"
"2189.56","0.35","4","1.4197"
"2189.76","0.35","4","1.4197"
"2189.97","0.35","4","1.4197"
"2190.18","0.35","4","1.4197"
"2190.39","0.35","4","1.4197"
"2190.6","0.35","4","1.4197"
"2190.81","0.35","4","1.4197"
"2191.01","0.35","4","1.4197"
"2191.22","0.35","4","1.4197"
"2191.43","0.35","4","1.4197"
"2191.64","0.35","4","1.4197"
"2191.85","0.35","4","1.4197"
"2192.06","0.35","4","1.4197"
"2192.26","0.35","4","1.4197"
"2192.47","0.35","4","1.4197"
"2192.68","0.35","4","1.4197"
"2192.89","0.35","4","1.4197"
"2193.1","0.35","4","1.4197"
"2193.31","0.35","4","1.4197"
"2193.51","0.35","4","1.4197"
"2193.72","0.35","4","1.4197"
"2193.93","0.35","4","1.4197"
"2194.14","0.35","4","1.4197"
"2194.35","0.35","4","1.4197"
"2194.56","0.35","4","1.4197"
"2194.76","0.35","4","1.4197"
"2194.97","0.35","4","1.4197"
"2195.18","0.35","4","1.4197"
"2195.39","0.35","4","1.4197"
"2195.6","0.35","4","1.4197"
"2195.81","0.35","4","1.4197"
"2196.01","0.35","4","1.4197"
"2196.22","0.35","4","1.4197"
"2196.43","0.35","4","1.4197"
"2196.64","0.35","4","1.4197"
"2196.85","0.35","4","1.4197"
"2197.06","0.35","4","1.4197"
"2197.26","0.35","4","1.4197"
"2197.47","0.35","4","1.4197"
"2197.68","0.35","4","1.4197"
"2197.89","0.35","4","1.4197"
"2198.1","0.35","4","1.4197"
"2198.31","0.35","4","1.4197"
"2198.51","0.35","4","1.4197"
"2198.72","0.35","4","1.4197"
"2198.93","0.35","4","1.4197"
"2199.14","0.35","4","1.4197"
"2199.35","0.35","4","1.4197"
"2199.56","0.35","4","1.4197"
"2199.76","0.35","4","1.4197"
"2199.97","0.35","4","1.4197"
"2200.18","0.35","4","1.4197"
"2200.39","0.35","4","1.4197"
"2200.6","0.35","4","1.4197"
"2200.81","0.35","4","1.4197"
"2201.01","0.35","4","1.4197"
"2201.22","0.35","4","1.4197"
"2201.43","0.35","4","1.4197"
"2201.64","0.35","4","1.4197"
"2201.85","0.35","4","1.4197"
"2202.06","0.35","4","1.4197"
"2202.26","0.35","4","1.4197"
"2202.47","0.35","4","1.4197"
"2202.68","0.35","4","1.4197"
"2202.89","0.35","4","1.4197"
"2203.1","0.35","4","1.4197"
"2203.31","0.35","4","1.4197"
"2203.51","0.35","4","1.4197"
"2203.72","0.35","4","1.4197"
"2203.93","0.35","4","1.4197"
"2204.14","0.35","4","1.4197"
"2204.35","0.35","4","1.4197"
"2204.56","0.35","4","1.4197"
"2204.76","0.35","4","1.4197"
"2204.97","0.35","4","1.4197"
"2205.18","0.35","4","1.4197"
"2205.39","0.35","4","1.4197"
"2205.6","0.35","4","1.4197"
"2205.81","0.35","4","1.4197"
"2206.01","0.35","4","1.4197"
"2206.22","0.35","4","1.4197"
"2206.43","0.35","4","1.4197"
"2206.64","0.35","4","1.4197"
"2206.85","0.35","4","1.4197"
"2207.06","0.35","4","1.4197"
"2207.26","0.35","4","1.4197"
"2207.47","0.35","4","1.4197"
"2207.68","0.35","4","1.4197"
"2207.89","0.35","4","1.4197"
"2208.1","0.35","4","1.4197"
"2208.31","0.35","4","1.4197"
"2208.51","0.35","4","1.4197"
"2208.72","0.35","4","1.4197"
"2208.93","0.35","4","1.4197"
"2209.14","0.35","4","1.4197"
"2209.35","0.35","4","1.4197"
"2209.56","0.35","4","1.4197"
"2209.76","0.35","4","1.4197"
"2209.97","0.35","4","1.4197"
"2210.18","0.35","4","1.4197"
"2210.39","0.35","4","1.4197"
"2210.6","0.35","4","1.4197"
"2210.81","0.35","4","1.4197"
"2211.01","0.35","4","1.4197"
"2211.22","0.35","4","1.4197"
"2211.43","0.35","4","1.4197"
"2211.64","0.35","4","1.4197"
"2211.85","0.35","4","1.4197"
"2212.06","0.35","4","1.4197"
"2212.26","0.35","4","1.4197"
"2212.47","0.35","4","1.4197"
"2212.68","0.35","4","1.4197"
"2212.89","0.35","4","1.4197"
"2213.1","0.35","4","1.4197"
"2213.31","0.35","4","1.4197"
"2213.51","0.35","4","1.4197"
"2213.72","0.35","4","1.4197"
"2213.93","0.35","4","1.4197"
"2214.14","0.35","4","1.4197"
"2214.35","0.35","4","1.4197"
"2214.56","0.35","4","1.4197"
"2214.76","0.35","4","1.4197"
"2214.97","0.35","4","1.4197"
"2215.18","0.35","4","1.4197"
"2215.39","0.35","4","1.4197"
"2215.6","0.35","4","1.4197"
"2215.81","0.35","4","1.4197"
"2216.01","0.35","4","1.4197"
"2216.22","0.35","4","1.4197"
"2216.43","0.35","4","1.4197"
"2216.64","0.35","4","1.4197"
"2216.85","0.35","4","1.4197"
"2217.06","0.35","4","1.4197"
"2217.26","0.35","4","1.4197"
"2217.47","0.35","4","1.4197"
"2217.68","0.35","4","1.4197"
"2217.89","0.35","4","1.4197"
"2218.1","0.35","4","1.4197"
"2218.31","0.35","4","1.4197"
"2218.51","0.35","4","1.4197"
"2218.72","0.35","4","1.4197"
"2218.93","0.35","4","1.4197"
"2219.14","0.35","4","1.4197"
"2219.35","0.35","4","1.4197"
"2219.56","0.35","4","1.4197"
"2219.76","0.35","4","1.4197"
"2219.97","0.35","4","1.4197"
"2220.18","0.35","4","1.4197"
"2220.39","0.35","4","1.4197"
"2220.6","0.35","4","1.4197"
"2220.81","0.35","4","1.4197"
"2221.01","0.35","4","1.4197"
"2221.22","0.35","4","1.4197"
"2221.43","0.35","4","1.4197"
"2221.64","0.35","4","1.4197"
"2221.85","0.35","4","1.4197"
"2222.06","0.35","4","1.4197"
"2222.26","0.35","4","1.4197"
"2222.47","0.35","4","1.4197"
"2222.68","0.35","4","1.4197"
"2222.89","0.35","4","1.4197"
"2223.1","0.35","4","1.4197"
"2223.31","0.35","4","1.4197"
"2223.51","0.35","4","1.4197"
"2223.72","0.35","4","1.4197"
"2223.93","0.35","4","1.4197"
"2224.14","0.35","4","1.4197"
"2224.35","0.35","4","1.4197"
"2224.56","0.35","4","1.4197"
"2224.76","0.35","4","1.4197"
"2224.97","0.35","4","1.4197"
"2225.18","0.35","4","1.4197"
"2225.39","0.35","4","1.4197"
"2225.6","0.35","4","1.4197"
"2225.81","0.35","4","1.4197"
"2226.01","0.35","4","1.4197"
"2226.22","0.35","4","1.4197"
"2226.43","0.35","4","1.4197"
"2226.64","0.35","4","1.4197"
"2226.85","0.35","4","1.4197"
"2227.06","0.35","4","1.4197"
"2227.26","0.35","4","1.4197"
"2227.47","0.35","4","1.4197"
"2227.68","0.35","4","1.4197"
"2227.89","0.35","4","1.4197"
"2228.1","0.35","4","1.4197"
"2228.31","0.35","4","1.4197"
"2228.51","0.35","4","1.4197"
"2228.72","0.35","4","1.4197"
"2228.93","0.35","4","1.4197"
"2229.14","0.35","4","1.4197"
"2229.35","0.35","4","1.4197"
"2229.56","0.35","4","1.4197"
"2229.76","0.35","4","1.4197"
"2229.97","0.35","4","1.4197"
"2230.18","0.35","4","1.4197"
"2230.39","0.35","4","1.4197"
"2230.6","0.35","4","1.4197"
"2230.81","0.35","4","1.4197"
"2231.01","0.35","4","1.4197"
"2231.22","0.35","4","1.4197"
"2231.43","0.35","4","1.4197"
"2231.64","0.35","4","1.4197"
"2231.85","0.35","4","1.4197"
"2232.06","0.35","4","1.4197"
"2232.26","0.35","4","1.4197"
"2232.47","0.35","4","1.4197"
"2232.68","0.35","4","1.4197"
"2232.89","0.35","4","1.4197"
"2233.1","0.35","4","1.4197"
"2233.31","0.35","4","1.4197"
"2233.51","0.35","4","1.4197"
"2233.72","0.35","4","1.4197"
"2233.93","0.35","4","1.4197"
"2234.14","0.35","4","1.4197"
"2234.35","0.35","4","1.4197"
"2234.56","0.35","4","1.4197"
"2234.76","0.35","4","1.4197"
"2234.97","0.35","4","1.4197"
"2235.18","0.35","4","1.4197"
"2235.39","0.35","4","1.4197"
"2235.6","0.35","4","1.4197"
"2235.81","0.35","4","1.4197"
"2236.01","0.35","4","1.4197"
"2236.22","0.35","4","1.4197"
"2236.43","0.35","4","1.4197"
"2236.64","0.35","4","1.4197"
"2236.85","0.35","4","1.4197"
"2237.06","0.35","4","1.4197"
"2237.26","0.35","4","1.4197"
"2237.47","0.35","4","1.4197"
"2237.68","0.35","4","1.4197"
"2237.89","0.35","4","1.4197"
"2238.1","0.35","4","1.4197"
"2238.31","0.35","4","1.4197"
"2238.51","0.35","4","1.4197"
"2238.72","0.35","4","1.4197"
"2238.93","0.35","4","1.4197"
"2239.14","0.35","4","1.4197"
"2239.35","0.35","4","1.4197"
"2239.56","0.35","4","1.4197"
"2239.76","0.35","4","1.4197"
"2239.97","0.35","4","1.4197"
"2240.18","0.35","4","1.4197"
"2240.39","0.35","4","1.4197"
"2240.6","0.35","4","1.4197"
"2240.81","0.35","4","1.4197"
"2241.01","0.35","4","1.4197"
"2241.22","0.35","4","1.4197"
"2241.43","0.35","4","1.4197"
"2241.64","0.35","4","1.4197"
"2241.85","0.35","4","1.4197"
"2242.06","0.35","4","1.4197"
"2242.26","0.35","4","1.4197"
"2242.47","0.35","4","1.4197"
"2242.68","0.35","4","1.4197"
"2242.89","0.35","4","1.4197"
"2243.1","0.35","4","1.4197"
"2243.31","0.35","4","1.4197"
"2243.51","0.35","4","1.4197"
"2243.72","0.35","4","1.4197"
"2243.93","0.35","4","1.4197"
"2244.14","0.35","4","1.4197"
"2244.35","0.35","4","1.4197"
"2244.56","0.35","4","1.4197"
"2244.76","0.35","4","1.4197"
"2244.97","0.35","4","1.4197"
"2245.18","0.35","4","1.4197"
"2245.39","0.35","4","1.4197"
"2245.6","0.35","4","1.4197"
"2245.81","0.35","4","1.4197"
"2246.01","0.35","4","1.4197"
"2246.22","0.35","4","1.4197"
"2246.43","0.35","4","1.4197"
"2246.64","0.35","4","1.4197"
"2246.85","0.35","4","1.4197"
"2247.06","0.35","4","1.4197"
"2247.26","0.35","4","1.4197"
"2247.47","0.35","4","1.4197"
"2247.68","0.35","4","1.4197"
"2247.89","0.35","4","1.4197"
"2248.1","0.35","4","1.4197"
"2248.31","0.35","4","1.4197"
"2248.51","0.35","4","1.4197"
"2248.72","0.35","4","1.4197"
"2248.93","0.35","4","1.4197"
"2249.14","0.35","4","1.4197"
"2249.35","0.35","4","1.4197"
"2249.56","0.35","4","1.4197"
"2249.76","0.35","4","1.4197"
"2249.97","0.35","4","1.4197"
"2250.18","0.35","4","1.4197"
"2250.39","0.35","4","1.4197"
"2250.6","0.35","4","1.4197"
"2250.81","0.35","4","1.4197"
"2251.01","0.35","4","1.4197"
"2251.22","0.35","4","1.4197"
"2251.43","0.35","4","1.4197"
"2251.64","0.35","4","1.4197"
"2251.85","0.35","4","1.4197"
"2252.06","0.35","4","1.4197"
"2252.26","0.35","4","1.4197"
"2252.47","0.35","4","1.4197"
"2252.68","0.35","4","1.4197"
"2252.89","0.35","4","1.4197"
"2253.1","0.35","4","1.4197"
"2253.31","0.35","4","1.4197"
"2253.51","0.35","4","1.4197"
"2253.72","0.35","4","1.4197"
"2253.93","0.35","4","1.4197"
"2254.14","0.35","4","1.4197"
"2254.35","0.35","4","1.4197"
"2254.56","0.35","4","1.4197"
"2254.76","0.35","4","1.4197"
"2254.97","0.35","4","1.4197"
"2255.18","0.35","4","1.4197"
"2255.39","0.35","4","1.4197"
"2255.6","0.35","4","1.4197"
"2255.81","0.35","4","1.4197"
"2256.01","0.35","4","1.4197"
"2256.22","0.35","4","1.4197"
"2256.43","0.35","4","1.4197"
"2256.64","0.35","4","1.4197"
"2256.85","0.35","4","1.4197"
"2257.06","0.35","4","1.4197"
"2257.26","0.35","4","1.4197"
"2257.47","0.35","4","1.4197"
"2257.68","0.35","4","1.4197"
"2257.89","0.35","4","1.4197"
"2258.1","0.35","4","1.4197"
"2258.31","0.35","4","1.4197"
"2258.51","0.35","4","1.4197"
"2258.72","0.35","4","1.4197"
"2258.93","0.35","4","1.4197"
"2259.14","0.35","4","1.4197"
"2259.35","0.35","4","1.4197"
"2259.56","0.35","4","1.4197"
"2259.76","0.35","4","1.4197"
"2259.97","0.35","4","1.4197"
"2260.18","0.35","4","1.4197"
"2260.39","0.35","4","1.4197"
"2260.6","0.35","4","1.4197"
"2260.81","0.35","4","1.4197"
"2261.01","0.35","4","1.4197"
"2261.22","0.35","4","1.4197"
"2261.43","0.35","4","1.4197"
"2261.64","0.35","4","1.4197"
"2261.85","0.35","4","1.4197"
"2262.06","0.35","4","1.4197"
"2262.26","0.35","4","1.4197"
"2262.47","0.35","4","1.4197"
"2262.68","0.35","4","1.4197"
"2262.89","0.35","4","1.4197"
"2263.1","0.35","4","1.4197"
"2263.31","0.35","4","1.4197"
"2263.51","0.35","4","1.4197"
"2263.72","0.35","4","1.4197"
"2263.93","0.35","4","1.4197"
"2264.14","0.35","4","1.4197"
"2264.35","0.35","4","1.4197"
"2264.56","0.35","4","1.4197"
"2264.76","0.35","4","1.4197"
"2264.97","0.35","4","1.4197"
"2265.18","0.35","4","1.4197"
"2265.39","0.35","4","1.4197"
"2265.6","0.35","4","1.4197"
"2265.81","0.35","4","1.4197"
"2266.01","0.35","4","1.4197"
"2266.22","0.35","4","1.4197"
"2266.43","0.35","4","1.4197"
"2266.64","0.35","4","1.4197"
"2266.85","0.35","4","1.4197"
"2267.06","0.35","4","1.4197"
"2267.26","0.35","4","1.4197"
"2267.47","0.35","4","1.4197"
"2267.68","0.35","4","1.4197"
"2267.89","0.35","4","1.4197"
"2268.1","0.35","4","1.4197"
"2268.31","0.35","4","1.4197"
"2268.51","0.35","4","1.4197"
"2268.72","0.35","4","1.4197"
"2268.93","0.35","4","1.4197"
"2269.14","0.35","4","1.4197"
"2269.35","0.35","4","1.4197"
"2269.56","0.35","4","1.4197"
"2269.76","0.35","4","1.4197"
"2269.97","0.35","4","1.4197"
"2270.18","0.35","4","1.4197"
"2270.39","0.35","4","1.4197"
"2270.6","0.35","4","1.4197"
"2270.81","0.35","4","1.4197"
"2271.01","0.35","4","1.4197"
"2271.22","0.35","4","1.4197"
"2271.43","0.35","4","1.4197"
"2271.64","0.35","4","1.4197"
"2271.85","0.35","4","1.4197"
"2272.06","0.35","4","1.4197"
"2272.26","0.35","4","1.4197"
"2272.47","0.35","4","1.4197"
"2272.68","0.35","4","1.4197"
"2272.89","0.35","4","1.4197"
"2273.1","0.35","4","1.4197"
"2273.31","0.35","4","1.4197"
"2273.51","0.35","4","1.4197"
"2273.72","0.35","4","1.4197"
"2273.93","0.35","4","1.4197"
"2274.14","0.35","4","1.4197"
"2274.35","0.35","4","1.4197"
"2274.56","0.35","4","1.4197"
"2274.76","0.35","4","1.4197"
"2274.97","0.35","4","1.4197"
"2275.18","0.35","4","1.4197"
"2275.39","0.35","4","1.4197"
"2275.6","0.35","4","1.4197"
"2275.81","0.35","4","1.4197"
"2276.01","0.35","4","1.4197"
"2276.22","0.35","4","1.4197"
"2276.43","0.35","4","1.4197"
"2276.64","0.35","4","1.4197"
"2276.85","0.35","4","1.4197"
"2277.06","0.35","4","1.4197"
"2277.26","0.35","4","1.4197"
"2277.47","0.35","4","1.4197"
"2277.68","0.35","4","1.4197"
"2277.89","0.35","4","1.4197"
"2278.1","0.35","4","1.4197"
"2278.31","0.35","4","1.4197"
"2278.51","0.35","4","1.4197"
"2278.72","0.35","4","1.4197"
"2278.93","0.35","4","1.4197"
"2279.14","0.35","4","1.4197"
"2279.35","0.35","4","1.4197"
"2279.56","0.35","4","1.4197"
"2279.76","0.35","4","1.4197"
"2279.97","0.35","4","1.4197"
"2280.18","0.35","4","1.4197"
"2280.39","0.35","4","1.4197"
"2280.6","0.35","4","1.4197"
"2280.81","0.35","4","1.4197"
"2281.01","0.35","4","1.4197"
"2281.22","0.35","4","1.4197"
"2281.43","0.35","4","1.4197"
"2281.64","0.35","4","1.4197"
"2281.85","0.35","4","1.4197"
"2282.06","0.35","4","1.4197"
"2282.26","0.35","4","1.4197"
"2282.47","0.35","4","1.4197"
"2282.68","0.35","4","1.4197"
"2282.89","0.35","4","1.4197"
"2283.1","0.35","4","1.4197"
"2283.31","0.35","4","1.4197"
"2283.51","0.35","4","1.4197"
"2283.72","0.35","4","1.4197"
"2283.93","0.35","4","1.4197"
"2284.14","0.35","4","1.4197"
"2284.35","0.35","4","1.4197"
"2284.56","0.35","4","1.4197"
"2284.76","0.35","4","1.4197"
"2284.97","0.35","4","1.4197"
"2285.18","0.35","4","1.4197"
"2285.39","0.35","4","1.4197"
"2285.6","0.35","4","1.4197"
"2285.81","0.35","4","1.4197"
"2286.01","0.35","4","1.4197"
"2286.22","0.35","4","1.4197"
"2286.43","0.35","4","1.4197"
"2286.64","0.35","4","1.4197"
"2286.85","0.35","4","1.4197"
"2287.06","0.35","4","1.4197"
"2287.26","0.35","4","1.4197"
"2287.47","0.35","4","1.4197"
"2287.68","0.35","4","1.4197"
"2287.89","0.35","4","1.4197"
"2288.1","0.35","4","1.4197"
"2288.31","0.35","4","1.4197"
"2288.51","0.35","4","1.4197"
"2288.72","0.35","4","1.4197"
"2288.93","0.35","4","1.4197"
"2289.14","0.35","4","1.4197"
"2289.35","0.35","4","1.4197"
"2289.56","0.35","4","1.4197"
"2289.76","0.35","4","1.4197"
"2289.97","0.35","4","1.4197"
"2290.18","0.35","4","1.4197"
"2290.39","0.35","4","1.4197"
"2290.6","0.35","4","1.4197"
"2290.81","0.35","4","1.4197"
"2291.01","0.35","4","1.4197"
"2291.22","0.35","4","1.4197"
"2291.43","0.35","4","1.4197"
"2291.64","0.35","4","1.4197"
"2291.85","0.35","4","1.4197"
"2292.06","0.35","4","1.4197"
"2292.26","0.35","4","1.4197"
"2292.47","0.35","4","1.4197"
"2292.68","0.35","4","1.4197"
"2292.89","0.35","4","1.4197"
"2293.1","0.35","4","1.4197"
"2293.31","0.35","4","1.4197"
"2293.51","0.35","4","1.4197"
"2293.72","0.35","4","1.4197"
"2293.93","0.35","4","1.4197"
"2294.14","0.35","4","1.4197"
"2294.35","0.35","4","1.4197"
"2294.56","0.35","4","1.4197"
"2294.76","0.35","4","1.4197"
"2294.97","0.35","4","1.4197"
"2295.18","0.35","4","1.4197"
"2295.39","0.35","4","1.4197"
"2295.6","0.35","4","1.4197"
"2295.81","0.35","4","1.4197"
"2296.01","0.35","4","1.4197"
"2296.22","0.35","4","1.4197"
"2296.43","0.35","4","1.4197"
"2296.64","0.35","4","1.4197"
"2296.85","0.35","4","1.4197"
"2297.06","0.35","4","1.4197"
"2297.26","0.35","4","1.4197"
"2297.47","0.35","4","1.4197"
"2297.68","0.35","4","1.4197"
"2297.89","0.35","4","1.4197"
"2298.1","0.35","4","1.4197"
"2298.31","0.35","4","1.4197"
"2298.51","0.35","4","1.4197"
"2298.72","0.35","4","1.4197"
"2298.93","0.35","4","1.4197"
"2299.14","0.35","4","1.4197"
"2299.35","0.35","4","1.4197"
"2299.56","0.35","4","1.4197"
"2299.76","0.35","4","1.4197"
"2299.97","0.35","4","1.4197"
"2300.18","0.35","4","1.4197"
"2300.39","0.35","4","1.4197"
"2300.6","0.35","4","1.4197"
"2300.81","0.35","4","1.4197"
"2301.01","0.35","4","1.4197"
"2301.22","0.35","4","1.4197"
"2301.43","0.35","4","1.4197"
"2301.64","0.35","4","1.4197"
"2301.85","0.35","4","1.4197"
"2302.06","0.35","4","1.4197"
"2302.26","0.35","4","1.4197"
"2302.47","0.35","4","1.4197"
"2302.68","0.35","4","1.4197"
"2302.89","0.35","4","1.4197"
"2303.1","0.35","4","1.4197"
"2303.31","0.35","4","1.4197"
"2303.51","0.35","4","1.4197"
"2303.72","0.35","4","1.4197"
"2303.93","0.35","4","1.4197"
"2304.14","0.35","4","1.4197"
"2304.35","0.35","4","1.4197"
"2304.56","0.35","4","1.4197"
"2304.76","0.35","4","1.4197"
"2304.97","0.35","4","1.4197"
"2305.18","0.35","4","1.4197"
"2305.39","0.35","4","1.4197"
"2305.6","0.35","4","1.4197"
"2305.81","0.35","4","1.4197"
"2306.01","0.35","4","1.4197"
"2306.22","0.35","4","1.4197"
"2306.43","0.35","4","1.4197"
"2306.64","0.35","4","1.4197"
"2306.85","0.35","4","1.4197"
"2307.06","0.35","4","1.4197"
"2307.26","0.35","4","1.4197"
"2307.47","0.35","4","1.4197"
"2307.68","0.35","4","1.4197"
"2307.89","0.35","4","1.4197"
"2308.1","0.35","4","1.4197"
"2308.31","0.35","4","1.4197"
"2308.51","0.35","4","1.4197"
"2308.72","0.35","4","1.4197"
"2308.93","0.35","4","1.4197"
"2309.14","0.35","4","1.4197"
"2309.35","0.35","4","1.4197"
"2309.56","0.35","4","1.4197"
"2309.76","0.35","4","1.4197"
"2309.97","0.35","4","1.4197"
"2310.18","0.35","4","1.4197"
"2310.39","0.35","4","1.4197"
"2310.6","0.35","4","1.4197"
"2310.81","0.35","4","1.4197"
"2311.01","0.35","4","1.4197"
"2311.22","0.35","4","1.4197"
"2311.43","0.35","4","1.4197"
"2311.64","0.35","4","1.4197"
"2311.85","0.35","4","1.4197"
"2312.06","0.35","4","1.4197"
"2312.26","0.35","4","1.4197"
"2312.47","0.35","4","1.4197"
"2312.68","0.35","4","1.4197"
"2312.89","0.35","4","1.4197"
"2313.1","0.35","4","1.4197"
"2313.31","0.35","4","1.4197"
"2313.51","0.35","4","1.4197"
"2313.72","0.35","4","1.4197"
"2313.93","0.35","4","1.4197"
"2314.14","0.35","4","1.4197"
"2314.35","0.35","4","1.4197"
"2314.56","0.35","4","1.4197"
"2314.76","0.35","4","1.4197"
"2314.97","0.35","4","1.4197"
"2315.18","0.35","4","1.4197"
"2315.39","0.35","4","1.4197"
"2315.6","0.35","4","1.4197"
"2315.81","0.35","4","1.4197"
"2316.01","0.35","4","1.4197"
"2316.22","0.35","4","1.4197"
"2316.43","0.35","4","1.4197"
"2316.64","0.35","4","1.4197"
"2316.85","0.35","4","1.4197"
"2317.06","0.35","4","1.4197"
"2317.26","0.35","4","1.4197"
"2317.47","0.35","4","1.4197"
"2317.68","0.35","4","1.4197"
"2317.89","0.35","4","1.4197"
"2318.1","0.35","4","1.4197"
"2318.31","0.35","4","1.4197"
"2318.51","0.35","4","1.4197"
"2318.72","0.35","4","1.4197"
"2318.93","0.35","4","1.4197"
"2319.14","0.35","4","1.4197"
"2319.35","0.35","4","1.4197"
"2319.56","0.35","4","1.4197"
"2319.76","0.35","4","1.4197"
"2319.97","0.35","4","1.4197"
"2320.18","0.35","4","1.4197"
"2320.39","0.35","4","1.4197"
"2320.6","0.35","4","1.4197"
"2320.81","0.35","4","1.4197"
"2321.01","0.35","4","1.4197"
"2321.22","0.35","4","1.4197"
"2321.43","0.35","4","1.4197"
"2321.64","0.35","4","1.4197"
"2321.85","0.35","4","1.4197"
"2322.06","0.35","4","1.4197"
"2322.26","0.35","4","1.4197"
"2322.47","0.35","4","1.4197"
"2322.68","0.35","4","1.4197"
"2322.89","0.35","4","1.4197"
"2323.1","0.35","4","1.4197"
"2323.31","0.35","4","1.4197"
"2323.51","0.35","4","1.4197"
"2323.72","0.35","4","1.4197"
"2323.93","0.35","4","1.4197"
"2324.14","0.35","4","1.4197"
"2324.35","0.35","4","1.4197"
"2324.56","0.35","4","1.4197"
"2324.76","0.35","4","1.4197"
"2324.97","0.35","4","1.4197"
"2325.18","0.35","4","1.4197"
"2325.39","0.35","4","1.4197"
"2325.6","0.35","4","1.4197"
"2325.81","0.35","4","1.4197"
"2326.01","0.35","4","1.4197"
"2326.22","0.35","4","1.4197"
"2326.43","0.35","4","1.4197"
"2326.64","0.35","4","1.4197"
"2326.85","0.35","4","1.4197"
"2327.06","0.35","4","1.4197"
"2327.26","0.35","4","1.4197"
"2327.47","0.35","4","1.4197"
"2327.68","0.35","4","1.4197"
"2327.89","0.35","4","1.4197"
"2328.1","0.35","4","1.4197"
"2328.31","0.35","4","1.4197"
"2328.51","0.35","4","1.4197"
"2328.72","0.35","4","1.4197"
"2328.93","0.35","4","1.4197"
"2329.14","0.35","4","1.4197"
"2329.35","0.35","4","1.4197"
"2329.56","0.35","4","1.4197"
"2329.76","0.35","4","1.4197"
"2329.97","0.35","4","1.4197"
"2330.18","0.35","4","1.4197"
"2330.39","0.35","4","1.4197"
"2330.6","0.35","4","1.4197"
"2330.81","0.35","4","1.4197"
"2331.01","0.35","4","1.4197"
"2331.22","0.35","4","1.4197"
"2331.43","0.35","4","1.4197"
"2331.64","0.35","4","1.4197"
"2331.85","0.35","4","1.4197"
"2332.06","0.35","4","1.4197"
"2332.26","0.35","4","1.4197"
"2332.47","0.35","4","1.4197"
"2332.68","0.35","4","1.4197"
"2332.89","0.35","4","1.4197"
"2333.1","0.35","4","1.4197"
"2333.31","0.35","4","1.4197"
"2333.51","0.35","4","1.4197"
"2333.72","0.35","4","1.4197"
"2333.93","0.35","4","1.4197"
"2334.14","0.35","4","1.4197"
"2334.35","0.35","4","1.4197"
"2334.56","0.35","4","1.4197"
"2334.76","0.35","4","1.4197"
"2334.97","0.35","4","1.4197"
"2335.18","0.35","4","1.4197"
"2335.39","0.35","4","1.4197"
"2335.6","0.35","4","1.4197"
"2335.81","0.35","4","1.4197"
"2336.01","0.35","4","1.4197"
"2336.22","0.35","4","1.4197"
"2336.43","0.35","4","1.4197"
"2336.64","0.35","4","1.4197"
"2336.85","0.35","4","1.4197"
"2337.06","0.35","4","1.4197"
"2337.26","0.35","4","1.4197"
"2337.47","0.35","4","1.4197"
"2337.68","0.35","4","1.4197"
"2337.89","0.35","4","1.4197"
"2338.1","0.35","4","1.4197"
"2338.31","0.35","4","1.4197"
"2338.51","0.35","4","1.4197"
"2338.72","0.35","4","1.4197"
"2338.93","0.35","4","1.4197"
"2339.14","0.35","4","1.4197"
"2339.35","0.35","4","1.4197"
"2339.56","0.35","4","1.4197"
"2339.76","0.35","4","1.4197"
"2339.97","0.35","4","1.4197"
"2340.18","0.35","4","1.4197"
"2340.39","0.35","4","1.4197"
"2340.6","0.35","4","1.4197"
"2340.81","0.35","4","1.4197"
"2341.01","0.35","4","1.4197"
"2341.22","0.35","4","1.4197"
"2341.43","0.35","4","1.4197"
"2341.64","0.35","4","1.4197"
"2341.85","0.35","4","1.4197"
"2342.06","0.35","4","1.4197"
"2342.26","0.35","4","1.4197"
"2342.47","0.35","4","1.4197"
"2342.68","0.35","4","1.4197"
"2342.89","0.35","4","1.4197"
"2343.1","0.35","4","1.4197"
"2343.31","0.35","4","1.4197"
"2343.51","0.35","4","1.4197"
"2343.72","0.35","4","1.4197"
"2343.93","0.35","4","1.4197"
"2344.14","0.35","4","1.4197"
"2344.35","0.35","4","1.4197"
"2344.56","0.35","4","1.4197"
"2344.76","0.35","4","1.4197"
"2344.97","0.35","4","1.4197"
"2345.18","0.35","4","1.4197"
"2345.39","0.35","4","1.4197"
"2345.6","0.35","4","1.4197"
"2345.81","0.35","4","1.4197"
"2346.01","0.35","4","1.4197"
"2346.22","0.35","4","1.4197"
"2346.43","0.35","4","1.4197"
"2346.64","0.35","4","1.4197"
"2346.85","0.35","4","1.4197"
"2347.06","0.35","4","1.4197"
"2347.26","0.35","4","1.4197"
"2347.47","0.35","4","1.4197"
"2347.68","0.35","4","1.4197"
"2347.89","0.35","4","1.4197"
"2348.1","0.35","4","1.4197"
"2348.31","0.35","4","1.4197"
"2348.51","0.35","4","1.4197"
"2348.72","0.35","4","1.4197"
"2348.93","0.35","4","1.4197"
"2349.14","0.35","4","1.4197"
"2349.35","0.35","4","1.4197"
"2349.56","0.35","4","1.4197"
"2349.76","0.35","4","1.4197"
"2349.97","0.35","4","1.4197"
"2350.18","0.35","4","1.4197"
"2350.39","0.35","4","1.4197"
"2350.6","0.35","4","1.4197"
"2350.81","0.35","4","1.4197"
"2351.01","0.35","4","1.4197"
"2351.22","0.35","4","1.4197"
"2351.43","0.35","4","1.4197"
"2351.64","0.35","4","1.4197"
"2351.85","0.35","4","1.4197"
"2352.06","0.35","4","1.4197"
"2352.26","0.35","4","1.4197"
"2352.47","0.35","4","1.4197"
"2352.68","0.35","4","1.4197"
"2352.89","0.35","4","1.4197"
"2353.1","0.35","4","1.4197"
"2353.31","0.35","4","1.4197"
"2353.51","0.35","4","1.4197"
"2353.72","0.35","4","1.4197"
"2353.93","0.35","4","1.4197"
"2354.14","0.35","4","1.4197"
"2354.35","0.35","4","1.4197"
"2354.56","0.35","4","1.4197"
"2354.76","0.35","4","1.4197"
"2354.97","0.35","4","1.4197"
"2355.18","0.35","4","1.4197"
"2355.39","0.35","4","1.4197"
"2355.6","0.35","4","1.4197"
"2355.81","0.35","4","1.4197"
"2356.01","0.35","4","1.4197"
"2356.22","0.35","4","1.4197"
"2356.43","0.35","4","1.4197"
"2356.64","0.35","4","1.4197"
"2356.85","0.35","4","1.4197"
"2357.06","0.35","4","1.4197"
"2357.26","0.35","4","1.4197"
"2357.47","0.35","4","1.4197"
"2357.68","0.35","4","1.4197"
"2357.89","0.35","4","1.4197"
"2358.1","0.35","4","1.4197"
"2358.31","0.35","4","1.4197"
"2358.51","0.35","4","1.4197"
"2358.72","0.35","4","1.4197"
"2358.93","0.35","4","1.4197"
"2359.14","0.35","4","1.4197"
"2359.35","0.35","4","1.4197"
"2359.56","0.35","4","1.4197"
"2359.76","0.35","4","1.4197"
"2359.97","0.35","4","1.4197"
"2360.18","0.35","4","1.4197"
"2360.39","0.35","4","1.4197"
"2360.6","0.35","4","1.4197"
"2360.81","0.35","4","1.4197"
"2361.01","0.35","4","1.4197"
"2361.22","0.35","4","1.4197"
"2361.43","0.35","4","1.4197"
"2361.64","0.35","4","1.4197"
"2361.85","0.35","4","1.4197"
"2362.06","0.35","4","1.4197"
"2362.26","0.35","4","1.4197"
"2362.47","0.35","4","1.4197"
"2362.68","0.35","4","1.4197"
"2362.89","0.35","4","1.4197"
"2363.1","0.35","4","1.4197"
"2363.31","0.35","4","1.4197"
"2363.51","0.35","4","1.4197"
"2363.72","0.35","4","1.4197"
"2363.93","0.35","4","1.4197"
"2364.14","0.35","4","1.4197"
"2364.35","0.35","4","1.4197"
"2364.56","0.35","4","1.4197"
"2364.76","0.35","4","1.4197"
"2364.97","0.35","4","1.4197"
"2365.18","0.35","4","1.4197"
"2365.39","0.35","4","1.4197"
"2365.6","0.35","4","1.4197"
"2365.81","0.35","4","1.4197"
"2366.01","0.35","4","1.4197"
"2366.22","0.35","4","1.4197"
"2366.43","0.35","4","1.4197"
"2366.64","0.35","4","1.4197"
"2366.85","0.35","4","1.4197"
"2367.06","0.35","4","1.4197"
"2367.26","0.35","4","1.4197"
"2367.47","0.35","4","1.4197"
"2367.68","0.35","4","1.4197"
"2367.89","0.35","4","1.4197"
"2368.1","0.35","4","1.4197"
"2368.31","0.35","4","1.4197"
"2368.51","0.35","4","1.4197"
"2368.72","0.35","4","1.4197"
"2368.93","0.35","4","1.4197"
"2369.14","0.35","4","1.4197"
"2369.35","0.35","4","1.4197"
"2369.56","0.35","4","1.4197"
"2369.76","0.35","4","1.4197"
"2369.97","0.35","4","1.4197"
"2370.18","0.35","4","1.4197"
"2370.39","0.35","4","1.4197"
"2370.6","0.35","4","1.4197"
"2370.81","0.35","4","1.4197"
"2371.01","0.35","4","1.4197"
"2371.22","0.35","4","1.4197"
"2371.43","0.35","4","1.4197"
"2371.64","0.35","4","1.4197"
"2371.85","0.35","4","1.4197"
"2372.06","0.35","4","1.4197"
"2372.26","0.35","4","1.4197"
"2372.47","0.35","4","1.4197"
"2372.68","0.35","4","1.4197"
"2372.89","0.35","4","1.4197"
"2373.1","0.35","4","1.4197"
"2373.31","0.35","4","1.4197"
"2373.51","0.35","4","1.4197"
"2373.72","0.35","4","1.4197"
"2373.93","0.35","4","1.4197"
"2374.14","0.35","4","1.4197"
"2374.35","0.35","4","1.4197"
"2374.56","0.35","4","1.4197"
"2374.76","0.35","4","1.4197"
"2374.97","0.35","4","1.4197"
"2375.18","0.35","4","1.4197"
"2375.39","0.35","4","1.4197"
"2375.6","0.35","4","1.4197"
"2375.81","0.35","4","1.4197"
"2376.01","0.35","4","1.4197"
"2376.22","0.35","4","1.4197"
"2376.43","0.35","4","1.4197"
"2376.64","0.35","4","1.4197"
"2376.85","0.35","4","1.4197"
"2377.06","0.35","4","1.4197"
"2377.26","0.35","4","1.4197"
"2377.47","0.35","4","1.4197"
"2377.68","0.35","4","1.4197"
"2377.89","0.35","4","1.4197"
"2378.1","0.35","4","1.4197"
"2378.31","0.35","4","1.4197"
"2378.51","0.35","4","1.4197"
"2378.72","0.35","4","1.4197"
"2378.93","0.35","4","1.4197"
"2379.14","0.35","4","1.4197"
"2379.35","0.35","4","1.4197"
"2379.56","0.35","4","1.4197"
"2379.76","0.35","4","1.4197"
"2379.97","0.35","4","1.4197"
"2380.18","0.35","4","1.4197"
"2380.39","0.35","4","1.4197"
"2380.6","0.35","4","1.4197"
"2380.81","0.35","4","1.4197"
"2381.01","0.35","4","1.4197"
"2381.22","0.35","4","1.4197"
"2381.43","0.35","4","1.4197"
"2381.64","0.35","4","1.4197"
"2381.85","0.35","4","1.4197"
"2382.06","0.35","4","1.4197"
"2382.26","0.35","4","1.4197"
"2382.47","0.35","4","1.4197"
"2382.68","0.35","4","1.4197"
"2382.89","0.35","4","1.4197"
"2383.1","0.35","4","1.4197"
"2383.31","0.35","4","1.4197"
"2383.51","0.35","4","1.4197"
"2383.72","0.35","4","1.4197"
"2383.93","0.35","4","1.4197"
"2384.14","0.35","4","1.4197"
"2384.35","0.35","4","1.4197"
"2384.56","0.35","4","1.4197"
"2384.76","0.35","4","1.4197"
"2384.97","0.35","4","1.4197"
"2385.18","0.35","4","1.4197"
"2385.39","0.35","4","1.4197"
"2385.6","0.35","4","1.4197"
"2385.81","0.35","4","1.4197"
"2386.01","0.35","4","1.4197"
"2386.22","0.35","4","1.4197"
"2386.43","0.35","4","1.4197"
"2386.64","0.35","4","1.4197"
"2386.85","0.35","4","1.4197"
"2387.06","0.35","4","1.4197"
"2387.26","0.35","4","1.4197"
"2387.47","0.35","4","1.4197"
"2387.68","0.35","4","1.4197"
"2387.89","0.35","4","1.4197"
"2388.1","0.35","4","1.4197"
"2388.31","0.35","4","1.4197"
"2388.51","0.35","4","1.4197"
"2388.72","0.35","4","1.4197"
"2388.93","0.35","4","1.4197"
"2389.14","0.35","4","1.4197"
"2389.35","0.35","4","1.4197"
"2389.56","0.35","4","1.4197"
"2389.76","0.35","4","1.4197"
"2389.97","0.35","4","1.4197"
"2390.18","0.35","4","1.4197"
"2390.39","0.35","4","1.4197"
"2390.6","0.35","4","1.4197"
"2390.81","0.35","4","1.4197"
"2391.01","0.35","4","1.4197"
"2391.22","0.35","4","1.4197"
"2391.43","0.35","4","1.4197"
"2391.64","0.35","4","1.4197"
"2391.85","0.35","4","1.4197"
"2392.06","0.35","4","1.4197"
"2392.26","0.35","4","1.4197"
"2392.47","0.35","4","1.4197"
"2392.68","0.35","4","1.4197"
"2392.89","0.35","4","1.4197"
"2393.1","0.35","4","1.4197"
"2393.31","0.35","4","1.4197"
"2393.51","0.35","4","1.4197"
"2393.72","0.35","4","1.4197"
"2393.93","0.35","4","1.4197"
"2394.14","0.35","4","1.4197"
"2394.35","0.35","4","1.4197"
"2394.56","0.35","4","1.4197"
"2394.76","0.35","4","1.4197"
"2394.97","0.35","4","1.4197"
"2395.18","0.35","4","1.4197"
"2395.39","0.35","4","1.4197"
"2395.6","0.35","4","1.4197"
"2395.81","0.35","4","1.4197"
"2396.01","0.35","4","1.4197"
"2396.22","0.35","4","1.4197"
"2396.43","0.35","4","1.4197"
"2396.64","0.35","4","1.4197"
"2396.85","0.35","4","1.4197"
"2397.06","0.35","4","1.4197"
"2397.26","0.35","4","1.4197"
"2397.47","0.35","4","1.4197"
"2397.68","0.35","4","1.4197"
"2397.89","0.35","4","1.4197"
"2398.1","0.35","4","1.4197"
"2398.31","0.35","4","1.4197"
"2398.51","0.35","4","1.4197"
"2398.72","0.35","4","1.4197"
"2398.93","0.35","4","1.4197"
"2399.14","0.35","4","1.4197"
"2399.35","0.35","4","1.4197"
"2399.56","0.35","4","1.4197"
"2399.76","0.35","4","1.4197"
"2399.97","0.35","4","1.4197"
"2400.18","0.35","4","1.4197"
"2400.39","0.35","4","1.4197"
"2400.6","0.35","4","1.4197"
"2400.81","0.35","4","1.4197"
"2401.01","0.35","4","1.4197"
"2401.22","0.35","4","1.4197"
"2401.43","0.35","4","1.4197"
"2401.64","0.35","4","1.4197"
"2401.85","0.35","4","1.4197"
"2402.06","0.35","4","1.4197"
"2402.26","0.35","4","1.4197"
"2402.47","0.35","4","1.4197"
"2402.68","0.35","4","1.4197"
"2402.89","0.35","4","1.4197"
"2403.1","0.35","4","1.4197"
"2403.31","0.35","4","1.4197"
"2403.51","0.35","4","1.4197"
"2403.72","0.35","4","1.4197"
"2403.93","0.35","4","1.4197"
"2404.14","0.35","4","1.4197"
"2404.35","0.35","4","1.4197"
"2404.56","0.35","4","1.4197"
"2404.76","0.35","4","1.4197"
"2404.97","0.35","4","1.4197"
"2405.18","0.35","4","1.4197"
"2405.39","0.35","4","1.4197"
"2405.6","0.35","4","1.4197"
"2405.81","0.35","4","1.4197"
"2406.01","0.35","4","1.4197"
"2406.22","0.35","4","1.4197"
"2406.43","0.35","4","1.4197"
"2406.64","0.35","4","1.4197"
"2406.85","0.35","4","1.4197"
"2407.06","0.35","4","1.4197"
"2407.26","0.35","4","1.4197"
"2407.47","0.35","4","1.4197"
"2407.68","0.35","4","1.4197"
"2407.89","0.35","4","1.4197"
"2408.1","0.35","4","1.4197"
"2408.31","0.35","4","1.4197"
"2408.51","0.35","4","1.4197"
"2408.72","0.35","4","1.4197"
"2408.93","0.35","4","1.4197"
"2409.14","0.35","4","1.4197"
"2409.35","0.35","4","1.4197"
"2409.56","0.35","4","1.4197"
"2409.76","0.35","4","1.4197"
"2409.97","0.35","4","1.4197"
"2410.18","0.35","4","1.4197"
"2410.39","0.35","4","1.4197"
"2410.6","0.35","4","1.4197"
"2410.81","0.35","4","1.4197"
"2411.01","0.35","4","1.4197"
"2411.22","0.35","4","1.4197"
"2411.43","0.35","4","1.4197"
"2411.64","0.35","4","1.4197"
"2411.85","0.35","4","1.4197"
"2412.06","0.35","4","1.4197"
"2412.26","0.35","4","1.4197"
"2412.47","0.35","4","1.4197"
"2412.68","0.35","4","1.4197"
"2412.89","0.35","4","1.4197"
"2413.1","0.35","4","1.4197"
"2413.31","0.35","4","1.4197"
"2413.51","0.35","4","1.4197"
"2413.72","0.35","4","1.4197"
"2413.93","0.35","4","1.4197"
"2414.14","0.35","4","1.4197"
"2414.35","0.35","4","1.4197"
"2414.56","0.35","4","1.4197"
"2414.76","0.35","4","1.4197"
"2414.97","0.35","4","1.4197"
"2415.18","0.35","4","1.4197"
"2415.39","0.35","4","1.4197"
"2415.6","0.35","4","1.4197"
"2415.81","0.35","4","1.4197"
"2416.01","0.35","4","1.4197"
"2416.22","0.35","4","1.4197"
"2416.43","0.35","4","1.4197"
"2416.64","0.35","4","1.4197"
"2416.85","0.35","4","1.4197"
"2417.06","0.35","4","1.4197"
"2417.26","0.35","4","1.4197"
"2417.47","0.35","4","1.4197"
"2417.68","0.35","4","1.4197"
"2417.89","0.35","4","1.4197"
"2418.1","0.35","4","1.4197"
"2418.31","0.35","4","1.4197"
"2418.51","0.35","4","1.4197"
"2418.72","0.35","4","1.4197"
"2418.93","0.35","4","1.4197"
"2419.14","0.35","4","1.4197"
"2419.35","0.35","4","1.4197"
"2419.56","0.35","4","1.4197"
"2419.76","0.35","4","1.4197"
"2419.97","0.35","4","1.4197"
"2420.18","0.35","4","1.4197"
"2420.39","0.35","4","1.4197"
"2420.6","0.35","4","1.4197"
"2420.81","0.35","4","1.4197"
"2421.01","0.35","4","1.4197"
"2421.22","0.35","4","1.4197"
"2421.43","0.35","4","1.4197"
"2421.64","0.35","4","1.4197"
"2421.85","0.35","4","1.4197"
"2422.06","0.35","4","1.4197"
"2422.26","0.35","4","1.4197"
"2422.47","0.35","4","1.4197"
"2422.68","0.35","4","1.4197"
"2422.89","0.35","4","1.4197"
"2423.1","0.35","4","1.4197"
"2423.31","0.35","4","1.4197"
"2423.51","0.35","4","1.4197"
"2423.72","0.35","4","1.4197"
"2423.93","0.35","4","1.4197"
"2424.14","0.35","4","1.4197"
"2424.35","0.35","4","1.4197"
"2424.56","0.35","4","1.4197"
"2424.76","0.35","4","1.4197"
"2424.97","0.35","4","1.4197"
"2425.18","0.35","4","1.4197"
"2425.39","0.35","4","1.4197"
"2425.6","0.35","4","1.4197"
"2425.81","0.35","4","1.4197"
"2426.01","0.35","4","1.4197"
"2426.22","0.35","4","1.4197"
"2426.43","0.35","4","1.4197"
"2426.64","0.35","4","1.4197"
"2426.85","0.35","4","1.4197"
"2427.06","0.35","4","1.4197"
"2427.26","0.35","4","1.4197"
"2427.47","0.35","4","1.4197"
"2427.68","0.35","4","1.4197"
"2427.89","0.35","4","1.4197"
"2428.1","0.35","4","1.4197"
"2428.31","0.35","4","1.4197"
"2428.51","0.35","4","1.4197"
"2428.72","0.35","4","1.4197"
"2428.93","0.35","4","1.4197"
"2429.14","0.35","4","1.4197"
"2429.35","0.35","4","1.4197"
"2429.56","0.35","4","1.4197"
"2429.76","0.35","4","1.4197"
"2429.97","0.35","4","1.4197"
"2430.18","0.35","4","1.4197"
"2430.39","0.35","4","1.4197"
"2430.6","0.35","4","1.4197"
"2430.81","0.35","4","1.4197"
"2431.01","0.35","4","1.4197"
"2431.22","0.35","4","1.4197"
"2431.43","0.35","4","1.4197"
"2431.64","0.35","4","1.4197"
"2431.85","0.35","4","1.4197"
"2432.06","0.35","4","1.4197"
"2432.26","0.35","4","1.4197"
"2432.47","0.35","4","1.4197"
"2432.68","0.35","4","1.4197"
"2432.89","0.35","4","1.4197"
"2433.1","0.35","4","1.4197"
"2433.31","0.35","4","1.4197"
"2433.51","0.35","4","1.4197"
"2433.72","0.35","4","1.4197"
"2433.93","0.35","4","1.4197"
"2434.14","0.35","4","1.4197"
"2434.35","0.35","4","1.4197"
"2434.56","0.35","4","1.4197"
"2434.76","0.35","4","1.4197"
"2434.97","0.35","4","1.4197"
"2435.18","0.35","4","1.4197"
"2435.39","0.35","4","1.4197"
"2435.6","0.35","4","1.4197"
"2435.81","0.35","4","1.4197"
"2436.01","0.35","4","1.4197"
"2436.22","0.35","4","1.4197"
"2436.43","0.35","4","1.4197"
"2436.64","0.35","4","1.4197"
"2436.85","0.35","4","1.4197"
"2437.06","0.35","4","1.4197"
"2437.26","0.35","4","1.4197"
"2437.47","0.35","4","1.4197"
"2437.68","0.35","4","1.4197"
"2437.89","0.35","4","1.4197"
"2438.1","0.35","4","1.4197"
"2438.31","0.35","4","1.4197"
"2438.51","0.35","4","1.4197"
"2438.72","0.35","4","1.4197"
"2438.93","0.35","4","1.4197"
"2439.14","0.35","4","1.4197"
"2439.35","0.35","4","1.4197"
"2439.56","0.35","4","1.4197"
"2439.76","0.35","4","1.4197"
"2439.97","0.35","4","1.4197"
"2440.18","0.35","4","1.4197"
"2440.39","0.35","4","1.4197"
"2440.6","0.35","4","1.4197"
"2440.81","0.35","4","1.4197"
"2441.01","0.35","4","1.4197"
"2441.22","0.35","4","1.4197"
"2441.43","0.35","4","1.4197"
"2441.64","0.35","4","1.4197"
"2441.85","0.35","4","1.4197"
"2442.06","0.35","4","1.4197"
"2442.26","0.35","4","1.4197"
"2442.47","0.35","4","1.4197"
"2442.68","0.35","4","1.4197"
"2442.89","0.35","4","1.4197"
"2443.1","0.35","4","1.4197"
"2443.31","0.35","4","1.4197"
"2443.51","0.35","4","1.4197"
"2443.72","0.35","4","1.4197"
"2443.93","0.35","4","1.4197"
"2444.14","0.35","4","1.4197"
"2444.35","0.35","4","1.4197"
"2444.56","0.35","4","1.4197"
"2444.76","0.35","4","1.4197"
"2444.97","0.35","4","1.4197"
"2445.18","0.35","4","1.4197"
"2445.39","0.35","4","1.4197"
"2445.6","0.35","4","1.4197"
"2445.81","0.35","4","1.4197"
"2446.01","0.35","4","1.4197"
"2446.22","0.35","4","1.4197"
"2446.43","0.35","4","1.4197"
"2446.64","0.35","4","1.4197"
"2446.85","0.35","4","1.4197"
"2447.06","0.35","4","1.4197"
"2447.26","0.35","4","1.4197"
"2447.47","0.35","4","1.4197"
"2447.68","0.35","4","1.4197"
"2447.89","0.35","4","1.4197"
"2448.1","0.35","4","1.4197"
"2448.31","0.35","4","1.4197"
"2448.51","0.35","4","1.4197"
"2448.72","0.35","4","1.4197"
"2448.93","0.35","4","1.4197"
"2449.14","0.35","4","1.4197"
"2449.35","0.35","4","1.4197"
"2449.56","0.35","4","1.4197"
"2449.76","0.35","4","1.4197"
"2449.97","0.35","4","1.4197"
"2450.18","0.35","4","1.4197"
"2450.39","0.35","4","1.4197"
"2450.6","0.35","4","1.4197"
"2450.81","0.35","4","1.4197"
"2451.01","0.35","4","1.4197"
"2451.22","0.35","4","1.4197"
"2451.43","0.35","4","1.4197"
"2451.64","0.35","4","1.4197"
"2451.85","0.35","4","1.4197"
"2452.06","0.35","4","1.4197"
"2452.26","0.35","4","1.4197"
"2452.47","0.35","4","1.4197"
"2452.68","0.35","4","1.4197"
"2452.89","0.35","4","1.4197"
"2453.1","0.35","4","1.4197"
"2453.31","0.35","4","1.4197"
"2453.51","0.35","4","1.4197"
"2453.72","0.35","4","1.4197"
"2453.93","0.35","4","1.4197"
"2454.14","0.35","4","1.4197"
"2454.35","0.35","4","1.4197"
"2454.56","0.35","4","1.4197"
"2454.76","0.35","4","1.4197"
"2454.97","0.35","4","1.4197"
"2455.18","0.35","4","1.4197"
"2455.39","0.35","4","1.4197"
"2455.6","0.35","4","1.4197"
"2455.81","0.35","4","1.4197"
"2456.01","0.35","4","1.4197"
"2456.22","0.35","4","1.4197"
"2456.43","0.35","4","1.4197"
"2456.64","0.35","4","1.4197"
"2456.85","0.35","4","1.4197"
"2457.06","0.35","4","1.4197"
"2457.26","0.35","4","1.4197"
"2457.47","0.35","4","1.4197"
"2457.68","0.35","4","1.4197"
"2457.89","0.35","4","1.4197"
"2458.1","0.35","4","1.4197"
"2458.31","0.35","4","1.4197"
"2458.51","0.35","4","1.4197"
"2458.72","0.35","4","1.4197"
"2458.93","0.35","4","1.4197"
"2459.14","0.35","4","1.4197"
"2459.35","0.35","4","1.4197"
"2459.56","0.35","4","1.4197"
"2459.76","0.35","4","1.4197"
"2459.97","0.35","4","1.4197"
"2460.18","0.35","4","1.4197"
"2460.39","0.35","4","1.4197"
"2460.6","0.35","4","1.4197"
"2460.81","0.35","4","1.4197"
"2461.01","0.35","4","1.4197"
"2461.22","0.35","4","1.4197"
"2461.43","0.35","4","1.4197"
"2461.64","0.35","4","1.4197"
"2461.85","0.35","4","1.4197"
"2462.06","0.35","4","1.4197"
"2462.26","0.35","4","1.4197"
"2462.47","0.35","4","1.4197"
"2462.68","0.35","4","1.4197"
"2462.89","0.35","4","1.4197"
"2463.1","0.35","4","1.4197"
"2463.31","0.35","4","1.4197"
"2463.51","0.35","4","1.4197"
"2463.72","0.35","4","1.4197"
"2463.93","0.35","4","1.4197"
"2464.14","0.35","4","1.4197"
"2464.35","0.35","4","1.4197"
"2464.56","0.35","4","1.4197"
"2464.76","0.35","4","1.4197"
"2464.97","0.35","4","1.4197"
"2465.18","0.35","4","1.4197"
"2465.39","0.35","4","1.4197"
"2465.6","0.35","4","1.4197"
"2465.81","0.35","4","1.4197"
"2466.01","0.35","4","1.4197"
"2466.22","0.35","4","1.4197"
"2466.43","0.35","4","1.4197"
"2466.64","0.35","4","1.4197"
"2466.85","0.35","4","1.4197"
"2467.06","0.35","4","1.4197"
"2467.26","0.35","4","1.4197"
"2467.47","0.35","4","1.4197"
"2467.68","0.35","4","1.4197"
"2467.89","0.35","4","1.4197"
"2468.1","0.35","4","1.4197"
"2468.31","0.35","4","1.4197"
"2468.51","0.35","4","1.4197"
"2468.72","0.35","4","1.4197"
"2468.93","0.35","4","1.4197"
"2469.14","0.35","4","1.4197"
"2469.35","0.35","4","1.4197"
"2469.56","0.35","4","1.4197"
"2469.76","0.35","4","1.4197"
"2469.97","0.35","4","1.4197"
"2470.18","0.35","4","1.4197"
"2470.39","0.35","4","1.4197"
"2470.6","0.35","4","1.4197"
"2470.81","0.35","4","1.4197"
"2471.01","0.35","4","1.4197"
"2471.22","0.35","4","1.4197"
"2471.43","0.35","4","1.4197"
"2471.64","0.35","4","1.4197"
"2471.85","0.35","4","1.4197"
"2472.06","0.35","4","1.4197"
"2472.26","0.35","4","1.4197"
"2472.47","0.35","4","1.4197"
"2472.68","0.35","4","1.4197"
"2472.89","0.35","4","1.4197"
"2473.1","0.35","4","1.4197"
"2473.31","0.35","4","1.4197"
"2473.51","0.35","4","1.4197"
"2473.72","0.35","4","1.4197"
"2473.93","0.35","4","1.4197"
"2474.14","0.35","4","1.4197"
"2474.35","0.35","4","1.4197"
"2474.56","0.35","4","1.4197"
"2474.76","0.35","4","1.4197"
"2474.97","0.35","4","1.4197"
"2475.18","0.35","4","1.4197"
"2475.39","0.35","4","1.4197"
"2475.6","0.35","4","1.4197"
"2475.81","0.35","4","1.4197"
"2476.01","0.35","4","1.4197"
"2476.22","0.35","4","1.4197"
"2476.43","0.35","4","1.4197"
"2476.64","0.35","4","1.4197"
"2476.85","0.35","4","1.4197"
"2477.06","0.35","4","1.4197"
"2477.26","0.35","4","1.4197"
"2477.47","0.35","4","1.4197"
"2477.68","0.35","4","1.4197"
"2477.89","0.35","4","1.4197"
"2478.1","0.35","4","1.4197"
"2478.31","0.35","4","1.4197"
"2478.51","0.35","4","1.4197"
"2478.72","0.35","4","1.4197"
"2478.93","0.35","4","1.4197"
"2479.14","0.35","4","1.4197"
"2479.35","0.35","4","1.4197"
"2479.56","0.35","4","1.4197"
"2479.76","0.35","4","1.4197"
"2479.97","0.35","4","1.4197"
"2480.18","0.35","4","1.4197"
"2480.39","0.35","4","1.4197"
"2480.6","0.35","4","1.4197"
"2480.81","0.35","4","1.4197"
"2481.01","0.35","4","1.4197"
"2481.22","0.35","4","1.4197"
"2481.43","0.35","4","1.4197"
"2481.64","0.35","4","1.4197"
"2481.85","0.35","4","1.4197"
"2482.06","0.35","4","1.4197"
"2482.26","0.35","4","1.4197"
"2482.47","0.35","4","1.4197"
"2482.68","0.35","4","1.4197"
"2482.89","0.35","4","1.4197"
"2483.1","0.35","4","1.4197"
"2483.31","0.35","4","1.4197"
"2483.51","0.35","4","1.4197"
"2483.72","0.35","4","1.4197"
"2483.93","0.35","4","1.4197"
"2484.14","0.35","4","1.4197"
"2484.35","0.35","4","1.4197"
"2484.56","0.35","4","1.4197"
"2484.76","0.35","4","1.4197"
"2484.97","0.35","4","1.4197"
"2485.18","0.35","4","1.4197"
"2485.39","0.35","4","1.4197"
"2485.6","0.35","4","1.4197"
"2485.81","0.35","4","1.4197"
"2486.01","0.35","4","1.4197"
"2486.22","0.35","4","1.4197"
"2486.43","0.35","4","1.4197"
"2486.64","0.35","4","1.4197"
"2486.85","0.35","4","1.4197"
"2487.06","0.35","4","1.4197"
"2487.26","0.35","4","1.4197"
"2487.47","0.35","4","1.4197"
"2487.68","0.35","4","1.4197"
"2487.89","0.35","4","1.4197"
"2488.1","0.35","4","1.4197"
"2488.31","0.35","4","1.4197"
"2488.51","0.35","4","1.4197"
"2488.72","0.35","4","1.4197"
"2488.93","0.35","4","1.4197"
"2489.14","0.35","4","1.4197"
"2489.35","0.35","4","1.4197"
"2489.56","0.35","4","1.4197"
"2489.76","0.35","4","1.4197"
"2489.97","0.35","4","1.4197"
"2490.18","0.35","4","1.4197"
"2490.39","0.35","4","1.4197"
"2490.6","0.35","4","1.4197"
"2490.81","0.35","4","1.4197"
"2491.01","0.35","4","1.4197"
"2491.22","0.35","4","1.4197"
"2491.43","0.35","4","1.4197"
"2491.64","0.35","4","1.4197"
"2491.85","0.35","4","1.4197"
"2492.06","0.35","4","1.4197"
"2492.26","0.35","4","1.4197"
"2492.47","0.35","4","1.4197"
"2492.68","0.35","4","1.4197"
"2492.89","0.35","4","1.4197"
"2493.1","0.35","4","1.4197"
"2493.31","0.35","4","1.4197"
"2493.51","0.35","4","1.4197"
"2493.72","0.35","4","1.4197"
"2493.93","0.35","4","1.4197"
"2494.14","0.35","4","1.4197"
"2494.35","0.35","4","1.4197"
"2494.56","0.35","4","1.4197"
"2494.76","0.35","4","1.4197"
"2494.97","0.35","4","1.4197"
"2495.18","0.35","4","1.4197"
"2495.39","0.35","4","1.4197"
"2495.6","0.35","4","1.4197"
"2495.81","0.35","4","1.4197"
"2496.01","0.35","4","1.4197"
"2496.22","0.35","4","1.4197"
"2496.43","0.35","4","1.4197"
"2496.64","0.35","4","1.4197"
"2496.85","0.35","4","1.4197"
"2497.06","0.35","4","1.4197"
"2497.26","0.35","4","1.4197"
"2497.47","0.35","4","1.4197"
"2497.68","0.35","4","1.4197"
"2497.89","0.35","4","1.4197"
"2498.1","0.35","4","1.4197"
"2498.31","0.35","4","1.4197"
"2498.51","0.35","4","1.4197"
"2498.72","0.35","4","1.4197"
"2498.93","0.35","4","1.4197"
"2499.14","0.35","4","1.4197"
"2499.35","0.35","4","1.4197"
"2499.56","0.35","4","1.4197"
"2499.76","0.35","4","1.4197"
"2499.97","0.35","4","1.4197"
"2500.18","0.35","4","1.4197"
"2500.39","0.35","4","1.4197"
"2500.6","0.35","4","1.4197"
"2500.81","0.35","4","1.4197"
"2501.01","0.35","4","1.4197"
"2501.22","0.35","4","1.4197"
"2501.43","0.35","4","1.4197"
"2501.64","0.35","4","1.4197"
"2501.85","0.35","4","1.4197"
"2502.06","0.35","4","1.4197"
"2502.26","0.35","4","1.4197"
"2502.47","0.35","4","1.4197"
"2502.68","0.35","4","1.4197"
"2502.89","0.35","4","1.4197"
"2503.1","0.35","4","1.4197"
"2503.31","0.35","4","1.4197"
"2503.51","0.35","4","1.4197"
"2503.72","0.35","4","1.4197"
"2503.93","0.35","4","1.4197"
"2504.14","0.35","4","1.4197"
"2504.35","0.35","4","1.4197"
"2504.56","0.35","4","1.4197"
"2504.76","0.35","4","1.4197"
"2504.97","0.35","4","1.4197"
"2505.18","0.35","4","1.4197"
"2505.39","0.35","4","1.4197"
"2505.6","0.35","4","1.4197"
"2505.81","0.35","4","1.4197"
"2506.01","0.35","4","1.4197"
"2506.22","0.35","4","1.4197"
"2506.43","0.35","4","1.4197"
"2506.64","0.35","4","1.4197"
"2506.85","0.35","4","1.4197"
"2507.06","0.35","4","1.4197"
"2507.26","0.35","4","1.4197"
"2507.47","0.35","4","1.4197"
"2507.68","0.35","4","1.4197"
"2507.89","0.35","4","1.4197"
"2508.1","0.35","4","1.4197"
"2508.31","0.35","4","1.4197"
"2508.51","0.35","4","1.4197"
"2508.72","0.35","4","1.4197"
"2508.93","0.35","4","1.4197"
"2509.14","0.35","4","1.4197"
"2509.35","0.35","4","1.4197"
"2509.56","0.35","4","1.4197"
"2509.76","0.35","4","1.4197"
"2509.97","0.35","4","1.4197"
"2510.18","0.35","4","1.4197"
"2510.39","0.35","4","1.4197"
"2510.6","0.35","4","1.4197"
"2510.81","0.35","4","1.4197"
"2511.01","0.35","4","1.4197"
"2511.22","0.35","4","1.4197"
"2511.43","0.35","4","1.4197"
"2511.64","0.35","4","1.4197"
"2511.85","0.35","4","1.4197"
"2512.06","0.35","4","1.4197"
"2512.26","0.35","4","1.4197"
"2512.47","0.35","4","1.4197"
"2512.68","0.35","4","1.4197"
"2512.89","0.35","4","1.4197"
"2513.1","0.35","4","1.4197"
"2513.31","0.35","4","1.4197"
"2513.51","0.35","4","1.4197"
"2513.72","0.35","4","1.4197"
"2513.93","0.35","4","1.4197"
"2514.14","0.35","4","1.4197"
"2514.35","0.35","4","1.4197"
"2514.56","0.35","4","1.4197"
"2514.76","0.35","4","1.4197"
"2514.97","0.35","4","1.4197"
"2515.18","0.35","4","1.4197"
"2515.39","0.35","4","1.4197"
"2515.6","0.35","4","1.4197"
"2515.81","0.35","4","1.4197"
"2516.01","0.35","4","1.4197"
"2516.22","0.35","4","1.4197"
"2516.43","0.35","4","1.4197"
"2516.64","0.35","4","1.4197"
"2516.85","0.35","4","1.4197"
"2517.06","0.35","4","1.4197"
"2517.26","0.35","4","1.4197"
"2517.47","0.35","4","1.4197"
"2517.68","0.35","4","1.4197"
"2517.89","0.35","4","1.4197"
"2518.1","0.35","4","1.4197"
"2518.31","0.35","4","1.4197"
"2518.51","0.35","4","1.4197"
"2518.72","0.35","4","1.4197"
"2518.93","0.35","4","1.4197"
"2519.14","0.35","4","1.4197"
"2519.35","0.35","4","1.4197"
"2519.56","0.35","4","1.4197"
"2519.76","0.35","4","1.4197"
"2519.97","0.35","4","1.4197"
"2520.18","0.35","4","1.4197"
"2520.39","0.35","4","1.4197"
"2520.6","0.35","4","1.4197"
"2520.81","0.35","4","1.4197"
"2521.01","0.35","4","1.4197"
"2521.22","0.35","4","1.4197"
"2521.43","0.35","4","1.4197"
"2521.64","0.35","4","1.4197"
"2521.85","0.35","4","1.4197"
"2522.06","0.35","4","1.4197"
"2522.26","0.35","4","1.4197"
"2522.47","0.35","4","1.4197"
"2522.68","0.35","4","1.4197"
"2522.89","0.35","4","1.4197"
"2523.1","0.35","4","1.4197"
"2523.31","0.35","4","1.4197"
"2523.51","0.35","4","1.4197"
"2523.72","0.35","4","1.4197"
"2523.93","0.35","4","1.4197"
"2524.14","0.35","4","1.4197"
"2524.35","0.35","4","1.4197"
"2524.56","0.35","4","1.4197"
"2524.76","0.35","4","1.4197"
"2524.97","0.35","4","1.4197"
"2525.18","0.35","4","1.4197"
"2525.39","0.35","4","1.4197"
"2525.6","0.35","4","1.4197"
"2525.81","0.35","4","1.4197"
"2526.01","0.35","4","1.4197"
"2526.22","0.35","4","1.4197"
"2526.43","0.35","4","1.4197"
"2526.64","0.35","4","1.4197"
"2526.85","0.35","4","1.4197"
"2527.06","0.35","4","1.4197"
"2527.26","0.35","4","1.4197"
"2527.47","0.35","4","1.4197"
"2527.68","0.35","4","1.4197"
"2527.89","0.35","4","1.4197"
"2528.1","0.35","4","1.4197"
"2528.31","0.35","4","1.4197"
"2528.51","0.35","4","1.4197"
"2528.72","0.35","4","1.4197"
"2528.93","0.35","4","1.4197"
"2529.14","0.35","4","1.4197"
"2529.35","0.35","4","1.4197"
"2529.56","0.35","4","1.4197"
"2529.76","0.35","4","1.4197"
"2529.97","0.35","4","1.4197"
"2530.18","0.35","4","1.4197"
"2530.39","0.35","4","1.4197"
"2530.6","0.35","4","1.4197"
"2530.81","0.35","4","1.4197"
"2531.01","0.35","4","1.4197"
"2531.22","0.35","4","1.4197"
"2531.43","0.35","4","1.4197"
"2531.64","0.35","4","1.4197"
"2531.85","0.35","4","1.4197"
"2532.06","0.35","4","1.4197"
"2532.26","0.35","4","1.4197"
"2532.47","0.35","4","1.4197"
"2532.68","0.35","4","1.4197"
"2532.89","0.35","4","1.4197"
"2533.1","0.35","4","1.4197"
"2533.31","0.35","4","1.4197"
"2533.51","0.35","4","1.4197"
"2533.72","0.35","4","1.4197"
"2533.93","0.35","4","1.4197"
"2534.14","0.35","4","1.4197"
"2534.35","0.35","4","1.4197"
"2534.56","0.35","4","1.4197"
"2534.76","0.35","4","1.4197"
"2534.97","0.35","4","1.4197"
"2535.18","0.35","4","1.4197"
"2535.39","0.35","4","1.4197"
"2535.6","0.35","4","1.4197"
"2535.81","0.35","4","1.4197"
"2536.01","0.35","4","1.4197"
"2536.22","0.35","4","1.4197"
"2536.43","0.35","4","1.4197"
"2536.64","0.35","4","1.4197"
"2536.85","0.35","4","1.4197"
"2537.06","0.35","4","1.4197"
"2537.26","0.35","4","1.4197"
"2537.47","0.35","4","1.4197"
"2537.68","0.35","4","1.4197"
"2537.89","0.35","4","1.4197"
"2538.1","0.35","4","1.4197"
"2538.31","0.35","4","1.4197"
"2538.51","0.35","4","1.4197"
"2538.72","0.35","4","1.4197"
"2538.93","0.35","4","1.4197"
"2539.14","0.35","4","1.4197"
"2539.35","0.35","4","1.4197"
"2539.56","0.35","4","1.4197"
"2539.76","0.35","4","1.4197"
"2539.97","0.35","4","1.4197"
"2540.18","0.35","4","1.4197"
"2540.39","0.35","4","1.4197"
"2540.6","0.35","4","1.4197"
"2540.81","0.35","4","1.4197"
"2541.01","0.35","4","1.4197"
"2541.22","0.35","4","1.4197"
"2541.43","0.35","4","1.4197"
"2541.64","0.35","4","1.4197"
"2541.85","0.35","4","1.4197"
"2542.06","0.35","4","1.4197"
"2542.26","0.35","4","1.4197"
"2542.47","0.35","4","1.4197"
"2542.68","0.35","4","1.4197"
"2542.89","0.35","4","1.4197"
"2543.1","0.35","4","1.4197"
"2543.31","0.35","4","1.4197"
"2543.51","0.35","4","1.4197"
"2543.72","0.35","4","1.4197"
"2543.93","0.35","4","1.4197"
"2544.14","0.35","4","1.4197"
"2544.35","0.35","4","1.4197"
"2544.56","0.35","4","1.4197"
"2544.76","0.35","4","1.4197"
"2544.97","0.35","4","1.4197"
"2545.18","0.35","4","1.4197"
"2545.39","0.35","4","1.4197"
"2545.6","0.35","4","1.4197"
"2545.81","0.35","4","1.4197"
"2546.01","0.35","4","1.4197"
"2546.22","0.35","4","1.4197"
"2546.43","0.35","4","1.4197"
"2546.64","0.35","4","1.4197"
"2546.85","0.35","4","1.4197"
"2547.06","0.35","4","1.4197"
"2547.26","0.35","4","1.4197"
"2547.47","0.35","4","1.4197"
"2547.68","0.35","4","1.4197"
"2547.89","0.35","4","1.4197"
"2548.1","0.35","4","1.4197"
"2548.31","0.35","4","1.4197"
"2548.51","0.35","4","1.4197"
"2548.72","0.35","4","1.4197"
"2548.93","0.35","4","1.4197"
"2549.14","0.35","4","1.4197"
"2549.35","0.35","4","1.4197"
"2549.56","0.35","4","1.4197"
"2549.76","0.35","4","1.4197"
"2549.97","0.35","4","1.4197"
"2550.18","0.35","4","1.4197"
"2550.39","0.35","4","1.4197"
"2550.6","0.35","4","1.4197"
"2550.81","0.35","4","1.4197"
"2551.01","0.35","4","1.4197"
"2551.22","0.35","4","1.4197"
"2551.43","0.35","4","1.4197"
"2551.64","0.35","4","1.4197"
"2551.85","0.35","4","1.4197"
"2552.06","0.35","4","1.4197"
"2552.26","0.35","4","1.4197"
"2552.47","0.35","4","1.4197"
"2552.68","0.35","4","1.4197"
"2552.89","0.35","4","1.4197"
"2553.1","0.35","4","1.4197"
"2553.31","0.35","4","1.4197"
"2553.51","0.35","4","1.4197"
"2553.72","0.35","4","1.4197"
"2553.93","0.35","4","1.4197"
"2554.14","0.35","4","1.4197"
"2554.35","0.35","4","1.4197"
"2554.56","0.35","4","1.4197"
"2554.76","0.35","4","1.4197"
"2554.97","0.35","4","1.4197"
"2555.18","0.35","4","1.4197"
"2555.39","0.35","4","1.4197"
"2555.6","0.35","4","1.4197"
"2555.81","0.35","4","1.4197"
"2556.01","0.35","4","1.4197"
"2556.22","0.35","4","1.4197"
"2556.43","0.35","4","1.4197"
"2556.64","0.35","4","1.4197"
"2556.85","0.35","4","1.4197"
"2557.06","0.35","4","1.4197"
"2557.26","0.35","4","1.4197"
"2557.47","0.35","4","1.4197"
"2557.68","0.35","4","1.4197"
"2557.89","0.35","4","1.4197"
"2558.1","0.35","4","1.4197"
"2558.31","0.35","4","1.4197"
"2558.51","0.35","4","1.4197"
"2558.72","0.35","4","1.4197"
"2558.93","0.35","4","1.4197"
"2559.14","0.35","4","1.4197"
"2559.35","0.35","4","1.4197"
"2559.56","0.35","4","1.4197"
"2559.76","0.35","4","1.4197"
"2559.97","0.35","4","1.4197"
"2560.18","0.35","4","1.4197"
"2560.39","0.35","4","1.4197"
"2560.6","0.35","4","1.4197"
"2560.81","0.35","4","1.4197"
"2561.01","0.35","4","1.4197"
"2561.22","0.35","4","1.4197"
"2561.43","0.35","4","1.4197"
"2561.64","0.35","4","1.4197"
"2561.85","0.35","4","1.4197"
"2562.06","0.35","4","1.4197"
"2562.26","0.35","4","1.4197"
"2562.47","0.35","4","1.4197"
"2562.68","0.35","4","1.4197"
"2562.89","0.35","4","1.4197"
"2563.1","0.35","4","1.4197"
"2563.31","0.35","4","1.4197"
"2563.51","0.35","4","1.4197"
"2563.72","0.35","4","1.4197"
"2563.93","0.35","4","1.4197"
"2564.14","0.35","4","1.4197"
"2564.35","0.35","4","1.4197"
"2564.56","0.35","4","1.4197"
"2564.76","0.35","4","1.4197"
"2564.97","0.35","4","1.4197"
"2565.18","0.35","4","1.4197"
"2565.39","0.35","4","1.4197"
"2565.6","0.35","4","1.4197"
"2565.81","0.35","4","1.4197"
"2566.01","0.35","4","1.4197"
"2566.22","0.35","4","1.4197"
"2566.43","0.35","4","1.4197"
"2566.64","0.35","4","1.4197"
"2566.85","0.35","4","1.4197"
"2567.06","0.35","4","1.4197"
"2567.26","0.35","4","1.4197"
"2567.47","0.35","4","1.4197"
"2567.68","0.35","4","1.4197"
"2567.89","0.35","4","1.4197"
"2568.1","0.35","4","1.4197"
"2568.31","0.35","4","1.4197"
"2568.51","0.35","4","1.4197"
"2568.72","0.35","4","1.4197"
"2568.93","0.35","4","1.4197"
"2569.14","0.35","4","1.4197"
"2569.35","0.35","4","1.4197"
"2569.56","0.35","4","1.4197"
"2569.76","0.35","4","1.4197"
"2569.97","0.35","4","1.4197"
"2570.18","0.35","4","1.4197"
"2570.39","0.35","4","1.4197"
"2570.6","0.35","4","1.4197"
"2570.81","0.35","4","1.4197"
"2571.01","0.35","4","1.4197"
"2571.22","0.35","4","1.4197"
"2571.43","0.35","4","1.4197"
"2571.64","0.35","4","1.4197"
"2571.85","0.35","4","1.4197"
"2572.06","0.35","4","1.4197"
"2572.26","0.35","4","1.4197"
"2572.47","0.35","4","1.4197"
"2572.68","0.35","4","1.4197"
"2572.89","0.35","4","1.4197"
"2573.1","0.35","4","1.4197"
"2573.31","0.35","4","1.4197"
"2573.51","0.35","4","1.4197"
"2573.72","0.35","4","1.4197"
"2573.93","0.35","4","1.4197"
"2574.14","0.35","4","1.4197"
"2574.35","0.35","4","1.4197"
"2574.56","0.35","4","1.4197"
"2574.76","0.35","4","1.4197"
"2574.97","0.35","4","1.4197"
"2575.18","0.35","4","1.4197"
"2575.39","0.35","4","1.4197"
"2575.6","0.35","4","1.4197"
"2575.81","0.35","4","1.4197"
"2576.01","0.35","4","1.4197"
"2576.22","0.35","4","1.4197"
"2576.43","0.35","4","1.4197"
"2576.64","0.35","4","1.4197"
"2576.85","0.35","4","1.4197"
"2577.06","0.35","4","1.4197"
"2577.26","0.35","4","1.4197"
"2577.47","0.35","4","1.4197"
"2577.68","0.35","4","1.4197"
"2577.89","0.35","4","1.4197"
"2578.1","0.35","4","1.4197"
"2578.31","0.35","4","1.4197"
"2578.51","0.35","4","1.4197"
"2578.72","0.35","4","1.4197"
"2578.93","0.35","4","1.4197"
"2579.14","0.35","4","1.4197"
"2579.35","0.35","4","1.4197"
"2579.56","0.35","4","1.4197"
"2579.76","0.35","4","1.4197"
"2579.97","0.35","4","1.4197"
"2580.18","0.35","4","1.4197"
"2580.39","0.35","4","1.4197"
"2580.6","0.35","4","1.4197"
"2580.81","0.35","4","1.4197"
"2581.01","0.35","4","1.4197"
"2581.22","0.35","4","1.4197"
"2581.43","0.35","4","1.4197"
"2581.64","0.35","4","1.4197"
"2581.85","0.35","4","1.4197"
"2582.06","0.35","4","1.4197"
"2582.26","0.35","4","1.4197"
"2582.47","0.35","4","1.4197"
"2582.68","0.35","4","1.4197"
"2582.89","0.35","4","1.4197"
"2583.1","0.35","4","1.4197"
"2583.31","0.35","4","1.4197"
"2583.51","0.35","4","1.4197"
"2583.72","0.35","4","1.4197"
"2583.93","0.35","4","1.4197"
"2584.14","0.35","4","1.4197"
"2584.35","0.35","4","1.4197"
"2584.56","0.35","4","1.4197"
"2584.76","0.35","4","1.4197"
"2584.97","0.35","4","1.4197"
"2585.18","0.35","4","1.4197"
"2585.39","0.35","4","1.4197"
"2585.6","0.35","4","1.4197"
"2585.81","0.35","4","1.4197"
"2586.01","0.35","4","1.4197"
"2586.22","0.35","4","1.4197"
"2586.43","0.35","4","1.4197"
"2586.64","0.35","4","1.4197"
"2586.85","0.35","4","1.4197"
"2587.06","0.35","4","1.4197"
"2587.26","0.35","4","1.4197"
"2587.47","0.35","4","1.4197"
"2587.68","0.35","4","1.4197"
"2587.89","0.35","4","1.4197"
"2588.1","0.35","4","1.4197"
"2588.31","0.35","4","1.4197"
"2588.51","0.35","4","1.4197"
"2588.72","0.35","4","1.4197"
"2588.93","0.35","4","1.4197"
"2589.14","0.35","4","1.4197"
"2589.35","0.35","4","1.4197"
"2589.56","0.35","4","1.4197"
"2589.76","0.35","4","1.4197"
"2589.97","0.35","4","1.4197"
"2590.18","0.35","4","1.4197"
"2590.39","0.35","4","1.4197"
"2590.6","0.35","4","1.4197"
"2590.81","0.35","4","1.4197"
"2591.01","0.35","4","1.4197"
"2591.22","0.35","4","1.4197"
"2591.43","0.35","4","1.4197"
"2591.64","0.35","4","1.4197"
"2591.85","0.35","4","1.4197"
"2592.06","0.35","4","1.4197"
"2592.26","0.35","4","1.4197"
"2592.47","0.35","4","1.4197"
"2592.68","0.35","4","1.4197"
"2592.89","0.35","4","1.4197"
"2593.1","0.35","4","1.4197"
"2593.31","0.35","4","1.4197"
"2593.51","0.35","4","1.4197"
"2593.72","0.35","4","1.4197"
"2593.93","0.35","4","1.4197"
"2594.14","0.35","4","1.4197"
"2594.35","0.35","4","1.4197"
"2594.56","0.35","4","1.4197"
"2594.76","0.35","4","1.4197"
"2594.97","0.35","4","1.4197"
"2595.18","0.35","4","1.4197"
"2595.39","0.35","4","1.4197"
"2595.6","0.35","4","1.4197"
"2595.81","0.35","4","1.4197"
"2596.01","0.35","4","1.4197"
"2596.22","0.35","4","1.4197"
"2596.43","0.35","4","1.4197"
"2596.64","0.35","4","1.4197"
"2596.85","0.35","4","1.4197"
"2597.06","0.35","4","1.4197"
"2597.26","0.35","4","1.4197"
"2597.47","0.35","4","1.4197"
"2597.68","0.35","4","1.4197"
"2597.89","0.35","4","1.4197"
"2598.1","0.35","4","1.4197"
"2598.31","0.35","4","1.4197"
"2598.51","0.35","4","1.4197"
"2598.72","0.35","4","1.4197"
"2598.93","0.35","4","1.4197"
"2599.14","0.35","4","1.4197"
"2599.35","0.35","4","1.4197"
"2599.56","0.35","4","1.4197"
"2599.76","0.35","4","1.4197"
"2599.97","0.35","4","1.4197"
"2600.18","0.35","4","1.4197"
"2600.39","0.35","4","1.4197"
"2600.6","0.35","4","1.4197"
"2600.81","0.35","4","1.4197"
"2601.01","0.35","4","1.4197"
"2601.22","0.35","4","1.4197"
"2601.43","0.35","4","1.4197"
"2601.64","0.35","4","1.4197"
"2601.85","0.35","4","1.4197"
"2602.06","0.35","4","1.4197"
"2602.26","0.35","4","1.4197"
"2602.47","0.35","4","1.4197"
"2602.68","0.35","4","1.4197"
"2602.89","0.35","4","1.4197"
"2603.1","0.35","4","1.4197"
"2603.31","0.35","4","1.4197"
"2603.51","0.35","4","1.4197"
"2603.72","0.35","4","1.4197"
"2603.93","0.35","4","1.4197"
"2604.14","0.35","4","1.4197"
"2604.35","0.35","4","1.4197"
"2604.56","0.35","4","1.4197"
"2604.76","0.35","4","1.4197"
"2604.97","0.35","4","1.4197"
"2605.18","0.35","4","1.4197"
"2605.39","0.35","4","1.4197"
"2605.6","0.35","4","1.4197"
"2605.81","0.35","4","1.4197"
"2606.01","0.35","4","1.4197"
"2606.22","0.35","4","1.4197"
"2606.43","0.35","4","1.4197"
"2606.64","0.35","4","1.4197"
"2606.85","0.35","4","1.4197"
"2607.06","0.35","4","1.4197"
"2607.26","0.35","4","1.4197"
"2607.47","0.35","4","1.4197"
"2607.68","0.35","4","1.4197"
"2607.89","0.35","4","1.4197"
"2608.1","0.35","4","1.4197"
"2608.31","0.35","4","1.4197"
"2608.51","0.35","4","1.4197"
"2608.72","0.35","4","1.4197"
"2608.93","0.35","4","1.4197"
"2609.14","0.35","4","1.4197"
"2609.35","0.35","4","1.4197"
"2609.56","0.35","4","1.4197"
"2609.76","0.35","4","1.4197"
"2609.97","0.35","4","1.4197"
"2610.18","0.35","4","1.4197"
"2610.39","0.35","4","1.4197"
"2610.6","0.35","4","1.4197"
"2610.81","0.35","4","1.4197"
"2611.01","0.35","4","1.4197"
"2611.22","0.35","4","1.4197"
"2611.43","0.35","4","1.4197"
"2611.64","0.35","4","1.4197"
"2611.85","0.35","4","1.4197"
"2612.06","0.35","4","1.4197"
"2612.26","0.35","4","1.4197"
"2612.47","0.35","4","1.4197"
"2612.68","0.35","4","1.4197"
"2612.89","0.35","4","1.4197"
"2613.1","0.35","4","1.4197"
"2613.31","0.35","4","1.4197"
"2613.51","0.35","4","1.4197"
"2613.72","0.35","4","1.4197"
"2613.93","0.35","4","1.4197"
"2614.14","0.35","4","1.4197"
"2614.35","0.35","4","1.4197"
"2614.56","0.35","4","1.4197"
"2614.76","0.35","4","1.4197"
"2614.97","0.35","4","1.4197"
"2615.18","0.35","4","1.4197"
"2615.39","0.35","4","1.4197"
"2615.6","0.35","4","1.4197"
"2615.81","0.35","4","1.4197"
"2616.01","0.35","4","1.4197"
"2616.22","0.35","4","1.4197"
"2616.43","0.35","4","1.4197"
"2616.64","0.35","4","1.4197"
"2616.85","0.35","4","1.4197"
"2617.06","0.35","4","1.4197"
"2617.26","0.35","4","1.4197"
"2617.47","0.35","4","1.4197"
"2617.68","0.35","4","1.4197"
"2617.89","0.35","4","1.4197"
"2618.1","0.35","4","1.4197"
"2618.31","0.35","4","1.4197"
"2618.51","0.35","4","1.4197"
"2618.72","0.35","4","1.4197"
"2618.93","0.35","4","1.4197"
"2619.14","0.35","4","1.4197"
"2619.35","0.35","4","1.4197"
"2619.56","0.35","4","1.4197"
"2619.76","0.35","4","1.4197"
"2619.97","0.35","4","1.4197"
"2620.18","0.35","4","1.4197"
"2620.39","0.35","4","1.4197"
"2620.6","0.35","4","1.4197"
"2620.81","0.35","4","1.4197"
"2621.01","0.35","4","1.4197"
"2621.22","0.35","4","1.4197"
"2621.43","0.35","4","1.4197"
"2621.64","0.35","4","1.4197"
"2621.85","0.35","4","1.4197"
"2622.06","0.35","4","1.4197"
"2622.26","0.35","4","1.4197"
"2622.47","0.35","4","1.4197"
"2622.68","0.35","4","1.4197"
"2622.89","0.35","4","1.4197"
"2623.1","0.35","4","1.4197"
"2623.31","0.35","4","1.4197"
"2623.51","0.35","4","1.4197"
"2623.72","0.35","4","1.4197"
"2623.93","0.35","4","1.4197"
"2624.14","0.35","4","1.4197"
"2624.35","0.35","4","1.4197"
"2624.56","0.35","4","1.4197"
"2624.76","0.35","4","1.4197"
"2624.97","0.35","4","1.4197"
"2625.18","0.35","4","1.4197"
"2625.39","0.35","4","1.4197"
"2625.6","0.35","4","1.4197"
"2625.81","0.35","4","1.4197"
"2626.01","0.35","4","1.4197"
"2626.22","0.35","4","1.4197"
"2626.43","0.35","4","1.4197"
"2626.64","0.35","4","1.4197"
"2626.85","0.35","4","1.4197"
"2627.06","0.35","4","1.4197"
"2627.26","0.35","4","1.4197"
"2627.47","0.35","4","1.4197"
"2627.68","0.35","4","1.4197"
"2627.89","0.35","4","1.4197"
"2628.1","0.35","4","1.4197"
"2628.31","0.35","4","1.4197"
"2628.51","0.35","4","1.4197"
"2628.72","0.35","4","1.4197"
"2628.93","0.35","4","1.4197"
"2629.14","0.35","4","1.4197"
"2629.35","0.35","4","1.4197"
"2629.56","0.35","4","1.4197"
"2629.76","0.35","4","1.4197"
"2629.97","0.35","4","1.4197"
"2630.18","0.35","4","1.4197"
"2630.39","0.35","4","1.4197"
"2630.6","0.35","4","1.4197"
"2630.81","0.35","4","1.4197"
"2631.01","0.35","4","1.4197"
"2631.22","0.35","4","1.4197"
"2631.43","0.35","4","1.4197"
"2631.64","0.35","4","1.4197"
"2631.85","0.35","4","1.4197"
"2632.06","0.35","4","1.4197"
"2632.26","0.35","4","1.4197"
"2632.47","0.35","4","1.4197"
"2632.68","0.35","4","1.4197"
"2632.89","0.35","4","1.4197"
"2633.1","0.35","4","1.4197"
"2633.31","0.35","4","1.4197"
"2633.51","0.35","4","1.4197"
"2633.72","0.35","4","1.4197"
"2633.93","0.35","4","1.4197"
"2634.14","0.35","4","1.4197"
"2634.35","0.35","4","1.4197"
"2634.56","0.35","4","1.4197"
"2634.76","0.35","4","1.4197"
"2634.97","0.35","4","1.4197"
"2635.18","0.35","4","1.4197"
"2635.39","0.35","4","1.4197"
"2635.6","0.35","4","1.4197"
"2635.81","0.35","4","1.4197"
"2636.01","0.35","4","1.4197"
"2636.22","0.35","4","1.4197"
"2636.43","0.35","4","1.4197"
"2636.64","0.35","4","1.4197"
"2636.85","0.35","4","1.4197"
"2637.06","0.35","4","1.4197"
"2637.26","0.35","4","1.4197"
"2637.47","0.35","4","1.4197"
"2637.68","0.35","4","1.4197"
"2637.89","0.35","4","1.4197"
"2638.1","0.35","4","1.4197"
"2638.31","0.35","4","1.4197"
"2638.51","0.35","4","1.4197"
"2638.72","0.35","4","1.4197"
"2638.93","0.35","4","1.4197"
"2639.14","0.35","4","1.4197"
"2639.35","0.35","4","1.4197"
"2639.56","0.35","4","1.4197"
"2639.76","0.35","4","1.4197"
"2639.97","0.35","4","1.4197"
"2640.18","0.35","4","1.4197"
"2640.39","0.35","4","1.4197"
"2640.6","0.35","4","1.4197"
"2640.81","0.35","4","1.4197"
"2641.01","0.35","4","1.4197"
"2641.22","0.35","4","1.4197"
"2641.43","0.35","4","1.4197"
"2641.64","0.35","4","1.4197"
"2641.85","0.35","4","1.4197"
"2642.06","0.35","4","1.4197"
"2642.26","0.35","4","1.4197"
"2642.47","0.35","4","1.4197"
"2642.68","0.35","4","1.4197"
"2642.89","0.35","4","1.4197"
"2643.1","0.35","4","1.4197"
"2643.31","0.35","4","1.4197"
"2643.51","0.35","4","1.4197"
"2643.72","0.35","4","1.4197"
"2643.93","0.35","4","1.4197"
"2644.14","0.35","4","1.4197"
"2644.35","0.35","4","1.4197"
"2644.56","0.35","4","1.4197"
"2644.76","0.35","4","1.4197"
"2644.97","0.35","4","1.4197"
"2645.18","0.35","4","1.4197"
"2645.39","0.35","4","1.4197"
"2645.6","0.35","4","1.4197"
"2645.81","0.35","4","1.4197"
"2646.01","0.35","4","1.4197"
"2646.22","0.35","4","1.4197"
"2646.43","0.35","4","1.4197"
"2646.64","0.35","4","1.4197"
"2646.85","0.35","4","1.4197"
"2647.06","0.35","4","1.4197"
"2647.26","0.35","4","1.4197"
"2647.47","0.35","4","1.4197"
"2647.68","0.35","4","1.4197"
"2647.89","0.35","4","1.4197"
"2648.1","0.35","4","1.4197"
"2648.31","0.35","4","1.4197"
"2648.51","0.35","4","1.4197"
"2648.72","0.35","4","1.4197"
"2648.93","0.35","4","1.4197"
"2649.14","0.35","4","1.4197"
"2649.35","0.35","4","1.4197"
"2649.56","0.35","4","1.4197"
"2649.76","0.35","4","1.4197"
"2649.97","0.35","4","1.4197"
"2650.18","0.35","4","1.4197"
"2650.39","0.35","4","1.4197"
"2650.6","0.35","4","1.4197"
"2650.81","0.35","4","1.4197"
"2651.01","0.35","4","1.4197"
"2651.22","0.35","4","1.4197"
"2651.43","0.35","4","1.4197"
"2651.64","0.35","4","1.4197"
"2651.85","0.35","4","1.4197"
"2652.06","0.35","4","1.4197"
"2652.26","0.35","4","1.4197"
"2652.47","0.35","4","1.4197"
"2652.68","0.35","4","1.4197"
"2652.89","0.35","4","1.4197"
"2653.1","0.35","4","1.4197"
"2653.31","0.35","4","1.4197"
"2653.51","0.35","4","1.4197"
"2653.72","0.35","4","1.4197"
"2653.93","0.35","4","1.4197"
"2654.14","0.35","4","1.4197"
"2654.35","0.35","4","1.4197"
"2654.56","0.35","4","1.4197"
"2654.76","0.35","4","1.4197"
"2654.97","0.35","4","1.4197"
"2655.18","0.35","4","1.4197"
"2655.39","0.35","4","1.4197"
"2655.6","0.35","4","1.4197"
"2655.81","0.35","4","1.4197"
"2656.01","0.35","4","1.4197"
"2656.22","0.35","4","1.4197"
"2656.43","0.35","4","1.4197"
"2656.64","0.35","4","1.4197"
"2656.85","0.35","4","1.4197"
"2657.06","0.35","4","1.4197"
"2657.26","0.35","4","1.4197"
"2657.47","0.35","4","1.4197"
"2657.68","0.35","4","1.4197"
"2657.89","0.35","4","1.4197"
"2658.1","0.35","4","1.4197"
"2658.31","0.35","4","1.4197"
"2658.51","0.35","4","1.4197"
"2658.72","0.35","4","1.4197"
"2658.93","0.35","4","1.4197"
"2659.14","0.35","4","1.4197"
"2659.35","0.35","4","1.4197"
"2659.56","0.35","4","1.4197"
"2659.76","0.35","4","1.4197"
"2659.97","0.35","4","1.4197"
"2660.18","0.35","4","1.4197"
"2660.39","0.35","4","1.4197"
"2660.6","0.35","4","1.4197"
"2660.81","0.35","4","1.4197"
"2661.01","0.35","4","1.4197"
"2661.22","0.35","4","1.4197"
"2661.43","0.35","4","1.4197"
"2661.64","0.35","4","1.4197"
"2661.85","0.35","4","1.4197"
"2662.06","0.35","4","1.4197"
"2662.26","0.35","4","1.4197"
"2662.47","0.35","4","1.4197"
"2662.68","0.35","4","1.4197"
"2662.89","0.35","4","1.4197"
"2663.1","0.35","4","1.4197"
"2663.31","0.35","4","1.4197"
"2663.51","0.35","4","1.4197"
"2663.72","0.35","4","1.4197"
"2663.93","0.35","4","1.4197"
"2664.14","0.35","4","1.4197"
"2664.35","0.35","4","1.4197"
"2664.56","0.35","4","1.4197"
"2664.76","0.35","4","1.4197"
"2664.97","0.35","4","1.4197"
"2665.18","0.35","4","1.4197"
"2665.39","0.35","4","1.4197"
"2665.6","0.35","4","1.4197"
"2665.81","0.35","4","1.4197"
"2666.01","0.35","4","1.4197"
"2666.22","0.35","4","1.4197"
"2666.43","0.35","4","1.4197"
"2666.64","0.35","4","1.4197"
"2666.85","0.35","4","1.4197"
"2667.06","0.35","4","1.4197"
"2667.26","0.35","4","1.4197"
"2667.47","0.35","4","1.4197"
"2667.68","0.35","4","1.4197"
"2667.89","0.35","4","1.4197"
"2668.1","0.35","4","1.4197"
"2668.31","0.35","4","1.4197"
"2668.51","0.35","4","1.4197"
"2668.72","0.35","4","1.4197"
"2668.93","0.35","4","1.4197"
"2669.14","0.35","4","1.4197"
"2669.35","0.35","4","1.4197"
"2669.56","0.35","4","1.4197"
"2669.76","0.35","4","1.4197"
"2669.97","0.35","4","1.4197"
"2670.18","0.35","4","1.4197"
"2670.39","0.35","4","1.4197"
"2670.6","0.35","4","1.4197"
"2670.81","0.35","4","1.4197"
"2671.01","0.35","4","1.4197"
"2671.22","0.35","4","1.4197"
"2671.43","0.35","4","1.4197"
"2671.64","0.35","4","1.4197"
"2671.85","0.35","4","1.4197"
"2672.06","0.35","4","1.4197"
"2672.26","0.35","4","1.4197"
"2672.47","0.35","4","1.4197"
"2672.68","0.35","4","1.4197"
"2672.89","0.35","4","1.4197"
"2673.1","0.35","4","1.4197"
"2673.31","0.35","4","1.4197"
"2673.51","0.35","4","1.4197"
"2673.72","0.35","4","1.4197"
"2673.93","0.35","4","1.4197"
"2674.14","0.35","4","1.4197"
"2674.35","0.35","4","1.4197"
"2674.56","0.35","4","1.4197"
"2674.76","0.35","4","1.4197"
"2674.97","0.35","4","1.4197"
"2675.18","0.35","4","1.4197"
"2675.39","0.35","4","1.4197"
"2675.6","0.35","4","1.4197"
"2675.81","0.35","4","1.4197"
"2676.01","0.35","4","1.4197"
"2676.22","0.35","4","1.4197"
"2676.43","0.35","4","1.4197"
"2676.64","0.35","4","1.4197"
"2676.85","0.35","4","1.4197"
"2677.06","0.35","4","1.4197"
"2677.26","0.35","4","1.4197"
"2677.47","0.35","4","1.4197"
"2677.68","0.35","4","1.4197"
"2677.89","0.35","4","1.4197"
"2678.1","0.35","4","1.4197"
"2678.31","0.35","4","1.4197"
"2678.51","0.35","4","1.4197"
"2678.72","0.35","4","1.4197"
"2678.93","0.35","4","1.4197"
"2679.14","0.35","4","1.4197"
"2679.35","0.35","4","1.4197"
"2679.56","0.35","4","1.4197"
"2679.76","0.35","4","1.4197"
"2679.97","0.35","4","1.4197"
"2680.18","0.35","4","1.4197"
"2680.39","0.35","4","1.4197"
"2680.6","0.35","4","1.4197"
"2680.81","0.35","4","1.4197"
"2681.01","0.35","4","1.4197"
"2681.22","0.35","4","1.4197"
"2681.43","0.35","4","1.4197"
"2681.64","0.35","4","1.4197"
"2681.85","0.35","4","1.4197"
"2682.06","0.35","4","1.4197"
"2682.26","0.35","4","1.4197"
"2682.47","0.35","4","1.4197"
"2682.68","0.35","4","1.4197"
"2682.89","0.35","4","1.4197"
"2683.1","0.35","4","1.4197"
"2683.31","0.35","4","1.4197"
"2683.51","0.35","4","1.4197"
"2683.72","0.35","4","1.4197"
"2683.93","0.35","4","1.4197"
"2684.14","0.35","4","1.4197"
"2684.35","0.35","4","1.4197"
"2684.56","0.35","4","1.4197"
"2684.76","0.35","4","1.4197"
"2684.97","0.35","4","1.4197"
"2685.18","0.35","4","1.4197"
"2685.39","0.35","4","1.4197"
"2685.6","0.35","4","1.4197"
"2685.81","0.35","4","1.4197"
"2686.01","0.35","4","1.4197"
"2686.22","0.35","4","1.4197"
"2686.43","0.35","4","1.4197"
"2686.64","0.35","4","1.4197"
"2686.85","0.35","4","1.4197"
"2687.06","0.35","4","1.4197"
"2687.26","0.35","4","1.4197"
"2687.47","0.35","4","1.4197"
"2687.68","0.35","4","1.4197"
"2687.89","0.35","4","1.4197"
"2688.1","0.35","4","1.4197"
"2688.31","0.35","4","1.4197"
"2688.51","0.35","4","1.4197"
"2688.72","0.35","4","1.4197"
"2688.93","0.35","4","1.4197"
"2689.14","0.35","4","1.4197"
"2689.35","0.35","4","1.4197"
"2689.56","0.35","4","1.4197"
"2689.76","0.35","4","1.4197"
"2689.97","0.35","4","1.4197"
"2690.18","0.35","4","1.4197"
"2690.39","0.35","4","1.4197"
"2690.6","0.35","4","1.4197"
"2690.81","0.35","4","1.4197"
"2691.01","0.35","4","1.4197"
"2691.22","0.35","4","1.4197"
"2691.43","0.35","4","1.4197"
"2691.64","0.35","4","1.4197"
"2691.85","0.35","4","1.4197"
"2692.06","0.35","4","1.4197"
"2692.26","0.35","4","1.4197"
"2692.47","0.35","4","1.4197"
"2692.68","0.35","4","1.4197"
"2692.89","0.35","4","1.4197"
"2693.1","0.35","4","1.4197"
"2693.31","0.35","4","1.4197"
"2693.51","0.35","4","1.4197"
"2693.72","0.35","4","1.4197"
"2693.93","0.35","4","1.4197"
"2694.14","0.35","4","1.4197"
"2694.35","0.35","4","1.4197"
"2694.56","0.35","4","1.4197"
"2694.76","0.35","4","1.4197"
"2694.97","0.35","4","1.4197"
"2695.18","0.35","4","1.4197"
"2695.39","0.35","4","1.4197"
"2695.6","0.35","4","1.4197"
"2695.81","0.35","4","1.4197"
"2696.01","0.35","4","1.4197"
"2696.22","0.35","4","1.4197"
"2696.43","0.35","4","1.4197"
"2696.64","0.35","4","1.4197"
"2696.85","0.35","4","1.4197"
"2697.06","0.35","4","1.4197"
"2697.26","0.35","4","1.4197"
"2697.47","0.35","4","1.4197"
"2697.68","0.35","4","1.4197"
"2697.89","0.35","4","1.4197"
"2698.1","0.35","4","1.4197"
"2698.31","0.35","4","1.4197"
"2698.51","0.35","4","1.4197"
"2698.72","0.35","4","1.4197"
"2698.93","0.35","4","1.4197"
"2699.14","0.35","4","1.4197"
"2699.35","0.35","4","1.4197"
"2699.56","0.35","4","1.4197"
"2699.76","0.35","4","1.4197"
"2699.97","0.35","4","1.4197"
"2700.18","0.35","4","1.4197"
"2700.39","0.35","4","1.4197"
"2700.6","0.35","4","1.4197"
"2700.81","0.35","4","1.4197"
"2701.01","0.35","4","1.4197"
"2701.22","0.35","4","1.4197"
"2701.43","0.35","4","1.4197"
"2701.64","0.35","4","1.4197"
"2701.85","0.35","4","1.4197"
"2702.06","0.35","4","1.4197"
"2702.26","0.35","4","1.4197"
"2702.47","0.35","4","1.4197"
"2702.68","0.35","4","1.4197"
"2702.89","0.35","4","1.4197"
"2703.1","0.35","4","1.4197"
"2703.31","0.35","4","1.4197"
"2703.51","0.35","4","1.4197"
"2703.72","0.35","4","1.4197"
"2703.93","0.35","4","1.4197"
"2704.14","0.35","4","1.4197"
"2704.35","0.35","4","1.4197"
"2704.56","0.35","4","1.4197"
"2704.76","0.35","4","1.4197"
"2704.97","0.35","4","1.4197"
"2705.18","0.35","4","1.4197"
"2705.39","0.35","4","1.4197"
"2705.6","0.35","4","1.4197"
"2705.81","0.35","4","1.4197"
"2706.01","0.35","4","1.4197"
"2706.22","0.35","4","1.4197"
"2706.43","0.35","4","1.4197"
"2706.64","0.35","4","1.4197"
"2706.85","0.35","4","1.4197"
"2707.06","0.35","4","1.4197"
"2707.26","0.35","4","1.4197"
"2707.47","0.35","4","1.4197"
"2707.68","0.35","4","1.4197"
"2707.89","0.35","4","1.4197"
"2708.1","0.35","4","1.4197"
"2708.31","0.35","4","1.4197"
"2708.51","0.35","4","1.4197"
"2708.72","0.35","4","1.4197"
"2708.93","0.35","4","1.4197"
"2709.14","0.35","4","1.4197"
"2709.35","0.35","4","1.4197"
"2709.56","0.35","4","1.4197"
"2709.76","0.35","4","1.4197"
"2709.97","0.35","4","1.4197"
"2710.18","0.35","4","1.4197"
"2710.39","0.35","4","1.4197"
"2710.6","0.35","4","1.4197"
"2710.81","0.35","4","1.4197"
"2711.01","0.35","4","1.4197"
"2711.22","0.35","4","1.4197"
"2711.43","0.35","4","1.4197"
"2711.64","0.35","4","1.4197"
"2711.85","0.35","4","1.4197"
"2712.06","0.35","4","1.4197"
"2712.26","0.35","4","1.4197"
"2712.47","0.35","4","1.4197"
"2712.68","0.35","4","1.4197"
"2712.89","0.35","4","1.4197"
"2713.1","0.35","4","1.4197"
"2713.31","0.35","4","1.4197"
"2713.51","0.35","4","1.4197"
"2713.72","0.35","4","1.4197"
"2713.93","0.35","4","1.4197"
"2714.14","0.35","4","1.4197"
"2714.35","0.35","4","1.4197"
"2714.56","0.35","4","1.4197"
"2714.76","0.35","4","1.4197"
"2714.97","0.35","4","1.4197"
"2715.18","0.35","4","1.4197"
"2715.39","0.35","4","1.4197"
"2715.6","0.35","4","1.4197"
"2715.81","0.35","4","1.4197"
"2716.01","0.35","4","1.4197"
"2716.22","0.35","4","1.4197"
"2716.43","0.35","4","1.4197"
"2716.64","0.35","4","1.4197"
"2716.85","0.35","4","1.4197"
"2717.06","0.35","4","1.4197"
"2717.26","0.35","4","1.4197"
"2717.47","0.35","4","1.4197"
"2717.68","0.35","4","1.4197"
"2717.89","0.35","4","1.4197"
"2718.1","0.35","4","1.4197"
"2718.31","0.35","4","1.4197"
"2718.51","0.35","4","1.4197"
"2718.72","0.35","4","1.4197"
"2718.93","0.35","4","1.4197"
"2719.14","0.35","4","1.4197"
"2719.35","0.35","4","1.4197"
"2719.56","0.35","4","1.4197"
"2719.76","0.35","4","1.4197"
"2719.97","0.35","4","1.4197"
"2720.18","0.35","4","1.4197"
"2720.39","0.35","4","1.4197"
"2720.6","0.35","4","1.4197"
"2720.81","0.35","4","1.4197"
"2721.01","0.35","4","1.4197"
"2721.22","0.35","4","1.4197"
"2721.43","0.35","4","1.4197"
"2721.64","0.35","4","1.4197"
"2721.85","0.35","4","1.4197"
"2722.06","0.35","4","1.4197"
"2722.26","0.35","4","1.4197"
"2722.47","0.35","4","1.4197"
"2722.68","0.35","4","1.4197"
"2722.89","0.35","4","1.4197"
"2723.1","0.35","4","1.4197"
"2723.31","0.35","4","1.4197"
"2723.51","0.35","4","1.4197"
"2723.72","0.35","4","1.4197"
"2723.93","0.35","4","1.4197"
"2724.14","0.35","4","1.4197"
"2724.35","0.35","4","1.4197"
"2724.56","0.35","4","1.4197"
"2724.76","0.35","4","1.4197"
"2724.97","0.35","4","1.4197"
"2725.18","0.35","4","1.4197"
"2725.39","0.35","4","1.4197"
"2725.6","0.35","4","1.4197"
"2725.81","0.35","4","1.4197"
"2726.01","0.35","4","1.4197"
"2726.22","0.35","4","1.4197"
"2726.43","0.35","4","1.4197"
"2726.64","0.35","4","1.4197"
"2726.85","0.35","4","1.4197"
"2727.06","0.35","4","1.4197"
"2727.26","0.35","4","1.4197"
"2727.47","0.35","4","1.4197"
"2727.68","0.35","4","1.4197"
"2727.89","0.35","4","1.4197"
"2728.1","0.35","4","1.4197"
"2728.31","0.35","4","1.4197"
"2728.51","0.35","4","1.4197"
"2728.72","0.35","4","1.4197"
"2728.93","0.35","4","1.4197"
"2729.14","0.35","4","1.4197"
"2729.35","0.35","4","1.4197"
"2729.56","0.35","4","1.4197"
"2729.76","0.35","4","1.4197"
"2729.97","0.35","4","1.4197"
"2730.18","0.35","4","1.4197"
"2730.39","0.35","4","1.4197"
"2730.6","0.35","4","1.4197"
"2730.81","0.35","4","1.4197"
"2731.01","0.35","4","1.4197"
"2731.22","0.35","4","1.4197"
"2731.43","0.35","4","1.4197"
"2731.64","0.35","4","1.4197"
"2731.85","0.35","4","1.4197"
"2732.06","0.35","4","1.4197"
"2732.26","0.35","4","1.4197"
"2732.47","0.35","4","1.4197"
"2732.68","0.35","4","1.4197"
"2732.89","0.35","4","1.4197"
"2733.1","0.35","4","1.4197"
"2733.31","0.35","4","1.4197"
"2733.51","0.35","4","1.4197"
"2733.72","0.35","4","1.4197"
"2733.93","0.35","4","1.4197"
"2734.14","0.35","4","1.4197"
"2734.35","0.35","4","1.4197"
"2734.56","0.35","4","1.4197"
"2734.76","0.35","4","1.4197"
"2734.97","0.35","4","1.4197"
"2735.18","0.35","4","1.4197"
"2735.39","0.35","4","1.4197"
"2735.6","0.35","4","1.4197"
"2735.81","0.35","4","1.4197"
"2736.01","0.35","4","1.4197"
"2736.22","0.35","4","1.4197"
"2736.43","0.35","4","1.4197"
"2736.64","0.35","4","1.4197"
"2736.85","0.35","4","1.4197"
"2737.06","0.35","4","1.4197"
"2737.26","0.35","4","1.4197"
"2737.47","0.35","4","1.4197"
"2737.68","0.35","4","1.4197"
"2737.89","0.35","4","1.4197"
"2738.1","0.35","4","1.4197"
"2738.31","0.35","4","1.4197"
"2738.51","0.35","4","1.4197"
"2738.72","0.35","4","1.4197"
"2738.93","0.35","4","1.4197"
"2739.14","0.35","4","1.4197"
"2739.35","0.35","4","1.4197"
"2739.56","0.35","4","1.4197"
"2739.76","0.35","4","1.4197"
"2739.97","0.35","4","1.4197"
"2740.18","0.35","4","1.4197"
"2740.39","0.35","4","1.4197"
"2740.6","0.35","4","1.4197"
"2740.81","0.35","4","1.4197"
"2741.01","0.35","4","1.4197"
"2741.22","0.35","4","1.4197"
"2741.43","0.35","4","1.4197"
"2741.64","0.35","4","1.4197"
"2741.85","0.35","4","1.4197"
"2742.06","0.35","4","1.4197"
"2742.26","0.35","4","1.4197"
"2742.47","0.35","4","1.4197"
"2742.68","0.35","4","1.4197"
"2742.89","0.35","4","1.4197"
"2743.1","0.35","4","1.4197"
"2743.31","0.35","4","1.4197"
"2743.51","0.35","4","1.4197"
"2743.72","0.35","4","1.4197"
"2743.93","0.35","4","1.4197"
"2744.14","0.35","4","1.4197"
"2744.35","0.35","4","1.4197"
"2744.56","0.35","4","1.4197"
"2744.76","0.35","4","1.4197"
"2744.97","0.35","4","1.4197"
"2745.18","0.35","4","1.4197"
"2745.39","0.35","4","1.4197"
"2745.6","0.35","4","1.4197"
"2745.81","0.35","4","1.4197"
"2746.01","0.35","4","1.4197"
"2746.22","0.35","4","1.4197"
"2746.43","0.35","4","1.4197"
"2746.64","0.35","4","1.4197"
"2746.85","0.35","4","1.4197"
"2747.06","0.35","4","1.4197"
"2747.26","0.35","4","1.4197"
"2747.47","0.35","4","1.4197"
"2747.68","0.35","4","1.4197"
"2747.89","0.35","4","1.4197"
"2748.1","0.35","4","1.4197"
"2748.31","0.35","4","1.4197"
"2748.51","0.35","4","1.4197"
"2748.72","0.35","4","1.4197"
"2748.93","0.35","4","1.4197"
"2749.14","0.35","4","1.4197"
"2749.35","0.35","4","1.4197"
"2749.56","0.35","4","1.4197"
"2749.76","0.35","4","1.4197"
"2749.97","0.35","4","1.4197"
"2750.18","0.35","4","1.4197"
"2750.39","0.35","4","1.4197"
"2750.6","0.35","4","1.4197"
"2750.81","0.35","4","1.4197"
"2751.01","0.35","4","1.4197"
"2751.22","0.35","4","1.4197"
"2751.43","0.35","4","1.4197"
"2751.64","0.35","4","1.4197"
"2751.85","0.35","4","1.4197"
"2752.06","0.35","4","1.4197"
"2752.26","0.35","4","1.4197"
"2752.47","0.35","4","1.4197"
"2752.68","0.35","4","1.4197"
"2752.89","0.35","4","1.4197"
"2753.1","0.35","4","1.4197"
"2753.31","0.35","4","1.4197"
"2753.51","0.35","4","1.4197"
"2753.72","0.35","4","1.4197"
"2753.93","0.35","4","1.4197"
"2754.14","0.35","4","1.4197"
"2754.35","0.35","4","1.4197"
"2754.56","0.35","4","1.4197"
"2754.76","0.35","4","1.4197"
"2754.97","0.35","4","1.4197"
"2755.18","0.35","4","1.4197"
"2755.39","0.35","4","1.4197"
"2755.6","0.35","4","1.4197"
"2755.81","0.35","4","1.4197"
"2756.01","0.35","4","1.4197"
"2756.22","0.35","4","1.4197"
"2756.43","0.35","4","1.4197"
"2756.64","0.35","4","1.4197"
"2756.85","0.35","4","1.4197"
"2757.06","0.35","4","1.4197"
"2757.26","0.35","4","1.4197"
"2757.47","0.35","4","1.4197"
"2757.68","0.35","4","1.4197"
"2757.89","0.35","4","1.4197"
"2758.1","0.35","4","1.4197"
"2758.31","0.35","4","1.4197"
"2758.51","0.35","4","1.4197"
"2758.72","0.35","4","1.4197"
"2758.93","0.35","4","1.4197"
"2759.14","0.35","4","1.4197"
"2759.35","0.35","4","1.4197"
"2759.56","0.35","4","1.4197"
"2759.76","0.35","4","1.4197"
"2759.97","0.35","4","1.4197"
"2760.18","0.35","4","1.4197"
"2760.39","0.35","4","1.4197"
"2760.6","0.35","4","1.4197"
"2760.81","0.35","4","1.4197"
"2761.01","0.35","4","1.4197"
"2761.22","0.35","4","1.4197"
"2761.43","0.35","4","1.4197"
"2761.64","0.35","4","1.4197"
"2761.85","0.35","4","1.4197"
"2762.06","0.35","4","1.4197"
"2762.26","0.35","4","1.4197"
"2762.47","0.35","4","1.4197"
"2762.68","0.35","4","1.4197"
"2762.89","0.35","4","1.4197"
"2763.1","0.35","4","1.4197"
"2763.31","0.35","4","1.4197"
"2763.51","0.35","4","1.4197"
"2763.72","0.35","4","1.4197"
"2763.93","0.35","4","1.4197"
"2764.14","0.35","4","1.4197"
"2764.35","0.35","4","1.4197"
"2764.56","0.35","4","1.4197"
"2764.76","0.35","4","1.4197"
"2764.97","0.35","4","1.4197"
"2765.18","0.35","4","1.4197"
"2765.39","0.35","4","1.4197"
"2765.6","0.35","4","1.4197"
"2765.81","0.35","4","1.4197"
"2766.01","0.35","4","1.4197"
"2766.22","0.35","4","1.4197"
"2766.43","0.35","4","1.4197"
"2766.64","0.35","4","1.4197"
"2766.85","0.35","4","1.4197"
"2767.06","0.35","4","1.4197"
"2767.26","0.35","4","1.4197"
"2767.47","0.35","4","1.4197"
"2767.68","0.35","4","1.4197"
"2767.89","0.35","4","1.4197"
"2768.1","0.35","4","1.4197"
"2768.31","0.35","4","1.4197"
"2768.51","0.35","4","1.4197"
"2768.72","0.35","4","1.4197"
"2768.93","0.35","4","1.4197"
"2769.14","0.35","4","1.4197"
"2769.35","0.35","4","1.4197"
"2769.56","0.35","4","1.4197"
"2769.76","0.35","4","1.4197"
"2769.97","0.35","4","1.4197"
"2770.18","0.35","4","1.4197"
"2770.39","0.35","4","1.4197"
"2770.6","0.35","4","1.4197"
"2770.81","0.35","4","1.4197"
"2771.01","0.35","4","1.4197"
"2771.22","0.35","4","1.4197"
"2771.43","0.35","4","1.4197"
"2771.64","0.35","4","1.4197"
"2771.85","0.35","4","1.4197"
"2772.06","0.35","4","1.4197"
"2772.26","0.35","4","1.4197"
"2772.47","0.35","4","1.4197"
"2772.68","0.35","4","1.4197"
"2772.89","0.35","4","1.4197"
"2773.1","0.35","4","1.4197"
"2773.31","0.35","4","1.4197"
"2773.51","0.35","4","1.4197"
"2773.72","0.35","4","1.4197"
"2773.93","0.35","4","1.4197"
"2774.14","0.35","4","1.4197"
"2774.35","0.35","4","1.4197"
"2774.56","0.35","4","1.4197"
"2774.76","0.35","4","1.4197"
"2774.97","0.35","4","1.4197"
"2775.18","0.35","4","1.4197"
"2775.39","0.35","4","1.4197"
"2775.6","0.35","4","1.4197"
"2775.81","0.35","4","1.4197"
"2776.01","0.35","4","1.4197"
"2776.22","0.35","4","1.4197"
"2776.43","0.35","4","1.4197"
"2776.64","0.35","4","1.4197"
"2776.85","0.35","4","1.4197"
"2777.06","0.35","4","1.4197"
"2777.26","0.35","4","1.4197"
"2777.47","0.35","4","1.4197"
"2777.68","0.35","4","1.4197"
"2777.89","0.35","4","1.4197"
"2778.1","0.35","4","1.4197"
"2778.31","0.35","4","1.4197"
"2778.51","0.35","4","1.4197"
"2778.72","0.35","4","1.4197"
"2778.93","0.35","4","1.4197"
"2779.14","0.35","4","1.4197"
"2779.35","0.35","4","1.4197"
"2779.56","0.35","4","1.4197"
"2779.76","0.35","4","1.4197"
"2779.97","0.35","4","1.4197"
"2780.18","0.35","4","1.4197"
"2780.39","0.35","4","1.4197"
"2780.6","0.35","4","1.4197"
"2780.81","0.35","4","1.4197"
"2781.01","0.35","4","1.4197"
"2781.22","0.35","4","1.4197"
"2781.43","0.35","4","1.4197"
"2781.64","0.35","4","1.4197"
"2781.85","0.35","4","1.4197"
"2782.06","0.35","4","1.4197"
"2782.26","0.35","4","1.4197"
"2782.47","0.35","4","1.4197"
"2782.68","0.35","4","1.4197"
"2782.89","0.35","4","1.4197"
"2783.1","0.35","4","1.4197"
"2783.31","0.35","4","1.4197"
"2783.51","0.35","4","1.4197"
"2783.72","0.35","4","1.4197"
"2783.93","0.35","4","1.4197"
"2784.14","0.35","4","1.4197"
"2784.35","0.35","4","1.4197"
"2784.56","0.35","4","1.4197"
"2784.76","0.35","4","1.4197"
"2784.97","0.35","4","1.4197"
"2785.18","0.35","4","1.4197"
"2785.39","0.35","4","1.4197"
"2785.6","0.35","4","1.4197"
"2785.81","0.35","4","1.4197"
"2786.01","0.35","4","1.4197"
"2786.22","0.35","4","1.4197"
"2786.43","0.35","4","1.4197"
"2786.64","0.35","4","1.4197"
"2786.85","0.35","4","1.4197"
"2787.06","0.35","4","1.4197"
"2787.26","0.35","4","1.4197"
"2787.47","0.35","4","1.4197"
"2787.68","0.35","4","1.4197"
"2787.89","0.35","4","1.4197"
"2788.1","0.35","4","1.4197"
"2788.31","0.35","4","1.4197"
"2788.51","0.35","4","1.4197"
"2788.72","0.35","4","1.4197"
"2788.93","0.35","4","1.4197"
"2789.14","0.35","4","1.4197"
"2789.35","0.35","4","1.4197"
"2789.56","0.35","4","1.4197"
"2789.76","0.35","4","1.4197"
"2789.97","0.35","4","1.4197"
"2790.18","0.35","4","1.4197"
"2790.39","0.35","4","1.4197"
"2790.6","0.35","4","1.4197"
"2790.81","0.35","4","1.4197"
"2791.01","0.35","4","1.4197"
"2791.22","0.35","4","1.4197"
"2791.43","0.35","4","1.4197"
"2791.64","0.35","4","1.4197"
"2791.85","0.35","4","1.4197"
"2792.06","0.35","4","1.4197"
"2792.26","0.35","4","1.4197"
"2792.47","0.35","4","1.4197"
"2792.68","0.35","4","1.4197"
"2792.89","0.35","4","1.4197"
"2793.1","0.35","4","1.4197"
"2793.31","0.35","4","1.4197"
"2793.51","0.35","4","1.4197"
"2793.72","0.35","4","1.4197"
"2793.93","0.35","4","1.4197"
"2794.14","0.35","4","1.4197"
"2794.35","0.35","4","1.4197"
"2794.56","0.35","4","1.4197"
"2794.76","0.35","4","1.4197"
"2794.97","0.35","4","1.4197"
"2795.18","0.35","4","1.4197"
"2795.39","0.35","4","1.4197"
"2795.6","0.35","4","1.4197"
"2795.81","0.35","4","1.4197"
"2796.01","0.35","4","1.4197"
"2796.22","0.35","4","1.4197"
"2796.43","0.35","4","1.4197"
"2796.64","0.35","4","1.4197"
"2796.85","0.35","4","1.4197"
"2797.06","0.35","4","1.4197"
"2797.26","0.35","4","1.4197"
"2797.47","0.35","4","1.4197"
"2797.68","0.35","4","1.4197"
"2797.89","0.35","4","1.4197"
"2798.1","0.35","4","1.4197"
"2798.31","0.35","4","1.4197"
"2798.51","0.35","4","1.4197"
"2798.72","0.35","4","1.4197"
"2798.93","0.35","4","1.4197"
"2799.14","0.35","4","1.4197"
"2799.35","0.35","4","1.4197"
"2799.56","0.35","4","1.4197"
"2799.76","0.35","4","1.4197"
"2799.97","0.35","4","1.4197"
"2800.18","0.35","4","1.4197"
"2800.39","0.35","4","1.4197"
"2800.6","0.35","4","1.4197"
"2800.81","0.35","4","1.4197"
"2801.01","0.35","4","1.4197"
"2801.22","0.35","4","1.4197"
"2801.43","0.35","4","1.4197"
"2801.64","0.35","4","1.4197"
"2801.85","0.35","4","1.4197"
"2802.06","0.35","4","1.4197"
"2802.26","0.35","4","1.4197"
"2802.47","0.35","4","1.4197"
"2802.68","0.35","4","1.4197"
"2802.89","0.35","4","1.4197"
"2803.1","0.35","4","1.4197"
"2803.31","0.35","4","1.4197"
"2803.51","0.35","4","1.4197"
"2803.72","0.35","4","1.4197"
"2803.93","0.35","4","1.4197"
"2804.14","0.35","4","1.4197"
"2804.35","0.35","4","1.4197"
"2804.56","0.35","4","1.4197"
"2804.76","0.35","4","1.4197"
"2804.97","0.35","4","1.4197"
"2805.18","0.35","4","1.4197"
"2805.39","0.35","4","1.4197"
"2805.6","0.35","4","1.4197"
"2805.81","0.35","4","1.4197"
"2806.01","0.35","4","1.4197"
"2806.22","0.35","4","1.4197"
"2806.43","0.35","4","1.4197"
"2806.64","0.35","4","1.4197"
"2806.85","0.35","4","1.4197"
"2807.06","0.35","4","1.4197"
"2807.26","0.35","4","1.4197"
"2807.47","0.35","4","1.4197"
"2807.68","0.35","4","1.4197"
"2807.89","0.35","4","1.4197"
"2808.1","0.35","4","1.4197"
"2808.31","0.35","4","1.4197"
"2808.51","0.35","4","1.4197"
"2808.72","0.35","4","1.4197"
"2808.93","0.35","4","1.4197"
"2809.14","0.35","4","1.4197"
"2809.35","0.35","4","1.4197"
"2809.56","0.35","4","1.4197"
"2809.76","0.35","4","1.4197"
"2809.97","0.35","4","1.4197"
"2810.18","0.35","4","1.4197"
"2810.39","0.35","4","1.4197"
"2810.6","0.35","4","1.4197"
"2810.81","0.35","4","1.4197"
"2811.01","0.35","4","1.4197"
"2811.22","0.35","4","1.4197"
"2811.43","0.35","4","1.4197"
"2811.64","0.35","4","1.4197"
"2811.85","0.35","4","1.4197"
"2812.06","0.35","4","1.4197"
"2812.26","0.35","4","1.4197"
"2812.47","0.35","4","1.4197"
"2812.68","0.35","4","1.4197"
"2812.89","0.35","4","1.4197"
"2813.1","0.35","4","1.4197"
"2813.31","0.35","4","1.4197"
"2813.51","0.35","4","1.4197"
"2813.72","0.35","4","1.4197"
"2813.93","0.35","4","1.4197"
"2814.14","0.35","4","1.4197"
"2814.35","0.35","4","1.4197"
"2814.56","0.35","4","1.4197"
"2814.76","0.35","4","1.4197"
"2814.97","0.35","4","1.4197"
"2815.18","0.35","4","1.4197"
"2815.39","0.35","4","1.4197"
"2815.6","0.35","4","1.4197"
"2815.81","0.35","4","1.4197"
"2816.01","0.35","4","1.4197"
"2816.22","0.35","4","1.4197"
"2816.43","0.35","4","1.4197"
"2816.64","0.35","4","1.4197"
"2816.85","0.35","4","1.4197"
"2817.06","0.35","4","1.4197"
"2817.26","0.35","4","1.4197"
"2817.47","0.35","4","1.4197"
"2817.68","0.35","4","1.4197"
"2817.89","0.35","4","1.4197"
"2818.1","0.35","4","1.4197"
"2818.31","0.35","4","1.4197"
"2818.51","0.35","4","1.4197"
"2818.72","0.35","4","1.4197"
"2818.93","0.35","4","1.4197"
"2819.14","0.35","4","1.4197"
"2819.35","0.35","4","1.4197"
"2819.56","0.35","4","1.4197"
"2819.76","0.35","4","1.4197"
"2819.97","0.35","4","1.4197"
"2820.18","0.35","4","1.4197"
"2820.39","0.35","4","1.4197"
"2820.6","0.35","4","1.4197"
"2820.81","0.35","4","1.4197"
"2821.01","0.35","4","1.4197"
"2821.22","0.35","4","1.4197"
"2821.43","0.35","4","1.4197"
"2821.64","0.35","4","1.4197"
"2821.85","0.35","4","1.4197"
"2822.06","0.35","4","1.4197"
"2822.26","0.35","4","1.4197"
"2822.47","0.35","4","1.4197"
"2822.68","0.35","4","1.4197"
"2822.89","0.35","4","1.4197"
"2823.1","0.35","4","1.4197"
"2823.31","0.35","4","1.4197"
"2823.51","0.35","4","1.4197"
"2823.72","0.35","4","1.4197"
"2823.93","0.35","4","1.4197"
"2824.14","0.35","4","1.4197"
"2824.35","0.35","4","1.4197"
"2824.56","0.35","4","1.4197"
"2824.76","0.35","4","1.4197"
"2824.97","0.35","4","1.4197"
"2825.18","0.35","4","1.4197"
"2825.39","0.35","4","1.4197"
"2825.6","0.35","4","1.4197"
"2825.81","0.35","4","1.4197"
"2826.01","0.35","4","1.4197"
"2826.22","0.35","4","1.4197"
"2826.43","0.35","4","1.4197"
"2826.64","0.35","4","1.4197"
"2826.85","0.35","4","1.4197"
"2827.06","0.35","4","1.4197"
"2827.26","0.35","4","1.4197"
"2827.47","0.35","4","1.4197"
"2827.68","0.35","4","1.4197"
"2827.89","0.35","4","1.4197"
"2828.1","0.35","4","1.4197"
"2828.31","0.35","4","1.4197"
"2828.51","0.35","4","1.4197"
"2828.72","0.35","4","1.4197"
"2828.93","0.35","4","1.4197"
"2829.14","0.35","4","1.4197"
"2829.35","0.35","4","1.4197"
"2829.56","0.35","4","1.4197"
"2829.76","0.35","4","1.4197"
"2829.97","0.35","4","1.4197"
"2830.18","0.35","4","1.4197"
"2830.39","0.35","4","1.4197"
"2830.6","0.35","4","1.4197"
"2830.81","0.35","4","1.4197"
"2831.01","0.35","4","1.4197"
"2831.22","0.35","4","1.4197"
"2831.43","0.35","4","1.4197"
"2831.64","0.35","4","1.4197"
"2831.85","0.35","4","1.4197"
"2832.06","0.35","4","1.4197"
"2832.26","0.35","4","1.4197"
"2832.47","0.35","4","1.4197"
"2832.68","0.35","4","1.4197"
"2832.89","0.35","4","1.4197"
"2833.1","0.35","4","1.4197"
"2833.31","0.35","4","1.4197"
"2833.51","0.35","4","1.4197"
"2833.72","0.35","4","1.4197"
"2833.93","0.35","4","1.4197"
"2834.14","0.35","4","1.4197"
"2834.35","0.35","4","1.4197"
"2834.56","0.35","4","1.4197"
"2834.76","0.35","4","1.4197"
"2834.97","0.35","4","1.4197"
"2835.18","0.35","4","1.4197"
"2835.39","0.35","4","1.4197"
"2835.6","0.35","4","1.4197"
"2835.81","0.35","4","1.4197"
"2836.01","0.35","4","1.4197"
"2836.22","0.35","4","1.4197"
"2836.43","0.35","4","1.4197"
"2836.64","0.35","4","1.4197"
"2836.85","0.35","4","1.4197"
"2837.06","0.35","4","1.4197"
"2837.26","0.35","4","1.4197"
"2837.47","0.35","4","1.4197"
"2837.68","0.35","4","1.4197"
"2837.89","0.35","4","1.4197"
"2838.1","0.35","4","1.4197"
"2838.31","0.35","4","1.4197"
"2838.51","0.35","4","1.4197"
"2838.72","0.35","4","1.4197"
"2838.93","0.35","4","1.4197"
"2839.14","0.35","4","1.4197"
"2839.35","0.35","4","1.4197"
"2839.56","0.35","4","1.4197"
"2839.76","0.35","4","1.4197"
"2839.97","0.35","4","1.4197"
"2840.18","0.35","4","1.4197"
"2840.39","0.35","4","1.4197"
"2840.6","0.35","4","1.4197"
"2840.81","0.35","4","1.4197"
"2841.01","0.35","4","1.4197"
"2841.22","0.35","4","1.4197"
"2841.43","0.35","4","1.4197"
"2841.64","0.35","4","1.4197"
"2841.85","0.35","4","1.4197"
"2842.06","0.35","4","1.4197"
"2842.26","0.35","4","1.4197"
"2842.47","0.35","4","1.4197"
"2842.68","0.35","4","1.4197"
"2842.89","0.35","4","1.4197"
"2843.1","0.35","4","1.4197"
"2843.31","0.35","4","1.4197"
"2843.51","0.35","4","1.4197"
"2843.72","0.35","4","1.4197"
"2843.93","0.35","4","1.4197"
"2844.14","0.35","4","1.4197"
"2844.35","0.35","4","1.4197"
"2844.56","0.35","4","1.4197"
"2844.76","0.35","4","1.4197"
"2844.97","0.35","4","1.4197"
"2845.18","0.35","4","1.4197"
"2845.39","0.35","4","1.4197"
"2845.6","0.35","4","1.4197"
"2845.81","0.35","4","1.4197"
"2846.01","0.35","4","1.4197"
"2846.22","0.35","4","1.4197"
"2846.43","0.35","4","1.4197"
"2846.64","0.35","4","1.4197"
"2846.85","0.35","4","1.4197"
"2847.06","0.35","4","1.4197"
"2847.26","0.35","4","1.4197"
"2847.47","0.35","4","1.4197"
"2847.68","0.35","4","1.4197"
"2847.89","0.35","4","1.4197"
"2848.1","0.35","4","1.4197"
"2848.31","0.35","4","1.4197"
"2848.51","0.35","4","1.4197"
"2848.72","0.35","4","1.4197"
"2848.93","0.35","4","1.4197"
"2849.14","0.35","4","1.4197"
"2849.35","0.35","4","1.4197"
"2849.56","0.35","4","1.4197"
"2849.76","0.35","4","1.4197"
"2849.97","0.35","4","1.4197"
"2850.18","0.35","4","1.4197"
"2850.39","0.35","4","1.4197"
"2850.6","0.35","4","1.4197"
"2850.81","0.35","4","1.4197"
"2851.01","0.35","4","1.4197"
"2851.22","0.35","4","1.4197"
"2851.43","0.35","4","1.4197"
"2851.64","0.35","4","1.4197"
"2851.85","0.35","4","1.4197"
"2852.06","0.35","4","1.4197"
"2852.26","0.35","4","1.4197"
"2852.47","0.35","4","1.4197"
"2852.68","0.35","4","1.4197"
"2852.89","0.35","4","1.4197"
"2853.1","0.35","4","1.4197"
"2853.31","0.35","4","1.4197"
"2853.51","0.35","4","1.4197"
"2853.72","0.35","4","1.4197"
"2853.93","0.35","4","1.4197"
"2854.14","0.35","4","1.4197"
"2854.35","0.35","4","1.4197"
"2854.56","0.35","4","1.4197"
"2854.76","0.35","4","1.4197"
"2854.97","0.35","4","1.4197"
"2855.18","0.35","4","1.4197"
"2855.39","0.35","4","1.4197"
"2855.6","0.35","4","1.4197"
"2855.81","0.35","4","1.4197"
"2856.01","0.35","4","1.4197"
"2856.22","0.35","4","1.4197"
"2856.43","0.35","4","1.4197"
"2856.64","0.35","4","1.4197"
"2856.85","0.35","4","1.4197"
"2857.06","0.35","4","1.4197"
"2857.26","0.35","4","1.4197"
"2857.47","0.35","4","1.4197"
"2857.68","0.35","4","1.4197"
"2857.89","0.35","4","1.4197"
"2858.1","0.35","4","1.4197"
"2858.31","0.35","4","1.4197"
"2858.51","0.35","4","1.4197"
"2858.72","0.35","4","1.4197"
"2858.93","0.35","4","1.4197"
"2859.14","0.35","4","1.4197"
"2859.35","0.35","4","1.4197"
"2859.56","0.35","4","1.4197"
"2859.76","0.35","4","1.4197"
"2859.97","0.35","4","1.4197"
"2860.18","0.35","4","1.4197"
"2860.39","0.35","4","1.4197"
"2860.6","0.35","4","1.4197"
"2860.81","0.35","4","1.4197"
"2861.01","0.35","4","1.4197"
"2861.22","0.35","4","1.4197"
"2861.43","0.35","4","1.4197"
"2861.64","0.35","4","1.4197"
"2861.85","0.35","4","1.4197"
"2862.06","0.35","4","1.4197"
"2862.26","0.35","4","1.4197"
"2862.47","0.35","4","1.4197"
"2862.68","0.35","4","1.4197"
"2862.89","0.35","4","1.4197"
"2863.1","0.35","4","1.4197"
"2863.31","0.35","4","1.4197"
"2863.51","0.35","4","1.4197"
"2863.72","0.35","4","1.4197"
"2863.93","0.35","4","1.4197"
"2864.14","0.35","4","1.4197"
"2864.35","0.35","4","1.4197"
"2864.56","0.35","4","1.4197"
"2864.76","0.35","4","1.4197"
"2864.97","0.35","4","1.4197"
"2865.18","0.35","4","1.4197"
"2865.39","0.35","4","1.4197"
"2865.6","0.35","4","1.4197"
"2865.81","0.35","4","1.4197"
"2866.01","0.35","4","1.4197"
"2866.22","0.35","4","1.4197"
"2866.43","0.35","4","1.4197"
"2866.64","0.35","4","1.4197"
"2866.85","0.35","4","1.4197"
"2867.06","0.35","4","1.4197"
"2867.26","0.35","4","1.4197"
"2867.47","0.35","4","1.4197"
"2867.68","0.35","4","1.4197"
"2867.89","0.35","4","1.4197"
"2868.1","0.35","4","1.4197"
"2868.31","0.35","4","1.4197"
"2868.51","0.35","4","1.4197"
"2868.72","0.35","4","1.4197"
"2868.93","0.35","4","1.4197"
"2869.14","0.35","4","1.4197"
"2869.35","0.35","4","1.4197"
"2869.56","0.35","4","1.4197"
"2869.76","0.35","4","1.4197"
"2869.97","0.35","4","1.4197"
"2870.18","0.35","4","1.4197"
"2870.39","0.35","4","1.4197"
"2870.6","0.35","4","1.4197"
"2870.81","0.35","4","1.4197"
"2871.01","0.35","4","1.4197"
"2871.22","0.35","4","1.4197"
"2871.43","0.35","4","1.4197"
"2871.64","0.35","4","1.4197"
"2871.85","0.35","4","1.4197"
"2872.06","0.35","4","1.4197"
"2872.26","0.35","4","1.4197"
"2872.47","0.35","4","1.4197"
"2872.68","0.35","4","1.4197"
"2872.89","0.35","4","1.4197"
"2873.1","0.35","4","1.4197"
"2873.31","0.35","4","1.4197"
"2873.51","0.35","4","1.4197"
"2873.72","0.35","4","1.4197"
"2873.93","0.35","4","1.4197"
"2874.14","0.35","4","1.4197"
"2874.35","0.35","4","1.4197"
"2874.56","0.35","4","1.4197"
"2874.76","0.35","4","1.4197"
"2874.97","0.35","4","1.4197"
"2875.18","0.35","4","1.4197"
"2875.39","0.35","4","1.4197"
"2875.6","0.35","4","1.4197"
"2875.81","0.35","4","1.4197"
"2876.01","0.35","4","1.4197"
"2876.22","0.35","4","1.4197"
"2876.43","0.35","4","1.4197"
"2876.64","0.35","4","1.4197"
"2876.85","0.35","4","1.4197"
"2877.06","0.35","4","1.4197"
"2877.26","0.35","4","1.4197"
"2877.47","0.35","4","1.4197"
"2877.68","0.35","4","1.4197"
"2877.89","0.35","4","1.4197"
"2878.1","0.35","4","1.4197"
"2878.31","0.35","4","1.4197"
"2878.51","0.35","4","1.4197"
"2878.72","0.35","4","1.4197"
"2878.93","0.35","4","1.4197"
"2879.14","0.35","4","1.4197"
"2879.35","0.35","4","1.4197"
"2879.56","0.35","4","1.4197"
"2879.76","0.35","4","1.4197"
"2879.97","0.35","4","1.4197"
"2880.18","0.35","4","1.4197"
"2880.39","0.35","4","1.4197"
"2880.6","0.35","4","1.4197"
"2880.81","0.35","4","1.4197"
"2881.01","0.35","4","1.4197"
"2881.22","0.35","4","1.4197"
"2881.43","0.35","4","1.4197"
"2881.64","0.35","4","1.4197"
"2881.85","0.35","4","1.4197"
"2882.06","0.35","4","1.4197"
"2882.26","0.35","4","1.4197"
"2882.47","0.35","4","1.4197"
"2882.68","0.35","4","1.4197"
"2882.89","0.35","4","1.4197"
"2883.1","0.35","4","1.4197"
"2883.31","0.35","4","1.4197"
"2883.51","0.35","4","1.4197"
"2883.72","0.35","4","1.4197"
"2883.93","0.35","4","1.4197"
"2884.14","0.35","4","1.4197"
"2884.35","0.35","4","1.4197"
"2884.56","0.35","4","1.4197"
"2884.76","0.35","4","1.4197"
"2884.97","0.35","4","1.4197"
"2885.18","0.35","4","1.4197"
"2885.39","0.35","4","1.4197"
"2885.6","0.35","4","1.4197"
"2885.81","0.35","4","1.4197"
"2886.01","0.35","4","1.4197"
"2886.22","0.35","4","1.4197"
"2886.43","0.35","4","1.4197"
"2886.64","0.35","4","1.4197"
"2886.85","0.35","4","1.4197"
"2887.06","0.35","4","1.4197"
"2887.26","0.35","4","1.4197"
"2887.47","0.35","4","1.4197"
"2887.68","0.35","4","1.4197"
"2887.89","0.35","4","1.4197"
"2888.1","0.35","4","1.4197"
"2888.31","0.35","4","1.4197"
"2888.51","0.35","4","1.4197"
"2888.72","0.35","4","1.4197"
"2888.93","0.35","4","1.4197"
"2889.14","0.35","4","1.4197"
"2889.35","0.35","4","1.4197"
"2889.56","0.35","4","1.4197"
"2889.76","0.35","4","1.4197"
"2889.97","0.35","4","1.4197"
"2890.18","0.35","4","1.4197"
"2890.39","0.35","4","1.4197"
"2890.6","0.35","4","1.4197"
"2890.81","0.35","4","1.4197"
"2891.01","0.35","4","1.4197"
"2891.22","0.35","4","1.4197"
"2891.43","0.35","4","1.4197"
"2891.64","0.35","4","1.4197"
"2891.85","0.35","4","1.4197"
"2892.06","0.35","4","1.4197"
"2892.26","0.35","4","1.4197"
"2892.47","0.35","4","1.4197"
"2892.68","0.35","4","1.4197"
"2892.89","0.35","4","1.4197"
"2893.1","0.35","4","1.4197"
"2893.31","0.35","4","1.4197"
"2893.51","0.35","4","1.4197"
"2893.72","0.35","4","1.4197"
"2893.93","0.35","4","1.4197"
"2894.14","0.35","4","1.4197"
"2894.35","0.35","4","1.4197"
"2894.56","0.35","4","1.4197"
"2894.76","0.35","4","1.4197"
"2894.97","0.35","4","1.4197"
"2895.18","0.35","4","1.4197"
"2895.39","0.35","4","1.4197"
"2895.6","0.35","4","1.4197"
"2895.81","0.35","4","1.4197"
"2896.01","0.35","4","1.4197"
"2896.22","0.35","4","1.4197"
"2896.43","0.35","4","1.4197"
"2896.64","0.35","4","1.4197"
"2896.85","0.35","4","1.4197"
"2897.06","0.35","4","1.4197"
"2897.26","0.35","4","1.4197"
"2897.47","0.35","4","1.4197"
"2897.68","0.35","4","1.4197"
"2897.89","0.35","4","1.4197"
"2898.1","0.35","4","1.4197"
"2898.31","0.35","4","1.4197"
"2898.51","0.35","4","1.4197"
"2898.72","0.35","4","1.4197"
"2898.93","0.35","4","1.4197"
"2899.14","0.35","4","1.4197"
"2899.35","0.35","4","1.4197"
"2899.56","0.35","4","1.4197"
"2899.76","0.35","4","1.4197"
"2899.97","0.35","4","1.4197"
"2900.18","0.35","4","1.4197"
"2900.39","0.35","4","1.4197"
"2900.6","0.35","4","1.4197"
"2900.81","0.35","4","1.4197"
"2901.01","0.35","4","1.4197"
"2901.22","0.35","4","1.4197"
"2901.43","0.35","4","1.4197"
"2901.64","0.35","4","1.4197"
"2901.85","0.35","4","1.4197"
"2902.06","0.35","4","1.4197"
"2902.26","0.35","4","1.4197"
"2902.47","0.35","4","1.4197"
"2902.68","0.35","4","1.4197"
"2902.89","0.35","4","1.4197"
"2903.1","0.35","4","1.4197"
"2903.31","0.35","4","1.4197"
"2903.51","0.35","4","1.4197"
"2903.72","0.35","4","1.4197"
"2903.93","0.35","4","1.4197"
"2904.14","0.35","4","1.4197"
"2904.35","0.35","4","1.4197"
"2904.56","0.35","4","1.4197"
"2904.76","0.35","4","1.4197"
"2904.97","0.35","4","1.4197"
"2905.18","0.35","4","1.4197"
"2905.39","0.35","4","1.4197"
"2905.6","0.35","4","1.4197"
"2905.81","0.35","4","1.4197"
"2906.01","0.35","4","1.4197"
"2906.22","0.35","4","1.4197"
"2906.43","0.35","4","1.4197"
"2906.64","0.35","4","1.4197"
"2906.85","0.35","4","1.4197"
"2907.06","0.35","4","1.4197"
"2907.26","0.35","4","1.4197"
"2907.47","0.35","4","1.4197"
"2907.68","0.35","4","1.4197"
"2907.89","0.35","4","1.4197"
"2908.1","0.35","4","1.4197"
"2908.31","0.35","4","1.4197"
"2908.51","0.35","4","1.4197"
"2908.72","0.35","4","1.4197"
"2908.93","0.35","4","1.4197"
"2909.14","0.35","4","1.4197"
"2909.35","0.35","4","1.4197"
"2909.56","0.35","4","1.4197"
"2909.76","0.35","4","1.4197"
"2909.97","0.35","4","1.4197"
"2910.18","0.35","4","1.4197"
"2910.39","0.35","4","1.4197"
"2910.6","0.35","4","1.4197"
"2910.81","0.35","4","1.4197"
"2911.01","0.35","4","1.4197"
"2911.22","0.35","4","1.4197"
"2911.43","0.35","4","1.4197"
"2911.64","0.35","4","1.4197"
"2911.85","0.35","4","1.4197"
"2912.06","0.35","4","1.4197"
"2912.26","0.35","4","1.4197"
"2912.47","0.35","4","1.4197"
"2912.68","0.35","4","1.4197"
"2912.89","0.35","4","1.4197"
"2913.1","0.35","4","1.4197"
"2913.31","0.35","4","1.4197"
"2913.51","0.35","4","1.4197"
"2913.72","0.35","4","1.4197"
"2913.93","0.35","4","1.4197"
"2914.14","0.35","4","1.4197"
"2914.35","0.35","4","1.4197"
"2914.56","0.35","4","1.4197"
"2914.76","0.35","4","1.4197"
"2914.97","0.35","4","1.4197"
"2915.18","0.35","4","1.4197"
"2915.39","0.35","4","1.4197"
"2915.6","0.35","4","1.4197"
"2915.81","0.35","4","1.4197"
"2916.01","0.35","4","1.4197"
"2916.22","0.35","4","1.4197"
"2916.43","0.35","4","1.4197"
"2916.64","0.35","4","1.4197"
"2916.85","0.35","4","1.4197"
"2917.06","0.35","4","1.4197"
"2917.26","0.35","4","1.4197"
"2917.47","0.35","4","1.4197"
"2917.68","0.35","4","1.4197"
"2917.89","0.35","4","1.4197"
"2918.1","0.35","4","1.4197"
"2918.31","0.35","4","1.4197"
"2918.51","0.35","4","1.4197"
"2918.72","0.35","4","1.4197"
"2918.93","0.35","4","1.4197"
"2919.14","0.35","4","1.4197"
"2919.35","0.35","4","1.4197"
"2919.56","0.35","4","1.4197"
"2919.76","0.35","4","1.4197"
"2919.97","0.35","4","1.4197"
"2920.18","0.35","4","1.4197"
"2920.39","0.35","4","1.4197"
"2920.6","0.35","4","1.4197"
"2920.81","0.35","4","1.4197"
"2921.01","0.35","4","1.4197"
"2921.22","0.35","4","1.4197"
"2921.43","0.35","4","1.4197"
"2921.64","0.35","4","1.4197"
"2921.85","0.35","4","1.4197"
"2922.06","0.35","4","1.4197"
"2922.26","0.35","4","1.4197"
"2922.47","0.35","4","1.4197"
"2922.68","0.35","4","1.4197"
"2922.89","0.35","4","1.4197"
"2923.1","0.35","4","1.4197"
"2923.31","0.35","4","1.4197"
"2923.51","0.35","4","1.4197"
"2923.72","0.35","4","1.4197"
"2923.93","0.35","4","1.4197"
"2924.14","0.35","4","1.4197"
"2924.35","0.35","4","1.4197"
"2924.56","0.35","4","1.4197"
"2924.76","0.35","4","1.4197"
"2924.97","0.35","4","1.4197"
"2925.18","0.35","4","1.4197"
"2925.39","0.35","4","1.4197"
"2925.6","0.35","4","1.4197"
"2925.81","0.35","4","1.4197"
"2926.01","0.35","4","1.4197"
"2926.22","0.35","4","1.4197"
"2926.43","0.35","4","1.4197"
"2926.64","0.35","4","1.4197"
"2926.85","0.35","4","1.4197"
"2927.06","0.35","4","1.4197"
"2927.26","0.35","4","1.4197"
"2927.47","0.35","4","1.4197"
"2927.68","0.35","4","1.4197"
"2927.89","0.35","4","1.4197"
"2928.1","0.35","4","1.4197"
"2928.31","0.35","4","1.4197"
"2928.51","0.35","4","1.4197"
"2928.72","0.35","4","1.4197"
"2928.93","0.35","4","1.4197"
"2929.14","0.35","4","1.4197"
"2929.35","0.35","4","1.4197"
"2929.56","0.35","4","1.4197"
"2929.76","0.35","4","1.4197"
"2929.97","0.35","4","1.4197"
"2930.18","0.35","4","1.4197"
"2930.39","0.35","4","1.4197"
"2930.6","0.35","4","1.4197"
"2930.81","0.35","4","1.4197"
"2931.01","0.35","4","1.4197"
"2931.22","0.35","4","1.4197"
"2931.43","0.35","4","1.4197"
"2931.64","0.35","4","1.4197"
"2931.85","0.35","4","1.4197"
"2932.06","0.35","4","1.4197"
"2932.26","0.35","4","1.4197"
"2932.47","0.35","4","1.4197"
"2932.68","0.35","4","1.4197"
"2932.89","0.35","4","1.4197"
"2933.1","0.35","4","1.4197"
"2933.31","0.35","4","1.4197"
"2933.51","0.35","4","1.4197"
"2933.72","0.35","4","1.4197"
"2933.93","0.35","4","1.4197"
"2934.14","0.35","4","1.4197"
"2934.35","0.35","4","1.4197"
"2934.56","0.35","4","1.4197"
"2934.76","0.35","4","1.4197"
"2934.97","0.35","4","1.4197"
"2935.18","0.35","4","1.4197"
"2935.39","0.35","4","1.4197"
"2935.6","0.35","4","1.4197"
"2935.81","0.35","4","1.4197"
"2936.01","0.35","4","1.4197"
"2936.22","0.35","4","1.4197"
"2936.43","0.35","4","1.4197"
"2936.64","0.35","4","1.4197"
"2936.85","0.35","4","1.4197"
"2937.06","0.35","4","1.4197"
"2937.26","0.35","4","1.4197"
"2937.47","0.35","4","1.4197"
"2937.68","0.35","4","1.4197"
"2937.89","0.35","4","1.4197"
"2938.1","0.35","4","1.4197"
"2938.31","0.35","4","1.4197"
"2938.51","0.35","4","1.4197"
"2938.72","0.35","4","1.4197"
"2938.93","0.35","4","1.4197"
"2939.14","0.35","4","1.4197"
"2939.35","0.35","4","1.4197"
"2939.56","0.35","4","1.4197"
"2939.76","0.35","4","1.4197"
"2939.97","0.35","4","1.4197"
"2940.18","0.35","4","1.4197"
"2940.39","0.35","4","1.4197"
"2940.6","0.35","4","1.4197"
"2940.81","0.35","4","1.4197"
"2941.01","0.35","4","1.4197"
"2941.22","0.35","4","1.4197"
"2941.43","0.35","4","1.4197"
"2941.64","0.35","4","1.4197"
"2941.85","0.35","4","1.4197"
"2942.06","0.35","4","1.4197"
"2942.26","0.35","4","1.4197"
"2942.47","0.35","4","1.4197"
"2942.68","0.35","4","1.4197"
"2942.89","0.35","4","1.4197"
"2943.1","0.35","4","1.4197"
"2943.31","0.35","4","1.4197"
"2943.51","0.35","4","1.4197"
"2943.72","0.35","4","1.4197"
"2943.93","0.35","4","1.4197"
"2944.14","0.35","4","1.4197"
"2944.35","0.35","4","1.4197"
"2944.56","0.35","4","1.4197"
"2944.76","0.35","4","1.4197"
"2944.97","0.35","4","1.4197"
"2945.18","0.35","4","1.4197"
"2945.39","0.35","4","1.4197"
"2945.6","0.35","4","1.4197"
"2945.81","0.35","4","1.4197"
"2946.01","0.35","4","1.4197"
"2946.22","0.35","4","1.4197"
"2946.43","0.35","4","1.4197"
"2946.64","0.35","4","1.4197"
"2946.85","0.35","4","1.4197"
"2947.06","0.35","4","1.4197"
"2947.26","0.35","4","1.4197"
"2947.47","0.35","4","1.4197"
"2947.68","0.35","4","1.4197"
"2947.89","0.35","4","1.4197"
"2948.1","0.35","4","1.4197"
"2948.31","0.35","4","1.4197"
"2948.51","0.35","4","1.4197"
"2948.72","0.35","4","1.4197"
"2948.93","0.35","4","1.4197"
"2949.14","0.35","4","1.4197"
"2949.35","0.35","4","1.4197"
"2949.56","0.35","4","1.4197"
"2949.76","0.35","4","1.4197"
"2949.97","0.35","4","1.4197"
"2950.18","0.35","4","1.4197"
"2950.39","0.35","4","1.4197"
"2950.6","0.35","4","1.4197"
"2950.81","0.35","4","1.4197"
"2951.01","0.35","4","1.4197"
"2951.22","0.35","4","1.4197"
"2951.43","0.35","4","1.4197"
"2951.64","0.35","4","1.4197"
"2951.85","0.35","4","1.4197"
"2952.06","0.35","4","1.4197"
"2952.26","0.35","4","1.4197"
"2952.47","0.35","4","1.4197"
"2952.68","0.35","4","1.4197"
"2952.89","0.35","4","1.4197"
"2953.1","0.35","4","1.4197"
"2953.31","0.35","4","1.4197"
"2953.51","0.35","4","1.4197"
"2953.72","0.35","4","1.4197"
"2953.93","0.35","4","1.4197"
"2954.14","0.35","4","1.4197"
"2954.35","0.35","4","1.4197"
"2954.56","0.35","4","1.4197"
"2954.76","0.35","4","1.4197"
"2954.97","0.35","4","1.4197"
"2955.18","0.35","4","1.4197"
"2955.39","0.35","4","1.4197"
"2955.6","0.35","4","1.4197"
"2955.81","0.35","4","1.4197"
"2956.01","0.35","4","1.4197"
"2956.22","0.35","4","1.4197"
"2956.43","0.35","4","1.4197"
"2956.64","0.35","4","1.4197"
"2956.85","0.35","4","1.4197"
"2957.06","0.35","4","1.4197"
"2957.26","0.35","4","1.4197"
"2957.47","0.35","4","1.4197"
"2957.68","0.35","4","1.4197"
"2957.89","0.35","4","1.4197"
"2958.1","0.35","4","1.4197"
"2958.31","0.35","4","1.4197"
"2958.51","0.35","4","1.4197"
"2958.72","0.35","4","1.4197"
"2958.93","0.35","4","1.4197"
"2959.14","0.35","4","1.4197"
"2959.35","0.35","4","1.4197"
"2959.56","0.35","4","1.4197"
"2959.76","0.35","4","1.4197"
"2959.97","0.35","4","1.4197"
"2960.18","0.35","4","1.4197"
"2960.39","0.35","4","1.4197"
"2960.6","0.35","4","1.4197"
"2960.81","0.35","4","1.4197"
"2961.01","0.35","4","1.4197"
"2961.22","0.35","4","1.4197"
"2961.43","0.35","4","1.4197"
"2961.64","0.35","4","1.4197"
"2961.85","0.35","4","1.4197"
"2962.06","0.35","4","1.4197"
"2962.26","0.35","4","1.4197"
"2962.47","0.35","4","1.4197"
"2962.68","0.35","4","1.4197"
"2962.89","0.35","4","1.4197"
"2963.1","0.35","4","1.4197"
"2963.31","0.35","4","1.4197"
"2963.51","0.35","4","1.4197"
"2963.72","0.35","4","1.4197"
"2963.93","0.35","4","1.4197"
"2964.14","0.35","4","1.4197"
"2964.35","0.35","4","1.4197"
"2964.56","0.35","4","1.4197"
"2964.76","0.35","4","1.4197"
"2964.97","0.35","4","1.4197"
"2965.18","0.35","4","1.4197"
"2965.39","0.35","4","1.4197"
"2965.6","0.35","4","1.4197"
"2965.81","0.35","4","1.4197"
"2966.01","0.35","4","1.4197"
"2966.22","0.35","4","1.4197"
"2966.43","0.35","4","1.4197"
"2966.64","0.35","4","1.4197"
"2966.85","0.35","4","1.4197"
"2967.06","0.35","4","1.4197"
"2967.26","0.35","4","1.4197"
"2967.47","0.35","4","1.4197"
"2967.68","0.35","4","1.4197"
"2967.89","0.35","4","1.4197"
"2968.1","0.35","4","1.4197"
"2968.31","0.35","4","1.4197"
"2968.51","0.35","4","1.4197"
"2968.72","0.35","4","1.4197"
"2968.93","0.35","4","1.4197"
"2969.14","0.35","4","1.4197"
"2969.35","0.35","4","1.4197"
"2969.56","0.35","4","1.4197"
"2969.76","0.35","4","1.4197"
"2969.97","0.35","4","1.4197"
"2970.18","0.35","4","1.4197"
"2970.39","0.35","4","1.4197"
"2970.6","0.35","4","1.4197"
"2970.81","0.35","4","1.4197"
"2971.01","0.35","4","1.4197"
"2971.22","0.35","4","1.4197"
"2971.43","0.35","4","1.4197"
"2971.64","0.35","4","1.4197"
"2971.85","0.35","4","1.4197"
"2972.06","0.35","4","1.4197"
"2972.26","0.35","4","1.4197"
"2972.47","0.35","4","1.4197"
"2972.68","0.35","4","1.4197"
"2972.89","0.35","4","1.4197"
"2973.1","0.35","4","1.4197"
"2973.31","0.35","4","1.4197"
"2973.51","0.35","4","1.4197"
"2973.72","0.35","4","1.4197"
"2973.93","0.35","4","1.4197"
"2974.14","0.35","4","1.4197"
"2974.35","0.35","4","1.4197"
"2974.56","0.35","4","1.4197"
"2974.76","0.35","4","1.4197"
"2974.97","0.35","4","1.4197"
"2975.18","0.35","4","1.4197"
"2975.39","0.35","4","1.4197"
"2975.6","0.35","4","1.4197"
"2975.81","0.35","4","1.4197"
"2976.01","0.35","4","1.4197"
"2976.22","0.35","4","1.4197"
"2976.43","0.35","4","1.4197"
"2976.64","0.35","4","1.4197"
"2976.85","0.35","4","1.4197"
"2977.06","0.35","4","1.4197"
"2977.26","0.35","4","1.4197"
"2977.47","0.35","4","1.4197"
"2977.68","0.35","4","1.4197"
"2977.89","0.35","4","1.4197"
"2978.1","0.35","4","1.4197"
"2978.31","0.35","4","1.4197"
"2978.51","0.35","4","1.4197"
"2978.72","0.35","4","1.4197"
"2978.93","0.35","4","1.4197"
"2979.14","0.35","4","1.4197"
"2979.35","0.35","4","1.4197"
"2979.56","0.35","4","1.4197"
"2979.76","0.35","4","1.4197"
"2979.97","0.35","4","1.4197"
"2980.18","0.35","4","1.4197"
"2980.39","0.35","4","1.4197"
"2980.6","0.35","4","1.4197"
"2980.81","0.35","4","1.4197"
"2981.01","0.35","4","1.4197"
"2981.22","0.35","4","1.4197"
"2981.43","0.35","4","1.4197"
"2981.64","0.35","4","1.4197"
"2981.85","0.35","4","1.4197"
"2982.06","0.35","4","1.4197"
"2982.26","0.35","4","1.4197"
"2982.47","0.35","4","1.4197"
"2982.68","0.35","4","1.4197"
"2982.89","0.35","4","1.4197"
"2983.1","0.35","4","1.4197"
"2983.31","0.35","4","1.4197"
"2983.51","0.35","4","1.4197"
"2983.72","0.35","4","1.4197"
"2983.93","0.35","4","1.4197"
"2984.14","0.35","4","1.4197"
"2984.35","0.35","4","1.4197"
"2984.56","0.35","4","1.4197"
"2984.76","0.35","4","1.4197"
"2984.97","0.35","4","1.4197"
"2985.18","0.35","4","1.4197"
"2985.39","0.35","4","1.4197"
"2985.6","0.35","4","1.4197"
"2985.81","0.35","4","1.4197"
"2986.01","0.35","4","1.4197"
"2986.22","0.35","4","1.4197"
"2986.43","0.35","4","1.4197"
"2986.64","0.35","4","1.4197"
"2986.85","0.35","4","1.4197"
"2987.06","0.35","4","1.4197"
"2987.26","0.35","4","1.4197"
"2987.47","0.35","4","1.4197"
"2987.68","0.35","4","1.4197"
"2987.89","0.35","4","1.4197"
"2988.1","0.35","4","1.4197"
"2988.31","0.35","4","1.4197"
"2988.51","0.35","4","1.4197"
"2988.72","0.35","4","1.4197"
"2988.93","0.35","4","1.4197"
"2989.14","0.35","4","1.4197"
"2989.35","0.35","4","1.4197"
"2989.56","0.35","4","1.4197"
"2989.76","0.35","4","1.4197"
"2989.97","0.35","4","1.4197"
"2990.18","0.35","4","1.4197"
"2990.39","0.35","4","1.4197"
"2990.6","0.35","4","1.4197"
"2990.81","0.35","4","1.4197"
"2991.01","0.35","4","1.4197"
"2991.22","0.35","4","1.4197"
"2991.43","0.35","4","1.4197"
"2991.64","0.35","4","1.4197"
"2991.85","0.35","4","1.4197"
"2992.06","0.35","4","1.4197"
"2992.26","0.35","4","1.4197"
"2992.47","0.35","4","1.4197"
"2992.68","0.35","4","1.4197"
"2992.89","0.35","4","1.4197"
"2993.1","0.35","4","1.4197"
"2993.31","0.35","4","1.4197"
"2993.51","0.35","4","1.4197"
"2993.72","0.35","4","1.4197"
"2993.93","0.35","4","1.4197"
"2994.14","0.35","4","1.4197"
"2994.35","0.35","4","1.4197"
"2994.56","0.35","4","1.4197"
"2994.76","0.35","4","1.4197"
"2994.97","0.35","4","1.4197"
"2995.18","0.35","4","1.4197"
"2995.39","0.35","4","1.4197"
"2995.6","0.35","4","1.4197"
"2995.81","0.35","4","1.4197"
"2996.01","0.35","4","1.4197"
"2996.22","0.35","4","1.4197"
"2996.43","0.35","4","1.4197"
"2996.64","0.35","4","1.4197"
"2996.85","0.35","4","1.4197"
"2997.06","0.35","4","1.4197"
"2997.26","0.35","4","1.4197"
"2997.47","0.35","4","1.4197"
"2997.68","0.35","4","1.4197"
"2997.89","0.35","4","1.4197"
"2998.1","0.35","4","1.4197"
"2998.31","0.35","4","1.4197"
"2998.51","0.35","4","1.4197"
"2998.72","0.35","4","1.4197"
"2998.93","0.35","4","1.4197"
"2999.14","0.35","4","1.4197"
"2999.35","0.35","4","1.4197"
"2999.56","0.35","4","1.4197"
"2999.76","0.35","4","1.4197"
"2999.97","0.35","4","1.4197"
