Summary of : modules/cloudsim-examples/src/main/java/org/cloudbus/cloudsim/experiments/workloads/azure-4.csv worklaod
=========== CONTAINER OUTPUT ==========
Container ID	VM ID	Start Time	Finish Time	Number of Requests Served
		1		1		3.02		24.02		0
		2		1		3.02		46.02		2
		3		1		3.02		46.02		2
		4		1		3.02		35.02		3
		5		1		3.02		24.02		0
		6		1		3.02		68.02		4
		7		2		3.03		24.02		3
		8		1		3.03		24.02		0
		9		2		3.03		24.02		1
		10		1		3.03		24.02		1
		11		1		3.04		24.02		1
		12		1		3.05		24.02		1
		13		1		3.06		24.02		1
		14		2		3.08		35.02		4
		15		2		3.08		24.02		2
		16		3		3.1		24.02		2
		17		3		3.15		24.02		1
		18		3		3.19		24.02		2
		19		3		3.56		24.02		1
		20		4		3.95		24.02		1
		21		4		3.96		24.02		1
		22		4		3.97		24.02		1
		23		4		3.98		24.02		1
		24		5		4.19		24.02		1
		25		5		4.2		24.02		1
		26		1		4.5		24.02		1
		27		5		4.62		24.02		1
		28		5		5		24.02		1
		29		6		5.13		24.02		1
		30		6		5.13		24.02		1
		31		6		5.34		24.02		1
		32		6		5.4		24.02		1
		33		7		5.52		24.02		1
		34		1		5.89		24.02		1
		35		1		6.1		24.02		1
		36		1		6.64		24.02		1
		37		1		7.41		24.02		1
		38		2		7.63		24.02		1
		39		3		15.41		35.02		1
		40		1		16.02		178.02		1
		41		1		27.02		90.02		2
		42		2		37.56		57.02		3
		43		1		43.94		57.02		1
		44		1		43.94		57.02		1
		45		1		43.98		57.02		1
		46		1		43.98		57.02		1
		47		2		43.98		57.02		1
		48		2		43.98		57.02		1
		49		1		43.98		57.02		1
		50		2		43.98		57.02		1
		51		2		43.99		57.02		0
		52		3		43.99		57.02		1
		53		3		43.99		57.02		1
		54		1		43.99		57.02		1
		55		3		43.99		57.02		1
		56		2		44.01		57.02		1
		57		1		49.02		409.02		1
		58		1		54.72		68.02		1
		59		1		56.62		68.02		1
		60		1		60.02		178.02		1
		61		1		64.82		90.02		2
		62		1		71.02		167.02		3
		63		1		71.02		145.02		1
		64		1		71.76		101.02		3
		65		1		95.46		112.02		1
		66		1		103.39		167.02		11
		67		1		116.19		299.02		27
		68		1		116.26		156.02		4
		69		1		124.63		211.02		3
		70		1		126.64		145.02		1
		71		1		127.69		145.02		1
		72		1		128.23		145.02		1
		73		1		128.76		145.02		1
		74		2		129		145.02		1
		75		2		129.28		145.02		1
		76		1		137.02		409.02		1
		77		1		148.02		178.02		1
		78		1		148.02		178.02		1
		79		1		148.02		200.02		1
		80		1		153.31		167.02		1
		81		1		159.02		442.02		1
		82		2		162.08		189.02		4
		83		2		168.27		189.02		1
		84		2		169.19		189.02		1
		85		2		172.22		189.02		1
		86		1		173.07		189.02		1
		87		1		173.41		189.02		1
		88		1		181.02		200.02		1
		89		1		181.02		233.02		1
		90		1		181.02		420.02		2
		91		1		181.02		299.02		11
		92		3		190.47		222.02		2
		93		3		192.27		211.02		0
		94		1		204.47		222.02		1
		95		1		207.99		222.02		0
		96		1		214.02		244.02		3
		97		2		214.02		244.02		1
		98		1		222.99		255.02		3
		99		1		224.08		244.02		1
		100		1		242.99		255.02		1
		101		1		244.72		255.02		1
		102		1		246.17		266.02		1
		103		1		246.38		266.02		1
		104		1		246.59		266.02		1
		105		2		246.81		266.02		1
		106		1		247.02		321.02		1
		107		1		247.02		354.02		1
		108		1		247.06		266.02		1
		109		2		247.56		266.02		1
		110		1		247.58		266.02		1
		111		1		247.79		266.02		1
		112		2		248.01		266.02		1
		113		2		248.23		266.02		1
		114		1		248.45		266.02		1
		115		3		248.66		266.02		1
		116		3		248.85		266.02		1
		117		2		258.59		277.02		1
		118		1		267.83		288.02		0
		119		1		268.81		288.02		1
		120		1		269.02		288.02		1
		121		1		277.02		288.02		0
		122		1		280.02		310.02		3
		123		1		280.02		299.02		1
		124		2		291.59		321.02		2
		125		2		302.02		1289.02		138
		126		1		303		1828.02		137
		127		1		303.02		321.02		0
		128		1		303.02		321.02		1
		129		1		303.04		321.02		1
		130		1		303.04		321.02		1
		131		2		303.04		321.02		1
		132		1		314.2		343.02		2
		133		1		324.02		343.02		1
		134		1		335.02		354.02		2
		135		1		335.02		354.02		1
		136		1		340.24		354.02		1
		137		1		357.02		387.02		1
		138		1		363.02		376.02		1
		139		1		363.03		376.02		1
		140		1		365.1		376.02		1
		141		1		366.19		1839.02		162
		142		1		366.38		1839.02		127
		143		1		366.59		431.02		5
		144		1		367.01		387.02		1
		145		1		367.46		1707.02		81
		146		2		367.69		442.02		2
		147		2		367.9		442.02		2
		148		2		368.11		387.02		0
		149		2		368.3		1839.02		180
		150		1		368.5		387.02		1
		151		2		371.26		387.02		0
		152		1		379.02		563.02		3
		153		1		379.02		563.02		3
		154		2		383.7		398.02		1
		155		2		385.13		398.02		0
		156		1		388.77		409.02		0
		157		1		388.86		409.02		0
		158		2		389.51		1399.02		131
		159		1		389.51		409.02		0
		160		1		389.64		519.02		8
		161		1		389.88		563.02		15
		162		3		389.88		1289.02		142
		163		1		390.02		464.02		1
		164		1		390.02		563.02		1
		165		3		390.02		1289.02		130
		166		3		390.22		1289.02		182
		167		1		390.22		409.02		1
		168		3		390.32		1289.02		119
		169		1		390.32		431.02		2
		170		1		390.36		409.02		1
		171		2		390.36		420.02		3
		172		4		390.53		1751.02		240
		173		4		390.7		1817.02		268
		174		4		390.7		1300.02		179
		175		1		390.85		409.02		1
		176		4		390.85		1113.02		90
		177		5		391.42		574.02		32
		178		5		391.49		574.02		23
		179		1		391.55		409.02		1
		180		1		391.55		420.02		2
		181		5		391.66		574.02		32
		182		5		391.68		1839.02		260
		183		6		391.82		1300.02		155
		184		2		391.82		409.02		0
		185		6		392.01		1113.02		166
		186		6		392.01		1267.02		166
		187		6		392.15		1113.02		136
		188		7		392.21		1256.02		154
		189		7		392.21		409.02		1
		190		1		393.3		409.02		1
		191		1		393.97		409.02		0
		192		1		394.1		409.02		1
		193		2		395		618.02		12
		194		2		395.64		420.02		3
		195		2		395.75		442.02		3
		196		2		396.16		420.02		3
		197		3		397.35		431.02		6
		198		1		397.35		409.02		1
		199		1		398.37		409.02		0
		200		1		398.37		409.02		0
		201		3		398.48		431.02		5
		202		1		399.46		420.02		0
		203		1		401.02		420.02		0
		204		1		401.02		453.02		1
		205		1		401.02		431.02		1
		206		2		401.02		431.02		1
		207		3		401.05		420.02		0
		208		3		401.38		1322.02		33
		209		3		401.44		420.02		0
		210		3		401.44		1289.02		42
		211		2		401.54		420.02		1
		212		2		401.92		486.02		6
		213		2		401.92		420.02		1
		214		2		401.96		420.02		0
		215		4		402.07		684.02		12
		216		1		402.1		420.02		1
		217		2		402.19		420.02		1
		218		4		402.44		1300.02		34
		219		4		402.65		684.02		13
		220		3		402.67		783.02		30
		221		3		402.67		420.02		0
		222		4		402.7		541.02		8
		223		2		402.73		420.02		1
		224		5		403		464.02		8
		225		2		403.01		420.02		1
		226		5		403.03		695.02		12
		227		5		403.1		464.02		6
		228		5		403.7		420.02		0
		229		4		405.38		739.02		25
		230		4		405.43		420.02		0
		231		4		405.43		420.02		0
		232		3		410.69		431.02		1
		233		1		410.78		530.02		6
		234		1		411.48		431.02		0
		235		1		412.02		431.02		1
		236		1		412.02		464.02		1
		237		1		412.02		497.02		1
		238		3		412.76		431.02		1
		239		3		413.41		431.02		1
		240		6		413.6		530.02		3
		241		2		413.6		431.02		1
		242		1		413.6		431.02		1
		243		4		413.9		431.02		1
		244		3		413.96		431.02		1
		245		6		413.96		508.02		6
		246		1		414.3		431.02		1
		247		1		414.3		431.02		1
		248		1		414.45		431.02		1
		249		3		414.45		431.02		0
		250		6		414.49		431.02		1
		251		6		414.7		431.02		1
		252		1		414.7		431.02		1
		253		2		414.87		1223.02		73
		254		1		415.41		431.02		1
		255		1		415.93		431.02		1
		256		1		417.23		431.02		0
		257		7		418.03		431.02		0
		258		7		418.04		1003.02		114
		259		1		418.04		431.02		1
		260		7		418.12		673.02		43
		261		8		418.15		486.02		12
		262		8		418.21		486.02		16
		263		8		418.23		431.02		0
		264		8		418.23		1278.02		160
		265		9		418.26		475.02		12
		266		9		418.31		475.02		10
		267		9		418.31		475.02		9
		268		9		418.52		541.02		33
		269		10		418.77		475.02		15
		270		10		418.77		541.02		13
		271		10		419.32		475.02		8
		272		10		419.32		431.02		0
		273		11		419.5		431.02		0
		274		11		419.5		541.02		23
		275		4		419.5		662.02		22
		276		2		419.5		431.02		1
		277		1		419.58		431.02		0
		278		11		419.78		640.02		50
		279		11		419.85		541.02		28
		280		5		420.02		563.02		16
		281		12		420.08		541.02		17
		282		1		420.84		431.02		1
		283		5		420.92		563.02		8
		284		4		421.85		442.02		1
		285		4		422.38		596.02		19
		286		4		422.38		486.02		3
		287		5		422.68		519.02		9
		288		1		423.02		519.02		10
		289		2		423.02		464.02		1
		290		1		423.02		464.02		1
		291		1		423.02		475.02		2
		292		1		423.02		464.02		1
		293		3		424.52		442.02		1
		294		2		424.56		497.02		4
		295		12		424.78		541.02		23
		296		12		424.78		541.02		14
		297		2		426.58		442.02		1
		298		3		427.05		541.02		8
		299		3		427.08		442.02		0
		300		3		427.08		442.02		0
		301		5		427.5		442.02		0
		302		3		427.7		453.02		2
		303		7		428.56		442.02		0
		304		7		429.71		508.02		11
		305		7		429.72		761.02		20
		306		7		429.92		442.02		0
		307		2		429.92		453.02		3
		308		1		430		442.02		0
		309		4		432.86		453.02		1
		310		1		433.35		519.02		7
		311		1		434.02		475.02		1
		312		2		434.02		453.02		1
		313		1		434.37		486.02		3
		314		2		434.58		475.02		2
		315		8		435.41		475.02		2
		316		8		435.41		475.02		3
		317		8		435.74		530.02		2
		318		8		435.93		530.02		2
		319		2		436.07		475.02		2
		320		1		436.99		453.02		0
		321		7		437.18		1256.02		160
		322		8		437.22		486.02		7
		323		10		437.27		1003.02		110
		324		11		437.27		541.02		13
		325		1		437.27		508.02		4
		326		12		437.29		519.02		11
		327		13		437.29		486.02		10
		328		13		437.41		541.02		12
		329		13		437.42		486.02		11
		330		13		437.42		486.02		7
		331		9		437.42		530.02		6
		332		14		437.42		563.02		29
		333		14		437.42		563.02		22
		334		14		437.42		541.02		17
		335		14		437.43		541.02		17
		336		9		437.44		453.02		0
		337		15		437.44		541.02		27
		338		15		437.46		530.02		17
		339		2		437.46		453.02		1
		340		15		437.46		530.02		9
		341		15		437.46		530.02		14
		342		16		437.46		530.02		16
		343		16		437.54		530.02		17
		344		16		437.65		530.02		14
		345		16		437.66		530.02		28
		346		17		437.67		508.02		11
		347		17		437.71		508.02		11
		348		17		437.71		530.02		16
		349		2		437.72		475.02		3
		350		17		437.72		508.02		14
		351		18		437.72		530.02		18
		352		18		437.72		453.02		1
		353		2		437.74		453.02		1
		354		18		437.75		453.02		1
		355		2		437.91		453.02		0
		356		18		437.98		453.02		1
		357		2		437.99		453.02		0
		358		19		437.99		453.02		1
		359		19		438		453.02		1
		360		19		438.02		453.02		1
		361		19		438.02		453.02		1
		362		20		438.02		453.02		1
		363		4		438.04		453.02		1
		364		20		438.04		453.02		1
		365		20		438.04		453.02		1
		366		2		438.05		453.02		1
		367		20		438.05		453.02		1
		368		21		438.05		453.02		1
		369		3		438.05		453.02		0
		370		21		438.05		453.02		1
		371		21		438.06		453.02		1
		372		21		438.06		453.02		1
		373		22		438.08		453.02		1
		374		22		438.08		453.02		1
		375		22		438.08		453.02		1
		376		22		438.08		453.02		1
		377		23		438.08		453.02		1
		378		23		438.1		453.02		1
		379		23		438.1		453.02		1
		380		4		438.36		453.02		1
		381		1		438.39		508.02		5
		382		3		438.66		453.02		0
		383		1		438.88		453.02		0
		384		23		438.89		453.02		1
		385		3		439.03		453.02		1
		386		24		439.06		453.02		1
		387		24		439.08		453.02		1
		388		24		439.08		453.02		1
		389		24		439.22		453.02		1
		390		1		439.27		453.02		1
		391		3		439.3		453.02		1
		392		25		439.32		453.02		1
		393		6		439.33		453.02		1
		394		4		439.35		453.02		1
		395		9		440		453.02		0
		396		1		440.23		453.02		0
		397		9		440.32		453.02		1
		398		1		440.44		453.02		1
		399		1		442.01		453.02		0
		400		10		442.31		453.02		0
		401		5		442.34		453.02		0
		402		10		442.75		453.02		0
		403		1		442.78		453.02		1
		404		10		442.8		541.02		7
		405		10		442.83		541.02		5
		406		1		442.83		541.02		7
		407		2		442.83		453.02		1
		408		11		442.84		541.02		17
		409		11		442.85		684.02		19
		410		11		442.85		563.02		11
		411		1		442.85		453.02		1
		412		1		442.86		453.02		1
		413		3		443.13		1047.02		30
		414		3		443.46		475.02		2
		415		3		443.52		530.02		4
		416		4		444.33		464.02		1
		417		4		444.58		464.02		1
		418		1		444.63		464.02		0
		419		2		444.65		1135.02		16
		420		2		444.74		475.02		2
		421		6		444.83		717.02		25
		422		1		444.94		464.02		1
		423		2		444.94		1839.02		56
		424		6		444.94		519.02		6
		425		6		444.97		464.02		0
		426		1		445.02		486.02		2
		427		2		445.02		464.02		3
		428		1		445.02		475.02		2
		429		1		445.02		475.02		2
		430		1		445.02		486.02		2
		431		4		445.08		464.02		1
		432		6		445.21		563.02		7
		433		7		445.27		486.02		6
		434		2		445.5		574.02		4
		435		3		445.55		464.02		1
		436		7		445.57		464.02		0
		437		7		445.67		486.02		2
		438		7		445.74		464.02		2
		439		11		445.74		464.02		0
		440		1		446.68		464.02		1
		441		1		446.68		519.02		5
		442		7		447.15		486.02		3
		443		7		447.22		486.02		4
		444		8		447.67		508.02		5
		445		2		447.68		464.02		0
		446		3		447.68		475.02		2
		447		8		447.68		464.02		0
		448		2		447.68		464.02		1
		449		8		447.68		464.02		0
		450		8		447.68		464.02		0
		451		9		447.7		464.02		0
		452		3		447.73		464.02		1
		453		5		447.73		706.02		8
		454		9		447.74		508.02		4
		455		1		448.16		464.02		0
		456		5		448.18		486.02		2
		457		5		448.18		464.02		1
		458		9		448.35		486.02		2
		459		9		448.36		464.02		0
		460		10		448.39		464.02		0
		461		10		448.4		497.02		5
		462		10		448.77		552.02		7
		463		10		448.79		497.02		5
		464		5		448.79		464.02		1
		465		5		448.86		464.02		1
		466		11		448.9		651.02		18
		467		11		449.45		508.02		6
		468		6		451.8		464.02		1
		469		2		452.13		464.02		0
		470		1		453.97		464.02		0
		471		2		454.19		475.02		0
		472		2		455.17		475.02		1
		473		2		455.18		475.02		1
		474		2		455.2		519.02		4
		475		2		455.25		475.02		1
		476		2		455.82		475.02		1
		477		1		456.02		519.02		2
		478		2		456.02		497.02		2
		479		2		456.02		618.02		2
		480		4		456.61		475.02		0
		481		2		456.9		552.02		6
		482		4		456.9		475.02		1
		483		4		457.05		475.02		0
		484		6		457.54		530.02		4
		485		6		457.63		475.02		0
		486		1		457.74		475.02		1
		487		4		458.05		475.02		1
		488		10		458.34		508.02		3
		489		10		458.37		486.02		4
		490		3		458.61		1036.02		11
		491		3		458.84		475.02		1
		492		1		458.84		475.02		1
		493		5		458.86		475.02		1
		494		18		458.86		530.02		11
		495		18		458.87		530.02		16
		496		18		458.87		530.02		12
		497		20		458.87		530.02		13
		498		12		458.97		541.02		2
		499		2		458.97		475.02		1
		500		12		459		497.02		3
		501		20		459		519.02		7
		502		2		459.08		475.02		1
		503		12		459.17		475.02		0
		504		12		459.27		508.02		6
		505		2		459.27		475.02		1
		506		13		459.44		552.02		3
		507		5		459.59		475.02		0
		508		13		459.91		486.02		5
		509		5		459.97		475.02		1
		510		1		459.97		475.02		0
		511		13		459.98		475.02		0
		512		5		459.98		475.02		0
		513		13		460.17		486.02		3
		514		14		460.26		552.02		8
		515		14		460.34		475.02		1
		516		14		460.35		475.02		1
		517		2		460.45		475.02		1
		518		1		460.53		475.02		0
		519		2		460.73		475.02		1
		520		2		460.88		475.02		1
		521		2		461.5		475.02		1
		522		2		461.58		475.02		1
		523		3		461.58		475.02		1
		524		5		461.7		563.02		9
		525		2		461.72		475.02		1
		526		3		461.72		475.02		1
		527		14		461.73		475.02		1
		528		20		461.73		475.02		1
		529		20		461.74		475.02		0
		530		22		461.75		530.02		6
		531		22		461.75		530.02		6
		532		11		461.75		508.02		3
		533		22		461.75		475.02		1
		534		22		461.79		475.02		1
		535		23		461.79		475.02		1
		536		23		461.79		475.02		1
		537		11		461.94		508.02		6
		538		12		461.95		519.02		3
		539		23		462.01		475.02		1
		540		3		462.12		475.02		1
		541		23		462.2		475.02		1
		542		25		462.2		475.02		1
		543		3		462.2		475.02		1
		544		3		462.92		475.02		1
		545		2		463.09		475.02		1
		546		3		463.22		475.02		1
		547		19		464.3		530.02		12
		548		19		464.3		475.02		0
		549		19		464.3		541.02		9
		550		19		464.31		530.02		13
		551		21		464.31		508.02		6
		552		21		464.31		530.02		9
		553		21		464.31		475.02		0
		554		21		464.33		530.02		6
		555		25		464.33		475.02		1
		556		25		464.33		475.02		1
		557		25		464.34		475.02		1
		558		26		464.34		475.02		1
		559		1		465.5		563.02		3
		560		1		465.55		486.02		1
		561		1		466.28		1894.02		5
		562		4		466.42		486.02		0
		563		1		466.65		497.02		2
		564		4		466.65		508.02		4
		565		2		467.02		563.02		1
		566		4		467.43		541.02		4
		567		4		468.92		486.02		1
		568		1		472.92		486.02		1
		569		4		473.81		486.02		0
		570		1		475.63		486.02		1
		571		4		475.75		486.02		0
		572		8		475.83		508.02		2
		573		8		475.95		486.02		0
		574		8		475.98		486.02		0
		575		4		476.05		519.02		3
		576		12		476.18		519.02		3
		577		12		476.57		519.02		2
		578		5		477.06		541.02		5
		579		5		477.2		497.02		0
		580		4		477.52		519.02		3
		581		4		477.63		497.02		0
		582		12		477.67		519.02		3
		583		13		477.7		497.02		1
		584		5		477.99		508.02		2
		585		1		477.99		519.02		2
		586		1		478.02		519.02		1
		587		4		478.51		497.02		1
		588		13		478.51		508.02		3
		589		13		478.83		508.02		3
		590		2		478.83		497.02		0
		591		13		478.85		508.02		3
		592		3		478.85		552.02		4
		593		14		478.88		508.02		3
		594		14		478.93		497.02		1
		595		14		478.96		497.02		1
		596		3		478.97		497.02		1
		597		14		478.97		640.02		13
		598		15		478.99		497.02		1
		599		19		478.99		530.02		6
		600		20		479.03		530.02		6
		601		20		479.04		508.02		5
		602		21		479.04		530.02		7
		603		22		479.05		530.02		6
		604		2		479.08		574.02		7
		605		22		479.1		530.02		6
		606		23		479.1		541.02		3
		607		15		479.17		497.02		1
		608		8		479.18		519.02		5
		609		23		479.2		530.02		5
		610		23		479.2		530.02		5
		611		15		479.23		508.02		2
		612		3		479.3		497.02		1
		613		23		479.3		508.02		4
		614		24		479.43		519.02		3
		615		24		479.47		508.02		4
		616		24		479.47		508.02		4
		617		24		479.67		508.02		4
		618		6		480.57		508.02		2
		619		2		480.68		618.02		6
		620		25		480.69		519.02		5
		621		25		480.69		519.02		3
		622		2		480.69		497.02		0
		623		25		480.75		530.02		4
		624		25		480.76		519.02		4
		625		26		480.76		519.02		5
		626		26		480.76		519.02		5
		627		6		480.76		497.02		0
		628		26		480.78		519.02		2
		629		26		480.78		519.02		3
		630		27		480.78		519.02		4
		631		27		480.78		530.02		4
		632		27		480.78		519.02		4
		633		27		480.8		519.02		2
		634		3		480.8		497.02		1
		635		5		480.8		519.02		2
		636		6		480.93		497.02		1
		637		2		481.3		497.02		0
		638		6		481.31		497.02		1
		639		5		482.8		508.02		2
		640		3		483.15		541.02		2
		641		6		483.59		552.02		3
		642		7		483.81		541.02		6
		643		7		487.46		541.02		5
		644		2		487.76		552.02		3
		645		14		487.78		519.02		3
		646		10		488.03		530.02		2
		647		14		488.2		541.02		2
		648		1		488.53		508.02		0
		649		14		488.55		508.02		1
		650		11		488.68		541.02		4
		651		2		489.02		508.02		1
		652		2		489.13		508.02		1
		653		15		489.19		552.02		3
		654		15		489.4		530.02		2
		655		1		489.42		508.02		0
		656		1		489.43		508.02		1
		657		1		489.44		508.02		1
		658		1		489.6		508.02		1
		659		1		489.62		508.02		1
		660		15		489.71		508.02		0
		661		1		489.73		508.02		1
		662		2		489.74		508.02		1
		663		8		489.75		541.02		6
		664		8		489.76		541.02		10
		665		8		489.77		541.02		3
		666		2		490.1		508.02		1
		667		1		490.35		519.02		2
		668		1		490.41		508.02		0
		669		1		490.87		508.02		0
		670		2		492.26		508.02		1
		671		2		493.48		508.02		1
		672		1		493.71		508.02		1
		673		2		493.73		508.02		1
		674		2		493.75		508.02		1
		675		1		495.44		508.02		1
		676		1		495.44		508.02		1
		677		1		495.45		508.02		1
		678		3		495.47		508.02		1
		679		8		495.51		530.02		2
		680		1		495.51		508.02		1
		681		13		495.53		563.02		3
		682		6		495.67		508.02		0
		683		13		495.68		508.02		1
		684		3		495.73		508.02		1
		685		13		495.89		541.02		3
		686		9		495.98		574.02		10
		687		9		495.98		541.02		5
		688		6		495.98		508.02		0
		689		5		496.68		508.02		1
		690		2		497.18		508.02		0
		691		1		497.22		508.02		1
		692		1		497.53		508.02		0
		693		1		498.33		519.02		0
		694		5		498.74		563.02		4
		695		5		498.78		519.02		1
		696		9		498.9		519.02		0
		697		9		498.9		563.02		3
		698		9		499.02		563.02		2
		699		15		499.02		519.02		1
		700		1		499.02		541.02		2
		701		2		499.03		519.02		0
		702		16		499.03		530.02		5
		703		16		499.03		519.02		0
		704		9		499.09		541.02		10
		705		10		499.19		552.02		6
		706		10		499.19		541.02		2
		707		13		499.2		541.02		5
		708		2		499.2		519.02		0
		709		13		499.2		541.02		4
		710		13		499.2		541.02		8
		711		28		499.2		519.02		1
		712		28		499.2		519.02		1
		713		1		499.21		519.02		1
		714		16		499.21		519.02		0
		715		28		499.21		519.02		1
		716		7		499.22		519.02		1
		717		3		499.22		519.02		0
		718		28		499.22		519.02		1
		719		16		499.22		519.02		0
		720		29		499.22		519.02		1
		721		29		499.22		519.02		1
		722		2		499.24		519.02		1
		723		29		499.24		519.02		1
		724		7		499.24		519.02		1
		725		17		499.34		563.02		2
		726		29		499.34		519.02		1
		727		17		499.34		541.02		2
		728		30		499.35		519.02		1
		729		30		499.35		519.02		1
		730		30		499.35		519.02		1
		731		17		499.35		673.02		11
		732		5		499.35		519.02		1
		733		30		499.36		519.02		1
		734		4		499.44		519.02		0
		735		6		499.44		519.02		1
		736		7		499.44		541.02		7
		737		31		499.46		519.02		1
		738		31		499.49		519.02		1
		739		1		499.49		519.02		1
		740		31		499.49		519.02		1
		741		31		499.5		519.02		1
		742		5		499.5		519.02		1
		743		17		499.52		519.02		1
		744		7		499.52		541.02		7
		745		7		499.54		519.02		0
		746		6		499.54		519.02		1
		747		7		499.55		673.02		15
		748		7		499.55		519.02		1
		749		7		499.57		552.02		5
		750		10		499.57		519.02		0
		751		10		499.57		552.02		5
		752		10		499.57		552.02		4
		753		8		499.59		673.02		3
		754		32		499.6		519.02		1
		755		32		499.6		519.02		1
		756		3		499.76		552.02		2
		757		16		499.8		552.02		4
		758		32		499.82		519.02		1
		759		1		499.82		519.02		1
		760		18		499.83		519.02		0
		761		18		499.88		585.02		3
		762		32		499.9		519.02		1
		763		2		500.02		585.02		2
		764		2		500.02		640.02		1
		765		2		500.02		662.02		1
		766		1		500.02		541.02		1
		767		1		500.02		585.02		1
		768		2		500.02		541.02		1
		769		1		500.02		552.02		1
		770		18		500.08		585.02		5
		771		1		501.67		519.02		0
		772		16		502.99		530.02		2
		773		9		503		519.02		1
		774		2		503		552.02		2
		775		9		503.01		519.02		1
		776		4		507.91		519.02		1
		777		4		508.08		519.02		0
		778		1		510.35		530.02		0
		779		1		510.39		530.02		0
		780		1		510.45		530.02		1
		781		3		510.49		541.02		2
		782		1		510.51		530.02		1
		783		1		511.02		541.02		1
		784		3		511.32		530.02		0
		785		3		511.4		530.02		1
		786		3		512.45		541.02		2
		787		1		515.05		530.02		1
		788		6		517.64		530.02		0
		789		1		520.8		541.02		1
		790		7		521.01		541.02		1
		791		2		521.48		541.02		1
		792		1		521.76		541.02		0
		793		1		521.78		541.02		1
		794		1		522.02		541.02		1
		795		2		522.02		585.02		2
		796		1		522.02		618.02		2
		797		2		522.46		541.02		0
		798		12		522.51		541.02		1
		799		4		522.73		541.02		1
		800		1		523.04		541.02		1
		801		1		523.6		541.02		1
		802		4		528.59		541.02		1
		803		1		529.33		541.02		1
		804		1		530.15		541.02		1
		805		1		531.36		552.02		1
		806		5		531.82		552.02		1
		807		1		533.02		596.02		1
		808		1		533.02		596.02		1
		809		1		544.02		1069.02		4
		810		1		544.09		563.02		1
		811		1		544.19		563.02		0
		812		1		544.41		1157.02		6
		813		1		544.61		596.02		3
		814		8		544.78		673.02		23
		815		8		544.82		607.02		3
		816		1		544.87		563.02		1
		817		8		544.87		563.02		1
		818		9		544.98		563.02		1
		819		9		544.98		574.02		6
		820		9		544.99		717.02		23
		821		1		544.99		563.02		1
		822		11		545		640.02		27
		823		11		545		640.02		28
		824		1		545.09		563.02		1
		825		1		545.11		563.02		1
		826		1		545.84		563.02		1
		827		1		546.58		596.02		3
		828		1		546.59		607.02		4
		829		11		547.47		640.02		12
		830		12		547.61		607.02		11
		831		12		547.73		563.02		1
		832		12		547.73		563.02		1
		833		12		548.11		563.02		1
		834		4		548.2		563.02		1
		835		2		549.61		563.02		0
		836		2		551.34		563.02		1
		837		3		552.93		563.02		1
		838		1		553.15		574.02		1
		839		2		553.86		574.02		0
		840		3		554.22		585.02		2
		841		3		554.76		585.02		2
		842		2		557.04		574.02		1
		843		1		561.47		574.02		1
		844		2		564.35		585.02		1
		845		1		565.23		596.02		2
		846		1		565.4		640.02		3
		847		2		565.66		585.02		1
		848		1		566.02		684.02		2
		849		2		566.02		948.02		3
		850		2		566.02		585.02		1
		851		1		566.02		629.02		1
		852		1		566.68		585.02		0
		853		1		567.04		585.02		0
		854		1		567.49		585.02		0
		855		1		567.86		585.02		1
		856		1		568.62		585.02		1
		857		8		569.68		607.02		4
		858		13		569.83		585.02		1
		859		2		570.17		750.02		7
		860		1		570.32		761.02		15
		861		3		570.35		585.02		0
		862		2		571.41		662.02		4
		863		4		571.84		585.02		0
		864		5		571.85		585.02		0
		865		5		571.91		618.02		8
		866		13		571.91		585.02		0
		867		13		572.15		651.02		29
		868		1		572.15		585.02		0
		869		13		572.17		673.02		12
		870		14		572.18		684.02		38
		871		14		572.2		684.02		21
		872		14		572.21		585.02		0
		873		1		572.3		585.02		1
		874		5		572.88		585.02		0
		875		1		573		585.02		0
		876		1		573.26		585.02		0
		877		5		573.29		585.02		0
		878		6		573.48		662.02		5
		879		1		573.51		585.02		1
		880		2		573.51		585.02		1
		881		12		573.51		585.02		0
		882		12		573.51		607.02		6
		883		12		573.73		607.02		8
		884		14		573.73		684.02		29
		885		6		573.74		805.02		17
		886		15		573.76		673.02		15
		887		6		573.76		585.02		0
		888		15		573.76		673.02		14
		889		15		573.76		673.02		13
		890		15		573.76		618.02		7
		891		16		573.84		673.02		24
		892		16		573.84		618.02		19
		893		16		573.89		618.02		6
		894		1		573.89		585.02		1
		895		1		573.9		585.02		1
		896		16		573.9		618.02		7
		897		8		573.92		684.02		13
		898		17		573.94		684.02		23
		899		17		573.95		618.02		12
		900		8		573.95		618.02		3
		901		8		574.01		629.02		4
		902		17		574.01		585.02		0
		903		17		574.03		618.02		10
		904		18		574.03		673.02		20
		905		8		574.07		585.02		0
		906		9		574.08		607.02		3
		907		18		574.09		673.02		19
		908		18		574.09		684.02		25
		909		18		574.09		684.02		19
		910		19		574.1		651.02		20
		911		9		574.11		607.02		3
		912		19		574.11		673.02		27
		913		19		574.11		585.02		0
		914		19		574.12		651.02		18
		915		2		574.12		585.02		1
		916		9		574.14		585.02		0
		917		9		574.15		607.02		3
		918		1		574.15		585.02		1
		919		20		574.22		585.02		0
		920		20		574.22		673.02		19
		921		20		574.22		673.02		15
		922		20		574.22		684.02		16
		923		21		574.26		673.02		15
		924		21		574.26		585.02		0
		925		1		574.28		585.02		1
		926		21		574.28		618.02		3
		927		21		574.33		662.02		15
		928		22		574.33		684.02		21
		929		22		574.33		673.02		19
		930		1		574.34		585.02		0
		931		22		574.34		585.02		0
		932		22		574.34		673.02		13
		933		23		574.36		673.02		15
		934		3		574.37		585.02		1
		935		3		574.4		585.02		1
		936		23		574.4		673.02		10
		937		10		574.48		585.02		1
		938		23		574.48		662.02		11
		939		1		574.5		673.02		5
		940		4		574.5		970.02		25
		941		1		574.5		585.02		1
		942		5		574.51		1267.02		44
		943		23		574.53		585.02		1
		944		5		574.53		915.02		14
		945		24		574.6		585.02		1
		946		3		574.6		585.02		1
		947		24		574.61		585.02		1
		948		3		574.74		585.02		0
		949		5		575		585.02		0
		950		6		575.48		596.02		0
		951		6		575.67		607.02		5
		952		24		576.02		673.02		11
		953		24		576.04		596.02		1
		954		2		576.04		618.02		2
		955		25		576.18		662.02		12
		956		3		576.18		596.02		0
		957		25		576.18		662.02		12
		958		25		576.19		640.02		6
		959		1		576.19		596.02		1
		960		25		576.19		662.02		7
		961		26		576.19		673.02		6
		962		26		576.35		662.02		10
		963		1		576.35		596.02		1
		964		26		576.37		662.02		12
		965		26		576.37		662.02		12
		966		27		576.38		662.02		5
		967		27		576.4		651.02		8
		968		27		576.44		618.02		3
		969		27		576.44		651.02		5
		970		28		576.48		662.02		10
		971		28		576.49		596.02		1
		972		28		576.49		596.02		1
		973		3		576.52		596.02		2
		974		28		576.52		596.02		1
		975		1		576.71		596.02		1
		976		3		576.74		596.02		0
		977		2		576.74		596.02		0
		978		2		576.76		783.02		3
		979		2		576.77		596.02		0
		980		4		576.87		596.02		0
		981		3		576.87		596.02		1
		982		1		577.02		684.02		5
		983		2		577.02		640.02		1
		984		4		577.02		1454.02		26
		985		1		577.02		662.02		2
		986		2		577.02		662.02		4
		987		7		577.02		673.02		9
		988		7		577.02		673.02		6
		989		4		577.31		607.02		2
		990		2		577.5		596.02		1
		991		4		577.6		607.02		2
		992		2		577.6		596.02		1
		993		7		577.63		684.02		9
		994		1		577.66		596.02		0
		995		4		577.67		662.02		5
		996		1		577.75		827.02		8
		997		10		577.75		640.02		5
		998		2		577.99		607.02		2
		999		5		578.14		607.02		2
		1000		2		578.34		596.02		0
		1001		5		578.41		607.02		2
		1002		4		578.42		607.02		2
		1003		5		578.87		596.02		0
		1004		2		579.02		618.02		2
		1005		7		580.05		596.02		0
		1006		6		580.72		596.02		1
		1007		7		580.72		684.02		2
		1008		7		580.73		607.02		2
		1009		8		580.74		596.02		0
		1010		8		580.83		629.02		3
		1011		8		580.86		596.02		0
		1012		8		580.86		607.02		7
		1013		9		580.86		717.02		5
		1014		6		581.68		596.02		1
		1015		9		582.5		662.02		5
		1016		9		582.65		607.02		5
		1017		5		582.68		684.02		6
		1018		6		582.72		596.02		1
		1019		2		583.2		596.02		1
		1020		3		583.6		596.02		1
		1021		7		584.59		596.02		1
		1022		3		584.59		596.02		1
		1023		1		584.68		607.02		2
		1024		7		585.78		596.02		0
		1025		7		585.97		596.02		1
		1026		2		588.04		607.02		0
		1027		4		588.04		662.02		3
		1028		2		588.59		915.02		2
		1029		3		589.09		1256.02		32
		1030		2		589.34		607.02		0
		1031		3		589.38		618.02		2
		1032		3		589.44		607.02		1
		1033		8		589.48		750.02		3
		1034		2		589.94		607.02		1
		1035		2		590.33		607.02		1
		1036		3		590.38		1289.02		15
		1037		2		590.67		607.02		0
		1038		2		590.72		607.02		0
		1039		6		590.8		607.02		4
		1040		6		590.86		607.02		3
		1041		1		590.86		607.02		0
		1042		3		591.14		673.02		4
		1043		1		591.64		640.02		3
		1044		1		592.14		607.02		0
		1045		1		592.28		673.02		2
		1046		1		592.48		607.02		0
		1047		1		593.4		607.02		1
		1048		2		593.84		607.02		0
		1049		1		593.89		607.02		0
		1050		1		594.05		607.02		1
		1051		1		594.06		607.02		0
		1052		1		594.1		607.02		1
		1053		1		594.24		607.02		1
		1054		9		594.47		607.02		1
		1055		1		594.56		607.02		1
		1056		1		594.92		607.02		0
		1057		5		596.18		607.02		0
		1058		9		596.45		607.02		1
		1059		6		596.97		607.02		1
		1060		6		597.13		662.02		3
		1061		10		597.18		618.02		0
		1062		2		597.49		662.02		4
		1063		1		597.49		717.02		3
		1064		3		597.61		739.02		12
		1065		3		597.61		662.02		2
		1066		5		597.61		618.02		1
		1067		2		597.61		618.02		0
		1068		5		597.69		618.02		2
		1069		6		597.82		640.02		3
		1070		10		597.85		618.02		0
		1071		5		597.99		1256.02		142
		1072		5		598		1256.02		70
		1073		5		598.09		1245.02		99
		1074		10		598.09		618.02		0
		1075		2		598.15		618.02		0
		1076		10		598.16		717.02		19
		1077		2		598.16		618.02		1
		1078		10		598.19		673.02		11
		1079		1		598.24		1916.02		21
		1080		2		598.26		640.02		2
		1081		4		598.3		651.02		3
		1082		4		598.38		662.02		4
		1083		1		598.4		618.02		0
		1084		6		598.4		673.02		3
		1085		5		598.5		618.02		1
		1086		6		598.5		662.02		3
		1087		8		598.61		629.02		2
		1088		10		598.66		640.02		2
		1089		2		598.69		783.02		6
		1090		7		598.79		695.02		5
		1091		1		599.02		893.02		1
		1092		1		599.02		673.02		1
		1093		1		599.02		662.02		2
		1094		1		599.02		706.02		2
		1095		10		599.07		1003.02		17
		1096		2		599.15		618.02		1
		1097		10		599.16		673.02		4
		1098		10		599.28		684.02		3
		1099		13		599.46		651.02		17
		1100		13		599.62		673.02		13
		1101		2		599.62		618.02		0
		1102		10		600.12		673.02		2
		1103		11		601.4		640.02		5
		1104		6		601.43		618.02		1
		1105		6		601.83		618.02		1
		1106		3		601.96		618.02		0
		1107		11		602.12		684.02		3
		1108		3		602.12		618.02		0
		1109		11		602.13		618.02		0
		1110		12		602.15		673.02		3
		1111		3		602.21		640.02		3
		1112		12		602.33		706.02		5
		1113		3		602.8		695.02		3
		1114		6		602.85		618.02		1
		1115		5		604.51		618.02		0
		1116		1		609.13		651.02		3
		1117		1		609.51		629.02		0
		1118		1		609.51		629.02		1
		1119		1		610.02		673.02		5
		1120		1		610.02		662.02		3
		1121		1		610.02		640.02		1
		1122		1		610.02		640.02		1
		1123		9		611.26		662.02		8
		1124		9		611.38		662.02		4
		1125		1		611.76		629.02		1
		1126		1		611.92		629.02		1
		1127		1		612.13		629.02		1
		1128		1		612.13		651.02		2
		1129		1		612.24		629.02		0
		1130		1		612.66		629.02		1
		1131		2		612.66		629.02		1
		1132		2		612.67		629.02		0
		1133		8		612.76		629.02		0
		1134		8		612.76		1003.02		96
		1135		9		612.77		717.02		18
		1136		9		612.78		673.02		6
		1137		9		612.8		629.02		0
		1138		9		612.8		673.02		7
		1139		9		612.82		673.02		7
		1140		10		612.83		684.02		4
		1141		10		612.83		640.02		3
		1142		11		612.83		673.02		6
		1143		12		612.85		684.02		13
		1144		11		612.85		629.02		0
		1145		11		612.85		640.02		2
		1146		12		612.85		673.02		11
		1147		12		612.86		684.02		6
		1148		12		612.86		629.02		0
		1149		19		612.86		651.02		4
		1150		20		612.86		651.02		7
		1151		22		612.86		673.02		13
		1152		12		612.86		629.02		0
		1153		23		612.87		673.02		8
		1154		28		612.87		662.02		7
		1155		28		612.87		662.02		7
		1156		28		612.88		662.02		6
		1157		12		612.92		673.02		6
		1158		29		612.92		651.02		5
		1159		12		612.92		717.02		7
		1160		1		612.94		629.02		1
		1161		2		612.94		1905.02		13
		1162		29		612.96		651.02		2
		1163		5		613		695.02		8
		1164		29		613		651.02		6
		1165		29		613.02		651.02		2
		1166		30		613.19		651.02		2
		1167		30		613.19		651.02		2
		1168		1		613.21		629.02		1
		1169		6		613.21		640.02		2
		1170		30		613.24		651.02		2
		1171		1		613.27		629.02		0
		1172		12		613.27		662.02		2
		1173		13		613.28		651.02		4
		1174		6		613.3		717.02		2
		1175		13		613.3		673.02		5
		1176		30		613.3		651.02		5
		1177		31		613.32		651.02		6
		1178		31		613.32		662.02		6
		1179		31		613.32		662.02		5
		1180		31		613.33		662.02		2
		1181		32		613.33		662.02		5
		1182		1		613.33		629.02		0
		1183		4		613.77		629.02		1
		1184		6		613.77		684.02		2
		1185		1		613.77		629.02		0
		1186		13		613.77		684.02		3
		1187		13		613.78		673.02		3
		1188		14		613.78		684.02		4
		1189		14		613.8		673.02		4
		1190		2		614.02		629.02		0
		1191		14		614.11		629.02		0
		1192		4		614.3		1454.02		14
		1193		4		614.38		640.02		2
		1194		1		614.38		629.02		1
		1195		4		614.39		640.02		2
		1196		1		614.46		629.02		1
		1197		1		614.55		629.02		1
		1198		1		614.6		629.02		0
		1199		15		615.32		662.02		3
		1200		2		615.34		629.02		1
		1201		4		615.92		629.02		0
		1202		6		616.32		728.02		4
		1203		2		616.77		629.02		1
		1204		5		616.78		629.02		0
		1205		8		616.95		629.02		1
		1206		1		617.04		629.02		1
		1207		8		617.05		629.02		0
		1208		1		617.34		629.02		1
		1209		8		617.34		629.02		1
		1210		9		617.35		629.02		1
		1211		15		617.35		629.02		0
		1212		9		617.37		684.02		5
		1213		1		617.37		629.02		0
		1214		5		617.48		629.02		1
		1215		13		617.82		673.02		2
		1216		13		617.82		706.02		3
		1217		13		617.93		673.02		2
		1218		13		618.19		662.02		4
		1219		14		618.3		640.02		3
		1220		2		618.94		629.02		0
		1221		14		619.18		695.02		3
		1222		14		619.36		640.02		2
		1223		14		619.61		640.02		0
		1224		2		621.02		673.02		3
		1225		2		621.02		651.02		1
		1226		1		621.02		651.02		1
		1227		2		621.02		662.02		1
		1228		3		621.02		673.02		1
		1229		3		621.02		651.02		1
		1230		1		621.02		849.02		1
		1231		1		621.02		1410.02		1
		1232		1		621.37		640.02		1
		1233		2		622.35		640.02		1
		1234		5		622.66		684.02		2
		1235		3		624.38		640.02		0
		1236		5		625.34		640.02		1
		1237		3		625.35		640.02		1
		1238		3		625.4		640.02		1
		1239		7		625.48		640.02		1
		1240		11		625.48		640.02		1
		1241		3		625.56		640.02		0
		1242		3		625.56		662.02		2
		1243		15		625.56		640.02		3
		1244		3		625.64		640.02		0
		1245		5		625.83		640.02		1
		1246		2		625.98		640.02		1
		1247		6		626.14		640.02		1
		1248		3		626.17		640.02		0
		1249		2		626.77		640.02		1
		1250		1		627.23		640.02		1
		1251		1		628.09		640.02		1
		1252		3		628.15		640.02		1
		1253		1		628.42		640.02		1
		1254		2		628.89		640.02		1
		1255		3		629.07		640.02		1
		1256		15		629.17		640.02		1
		1257		15		629.31		640.02		0
		1258		15		629.36		640.02		1
		1259		16		629.51		640.02		0
		1260		2		629.54		640.02		1
		1261		16		629.57		662.02		3
		1262		2		629.58		640.02		1
		1263		10		629.59		717.02		9
		1264		14		629.59		684.02		8
		1265		6		629.59		640.02		1
		1266		15		629.59		673.02		3
		1267		16		629.6		706.02		2
		1268		16		629.6		706.02		13
		1269		16		629.6		673.02		4
		1270		16		629.6		673.02		2
		1271		16		629.6		673.02		9
		1272		7		629.6		640.02		1
		1273		17		629.61		684.02		9
		1274		17		629.61		695.02		2
		1275		2		629.63		640.02		1
		1276		17		629.63		640.02		0
		1277		2		629.69		640.02		1
		1278		5		630.07		761.02		8
		1279		5		630.08		673.02		3
		1280		5		630.09		673.02		3
		1281		17		630.11		651.02		0
		1282		5		630.11		673.02		3
		1283		3		630.37		651.02		1
		1284		15		630.39		684.02		2
		1285		15		630.4		662.02		2
		1286		17		630.64		673.02		4
		1287		21		630.64		662.02		4
		1288		7		630.72		651.02		1
		1289		21		630.78		651.02		3
		1290		17		630.82		673.02		5
		1291		24		630.82		673.02		4
		1292		24		630.82		662.02		3
		1293		18		630.82		662.02		5
		1294		2		630.95		651.02		1
		1295		18		631.01		673.02		2
		1296		1		631.03		651.02		1
		1297		8		631.12		761.02		5
		1298		2		631.14		1036.02		4
		1299		8		631.22		651.02		0
		1300		8		631.23		673.02		6
		1301		12		631.25		673.02		8
		1302		24		631.25		662.02		2
		1303		27		631.25		651.02		1
		1304		9		631.25		662.02		2
		1305		32		631.37		651.02		1
		1306		8		631.42		673.02		4
		1307		8		631.48		684.02		2
		1308		12		631.61		651.02		1
		1309		18		631.61		651.02		0
		1310		15		631.62		662.02		2
		1311		2		631.68		651.02		1
		1312		7		631.68		651.02		1
		1313		16		631.7		673.02		2
		1314		7		631.72		651.02		1
		1315		16		631.72		651.02		0
		1316		7		631.72		651.02		1
		1317		18		631.73		651.02		0
		1318		32		631.74		651.02		1
		1319		19		631.76		662.02		3
		1320		19		631.76		651.02		1
		1321		32		631.78		651.02		1
		1322		33		631.78		651.02		1
		1323		19		631.86		662.02		2
		1324		19		631.87		651.02		0
		1325		20		631.87		684.02		5
		1326		33		631.87		651.02		1
		1327		33		631.88		651.02		1
		1328		1		632.02		684.02		1
		1329		1		632.02		761.02		2
		1330		1		632.02		728.02		1
		1331		1		632.02		0		0
		1332		1		632.02		717.02		1
		1333		33		632.25		651.02		1
		1334		34		632.25		651.02		1
		1335		8		632.36		651.02		1
		1336		1		632.47		662.02		2
		1337		20		632.52		651.02		0
		1338		16		632.79		673.02		2
		1339		20		632.89		684.02		3
		1340		5		632.89		662.02		2
		1341		20		633		651.02		0
		1342		16		633.12		684.02		4
		1343		1		633.22		651.02		1
		1344		5		633.27		651.02		1
		1345		1		633.34		651.02		1
		1346		34		633.39		651.02		1
		1347		34		633.4		651.02		1
		1348		34		633.47		651.02		1
		1349		9		633.48		662.02		2
		1350		35		633.48		651.02		1
		1351		35		633.48		651.02		1
		1352		35		633.48		651.02		1
		1353		17		633.49		651.02		0
		1354		17		633.5		662.02		2
		1355		35		633.5		651.02		1
		1356		36		633.5		651.02		1
		1357		36		633.51		651.02		1
		1358		36		633.51		651.02		1
		1359		21		633.67		651.02		0
		1360		21		633.87		684.02		3
		1361		17		633.89		695.02		4
		1362		17		633.91		662.02		2
		1363		18		634.11		695.02		3
		1364		5		634.18		849.02		2
		1365		5		634.23		651.02		0
		1366		7		635.25		662.02		2
		1367		18		635.26		651.02		0
		1368		18		635.28		684.02		2
		1369		6		636.26		662.02		3
		1370		4		637.91		651.02		1
		1371		8		638.61		651.02		0
		1372		3		642.21		662.02		1
		1373		1		643.02		684.02		1
		1374		1		643.02		772.02		2
		1375		3		643.81		662.02		0
		1376		1		644.51		684.02		2
		1377		3		644.63		662.02		1
		1378		1		647.32		662.02		0
		1379		4		649.16		662.02		0
		1380		2		649.37		662.02		1
		1381		1		650.64		662.02		0
		1382		3		652.38		673.02		1
		1383		3		652.77		673.02		1
		1384		6		652.9		673.02		0
		1385		7		652.93		695.02		2
		1386		11		653		673.02		1
		1387		11		653		673.02		1
		1388		3		653.14		673.02		1
		1389		12		653.15		695.02		2
		1390		12		653.21		673.02		0
		1391		5		653.21		673.02		0
		1392		14		653.38		673.02		0
		1393		1		653.4		673.02		0
		1394		14		653.92		673.02		1
		1395		1		654.02		860.02		1
		1396		5		654.06		673.02		1
		1397		1		654.38		673.02		1
		1398		3		654.38		673.02		0
		1399		14		654.56		673.02		1
		1400		4		654.56		673.02		1
		1401		1		654.62		673.02		1
		1402		1		654.68		673.02		0
		1403		1		654.68		673.02		0
		1404		1		655.08		673.02		0
		1405		5		655.5		673.02		1
		1406		6		655.86		673.02		1
		1407		3		656.25		673.02		1
		1408		15		657.85		673.02		1
		1409		15		658.42		673.02		0
		1410		15		658.59		673.02		1
		1411		15		658.61		673.02		0
		1412		20		659.25		728.02		3
		1413		20		659.92		684.02		3
		1414		2		661.32		673.02		1
		1415		3		664.75		992.02		5
		1416		2		665.02		750.02		4
		1417		1		665.02		816.02		5
		1418		3		665.77		684.02		1
		1419		4		666.91		684.02		1
		1420		2		667.41		684.02		1
		1421		4		667.42		684.02		1
		1422		4		669.43		684.02		1
		1423		2		674.23		695.02		1
		1424		2		675.38		695.02		1
		1425		1		675.71		860.02		4
		1426		1		675.79		695.02		0
		1427		1		676.5		695.02		0
		1428		1		676.64		838.02		3
		1429		1		679.18		695.02		1
		1430		2		686.13		706.02		1
		1431		1		686.67		706.02		1
		1432		1		686.71		706.02		0
		1433		3		687.02		739.02		3
		1434		3		687.02		1025.02		3
		1435		4		687.02		926.02		1
		1436		6		687.12		827.02		4
		1437		1		687.17		706.02		1
		1438		6		687.21		728.02		2
		1439		1		687.76		706.02		1
		1440		9		687.78		739.02		4
		1441		1		687.87		706.02		1
		1442		7		688.06		1058.02		77
		1443		9		688.08		706.02		3
		1444		8		688.08		1003.02		68
		1445		8		688.08		1146.02		96
		1446		9		688.09		717.02		3
		1447		9		688.11		1047.02		84
		1448		10		688.11		717.02		3
		1449		1		688.11		706.02		1
		1450		1		688.19		706.02		1
		1451		11		688.33		992.02		67
		1452		11		688.33		717.02		4
		1453		11		688.34		717.02		2
		1454		11		688.34		717.02		3
		1455		12		688.37		992.02		45
		1456		9		688.37		794.02		3
		1457		12		688.45		706.02		2
		1458		12		688.45		706.02		2
		1459		12		688.48		706.02		1
		1460		4		688.48		706.02		1
		1461		13		688.5		706.02		1
		1462		13		688.51		706.02		1
		1463		13		688.54		706.02		1
		1464		13		688.67		706.02		1
		1465		14		688.7		706.02		1
		1466		11		688.7		1003.02		19
		1467		1		688.73		706.02		1
		1468		1		688.73		706.02		1
		1469		1		688.83		706.02		1
		1470		11		688.92		706.02		0
		1471		2		688.94		794.02		4
		1472		14		688.98		706.02		1
		1473		14		689.02		706.02		1
		1474		2		689.23		728.02		3
		1475		10		689.41		706.02		1
		1476		14		689.41		706.02		1
		1477		15		689.41		706.02		1
		1478		15		689.47		706.02		1
		1479		1		689.73		706.02		0
		1480		15		689.81		706.02		1
		1481		2		689.88		706.02		1
		1482		2		689.88		706.02		1
		1483		15		689.9		706.02		1
		1484		16		689.92		706.02		1
		1485		16		689.92		706.02		1
		1486		16		689.95		706.02		1
		1487		17		689.97		706.02		1
		1488		3		690.39		706.02		1
		1489		10		690.39		706.02		1
		1490		17		690.43		706.02		1
		1491		17		690.46		706.02		1
		1492		2		690.54		706.02		0
		1493		17		690.54		706.02		1
		1494		2		690.56		706.02		1
		1495		3		690.98		805.02		10
		1496		3		691.01		706.02		1
		1497		5		691.2		706.02		0
		1498		5		691.21		706.02		0
		1499		6		691.74		706.02		0
		1500		6		692.07		706.02		1
		1501		4		693.11		739.02		4
		1502		4		693.36		882.02		15
		1503		4		693.44		728.02		4
		1504		6		695.62		706.02		1
		1505		6		695.78		706.02		1
		1506		1		697.03		717.02		1
		1507		7		697.16		717.02		0
		1508		7		697.16		1113.02		13
		1509		7		697.37		860.02		9
		1510		1		697.37		739.02		2
		1511		1		698.02		739.02		2
		1512		1		698.02		761.02		1
		1513		5		698.06		1146.02		27
		1514		5		698.14		805.02		3
		1515		8		698.14		717.02		1
		1516		1		698.28		717.02		0
		1517		8		699.04		717.02		0
		1518		1		699.22		717.02		0
		1519		1		699.67		717.02		1
		1520		8		700.17		717.02		1
		1521		1		700.65		717.02		0
		1522		2		708.74		739.02		2
		1523		2		709.02		739.02		1
		1524		2		709.02		739.02		1
		1525		1		709.02		1256.02		4
		1526		1		709.02		838.02		3
		1527		1		709.02		827.02		2
		1528		1		709.02		827.02		1
		1529		1		709.02		750.02		1
		1530		4		709.03		728.02		0
		1531		12		711.37		992.02		46
		1532		12		711.4		816.02		23
		1533		12		711.42		992.02		66
		1534		13		711.42		849.02		19
		1535		13		711.43		849.02		28
		1536		1		711.46		728.02		0
		1537		13		711.46		849.02		24
		1538		2		711.78		728.02		1
		1539		13		711.95		992.02		43
		1540		14		712.24		838.02		25
		1541		1		712.57		739.02		2
		1542		2		712.74		728.02		1
		1543		1		712.91		728.02		1
		1544		2		713.05		728.02		1
		1545		1		715.59		728.02		1
		1546		5		715.98		750.02		2
		1547		5		716.55		728.02		1
		1548		10		716.57		761.02		2
		1549		4		716.94		728.02		1
		1550		3		719.89		761.02		2
		1551		1		720.02		750.02		2
		1552		1		720.02		838.02		1
		1553		1		720.95		739.02		1
		1554		3		721.05		739.02		1
		1555		1		721.15		739.02		1
		1556		1		721.33		849.02		5
		1557		10		721.33		992.02		54
		1558		5		721.33		761.02		2
		1559		10		721.38		1201.02		74
		1560		10		721.38		992.02		53
		1561		11		721.43		992.02		63
		1562		11		721.43		992.02		53
		1563		5		721.52		761.02		4
		1564		11		721.52		739.02		0
		1565		14		721.57		772.02		7
		1566		14		721.57		772.02		6
		1567		2		721.8		739.02		1
		1568		5		721.8		739.02		1
		1569		14		722.17		893.02		34
		1570		15		722.22		750.02		6
		1571		1		722.6		739.02		1
		1572		6		722.64		805.02		8
		1573		9		722.66		1003.02		57
		1574		6		722.67		805.02		4
		1575		9		722.67		1003.02		63
		1576		9		722.69		772.02		8
		1577		15		722.69		750.02		5
		1578		15		722.7		739.02		1
		1579		1		722.7		739.02		1
		1580		15		722.7		750.02		2
		1581		1		722.7		739.02		1
		1582		6		722.7		739.02		0
		1583		16		722.71		783.02		9
		1584		7		722.75		739.02		0
		1585		16		722.75		772.02		4
		1586		16		722.8		772.02		12
		1587		16		722.81		783.02		12
		1588		17		722.85		750.02		3
		1589		17		722.86		750.02		2
		1590		17		722.86		750.02		6
		1591		7		722.86		761.02		3
		1592		17		722.9		783.02		8
		1593		7		723.02		992.02		28
		1594		18		723.28		750.02		4
		1595		18		723.3		750.02		5
		1596		18		723.31		750.02		3
		1597		18		723.31		750.02		3
		1598		19		723.33		783.02		10
		1599		19		723.33		739.02		3
		1600		7		723.34		783.02		6
		1601		19		723.49		739.02		3
		1602		3		723.5		739.02		1
		1603		19		723.5		739.02		3
		1604		20		723.5		783.02		6
		1605		20		723.5		739.02		4
		1606		20		723.56		739.02		3
		1607		20		723.58		739.02		3
		1608		21		723.58		739.02		3
		1609		21		723.61		739.02		1
		1610		21		723.61		739.02		3
		1611		1		723.8		739.02		1
		1612		8		723.81		739.02		0
		1613		21		723.88		739.02		1
		1614		8		723.88		761.02		2
		1615		8		723.91		739.02		0
		1616		22		723.91		739.02		1
		1617		8		723.94		739.02		0
		1618		22		723.94		739.02		2
		1619		22		724.06		739.02		1
		1620		3		724.06		739.02		2
		1621		22		724.08		739.02		1
		1622		23		724.08		739.02		1
		1623		3		724.2		739.02		1
		1624		23		724.2		739.02		1
		1625		23		724.2		739.02		1
		1626		9		724.36		783.02		6
		1627		6		724.38		739.02		1
		1628		1		724.38		739.02		0
		1629		9		724.48		739.02		0
		1630		23		724.55		739.02		1
		1631		24		724.56		739.02		1
		1632		24		724.56		739.02		1
		1633		3		724.63		739.02		1
		1634		24		724.72		739.02		1
		1635		24		724.8		739.02		1
		1636		1		724.83		739.02		1
		1637		1		724.89		739.02		1
		1638		1		724.92		739.02		1
		1639		25		724.93		739.02		1
		1640		1		724.93		739.02		1
		1641		9		724.97		783.02		4
		1642		25		724.97		739.02		1
		1643		25		725.2		739.02		1
		1644		25		725.2		739.02		1
		1645		26		725.21		739.02		1
		1646		5		725.21		739.02		1
		1647		26		725.21		739.02		1
		1648		26		725.22		739.02		1
		1649		26		725.22		739.02		1
		1650		27		725.22		739.02		1
		1651		27		725.25		739.02		1
		1652		27		725.25		739.02		1
		1653		27		725.27		739.02		1
		1654		9		725.27		772.02		3
		1655		4		725.44		937.02		8
		1656		4		725.44		739.02		1
		1657		7		725.46		739.02		0
		1658		28		725.47		739.02		1
		1659		3		725.5		739.02		1
		1660		10		725.53		739.02		0
		1661		28		725.54		739.02		1
		1662		8		725.54		739.02		0
		1663		10		725.75		739.02		1
		1664		8		725.78		1223.02		31
		1665		2		725.78		739.02		1
		1666		8		726.03		739.02		0
		1667		10		726.08		739.02		1
		1668		10		726.09		739.02		1
		1669		5		726.09		739.02		0
		1670		1		726.1		739.02		1
		1671		9		726.11		739.02		1
		1672		1		726.11		739.02		0
		1673		11		726.11		739.02		1
		1674		9		726.12		739.02		1
		1675		10		726.12		849.02		12
		1676		28		726.12		739.02		1
		1677		4		726.12		739.02		1
		1678		28		726.12		739.02		1
		1679		11		726.19		739.02		1
		1680		29		726.2		739.02		1
		1681		10		726.23		805.02		4
		1682		29		726.25		739.02		1
		1683		11		726.25		816.02		7
		1684		11		726.26		750.02		4
		1685		29		726.26		739.02		1
		1686		29		726.28		739.02		1
		1687		11		726.28		739.02		0
		1688		12		726.28		772.02		7
		1689		30		726.28		739.02		1
		1690		30		726.3		739.02		1
		1691		30		726.3		739.02		0
		1692		12		726.34		739.02		0
		1693		12		726.42		772.02		6
		1694		12		726.42		739.02		1
		1695		11		726.44		739.02		1
		1696		5		726.44		739.02		1
		1697		13		726.56		739.02		1
		1698		13		726.59		739.02		1
		1699		13		726.59		739.02		1
		1700		30		726.63		739.02		1
		1701		13		726.81		739.02		1
		1702		2		727.05		739.02		0
		1703		14		727.31		739.02		0
		1704		14		727.31		739.02		0
		1705		14		727.49		739.02		1
		1706		14		727.58		739.02		1
		1707		15		727.6		739.02		1
		1708		1		727.7		739.02		1
		1709		1		727.74		739.02		1
		1710		7		727.74		739.02		1
		1711		15		727.92		739.02		1
		1712		15		727.95		739.02		1
		1713		4		729.11		750.02		0
		1714		5		729.4		750.02		1
		1715		6		729.43		805.02		5
		1716		4		729.43		750.02		0
		1717		4		730.14		750.02		1
		1718		1		730.24		750.02		1
		1719		5		730.71		750.02		1
		1720		5		730.71		750.02		1
		1721		2		731.02		816.02		3
		1722		2		731.02		772.02		1
		1723		2		731.02		772.02		1
		1724		2		731.02		849.02		2
		1725		1		731.02		750.02		1
		1726		1		731.02		827.02		3
		1727		1		731.02		783.02		1
		1728		1		731.24		750.02		0
		1729		8		731.25		750.02		1
		1730		6		731.38		761.02		2
		1731		1		731.49		750.02		0
		1732		1		731.7		761.02		2
		1733		2		732		750.02		1
		1734		1		732.66		750.02		1
		1735		8		733.54		750.02		0
		1736		4		734.03		750.02		1
		1737		2		739.55		783.02		3
		1738		2		741.69		761.02		1
		1739		4		742.02		882.02		4
		1740		1		742.02		772.02		1
		1741		1		742.02		827.02		1
		1742		2		742.07		794.02		3
		1743		2		742.07		761.02		0
		1744		2		742.21		761.02		1
		1745		1		742.56		772.02		2
		1746		4		742.89		761.02		1
		1747		1		744.42		772.02		2
		1748		4		744.43		860.02		12
		1749		6		744.94		827.02		6
		1750		6		745.2		761.02		1
		1751		6		746.25		761.02		1
		1752		7		746.34		761.02		1
		1753		8		746.38		761.02		1
		1754		8		746.42		761.02		3
		1755		11		746.57		992.02		53
		1756		19		746.58		783.02		5
		1757		19		746.58		783.02		5
		1758		19		746.63		783.02		5
		1759		3		746.64		871.02		4
		1760		13		746.7		761.02		0
		1761		20		746.72		761.02		1
		1762		20		746.72		761.02		1
		1763		20		746.76		761.02		1
		1764		24		746.78		761.02		1
		1765		2		746.81		761.02		1
		1766		24		746.81		761.02		1
		1767		3		746.81		761.02		0
		1768		13		746.81		761.02		0
		1769		24		746.82		761.02		1
		1770		13		746.84		761.02		1
		1771		24		746.84		761.02		1
		1772		25		746.86		761.02		1
		1773		25		746.86		761.02		1
		1774		25		746.86		761.02		1
		1775		25		746.92		761.02		1
		1776		1		748.21		761.02		1
		1777		1		752.17		772.02		1
		1778		1		752.78		805.02		3
		1779		1		753.02		1179.02		1
		1780		3		753.02		1036.02		1
		1781		4		753.02		783.02		1
		1782		5		753.02		1190.02		8
		1783		1		753.02		805.02		1
		1784		1		754.1		794.02		3
		1785		1		755.02		772.02		0
		1786		1		755.04		772.02		1
		1787		1		755.42		1256.02		16
		1788		2		757.43		772.02		0
		1789		3		759.03		772.02		1
		1790		9		759.92		1014.02		16
		1791		2		761.12		772.02		0
		1792		6		763.54		1256.02		29
		1793		2		763.54		783.02		1
		1794		2		763.78		783.02		1
		1795		1		764.02		827.02		1
		1796		3		764.02		827.02		2
		1797		5		764.02		805.02		1
		1798		5		764.02		816.02		1
		1799		6		764.02		783.02		1
		1800		6		764.02		1003.02		3
		1801		2		764.02		783.02		1
		1802		1		764.02		849.02		3
		1803		1		764.79		849.02		4
		1804		1		764.8		783.02		0
		1805		1		765.23		783.02		1
		1806		6		765.28		783.02		1
		1807		2		765.48		783.02		0
		1808		2		766.03		783.02		1
		1809		3		766.03		783.02		1
		1810		5		766.46		805.02		8
		1811		2		766.51		783.02		1
		1812		5		766.81		871.02		14
		1813		5		767.79		805.02		2
		1814		5		767.94		805.02		6
		1815		8		767.96		783.02		1
		1816		1		768.04		783.02		0
		1817		8		768.26		783.02		1
		1818		8		768.85		783.02		1
		1819		7		768.99		860.02		3
		1820		1		769.36		783.02		1
		1821		7		769.55		1069.02		13
		1822		8		769.56		1234.02		33
		1823		8		769.58		904.02		6
		1824		3		769.62		783.02		0
		1825		8		769.63		860.02		3
		1826		9		769.64		783.02		1
		1827		15		769.65		893.02		38
		1828		9		769.66		783.02		1
		1829		15		769.66		882.02		24
		1830		15		769.77		882.02		22
		1831		15		769.77		783.02		1
		1832		17		769.77		783.02		0
		1833		3		769.77		783.02		0
		1834		17		769.77		783.02		1
		1835		17		769.79		783.02		1
		1836		18		770.01		783.02		0
		1837		18		770.01		783.02		1
		1838		6		770.08		783.02		0
		1839		18		770.22		783.02		1
		1840		18		770.22		783.02		1
		1841		7		770.75		783.02		0
		1842		7		770.75		783.02		1
		1843		8		770.87		783.02		1
		1844		10		770.87		783.02		0
		1845		2		771.75		783.02		1
		1846		10		771.83		783.02		1
		1847		7		773.96		794.02		0
		1848		1		775.87		849.02		3
		1849		10		777.56		849.02		3
		1850		6		778.03		860.02		7
		1851		3		778.32		794.02		0
		1852		1		778.37		882.02		2
		1853		12		779.49		794.02		1
		1854		3		779.94		794.02		1
		1855		1		779.94		794.02		1
		1856		12		779.94		794.02		1
		1857		3		780.87		794.02		1
		1858		12		781.04		794.02		1
		1859		4		781.04		794.02		0
		1860		4		781.89		794.02		1
		1861		2		782.05		794.02		1
		1862		1		782.49		794.02		0
		1863		4		782.7		794.02		1
		1864		11		783.49		860.02		4
		1865		2		785.24		805.02		0
		1866		1		785.36		805.02		1
		1867		1		785.41		805.02		1
		1868		1		785.47		805.02		0
		1869		1		785.68		838.02		3
		1870		1		785.81		805.02		1
		1871		4		785.81		805.02		1
		1872		9		785.89		849.02		17
		1873		2		785.97		827.02		4
		1874		14		785.97		838.02		12
		1875		1		786.02		0		0
		1876		1		786.02		860.02		3
		1877		1		786.02		849.02		1
		1878		1		786.02		849.02		1
		1879		14		786.02		893.02		19
		1880		15		786.02		860.02		24
		1881		16		786.02		860.02		16
		1882		16		786.02		893.02		12
		1883		16		786.02		860.02		17
		1884		16		786.02		860.02		12
		1885		2		786.23		981.02		7
		1886		2		786.33		805.02		0
		1887		2		786.75		1135.02		9
		1888		1		786.94		871.02		8
		1889		11		787.04		860.02		3
		1890		1		787.06		838.02		3
		1891		13		787.17		1014.02		9
		1892		1		787.32		805.02		1
		1893		1		788.45		805.02		0
		1894		2		788.64		816.02		2
		1895		3		789.69		805.02		0
		1896		3		789.95		805.02		1
		1897		1		790.44		805.02		1
		1898		4		790.69		805.02		1
		1899		4		791		805.02		0
		1900		6		792.26		805.02		1
		1901		8		792.7		805.02		0
		1902		8		792.73		805.02		0
		1903		8		793.06		948.02		18
		1904		7		794.08		805.02		1
		1905		2		794.73		805.02		1
		1906		8		794.83		805.02		0
		1907		9		794.89		838.02		2
		1908		2		795		805.02		1
		1909		9		795.35		838.02		4
		1910		9		795.39		827.02		2
		1911		9		795.39		838.02		3
		1912		7		795.39		816.02		0
		1913		17		795.4		849.02		13
		1914		17		795.41		860.02		3
		1915		17		795.42		849.02		7
		1916		17		795.48		816.02		1
		1917		10		795.57		838.02		3
		1918		18		795.6		893.02		9
		1919		2		795.78		849.02		3
		1920		18		795.78		860.02		15
		1921		1		796.03		816.02		1
		1922		1		796.7		827.02		2
		1923		2		796.73		1388.02		46
		1924		2		796.75		816.02		1
		1925		18		796.75		816.02		1
		1926		18		796.75		816.02		1
		1927		19		796.75		860.02		9
		1928		19		796.76		816.02		3
		1929		19		796.76		860.02		10
		1930		19		796.76		816.02		3
		1931		20		796.76		827.02		2
		1932		20		796.76		816.02		2
		1933		2		796.76		816.02		1
		1934		20		796.77		816.02		2
		1935		12		796.78		816.02		0
		1936		2		797		816.02		1
		1937		2		797.02		860.02		1
		1938		2		797.02		860.02		1
		1939		2		797.02		816.02		1
		1940		1		797.02		838.02		1
		1941		1		797.02		871.02		1
		1942		1		797.02		827.02		1
		1943		7		797.71		849.02		4
		1944		2		798.95		816.02		1
		1945		7		799.95		849.02		6
		1946		1		800.08		816.02		1
		1947		7		800.33		849.02		2
		1948		2		800.34		816.02		1
		1949		10		800.42		871.02		6
		1950		1		800.63		838.02		2
		1951		20		800.7		816.02		1
		1952		21		800.79		816.02		1
		1953		2		801.25		816.02		0
		1954		10		802.33		915.02		9
		1955		3		802.33		816.02		1
		1956		10		802.74		816.02		1
		1957		1		802.88		816.02		0
		1958		3		803.37		816.02		0
		1959		11		804.2		816.02		1
		1960		3		804.22		816.02		1
		1961		3		804.67		816.02		1
		1962		11		805.04		816.02		1
		1963		4		805.42		816.02		1
		1964		4		806.54		827.02		1
		1965		4		807.63		849.02		3
		1966		4		808.02		860.02		1
		1967		8		808.02		849.02		3
		1968		8		808.02		827.02		1
		1969		1		808.02		992.02		1
		1970		1		808.02		948.02		2
		1971		2		809.81		827.02		1
		1972		4		810.18		871.02		2
		1973		4		810.19		871.02		2
		1974		4		810.28		827.02		0
		1975		1		813.7		860.02		3
		1976		1		814.88		827.02		0
		1977		1		815.24		827.02		0
		1978		9		816.8		827.02		1
		1979		9		817.09		915.02		7
		1980		1		817.21		838.02		0
		1981		5		817.62		860.02		2
		1982		9		817.69		893.02		4
		1983		12		817.96		882.02		4
		1984		12		818.07		838.02		3
		1985		12		818.08		893.02		2
		1986		12		818.16		838.02		2
		1987		17		818.17		849.02		6
		1988		5		818.19		849.02		2
		1989		18		818.19		860.02		6
		1990		13		818.43		838.02		0
		1991		2		818.65		838.02		0
		1992		13		818.97		838.02		0
		1993		13		818.98		838.02		0
		1994		1		819.02		937.02		5
		1995		1		819.02		882.02		1
		1996		5		819.02		1245.02		3
		1997		2		819.02		915.02		6
		1998		1		819.02		849.02		1
		1999		1		819.02		882.02		1
		2000		5		819.11		849.02		2
		2001		2		819.5		838.02		0
		2002		2		819.83		838.02		0
		2003		2		819.84		838.02		1
		2004		14		820		970.02		10
		2005		14		820.04		860.02		3
		2006		3		820.05		838.02		0
		2007		1		820.16		838.02		1
		2008		3		820.48		838.02		0
		2009		3		820.62		1014.02		9
		2010		12		820.93		992.02		42
		2011		18		820.93		860.02		5
		2012		4		821.05		838.02		0
		2013		4		821.23		838.02		0
		2014		5		821.37		871.02		6
		2015		5		821.4		838.02		0
		2016		2		821.64		838.02		0
		2017		5		821.8		1058.02		16
		2018		19		821.82		838.02		1
		2019		11		821.82		838.02		0
		2020		14		821.82		838.02		1
		2021		19		821.83		860.02		6
		2022		21		821.83		849.02		3
		2023		14		821.83		838.02		0
		2024		15		821.83		838.02		1
		2025		21		821.85		849.02		4
		2026		2		821.85		838.02		1
		2027		21		821.87		849.02		2
		2028		15		821.87		838.02		1
		2029		21		821.9		849.02		2
		2030		3		821.94		838.02		1
		2031		3		822.4		838.02		1
		2032		6		822.72		838.02		0
		2033		6		822.72		893.02		5
		2034		2		822.77		838.02		1
		2035		6		823.5		838.02		0
		2036		6		824.19		838.02		0
		2037		3		825.04		838.02		1
		2038		3		825.87		838.02		1
		2039		6		825.99		838.02		1
		2040		11		826.16		871.02		3
		2041		11		826.24		838.02		0
		2042		2		826.24		838.02		1
		2043		6		826.64		838.02		1
		2044		11		826.74		838.02		0
		2045		2		826.79		838.02		0
		2046		11		826.96		871.02		5
		2047		2		828.75		849.02		1
		2048		1		829.76		849.02		1
		2049		1		829.84		849.02		1
		2050		7		829.9		849.02		1
		2051		12		829.98		948.02		11
		2052		1		829.98		849.02		1
		2053		7		830		849.02		1
		2054		2		830.02		849.02		1
		2055		3		830.02		882.02		1
		2056		1		830.02		915.02		1
		2057		1		830.02		915.02		1
		2058		20		830.02		860.02		3
		2059		20		830.02		860.02		2
		2060		1		830.94		849.02		1
		2061		7		831		849.02		1
		2062		20		831		849.02		1
		2063		4		831.36		849.02		1
		2064		12		831.39		948.02		7
		2065		1		831.9		849.02		1
		2066		4		832.37		849.02		1
		2067		12		832.59		849.02		0
		2068		4		832.79		849.02		1
		2069		1		833.09		849.02		1
		2070		12		833.14		849.02		0
		2071		4		833.48		849.02		1
		2072		8		833.91		860.02		5
		2073		8		833.92		849.02		0
		2074		2		840.34		860.02		0
		2075		1		840.42		871.02		2
		2076		1		840.97		926.02		6
		2077		2		841.02		860.02		1
		2078		2		841.02		860.02		1
		2079		1		841.02		926.02		3
		2080		1		841.02		915.02		1
		2081		2		842.27		860.02		0
		2082		2		842.32		860.02		0
		2083		1		842.51		882.02		3
		2084		6		842.57		860.02		1
		2085		6		842.75		860.02		0
		2086		5		843.02		915.02		6
		2087		2		843.42		882.02		2
		2088		2		843.89		882.02		2
		2089		3		844.05		860.02		1
		2090		6		844.1		860.02		0
		2091		6		844.24		860.02		1
		2092		2		844.32		860.02		0
		2093		6		844.36		860.02		1
		2094		3		844.44		1014.02		8
		2095		3		844.65		959.02		4
		2096		1		845.39		860.02		1
		2097		4		845.95		860.02		0
		2098		4		846.13		860.02		1
		2099		2		846.69		860.02		1
		2100		12		846.73		860.02		1
		2101		12		846.97		860.02		1
		2102		13		847.04		860.02		0
		2103		13		847.26		860.02		1
		2104		13		848.69		860.02		1
		2105		15		848.71		860.02		0
		2106		15		848.72		970.02		6
		2107		3		848.72		860.02		1
		2108		1		849.87		860.02		1
		2109		3		849.93		860.02		1
		2110		15		850.13		871.02		0
		2111		1		850.13		871.02		0
		2112		3		850.21		871.02		1
		2113		10		850.99		871.02		0
		2114		4		852.02		1091.02		2
		2115		5		852.02		1289.02		9
		2116		1		852.02		937.02		2
		2117		2		852.2		871.02		0
		2118		10		852.63		926.02		13
		2119		10		852.83		1069.02		9
		2120		2		853.94		871.02		1
		2121		1		856.25		871.02		0
		2122		2		857.24		871.02		1
		2123		1		857.89		871.02		0
		2124		1		858.4		871.02		1
		2125		1		858.58		871.02		0
		2126		1		858.62		871.02		0
		2127		1		858.95		871.02		1
		2128		2		859.76		871.02		1
		2129		2		860.01		871.02		1
		2130		2		860.72		871.02		1
		2131		2		860.79		871.02		1
		2132		6		861.03		904.02		3
		2133		2		861.04		882.02		1
		2134		6		861.34		1212.02		33
		2135		6		861.77		904.02		4
		2136		7		861.89		992.02		19
		2137		2		862.18		882.02		1
		2138		3		862.45		882.02		1
		2139		7		862.69		992.02		16
		2140		3		862.7		882.02		1
		2141		3		862.71		882.02		1
		2142		3		862.74		882.02		1
		2143		1		863.02		915.02		1
		2144		1		863.02		981.02		1
		2145		5		863.02		970.02		8
		2146		6		863.02		1080.02		4
		2147		6		863.02		882.02		1
		2148		6		863.02		1080.02		1
		2149		1		863.02		959.02		2
		2150		1		863.02		882.02		1
		2151		1		863.02		915.02		1
		2152		1		863.02		915.02		1
		2153		7		864.76		882.02		0
		2154		5		864.76		882.02		0
		2155		4		864.77		882.02		0
		2156		4		864.82		948.02		4
		2157		1		864.83		882.02		1
		2158		4		864.83		882.02		1
		2159		9		864.83		1003.02		66
		2160		2		865.74		882.02		1
		2161		7		865.86		1069.02		19
		2162		1		866.07		882.02		0
		2163		8		866.08		981.02		7
		2164		5		866.09		937.02		7
		2165		5		866.59		893.02		2
		2166		2		867.06		882.02		1
		2167		1		867.26		882.02		1
		2168		13		869.23		992.02		23
		2169		13		869.65		992.02		26
		2170		13		869.74		992.02		23
		2171		14		869.75		981.02		13
		2172		6		870.09		882.02		1
		2173		14		870.57		893.02		2
		2174		2		872.49		893.02		1
		2175		4		873.18		893.02		1
		2176		2		873.31		926.02		4
		2177		1		873.67		893.02		0
		2178		6		873.68		981.02		6
		2179		7		874.02		1091.02		3
		2180		7		874.02		904.02		1
		2181		7		874.02		904.02		1
		2182		1		874.02		915.02		1
		2183		1		874.02		937.02		2
		2184		1		874.24		893.02		1
		2185		8		874.65		948.02		3
		2186		4		875.21		893.02		1
		2187		4		875.24		893.02		1
		2188		8		875.73		948.02		6
		2189		9		875.73		981.02		11
		2190		3		876.84		893.02		1
		2191		2		878.21		904.02		2
		2192		2		879.71		904.02		2
		2193		1		880.59		893.02		1
		2194		2		881.1		893.02		0
		2195		2		881.13		893.02		0
		2196		8		881.17		893.02		0
		2197		1		881.48		893.02		0
		2198		1		881.72		893.02		1
		2199		7		883.04		1069.02		8
		2200		7		884.57		1069.02		7
		2201		1		885.02		1080.02		13
		2202		1		885.02		915.02		1
		2203		1		885.02		992.02		3
		2204		1		885.46		915.02		2
		2205		1		885.61		904.02		0
		2206		4		886.71		970.02		7
		2207		1		886.74		904.02		1
		2208		1		886.74		904.02		1
		2209		2		886.76		1036.02		7
		2210		2		886.88		904.02		0
		2211		1		887.76		904.02		1
		2212		1		888		904.02		0
		2213		1		888.91		1003.02		8
		2214		1		891.59		915.02		2
		2215		3		891.86		904.02		1
		2216		4		893.69		904.02		1
		2217		4		893.7		904.02		1
		2218		4		893.71		904.02		1
		2219		9		893.71		904.02		1
		2220		9		893.79		904.02		0
		2221		1		895.25		915.02		0
		2222		8		895.41		915.02		1
		2223		11		895.48		915.02		3
		2224		8		895.48		915.02		1
		2225		4		895.6		915.02		1
		2226		9		895.67		948.02		4
		2227		1		895.67		915.02		0
		2228		10		895.92		915.02		1
		2229		4		895.94		915.02		1
		2230		15		895.95		992.02		20
		2231		1		896.02		1047.02		1
		2232		1		896.02		970.02		1
		2233		2		896.02		915.02		1
		2234		1		896.02		948.02		1
		2235		1		896.02		992.02		4
		2236		1		896.02		948.02		1
		2237		15		896.13		970.02		22
		2238		15		896.13		992.02		21
		2239		15		896.14		992.02		18
		2240		16		896.14		992.02		13
		2241		16		896.16		970.02		17
		2242		10		896.16		915.02		1
		2243		16		896.17		970.02		12
		2244		16		896.17		981.02		17
		2245		17		896.21		970.02		17
		2246		17		896.21		970.02		9
		2247		10		896.29		915.02		1
		2248		11		896.29		1014.02		9
		2249		11		896.89		959.02		3
		2250		11		896.93		915.02		1
		2251		11		897.14		915.02		1
		2252		8		897.29		915.02		1
		2253		11		897.43		915.02		1
		2254		12		897.6		915.02		1
		2255		1		897.6		992.02		3
		2256		17		897.6		992.02		10
		2257		17		897.67		937.02		9
		2258		2		897.69		915.02		1
		2259		18		897.7		970.02		9
		2260		18		897.7		937.02		11
		2261		18		897.77		937.02		3
		2262		2		897.77		915.02		0
		2263		18		897.78		937.02		7
		2264		2		897.78		915.02		0
		2265		19		897.95		937.02		5
		2266		19		897.96		915.02		5
		2267		19		897.96		915.02		5
		2268		19		898		915.02		1
		2269		20		898		937.02		3
		2270		1		898.08		1014.02		4
		2271		11		898.15		915.02		0
		2272		12		898.15		915.02		0
		2273		12		898.2		915.02		0
		2274		4		898.41		915.02		1
		2275		4		898.41		915.02		1
		2276		20		898.44		937.02		5
		2277		20		898.45		937.02		6
		2278		5		898.49		915.02		1
		2279		13		898.63		915.02		0
		2280		5		898.74		915.02		1
		2281		6		898.82		915.02		3
		2282		6		898.88		981.02		18
		2283		20		898.88		915.02		4
		2284		21		898.91		915.02		1
		2285		10		898.94		915.02		0
		2286		13		899.06		1003.02		9
		2287		5		899.14		915.02		1
		2288		13		899.17		1003.02		6
		2289		2		899.19		915.02		0
		2290		12		899.25		915.02		1
		2291		13		899.44		926.02		4
		2292		1		899.58		915.02		1
		2293		21		899.58		915.02		2
		2294		21		899.59		937.02		3
		2295		14		899.66		926.02		2
		2296		14		899.66		970.02		6
		2297		2		899.68		915.02		1
		2298		21		899.7		915.02		2
		2299		22		899.78		915.02		2
		2300		12		899.78		915.02		1
		2301		22		899.83		915.02		1
		2302		22		899.84		915.02		1
		2303		22		899.84		915.02		2
		2304		2		899.9		915.02		0
		2305		23		899.9		915.02		2
		2306		14		899.94		970.02		6
		2307		23		899.94		915.02		1
		2308		14		899.95		915.02		1
		2309		23		899.95		915.02		1
		2310		23		900.02		915.02		1
		2311		9		900.14		915.02		0
		2312		24		900.17		915.02		1
		2313		15		900.17		926.02		2
		2314		15		900.62		937.02		2
		2315		15		900.72		915.02		0
		2316		15		900.8		915.02		0
		2317		16		900.81		1003.02		9
		2318		2		900.83		915.02		1
		2319		9		900.85		915.02		1
		2320		16		900.94		970.02		6
		2321		1		901.06		915.02		1
		2322		2		901.27		915.02		1
		2323		9		901.28		915.02		1
		2324		5		901.41		915.02		1
		2325		9		901.9		915.02		1
		2326		24		902.16		915.02		1
		2327		24		902.19		915.02		1
		2328		24		902.2		915.02		1
		2329		25		902.2		915.02		1
		2330		25		902.21		915.02		1
		2331		25		902.21		915.02		1
		2332		25		902.21		915.02		1
		2333		26		902.25		915.02		1
		2334		26		902.26		915.02		1
		2335		9		902.28		915.02		0
		2336		2		902.29		915.02		1
		2337		26		902.3		915.02		1
		2338		26		902.3		915.02		1
		2339		27		902.31		915.02		1
		2340		5		902.32		915.02		0
		2341		13		902.36		915.02		1
		2342		27		902.48		915.02		0
		2343		13		902.92		915.02		1
		2344		5		902.92		915.02		1
		2345		5		903.02		915.02		0
		2346		16		903.02		915.02		1
		2347		13		903.02		915.02		1
		2348		6		903.03		915.02		0
		2349		16		903.04		915.02		1
		2350		17		903.04		915.02		1
		2351		17		903.17		915.02		1
		2352		9		903.18		915.02		1
		2353		17		903.3		915.02		1
		2354		6		903.44		915.02		1
		2355		17		903.44		915.02		1
		2356		2		903.5		915.02		1
		2357		6		903.68		915.02		1
		2358		2		903.73		915.02		1
		2359		18		903.86		915.02		0
		2360		10		903.88		915.02		1
		2361		14		903.96		1014.02		4
		2362		10		904		915.02		1
		2363		14		904.03		926.02		3
		2364		10		904.04		915.02		1
		2365		6		904.25		915.02		1
		2366		14		904.36		915.02		0
		2367		2		904.39		915.02		1
		2368		2		904.4		915.02		0
		2369		10		904.4		915.02		1
		2370		15		904.4		915.02		0
		2371		3		904.42		915.02		0
		2372		15		904.46		915.02		1
		2373		15		904.57		981.02		4
		2374		16		904.74		915.02		0
		2375		16		904.77		926.02		2
		2376		16		904.77		915.02		0
		2377		16		905.13		926.02		0
		2378		3		905.23		970.02		2
		2379		3		905.73		926.02		1
		2380		8		906.19		959.02		2
		2381		8		906.19		970.02		5
		2382		3		906.22		926.02		1
		2383		2		906.24		926.02		1
		2384		1		906.27		1245.02		9
		2385		3		906.68		937.02		3
		2386		2		906.9		926.02		1
		2387		1		907.02		948.02		1
		2388		3		907.17		926.02		0
		2389		7		908.46		926.02		1
		2390		7		908.46		926.02		1
		2391		7		908.47		926.02		1
		2392		11		909.05		926.02		1
		2393		17		909.36		926.02		0
		2394		11		909.41		926.02		0
		2395		17		909.42		926.02		1
		2396		2		909.84		926.02		1
		2397		1		910.59		981.02		5
		2398		11		910.81		926.02		0
		2399		3		910.81		926.02		1
		2400		2		911.33		926.02		1
		2401		2		911.5		926.02		1
		2402		2		911.89		926.02		1
		2403		3		911.89		1025.02		7
		2404		1		912		937.02		2
		2405		1		915.18		926.02		0
		2406		6		917.37		937.02		0
		2407		2		918.02		959.02		1
		2408		1		918.02		1003.02		3
		2409		1		918.02		992.02		1
		2410		2		918.02		959.02		1
		2411		2		918.21		937.02		1
		2412		1		918.23		937.02		1
		2413		1		918.24		937.02		1
		2414		2		918.36		937.02		0
		2415		14		918.36		981.02		9
		2416		14		918.36		981.02		5
		2417		14		918.37		992.02		5
		2418		20		918.38		937.02		1
		2419		8		918.38		937.02		0
		2420		22		918.38		937.02		1
		2421		22		918.4		937.02		1
		2422		22		918.4		937.02		1
		2423		22		918.4		937.02		1
		2424		23		918.41		937.02		1
		2425		23		918.43		937.02		1
		2426		23		918.44		937.02		1
		2427		6		918.45		1003.02		2
		2428		23		918.46		937.02		1
		2429		2		919.82		937.02		0
		2430		8		919.89		937.02		1
		2431		1		920.32		959.02		2
		2432		1		920.81		981.02		2
		2433		2		921.32		937.02		0
		2434		4		924.49		937.02		1
		2435		1		926.12		937.02		0
		2436		1		926.15		937.02		1
		2437		1		926.15		937.02		1
		2438		3		926.75		937.02		0
		2439		1		926.84		937.02		1
		2440		2		927.01		937.02		1
		2441		2		927.01		937.02		1
		2442		3		927.25		948.02		1
		2443		4		927.25		948.02		2
		2444		4		927.65		948.02		1
		2445		4		928.08		1135.02		2
		2446		2		929.02		1036.02		3
		2447		1		929.02		981.02		1
		2448		7		929.48		970.02		3
		2449		4		929.79		948.02		1
		2450		3		929.84		948.02		1
		2451		7		929.96		948.02		1
		2452		1		930.99		948.02		1
		2453		1		931.3		948.02		1
		2454		1		932.16		948.02		0
		2455		1		933.48		948.02		1
		2456		2		933.85		1003.02		2
		2457		1		933.86		948.02		1
		2458		9		934.03		948.02		1
		2459		2		934.56		948.02		1
		2460		2		934.67		948.02		1
		2461		2		934.83		948.02		1
		2462		5		935.07		1036.02		6
		2463		5		935.63		948.02		0
		2464		9		935.66		1003.02		2
		2465		3		935.79		948.02		0
		2466		9		936.14		948.02		1
		2467		9		936.27		1014.02		3
		2468		11		936.66		948.02		1
		2469		11		936.85		948.02		1
		2470		2		937.08		948.02		1
		2471		3		937.45		948.02		1
		2472		8		937.65		948.02		1
		2473		3		937.73		948.02		1
		2474		4		938.78		970.02		2
		2475		2		939.06		959.02		1
		2476		6		939.27		959.02		0
		2477		1		939.31		959.02		1
		2478		1		939.32		959.02		1
		2479		5		939.74		1014.02		5
		2480		2		939.74		970.02		3
		2481		4		939.96		959.02		1
		2482		11		939.98		1014.02		4
		2483		12		939.99		1003.02		2
		2484		1		940.02		981.02		2
		2485		1		940.02		1025.02		1
		2486		1		940.02		1014.02		1
		2487		5		940.02		1014.02		8
		2488		5		940.02		1014.02		3
		2489		12		940.06		959.02		0
		2490		2		940.34		970.02		2
		2491		2		940.86		959.02		1
		2492		10		941.08		970.02		2
		2493		2		941.33		959.02		1
		2494		4		941.34		970.02		2
		2495		6		941.34		1003.02		7
		2496		6		941.36		959.02		0
		2497		4		941.36		959.02		1
		2498		6		941.36		959.02		0
		2499		10		941.43		981.02		2
		2500		10		941.43		1003.02		3
		2501		10		941.44		1003.02		6
		2502		17		941.45		970.02		2
		2503		18		941.45		970.02		2
		2504		18		941.45		981.02		2
		2505		10		941.45		992.02		3
		2506		12		941.45		1003.02		2
		2507		10		941.47		1003.02		5
		2508		12		941.47		1036.02		9
		2509		18		941.47		970.02		3
		2510		11		941.47		959.02		1
		2511		4		941.48		959.02		1
		2512		11		941.48		959.02		0
		2513		19		941.48		970.02		2
		2514		19		941.48		959.02		1
		2515		2		941.48		992.02		3
		2516		2		941.5		992.02		2
		2517		4		941.5		959.02		1
		2518		19		941.51		959.02		1
		2519		19		941.51		959.02		1
		2520		10		941.55		959.02		0
		2521		20		941.56		970.02		2
		2522		13		941.57		1003.02		3
		2523		20		941.58		970.02		2
		2524		20		941.71		970.02		2
		2525		20		941.71		992.02		3
		2526		10		941.73		970.02		2
		2527		13		941.73		992.02		3
		2528		21		941.95		970.02		2
		2529		21		941.95		959.02		1
		2530		11		941.98		1091.02		2
		2531		13		941.98		959.02		0
		2532		14		942.06		959.02		1
		2533		13		942.07		1014.02		4
		2534		21		942.07		959.02		1
		2535		2		942.26		959.02		1
		2536		14		942.34		959.02		1
		2537		13		942.34		959.02		0
		2538		15		942.59		970.02		2
		2539		16		942.59		1069.02		16
		2540		7		943.42		959.02		1
		2541		5		944.23		959.02		1
		2542		5		946.14		959.02		1
		2543		5		947.17		959.02		1
		2544		10		947.17		959.02		1
		2545		5		948.94		959.02		1
		2546		6		949.92		970.02		1
		2547		6		950.78		970.02		1
		2548		1		951.02		992.02		1
		2549		2		951.02		992.02		1
		2550		9		951.23		992.02		4
		2551		10		951.39		1003.02		5
		2552		8		951.69		970.02		1
		2553		8		951.9		970.02		1
		2554		2		952.14		992.02		2
		2555		5		952.41		1014.02		5
		2556		6		952.51		970.02		1
		2557		3		954.78		970.02		0
		2558		2		957.29		970.02		1
		2559		2		958.32		970.02		1
		2560		1		958.45		970.02		1
		2561		2		958.49		970.02		0
		2562		22		959.42		970.02		1
		2563		22		959.58		970.02		1
		2564		22		959.58		970.02		0
		2565		22		959.58		970.02		1
		2566		23		959.59		970.02		1
		2567		23		959.59		970.02		1
		2568		23		959.64		970.02		1
		2569		23		959.64		970.02		1
		2570		24		959.65		970.02		1
		2571		24		959.66		970.02		1
		2572		24		959.66		970.02		1
		2573		24		959.66		970.02		1
		2574		25		959.66		970.02		1
		2575		1		959.67		970.02		1
		2576		1		959.73		970.02		1
		2577		1		959.73		970.02		1
		2578		2		959.8		970.02		1
		2579		9		960.11		981.02		1
		2580		3		960.13		981.02		0
		2581		3		961.06		1025.02		2
		2582		2		961.24		981.02		1
		2583		3		961.26		981.02		0
		2584		1		961.44		981.02		0
		2585		1		961.64		981.02		1
		2586		1		961.76		981.02		1
		2587		1		962.02		1003.02		1
		2588		1		962.02		1036.02		1
		2589		1		962.02		1058.02		2
		2590		1		963.24		981.02		0
		2591		1		963.85		1036.02		2
		2592		7		965.19		981.02		1
		2593		10		965.54		1003.02		3
		2594		5		967.67		992.02		2
		2595		1		967.69		981.02		1
		2596		1		968.55		981.02		1
		2597		5		973.02		992.02		1
		2598		1		973.02		1003.02		1
		2599		2		973.02		1069.02		2
		2600		2		973.02		1069.02		1
		2601		1		973.02		1025.02		1
		2602		2		973.02		1014.02		1
		2603		2		973.52		992.02		1
		2604		4		973.54		1003.02		2
		2605		3		973.97		992.02		1
		2606		2		974.31		992.02		0
		2607		4		974.75		992.02		1
		2608		4		975.06		992.02		1
		2609		4		975.06		992.02		1
		2610		3		976.24		1036.02		2
		2611		3		976.24		1003.02		2
		2612		4		976.4		992.02		0
		2613		7		976.58		992.02		1
		2614		2		976.93		992.02		1
		2615		2		976.93		992.02		1
		2616		15		976.94		992.02		1
		2617		17		976.94		992.02		1
		2618		17		976.94		992.02		1
		2619		4		976.98		992.02		0
		2620		17		977.01		992.02		1
		2621		4		977.77		1080.02		10
		2622		7		978.03		992.02		0
		2623		3		978.3		992.02		0
		2624		2		979.14		992.02		1
		2625		4		979.38		992.02		0
		2626		2		979.71		992.02		1
		2627		3		980.46		992.02		0
		2628		2		980.51		992.02		1
		2629		2		982.07		1003.02		1
		2630		3		983.65		1003.02		0
		2631		2		983.67		1003.02		1
		2632		3		984.02		1014.02		1
		2633		2		984.02		1036.02		2
		2634		6		984.02		1036.02		1
		2635		7		985.3		1003.02		1
		2636		7		985.33		1003.02		1
		2637		7		985.6		1003.02		1
		2638		3		987.22		1003.02		0
		2639		1		988.03		1003.02		0
		2640		1		990.12		1003.02		1
		2641		1		991.74		1003.02		0
		2642		8		991.74		1003.02		0
		2643		8		991.87		1003.02		0
		2644		1		995.02		1102.02		4
		2645		1		995.02		1025.02		1
		2646		1		997.7		1025.02		2
		2647		2		1000.16		1014.02		1
		2648		4		1003.86		1014.02		0
		2649		2		1006.02		1311.02		2
		2650		5		1006.02		1036.02		1
		2651		1		1006.53		1025.02		0
		2652		1		1006.67		1025.02		1
		2653		9		1006.8		1146.02		24
		2654		9		1006.9		1047.02		5
		2655		1		1007.08		1025.02		0
		2656		9		1007.2		1146.02		19
		2657		10		1007.2		1080.02		23
		2658		10		1007.21		1102.02		18
		2659		10		1007.21		1102.02		20
		2660		1		1007.73		1025.02		1
		2661		4		1007.98		1256.02		29
		2662		1		1008.08		1025.02		1
		2663		8		1008.09		1256.02		51
		2664		8		1008.27		1146.02		36
		2665		11		1008.27		1124.02		27
		2666		1		1008.62		1025.02		1
		2667		11		1008.64		1135.02		16
		2668		11		1008.64		1102.02		25
		2669		11		1008.7		1102.02		16
		2670		12		1008.71		1102.02		11
		2671		12		1008.71		1080.02		12
		2672		12		1008.73		1080.02		8
		2673		12		1008.77		1080.02		6
		2674		13		1008.77		1025.02		1
		2675		13		1009.3		1124.02		12
		2676		13		1009.3		1025.02		1
		2677		1		1009.93		1025.02		0
		2678		4		1010.5		1025.02		1
		2679		4		1010.5		1025.02		1
		2680		13		1010.87		1025.02		1
		2681		14		1010.87		1058.02		5
		2682		1		1011.01		1025.02		1
		2683		14		1011.06		1058.02		6
		2684		14		1011.06		1069.02		7
		2685		1		1017.02		1047.02		1
		2686		1		1018.35		1179.02		5
		2687		2		1020.52		1036.02		1
		2688		2		1020.56		1036.02		0
		2689		3		1020.82		1135.02		10
		2690		3		1020.84		1069.02		5
		2691		3		1021.04		1069.02		3
		2692		5		1021.12		1058.02		2
		2693		2		1021.13		1036.02		1
		2694		2		1021.99		1036.02		1
		2695		4		1022.16		1256.02		18
		2696		4		1022.24		1036.02		0
		2697		5		1022.33		1289.02		26
		2698		5		1022.39		1234.02		18
		2699		6		1022.58		1036.02		0
		2700		2		1022.72		1036.02		1
		2701		6		1023.01		1036.02		0
		2702		4		1023.32		1146.02		11
		2703		5		1023.34		1036.02		1
		2704		6		1023.63		1201.02		23
		2705		2		1023.87		1036.02		0
		2706		7		1024.15		1113.02		7
		2707		2		1024.22		1036.02		1
		2708		2		1024.28		1036.02		1
		2709		7		1024.3		1069.02		2
		2710		7		1024.32		1058.02		3
		2711		7		1024.41		1091.02		3
		2712		14		1024.42		1058.02		3
		2713		15		1024.46		1036.02		0
		2714		15		1024.46		1102.02		12
		2715		15		1024.48		1036.02		0
		2716		15		1024.55		1102.02		11
		2717		16		1024.58		1036.02		0
		2718		6		1024.58		1036.02		0
		2719		8		1024.59		1069.02		3
		2720		16		1024.59		1069.02		6
		2721		8		1024.65		1069.02		2
		2722		16		1024.65		1069.02		6
		2723		6		1024.68		1047.02		3
		2724		16		1024.86		1058.02		5
		2725		8		1024.95		1036.02		0
		2726		6		1025.19		1047.02		2
		2727		8		1025.33		1036.02		1
		2728		8		1025.46		1036.02		0
		2729		6		1025.48		1036.02		1
		2730		1		1026.2		1047.02		1
		2731		8		1026.26		1047.02		3
		2732		9		1026.27		1047.02		6
		2733		9		1026.29		1047.02		1
		2734		9		1026.3		1047.02		3
		2735		7		1027.54		1047.02		1
		2736		9		1028.01		1047.02		1
		2737		2		1028.02		1102.02		1
		2738		7		1028.72		1047.02		1
		2739		1		1029.59		1047.02		1
		2740		1		1030.08		1047.02		0
		2741		3		1030.14		1047.02		1
		2742		8		1031.72		1047.02		0
		2743		8		1031.92		1047.02		1
		2744		8		1032.46		1047.02		1
		2745		1		1032.7		1047.02		1
		2746		1		1032.76		1047.02		1
		2747		13		1032.84		1102.02		7
		2748		13		1032.84		1102.02		7
		2749		8		1032.87		1047.02		1
		2750		13		1032.87		1102.02		9
		2751		3		1032.94		1047.02		1
		2752		3		1033.04		1047.02		0
		2753		3		1033.14		1047.02		1
		2754		17		1033.96		1047.02		0
		2755		17		1034.62		1058.02		2
		2756		17		1034.64		1069.02		2
		2757		3		1035.11		1047.02		1
		2758		17		1035.11		1058.02		2
		2759		18		1035.17		1058.02		2
		2760		18		1035.18		1047.02		1
		2761		3		1035.58		1047.02		1
		2762		1		1035.95		1047.02		1
		2763		4		1037.49		1058.02		0
		2764		1		1038.35		1058.02		1
		2765		1		1039.02		1058.02		1
		2766		1		1039.02		1102.02		1
		2767		1		1039.89		1058.02		2
		2768		1		1042.23		1058.02		0
		2769		2		1042.59		1080.02		2
		2770		1		1042.85		1058.02		1
		2771		1		1043.38		1058.02		1
		2772		1		1043.38		1058.02		1
		2773		2		1043.38		1102.02		3
		2774		2		1043.39		1102.02		3
		2775		2		1043.43		1058.02		1
		2776		4		1043.44		1091.02		2
		2777		4		1043.47		1289.02		18
		2778		6		1043.47		1058.02		0
		2779		1		1043.58		1058.02		1
		2780		6		1044.59		1058.02		0
		2781		8		1044.59		1058.02		1
		2782		2		1046.08		1058.02		1
		2783		1		1050.02		1157.02		2
		2784		2		1050.02		1322.02		3
		2785		2		1050.02		1069.02		1
		2786		3		1050.02		1311.02		4
		2787		1		1050.02		1124.02		1
		2788		1		1050.02		1157.02		1
		2789		1		1051.28		1069.02		1
		2790		3		1051.91		1069.02		1
		2791		9		1051.92		1091.02		3
		2792		3		1051.93		1102.02		2
		2793		3		1051.93		1267.02		2
		2794		3		1051.96		1102.02		4
		2795		9		1051.96		1091.02		3
		2796		9		1052.78		1069.02		1
		2797		1		1052.79		1069.02		1
		2798		1		1054.36		1069.02		1
		2799		1		1057.38		1069.02		1
		2800		5		1057.47		1223.02		8
		2801		1		1057.9		1069.02		1
		2802		9		1058.29		1069.02		1
		2803		2		1058.4		1069.02		1
		2804		5		1058.42		1080.02		3
		2805		1		1058.42		1069.02		0
		2806		1		1058.43		1069.02		1
		2807		10		1058.43		1091.02		2
		2808		6		1058.43		1223.02		4
		2809		6		1058.48		1069.02		1
		2810		2		1059.51		1080.02		1
		2811		1		1060.03		1080.02		1
		2812		2		1061.02		1124.02		1
		2813		1		1061.02		1102.02		2
		2814		1		1061.02		1113.02		1
		2815		2		1061.06		1080.02		0
		2816		1		1061.88		1080.02		0
		2817		2		1062.42		1080.02		1
		2818		1		1062.43		1080.02		0
		2819		2		1062.64		1080.02		0
		2820		2		1063.21		1080.02		1
		2821		4		1063.25		1124.02		4
		2822		4		1064.3		1080.02		1
		2823		4		1064.34		1080.02		1
		2824		1		1066.62		1113.02		2
		2825		1		1066.9		1080.02		1
		2826		1		1069.64		1080.02		0
		2827		2		1070.96		1113.02		2
		2828		1		1072.02		1179.02		1
		2829		1		1072.02		1113.02		1
		2830		1		1072.02		1223.02		1
		2831		1		1072.02		1223.02		1
		2832		1		1072.02		1267.02		1
		2833		1		1072.02		1102.02		1
		2834		1		1072.02		1135.02		1
		2835		1		1072.02		1102.02		1
		2836		1		1072.66		1091.02		1
		2837		7		1075.29		1091.02		1
		2838		14		1075.29		1124.02		4
		2839		14		1075.3		1091.02		2
		2840		14		1075.3		1091.02		1
		2841		14		1075.31		1102.02		2
		2842		1		1075.48		1091.02		1
		2843		15		1075.73		1102.02		3
		2844		15		1076		1102.02		3
		2845		16		1076		1091.02		2
		2846		1		1077.21		1091.02		1
		2847		2		1078.25		1091.02		1
		2848		9		1079.03		1190.02		17
		2849		9		1079.04		1190.02		24
		2850		16		1079.07		1091.02		0
		2851		16		1079.07		1091.02		1
		2852		16		1079.26		1091.02		1
		2853		1		1080.92		1091.02		1
		2854		4		1082.59		1102.02		1
		2855		1		1083.02		1157.02		5
		2856		1		1083.02		1113.02		1
		2857		1		1083.02		1168.02		2
		2858		1		1083.6		1102.02		1
		2859		1		1083.82		1102.02		1
		2860		1		1084.38		1102.02		1
		2861		1		1084.4		1102.02		1
		2862		2		1084.55		1113.02		2
		2863		1		1084.55		1102.02		1
		2864		2		1085.14		1102.02		1
		2865		2		1087.01		1135.02		3
		2866		1		1090.73		1102.02		1
		2867		2		1090.85		1102.02		1
		2868		5		1091.56		1102.02		0
		2869		2		1091.62		1102.02		1
		2870		4		1092.63		1179.02		2
		2871		5		1094.02		1146.02		3
		2872		1		1094.02		1135.02		1
		2873		2		1094.02		1113.02		1
		2874		1		1094.02		1190.02		1
		2875		1		1094.02		1135.02		1
		2876		1		1094.02		1190.02		3
		2877		6		1094.33		1256.02		5
		2878		2		1094.81		1113.02		1
		2879		6		1095.5		1113.02		1
		2880		7		1095.77		1113.02		0
		2881		3		1095.88		1113.02		1
		2882		1		1096.46		1190.02		9
		2883		7		1097.16		1113.02		2
		2884		7		1098.22		1113.02		1
		2885		8		1098.48		1113.02		1
		2886		8		1098.79		1113.02		1
		2887		5		1098.92		1201.02		7
		2888		1		1100.03		1113.02		1
		2889		4		1101.23		1113.02		1
		2890		3		1102.08		1113.02		1
		2891		2		1104.68		1124.02		0
		2892		9		1104.92		1135.02		6
		2893		7		1104.92		1300.02		16
		2894		1		1105.02		1179.02		3
		2895		1		1105.02		1146.02		1
		2896		1		1105.02		1201.02		2
		2897		2		1105.61		1124.02		1
		2898		2		1105.67		1124.02		1
		2899		2		1108.17		1124.02		2
		2900		2		1108.19		1124.02		0
		2901		7		1108.42		1311.02		16
		2902		10		1108.44		1256.02		27
		2903		10		1108.44		1201.02		15
		2904		10		1108.45		1201.02		9
		2905		11		1108.45		1124.02		1
		2906		11		1108.71		1124.02		1
		2907		10		1108.73		1135.02		2
		2908		3		1108.73		1124.02		1
		2909		10		1108.88		1124.02		1
		2910		3		1113.41		1124.02		1
		2911		1		1115.79		1135.02		0
		2912		1		1116.02		1157.02		1
		2913		1		1116.02		1245.02		2
		2914		2		1116.02		1201.02		4
		2915		1		1116.02		1311.02		1
		2916		1		1116.77		1179.02		2
		2917		1		1117.61		1135.02		1
		2918		1		1118.22		1135.02		1
		2919		1		1118.33		1135.02		0
		2920		1		1118.7		1168.02		3
		2921		1		1119.15		1135.02		1
		2922		4		1121.81		1135.02		1
		2923		1		1122.37		1135.02		1
		2924		1		1122.58		1135.02		0
		2925		2		1122.64		1190.02		4
		2926		1		1123.19		1135.02		1
		2927		2		1125.94		1146.02		2
		2928		3		1126.17		1146.02		0
		2929		1		1127.02		1245.02		1
		2930		2		1127.02		1278.02		2
		2931		1		1127.02		1146.02		1
		2932		1		1127.02		1212.02		1
		2933		4		1127.02		1256.02		22
		2934		6		1127.02		1256.02		27
		2935		2		1127.38		1146.02		0
		2936		4		1128.77		1146.02		1
		2937		5		1131.08		1146.02		0
		2938		6		1131.5		1267.02		16
		2939		4		1131.62		1146.02		1
		2940		2		1134.04		1146.02		1
		2941		1		1138.02		1234.02		1
		2942		2		1138.02		1223.02		1
		2943		1		1138.02		1168.02		1
		2944		3		1138.02		1157.02		1
		2945		4		1138.02		1333.02		2
		2946		1		1138.02		1212.02		2
		2947		1		1138.02		1179.02		1
		2948		2		1140.6		1157.02		2
		2949		1		1144.55		1157.02		1
		2950		1		1144.94		1157.02		0
		2951		1		1144.96		1157.02		0
		2952		2		1144.96		1157.02		1
		2953		1		1144.96		1157.02		1
		2954		2		1144.99		1157.02		1
		2955		3		1145.01		1157.02		1
		2956		6		1145.04		1157.02		0
		2957		1		1145.04		1157.02		1
		2958		2		1145.37		1157.02		1
		2959		7		1145.82		1157.02		0
		2960		1		1146.37		1157.02		1
		2961		3		1146.37		1201.02		6
		2962		1		1147.24		1168.02		0
		2963		1		1147.24		1168.02		1
		2964		4		1148.31		1201.02		4
		2965		1		1149.02		1234.02		1
		2966		4		1150.72		1223.02		4
		2967		5		1151.82		1212.02		2
		2968		5		1151.88		1267.02		5
		2969		2		1151.88		1168.02		1
		2970		7		1152.29		1245.02		7
		2971		2		1152.48		1168.02		1
		2972		3		1152.49		1201.02		4
		2973		7		1152.49		1234.02		3
		2974		3		1152.49		1201.02		3
		2975		3		1152.52		1267.02		6
		2976		7		1152.52		1212.02		4
		2977		4		1152.52		1168.02		0
		2978		2		1152.54		1168.02		0
		2979		5		1152.73		1168.02		1
		2980		8		1152.95		1234.02		4
		2981		2		1153.15		1201.02		2
		2982		6		1155.22		1168.02		1
		2983		6		1155.96		1267.02		24
		2984		8		1155.98		1201.02		10
		2985		8		1156.01		1201.02		13
		2986		9		1156.05		1201.02		3
		2987		9		1156.05		1190.02		5
		2988		2		1156.1		1168.02		0
		2989		11		1156.1		1245.02		12
		2990		11		1156.13		1223.02		11
		2991		11		1156.13		1201.02		9
		2992		11		1156.13		1201.02		16
		2993		12		1156.13		1201.02		10
		2994		12		1156.14		1190.02		10
		2995		12		1156.14		1190.02		6
		2996		2		1156.17		1168.02		0
		2997		12		1156.21		1201.02		9
		2998		13		1156.22		1190.02		4
		2999		13		1156.23		1190.02		5
		3000		6		1156.31		1168.02		0
		3001		1		1156.63		1168.02		0
		3002		13		1157.61		1201.02		7
		3003		3		1157.62		1168.02		1
		3004		13		1157.62		1201.02		3
		3005		14		1157.68		1168.02		1
		3006		14		1157.68		1168.02		1
		3007		4		1157.86		1168.02		0
		3008		5		1157.89		1190.02		4
		3009		6		1157.89		1212.02		6
		3010		14		1157.94		1168.02		0
		3011		14		1158.01		1168.02		1
		3012		2		1158.03		1179.02		0
		3013		15		1158.04		1223.02		9
		3014		15		1158.04		1190.02		7
		3015		15		1158.06		1190.02		7
		3016		15		1158.07		1190.02		4
		3017		16		1158.17		1201.02		3
		3018		16		1158.17		1190.02		4
		3019		2		1158.2		1190.02		3
		3020		16		1158.21		1190.02		2
		3021		16		1158.21		1190.02		4
		3022		17		1158.21		1190.02		4
		3023		17		1158.21		1201.02		3
		3024		7		1158.44		1201.02		2
		3025		17		1158.44		1190.02		3
		3026		3		1159.69		1355.02		2
		3027		3		1159.78		1190.02		2
		3028		7		1159.85		1179.02		1
		3029		17		1159.89		1190.02		2
		3030		18		1159.89		1190.02		2
		3031		1		1159.89		1179.02		1
		3032		18		1159.9		1179.02		1
		3033		18		1159.9		1179.02		1
		3034		1		1160.02		1201.02		1
		3035		2		1160.02		1179.02		1
		3036		2		1160.02		1179.02		1
		3037		1		1160.02		1190.02		1
		3038		1		1160.02		1256.02		2
		3039		1		1160.02		1201.02		2
		3040		1		1160.02		1223.02		1
		3041		7		1160.02		1201.02		2
		3042		7		1160.05		1190.02		2
		3043		2		1160.05		1179.02		1
		3044		3		1160.15		1179.02		1
		3045		2		1160.66		1179.02		0
		3046		3		1160.98		1179.02		1
		3047		3		1161.56		1179.02		1
		3048		3		1161.84		1179.02		0
		3049		2		1161.84		1179.02		1
		3050		4		1161.88		1179.02		1
		3051		2		1161.95		1234.02		3
		3052		4		1162.35		1179.02		1
		3053		4		1162.39		1179.02		1
		3054		1		1162.82		1179.02		1
		3055		2		1162.85		1267.02		7
		3056		1		1163.5		1179.02		1
		3057		2		1163.67		1190.02		2
		3058		7		1163.92		1190.02		2
		3059		7		1164.16		1179.02		1
		3060		2		1164.19		1190.02		2
		3061		4		1165.5		1179.02		1
		3062		4		1165.84		1179.02		0
		3063		5		1165.84		1179.02		1
		3064		2		1169.8		1201.02		3
		3065		1		1170.2		1212.02		3
		3066		6		1170.2		1212.02		3
		3067		8		1170.31		1223.02		4
		3068		9		1170.36		1190.02		5
		3069		3		1170.47		1190.02		0
		3070		9		1170.53		1190.02		6
		3071		1		1170.53		1212.02		3
		3072		5		1170.53		1190.02		1
		3073		9		1170.6		1190.02		6
		3074		6		1170.72		1190.02		0
		3075		1		1170.72		1212.02		2
		3076		2		1170.97		1223.02		3
		3077		1		1171.02		1289.02		3
		3078		1		1171.02		1366.02		1
		3079		1		1171.02		1256.02		1
		3080		6		1171.03		1190.02		1
		3081		1		1171.17		1190.02		1
		3082		2		1171.33		1190.02		1
		3083		4		1171.35		1201.02		2
		3084		9		1171.97		1190.02		3
		3085		1		1172.45		1190.02		0
		3086		1		1172.45		1190.02		1
		3087		2		1172.56		1190.02		1
		3088		10		1172.59		1190.02		1
		3089		2		1172.59		1190.02		0
		3090		2		1172.6		1190.02		1
		3091		10		1172.6		1190.02		0
		3092		1		1172.67		1190.02		1
		3093		10		1173.05		1190.02		1
		3094		10		1173.14		1190.02		0
		3095		11		1173.14		1190.02		0
		3096		1		1173.32		1190.02		0
		3097		2		1173.34		1190.02		0
		3098		2		1173.57		1190.02		1
		3099		2		1173.92		1190.02		1
		3100		11		1174.09		1190.02		1
		3101		2		1177.48		1190.02		1
		3102		3		1179.4		1190.02		1
		3103		2		1181.7		1212.02		2
		3104		8		1181.88		1476.02		5
		3105		1		1182.02		1278.02		1
		3106		8		1182.22		1201.02		0
		3107		4		1182.81		1201.02		0
		3108		8		1183.16		1201.02		1
		3109		4		1183.65		1223.02		4
		3110		8		1186.75		1201.02		1
		3111		8		1186.79		1201.02		0
		3112		8		1186.8		1201.02		1
		3113		8		1186.86		1201.02		1
		3114		9		1187.34		1201.02		0
		3115		9		1187.58		1201.02		0
		3116		9		1188.73		1201.02		1
		3117		2		1188.73		1201.02		1
		3118		9		1188.76		1201.02		1
		3119		10		1189.87		1201.02		1
		3120		10		1190.08		1201.02		1
		3121		1		1192.32		1223.02		2
		3122		5		1192.32		1223.02		2
		3123		1		1192.65		1223.02		2
		3124		4		1192.65		1223.02		2
		3125		7		1192.77		1212.02		0
		3126		3		1193.02		1223.02		2
		3127		1		1193.02		1256.02		2
		3128		1		1193.02		1256.02		2
		3129		1		1193.02		1377.02		1
		3130		1		1193.79		1212.02		1
		3131		2		1194.37		1212.02		1
		3132		9		1194.42		1212.02		1
		3133		1		1196.48		1212.02		1
		3134		2		1196.54		1212.02		2
		3135		2		1196.89		1212.02		0
		3136		2		1197.75		1212.02		1
		3137		3		1197.75		1212.02		1
		3138		3		1197.95		1212.02		1
		3139		2		1197.98		1212.02		1
		3140		10		1198.74		1212.02		0
		3141		10		1199.26		1212.02		1
		3142		4		1202.2		1223.02		1
		3143		4		1202.64		1223.02		1
		3144		8		1203.03		1256.02		11
		3145		8		1203.04		1256.02		10
		3146		1		1204.02		1355.02		1
		3147		1		1204.02		0		0
		3148		1		1204.02		1289.02		4
		3149		1		1204.38		1223.02		1
		3150		2		1204.88		1223.02		1
		3151		1		1205.08		1223.02		0
		3152		1		1205.08		1223.02		1
		3153		2		1205.25		1223.02		1
		3154		9		1205.47		1256.02		7
		3155		2		1205.47		1223.02		0
		3156		1		1205.92		1223.02		0
		3157		2		1205.92		1223.02		1
		3158		3		1207.1		1223.02		1
		3159		1		1207.67		1223.02		1
		3160		3		1208.31		1223.02		1
		3161		3		1208.51		1223.02		0
		3162		2		1208.99		1223.02		1
		3163		3		1209.15		1223.02		1
		3164		1		1209.49		1223.02		1
		3165		4		1209.65		1223.02		1
		3166		9		1209.75		1256.02		8
		3167		5		1209.8		1245.02		2
		3168		9		1209.8		1278.02		8
		3169		5		1210.03		1234.02		2
		3170		7		1210.04		1245.02		3
		3171		9		1210.21		1223.02		1
		3172		7		1211.38		1256.02		2
		3173		7		1211.62		1245.02		3
		3174		10		1212.88		1223.02		1
		3175		10		1212.88		1223.02		1
		3176		7		1213.18		1245.02		3
		3177		3		1213.79		1234.02		0
		3178		8		1214.7		1234.02		1
		3179		1		1215.02		1245.02		1
		3180		1		1215.02		1311.02		2
		3181		1		1215.02		1333.02		1
		3182		1		1215.02		1234.02		1
		3183		1		1219.85		1234.02		1
		3184		1		1226.02		1245.02		1
		3185		1		1226.02		2037.02		5
		3186		2		1226.02		1256.02		1
		3187		4		1226.02		1300.02		1
		3188		1		1226.02		1377.02		1
		3189		1		1226.02		1311.02		2
		3190		2		1227.34		1256.02		2
		3191		1		1227.35		1245.02		1
		3192		3		1227.35		1245.02		1
		3193		2		1227.36		1245.02		1
		3194		2		1227.98		1399.02		31
		3195		9		1227.98		1278.02		4
		3196		3		1228.19		1245.02		1
		3197		2		1228.51		1245.02		1
		3198		1		1230.91		1344.02		3
		3199		3		1233.43		1245.02		1
		3200		3		1235.67		1256.02		1
		3201		2		1237.02		1267.02		2
		3202		1		1237.02		1311.02		1
		3203		2		1237.03		1256.02		0
		3204		4		1238.48		1256.02		1
		3205		4		1238.48		1256.02		1
		3206		2		1239.72		1256.02		1
		3207		2		1239.75		1256.02		1
		3208		5		1239.77		1256.02		1
		3209		2		1239.77		1256.02		1
		3210		2		1239.97		1256.02		1
		3211		5		1239.97		1256.02		1
		3212		3		1240.02		1300.02		3
		3213		6		1240.02		1256.02		1
		3214		3		1240.33		1300.02		5
		3215		1		1248.05		1267.02		0
		3216		2		1258.24		1311.02		2
		3217		3		1258.24		1278.02		0
		3218		4		1258.99		1300.02		6
		3219		1		1259.02		1355.02		2
		3220		1		1259.02		1278.02		1
		3221		1		1259.02		1278.02		1
		3222		1		1259.02		1311.02		2
		3223		1		1259.02		1278.02		1
		3224		2		1266.75		1278.02		1
		3225		1		1270.02		1388.02		3
		3226		1		1270.02		1377.02		1
		3227		1		1270.96		1289.02		0
		3228		1		1271.15		1289.02		0
		3229		1		1271.18		1289.02		1
		3230		1		1271.19		1289.02		0
		3231		2		1271.19		1289.02		0
		3232		2		1271.57		1289.02		1
		3233		4		1273.81		1289.02		0
		3234		3		1273.92		1289.02		1
		3235		4		1277.99		1531.02		9
		3236		1		1282.05		1300.02		1
		3237		1		1282.88		1300.02		0
		3238		4		1283.51		1300.02		1
		3239		5		1283.53		1300.02		1
		3240		5		1283.53		1300.02		1
		3241		5		1284.21		1300.02		1
		3242		5		1284.38		1300.02		1
		3243		6		1284.39		1300.02		1
		3244		1		1284.52		1300.02		1
		3245		1		1284.59		1300.02		1
		3246		6		1284.59		1300.02		1
		3247		2		1284.64		1300.02		1
		3248		6		1284.64		1300.02		1
		3249		4		1289.2		1300.02		1
		3250		1		1292.02		1377.02		3
		3251		2		1292.02		1344.02		1
		3252		3		1292.02		1509.02		1
		3253		1		1292.02		1388.02		1
		3254		3		1293.39		1311.02		1
		3255		1		1295.25		1311.02		1
		3256		1		1297.4		1311.02		1
		3257		1		1303.02		1333.02		1
		3258		1		1303.02		1344.02		2
		3259		1		1303.02		1322.02		1
		3260		1		1304.31		1322.02		1
		3261		1		1304.31		1322.02		1
		3262		1		1306.18		1322.02		1
		3263		1		1310.77		1322.02		1
		3264		1		1314.02		1432.02		1
		3265		1		1319.24		1333.02		1
		3266		2		1319.24		1333.02		1
		3267		2		1321.66		1388.02		8
		3268		2		1325		1344.02		1
		3269		1		1325.02		1377.02		1
		3270		2		1325.02		1399.02		3
		3271		2		1325.02		1421.02		1
		3272		2		1325.02		1388.02		6
		3273		1		1326.81		1344.02		1
		3274		1		1328.48		1344.02		0
		3275		3		1328.61		1817.02		104
		3276		3		1328.82		1817.02		77
		3277		1		1329.01		1344.02		0
		3278		3		1329.8		1817.02		103
		3279		1		1330.25		1344.02		1
		3280		1		1330.32		1344.02		1
		3281		1		1331.71		1344.02		1
		3282		2		1335.07		1388.02		2
		3283		1		1335.14		1355.02		1
		3284		3		1335.44		1355.02		1
		3285		2		1335.44		1355.02		0
		3286		2		1335.67		1355.02		0
		3287		3		1335.67		1388.02		2
		3288		2		1335.94		1388.02		3
		3289		1		1336.02		1454.02		1
		3290		3		1336.02		1828.02		56
		3291		4		1336.02		1828.02		72
		3292		4		1336.02		1553.02		52
		3293		5		1336.02		1839.02		87
		3294		1		1336.81		1355.02		0
		3295		1		1338.2		1355.02		0
		3296		3		1340.02		1355.02		0
		3297		3		1340.02		1355.02		0
		3298		3		1340.13		1377.02		2
		3299		5		1340.24		1355.02		0
		3300		1		1340.24		1355.02		1
		3301		5		1340.25		1377.02		10
		3302		6		1340.26		1377.02		4
		3303		6		1340.26		1366.02		2
		3304		6		1340.32		1377.02		2
		3305		6		1340.32		1355.02		1
		3306		3		1342		1355.02		1
		3307		3		1342.07		1355.02		1
		3308		1		1342.09		1388.02		3
		3309		3		1343.02		1355.02		1
		3310		7		1343.03		1377.02		3
		3311		7		1343.06		1377.02		7
		3312		7		1343.06		1377.02		3
		3313		1		1343.19		1355.02		1
		3314		4		1343.68		1718.02		13
		3315		1		1345.3		1388.02		3
		3316		1		1347.02		1388.02		2
		3317		1		1347.02		1377.02		2
		3318		1		1347.02		1377.02		1
		3319		1		1347.02		1421.02		2
		3320		3		1347.02		1366.02		1
		3321		3		1347.02		1377.02		4
		3322		4		1347.02		1388.02		1
		3323		4		1347.02		1388.02		4
		3324		4		1348.28		1388.02		3
		3325		4		1348.28		1366.02		0
		3326		5		1348.57		1498.02		16
		3327		2		1348.68		1366.02		1
		3328		5		1348.7		1366.02		0
		3329		1		1348.7		1366.02		0
		3330		2		1348.72		1366.02		1
		3331		1		1348.73		1366.02		1
		3332		5		1348.73		1553.02		18
		3333		1		1348.9		1366.02		0
		3334		4		1348.9		1377.02		2
		3335		7		1349.12		1377.02		7
		3336		4		1349.12		1366.02		1
		3337		8		1349.14		1377.02		6
		3338		8		1349.35		1377.02		6
		3339		2		1349.37		1366.02		1
		3340		5		1349.96		1399.02		2
		3341		5		1350.21		1366.02		1
		3342		1		1350.26		1366.02		0
		3343		2		1350.46		1366.02		1
		3344		2		1352.78		1366.02		1
		3345		2		1353.32		1366.02		1
		3346		2		1353.32		1366.02		1
		3347		5		1353.33		1366.02		1
		3348		3		1353.34		1366.02		1
		3349		2		1353.34		1366.02		0
		3350		2		1353.34		1366.02		1
		3351		1		1353.34		1366.02		1
		3352		1		1353.35		1366.02		1
		3353		5		1353.37		1366.02		1
		3354		6		1353.37		1861.02		33
		3355		1		1353.37		1366.02		0
		3356		8		1353.38		1388.02		3
		3357		8		1353.39		1388.02		3
		3358		9		1353.39		1377.02		3
		3359		9		1353.39		1674.02		58
		3360		2		1353.39		1366.02		0
		3361		1		1353.39		1366.02		1
		3362		9		1353.39		1377.02		2
		3363		9		1353.4		1366.02		0
		3364		10		1353.4		1377.02		2
		3365		10		1353.4		1377.02		2
		3366		10		1353.4		1377.02		2
		3367		4		1354.62		1366.02		1
		3368		6		1354.64		1366.02		0
		3369		4		1354.67		1366.02		1
		3370		10		1354.67		1366.02		0
		3371		11		1354.67		1377.02		2
		3372		11		1354.68		1377.02		2
		3373		6		1354.68		1388.02		11
		3374		11		1354.76		1377.02		2
		3375		11		1354.8		1377.02		2
		3376		5		1355.2		1366.02		1
		3377		6		1355.88		1366.02		1
		3378		2		1357.16		1377.02		0
		3379		2		1357.24		1377.02		0
		3380		3		1357.94		1377.02		1
		3381		4		1357.95		1388.02		2
		3382		5		1358.01		1377.02		2
		3383		3		1358.02		1597.02		3
		3384		3		1358.02		1443.02		2
		3385		3		1358.02		1883.02		3
		3386		1		1358.02		1399.02		1
		3387		1		1358.02		1564.02		1
		3388		1		1358.02		1399.02		1
		3389		1		1358.02		1454.02		4
		3390		12		1358.02		1410.02		1
		3391		3		1358.13		1377.02		1
		3392		3		1358.14		1839.02		20
		3393		12		1358.16		1377.02		1
		3394		1		1362.75		1377.02		0
		3395		1		1369.02		1443.02		2
		3396		1		1369.02		1531.02		5
		3397		2		1369.02		1498.02		4
		3398		1		1369.02		1388.02		1
		3399		5		1374.96		1388.02		0
		3400		2		1375.2		1388.02		1
		3401		2		1379.15		1421.02		2
		3402		1		1380.02		1399.02		1
		3403		1		1380.52		1432.02		3
		3404		4		1381.01		1399.02		0
		3405		2		1383.44		1399.02		1
		3406		3		1386.64		1399.02		1
		3407		1		1391.02		1630.02		4
		3408		1		1391.02		1454.02		2
		3409		1		1393.01		1850.02		5
		3410		1		1393.01		1421.02		2
		3411		2		1396.5		1410.02		1
		3412		2		1396.93		1410.02		1
		3413		5		1397.35		1828.02		68
		3414		5		1397.56		1410.02		0
		3415		6		1397.58		1828.02		79
		3416		6		1397.87		1410.02		0
		3417		2		1397.87		1828.02		49
		3418		1		1399.55		1410.02		1
		3419		1		1402.02		1421.02		1
		3420		1		1402.02		1905.02		2
		3421		1		1402.02		1454.02		1
		3422		2		1407.57		1487.02		3
		3423		2		1407.62		1421.02		1
		3424		2		1409.14		1421.02		0
		3425		1		1409.14		1421.02		1
		3426		1		1409.19		1421.02		1
		3427		3		1409.39		1421.02		0
		3428		3		1409.84		1421.02		1
		3429		2		1409.86		1421.02		0
		3430		2		1409.86		1421.02		0
		3431		3		1411.32		1454.02		3
		3432		3		1411.32		1520.02		6
		3433		5		1411.34		1674.02		15
		3434		5		1411.51		1630.02		14
		3435		1		1413.02		1476.02		1
		3436		1		1413.02		1465.02		1
		3437		1		1413.02		1443.02		1
		3438		3		1414.06		1564.02		10
		3439		2		1414.88		1432.02		0
		3440		1		1414.88		1432.02		0
		3441		3		1414.88		1498.02		3
		3442		2		1414.89		1828.02		42
		3443		2		1414.92		1828.02		45
		3444		5		1414.93		1828.02		60
		3445		6		1414.93		1740.02		63
		3446		6		1414.93		1740.02		54
		3447		5		1414.94		1630.02		10
		3448		6		1414.96		1674.02		58
		3449		7		1414.98		1817.02		72
		3450		1		1415.63		1432.02		1
		3451		1		1415.78		1432.02		1
		3452		3		1415.8		1432.02		0
		3453		3		1415.8		1432.02		0
		3454		2		1415.82		1465.02		3
		3455		7		1415.84		1828.02		97
		3456		7		1415.85		1817.02		75
		3457		3		1415.85		1806.02		28
		3458		7		1415.85		1817.02		72
		3459		8		1415.85		1454.02		5
		3460		8		1415.89		1663.02		42
		3461		8		1415.91		1454.02		2
		3462		8		1415.91		1454.02		3
		3463		5		1416.17		1542.02		5
		3464		6		1416.31		1828.02		30
		3465		9		1416.32		1674.02		46
		3466		9		1416.32		1586.02		45
		3467		3		1416.45		1432.02		0
		3468		9		1416.45		1586.02		27
		3469		10		1416.46		1641.02		56
		3470		10		1416.47		1641.02		45
		3471		10		1416.48		1597.02		38
		3472		6		1416.48		1663.02		15
		3473		4		1416.48		1432.02		0
		3474		10		1416.49		1597.02		24
		3475		2		1416.49		1454.02		3
		3476		11		1416.49		1465.02		11
		3477		6		1416.51		1509.02		12
		3478		11		1416.52		1465.02		9
		3479		11		1416.52		1465.02		10
		3480		4		1416.62		1696.02		23
		3481		7		1416.63		1608.02		4
		3482		7		1416.63		1432.02		0
		3483		11		1416.63		1597.02		27
		3484		12		1416.63		1575.02		38
		3485		12		1416.63		1575.02		33
		3486		2		1416.65		1432.02		0
		3487		12		1416.65		1454.02		7
		3488		12		1416.66		1597.02		39
		3489		2		1416.66		1432.02		1
		3490		4		1416.66		1432.02		0
		3491		13		1416.66		1586.02		49
		3492		13		1416.66		1586.02		27
		3493		13		1416.79		1586.02		35
		3494		13		1416.8		1586.02		32
		3495		14		1416.8		1553.02		29
		3496		14		1416.8		1553.02		18
		3497		14		1416.8		1630.02		28
		3498		7		1416.8		1432.02		0
		3499		2		1416.8		1443.02		2
		3500		7		1416.81		1443.02		2
		3501		8		1416.83		1630.02		9
		3502		14		1416.83		1531.02		21
		3503		15		1416.83		1498.02		14
		3504		15		1416.83		1498.02		16
		3505		2		1416.84		1443.02		2
		3506		15		1416.84		1498.02		13
		3507		15		1416.85		1498.02		11
		3508		16		1416.85		1498.02		6
		3509		8		1417.47		1696.02		19
		3510		8		1417.99		1630.02		14
		3511		4		1418.06		1531.02		9
		3512		8		1418.24		1476.02		5
		3513		9		1418.26		1498.02		3
		3514		9		1418.57		1476.02		4
		3515		9		1418.6		1696.02		15
		3516		9		1418.6		1520.02		3
		3517		5		1418.62		1432.02		0
		3518		5		1418.62		1498.02		4
		3519		10		1418.77		1553.02		4
		3520		1		1420.22		1432.02		0
		3521		6		1420.3		1674.02		24
		3522		3		1420.52		1597.02		6
		3523		6		1420.54		1674.02		20
		3524		6		1420.55		1498.02		9
		3525		6		1420.55		1597.02		15
		3526		7		1420.6		1432.02		0
		3527		7		1421.33		1432.02		0
		3528		1		1421.5		1432.02		1
		3529		1		1421.86		1432.02		0
		3530		1		1422.42		1443.02		1
		3531		7		1422.42		1454.02		2
		3532		7		1422.44		1498.02		10
		3533		8		1422.46		1465.02		3
		3534		8		1422.88		1465.02		8
		3535		2		1423.85		1443.02		0
		3536		1		1424.02		1476.02		1
		3537		1		1424.02		1465.02		1
		3538		1		1424.02		1520.02		2
		3539		1		1424.02		1454.02		1
		3540		2		1424.14		1531.02		7
		3541		2		1424.66		1476.02		3
		3542		1		1425.57		1443.02		1
		3543		1		1426.08		1443.02		1
		3544		4		1426.08		1443.02		1
		3545		1		1426.26		1443.02		1
		3546		1		1427.6		1443.02		0
		3547		4		1427.94		1443.02		1
		3548		1		1428.1		1861.02		4
		3549		4		1428.24		1443.02		1
		3550		3		1429.7		1443.02		0
		3551		16		1430.04		1487.02		4
		3552		16		1430.14		1443.02		0
		3553		16		1430.17		1454.02		3
		3554		5		1430.18		1443.02		1
		3555		17		1430.23		1443.02		0
		3556		17		1430.24		1443.02		0
		3557		17		1430.25		1454.02		2
		3558		17		1430.3		1454.02		2
		3559		18		1430.3		1443.02		1
		3560		18		1430.31		1443.02		0
		3561		1		1430.58		1443.02		1
		3562		8		1431.5		1465.02		5
		3563		8		1431.59		1465.02		2
		3564		9		1432.41		1465.02		4
		3565		9		1432.41		1465.02		2
		3566		9		1432.57		1465.02		2
		3567		9		1432.82		1443.02		1
		3568		2		1432.9		1443.02		1
		3569		2		1433.12		1454.02		0
		3570		10		1433.29		1542.02		9
		3571		10		1433.31		1487.02		5
		3572		1		1433.57		1454.02		1
		3573		10		1433.81		1454.02		1
		3574		2		1434.44		1454.02		1
		3575		2		1434.62		1454.02		0
		3576		10		1434.66		1454.02		2
		3577		1		1435.02		1520.02		1
		3578		2		1435.02		1476.02		1
		3579		1		1435.02		1476.02		1
		3580		1		1435.02		1476.02		1
		3581		1		1435.02		0		0
		3582		3		1435.02		1476.02		1
		3583		10		1435.55		1454.02		2
		3584		1		1436.16		1454.02		1
		3585		3		1436.81		1465.02		2
		3586		1		1437.94		1454.02		1
		3587		3		1438.16		1454.02		0
		3588		3		1438.16		1454.02		0
		3589		4		1438.36		1531.02		4
		3590		4		1438.48		1454.02		0
		3591		10		1438.5		1454.02		1
		3592		2		1438.77		1454.02		1
		3593		2		1438.93		1454.02		1
		3594		1		1438.99		1454.02		1
		3595		11		1439.74		1454.02		0
		3596		11		1440.57		1509.02		2
		3597		2		1440.86		1454.02		1
		3598		11		1440.89		1509.02		3
		3599		1		1441.55		1454.02		1
		3600		2		1441.57		1454.02		1
		3601		4		1441.71		1454.02		1
		3602		2		1442.1		1465.02		2
		3603		3		1442.43		1454.02		1
		3604		3		1442.67		1454.02		1
		3605		1		1446.02		1509.02		2
		3606		1		1446.02		1597.02		1
		3607		1		1446.02		1465.02		1
		3608		1		1446.02		1465.02		1
		3609		1		1446.02		1487.02		2
		3610		7		1446.28		1465.02		0
		3611		7		1446.41		1487.02		4
		3612		1		1446.7		1465.02		1
		3613		3		1446.7		1465.02		1
		3614		2		1448.51		1806.02		20
		3615		7		1448.55		1465.02		0
		3616		2		1448.87		1476.02		2
		3617		11		1450.55		1465.02		0
		3618		2		1450.82		1465.02		1
		3619		12		1450.82		1498.02		2
		3620		12		1451.15		1498.02		6
		3621		12		1451.56		1553.02		3
		3622		12		1451.62		1498.02		3
		3623		3		1451.74		1476.02		2
		3624		13		1451.79		1465.02		0
		3625		13		1451.95		1465.02		0
		3626		13		1451.95		1553.02		7
		3627		13		1452.95		1465.02		0
		3628		2		1453.22		1465.02		0
		3629		9		1453.72		1465.02		1
		3630		1		1454.95		1465.02		1
		3631		2		1456.52		1476.02		1
		3632		1		1456.6		1949.02		5
		3633		7		1456.88		1498.02		2
		3634		1		1456.88		1476.02		1
		3635		1		1457.02		1586.02		1
		3636		1		1457.02		1542.02		5
		3637		1		1457.02		1520.02		1
		3638		3		1457.16		1476.02		1
		3639		4		1457.16		1476.02		1
		3640		7		1457.16		1597.02		16
		3641		7		1457.23		1498.02		2
		3642		1		1457.23		1476.02		1
		3643		4		1458.09		1476.02		1
		3644		4		1458.12		1476.02		0
		3645		4		1458.16		1476.02		1
		3646		1		1458.33		1476.02		1
		3647		4		1458.39		1487.02		2
		3648		4		1458.9		1498.02		2
		3649		4		1458.91		1476.02		0
		3650		4		1459.99		1498.02		2
		3651		4		1460.1		1476.02		1
		3652		11		1460.1		1487.02		3
		3653		1		1460.26		1476.02		1
		3654		11		1460.73		1487.02		3
		3655		1		1461.07		1476.02		1
		3656		1		1462.46		1476.02		1
		3657		1		1462.6		1476.02		1
		3658		12		1462.64		1575.02		15
		3659		1		1462.64		1476.02		0
		3660		16		1462.71		1498.02		3
		3661		16		1462.74		1498.02		2
		3662		17		1462.81		1575.02		10
		3663		17		1462.81		1476.02		0
		3664		2		1462.87		1685.02		15
		3665		2		1464.75		1476.02		1
		3666		3		1464.93		1476.02		0
		3667		3		1465.25		1476.02		0
		3668		1		1465.42		1476.02		1
		3669		4		1465.45		1531.02		4
		3670		10		1465.48		1553.02		4
		3671		2		1465.72		1487.02		2
		3672		10		1465.94		1531.02		6
		3673		1		1465.99		1476.02		0
		3674		10		1466.22		1498.02		2
		3675		11		1466.4		1487.02		0
		3676		1		1466.44		1487.02		0
		3677		1		1467.32		1487.02		1
		3678		2		1467.34		1487.02		1
		3679		1		1467.35		1531.02		4
		3680		5		1467.37		1498.02		2
		3681		5		1467.4		1487.02		1
		3682		11		1467.48		1498.02		4
		3683		8		1467.48		1509.02		4
		3684		8		1467.53		1509.02		2
		3685		8		1467.53		1828.02		63
		3686		2		1467.58		1487.02		1
		3687		11		1467.59		1509.02		4
		3688		11		1467.59		1487.02		0
		3689		14		1467.6		1487.02		0
		3690		11		1467.61		1597.02		33
		3691		17		1467.61		1509.02		7
		3692		14		1467.62		1553.02		4
		3693		2		1467.65		1509.02		2
		3694		2		1467.65		1487.02		1
		3695		17		1467.68		1498.02		6
		3696		18		1467.68		1509.02		5
		3697		14		1467.68		1509.02		2
		3698		5		1467.71		1487.02		0
		3699		18		1467.71		1509.02		5
		3700		18		1467.75		1509.02		4
		3701		18		1467.75		1498.02		5
		3702		19		1467.78		1498.02		3
		3703		19		1467.78		1498.02		2
		3704		19		1467.82		1498.02		3
		3705		19		1467.83		1498.02		3
		3706		14		1467.84		1553.02		4
		3707		20		1467.84		1498.02		2
		3708		20		1467.84		1498.02		2
		3709		20		1467.85		1487.02		1
		3710		15		1467.86		1487.02		0
		3711		20		1467.86		1498.02		2
		3712		5		1467.86		1553.02		6
		3713		1		1467.86		1487.02		1
		3714		21		1467.91		1498.02		2
		3715		8		1467.93		1564.02		8
		3716		15		1467.93		1509.02		4
		3717		21		1467.94		1498.02		2
		3718		1		1467.94		1487.02		1
		3719		1		1468.02		1575.02		4
		3720		1		1468.02		1586.02		1
		3721		1		1468.02		1542.02		1
		3722		1		1468.02		1487.02		1
		3723		8		1468.04		1509.02		7
		3724		21		1468.04		1498.02		2
		3725		21		1468.04		1498.02		2
		3726		1		1468.05		1487.02		1
		3727		5		1468.05		1487.02		1
		3728		6		1468.06		1498.02		2
		3729		22		1468.06		1487.02		1
		3730		22		1468.07		1487.02		1
		3731		22		1468.07		1487.02		1
		3732		8		1468.07		1509.02		2
		3733		8		1468.08		1520.02		6
		3734		15		1468.09		1531.02		2
		3735		9		1468.1		1487.02		1
		3736		6		1468.13		1498.02		2
		3737		9		1468.14		1553.02		10
		3738		22		1468.34		1487.02		1
		3739		2		1468.36		1487.02		1
		3740		23		1468.37		1487.02		1
		3741		23		1468.37		1487.02		1
		3742		9		1468.44		1575.02		10
		3743		23		1468.45		1487.02		1
		3744		23		1468.45		1487.02		1
		3745		15		1468.48		1487.02		0
		3746		16		1468.51		1542.02		5
		3747		2		1468.52		1498.02		2
		3748		9		1468.54		1553.02		6
		3749		10		1468.54		1487.02		0
		3750		16		1468.56		1498.02		3
		3751		6		1468.62		1487.02		0
		3752		10		1468.64		1487.02		1
		3753		11		1468.64		1487.02		1
		3754		24		1468.69		1487.02		1
		3755		24		1468.74		1487.02		1
		3756		24		1468.74		1487.02		1
		3757		24		1468.77		1487.02		1
		3758		16		1468.77		1498.02		2
		3759		25		1468.82		1487.02		1
		3760		11		1468.82		1487.02		1
		3761		25		1468.84		1487.02		1
		3762		6		1468.84		1487.02		0
		3763		25		1468.85		1487.02		1
		3764		12		1468.85		1487.02		1
		3765		25		1468.85		1487.02		1
		3766		26		1468.85		1487.02		1
		3767		26		1468.9		1487.02		1
		3768		16		1468.97		1487.02		1
		3769		17		1469.09		1487.02		0
		3770		17		1469.16		1542.02		2
		3771		7		1469.16		1487.02		0
		3772		1		1469.19		1487.02		1
		3773		7		1469.33		1487.02		1
		3774		17		1469.34		1487.02		1
		3775		26		1469.36		1487.02		1
		3776		17		1469.4		1487.02		1
		3777		1		1469.4		1487.02		0
		3778		26		1469.4		1487.02		1
		3779		1		1469.43		1487.02		1
		3780		27		1469.43		1487.02		1
		3781		27		1469.6		1487.02		1
		3782		27		1469.62		1487.02		1
		3783		27		1469.62		1487.02		1
		3784		1		1469.69		1487.02		1
		3785		28		1469.7		1487.02		1
		3786		28		1469.94		1487.02		1
		3787		28		1469.94		1487.02		1
		3788		1		1469.94		1487.02		0
		3789		7		1469.97		1487.02		1
		3790		12		1469.97		1487.02		1
		3791		28		1470.11		1487.02		1
		3792		29		1470.16		1487.02		1
		3793		29		1470.17		1487.02		1
		3794		2		1470.41		1487.02		1
		3795		2		1470.62		1487.02		1
		3796		12		1471		1487.02		1
		3797		2		1471.32		1487.02		1
		3798		12		1471.54		1487.02		1
		3799		3		1471.54		1487.02		1
		3800		13		1471.75		1487.02		1
		3801		2		1471.75		1487.02		1
		3802		3		1471.78		1487.02		1
		3803		13		1471.83		1487.02		1
		3804		13		1471.85		1487.02		1
		3805		13		1471.85		1487.02		1
		3806		14		1472.31		1487.02		1
		3807		4		1472.98		1487.02		1
		3808		4		1473.09		1487.02		1
		3809		2		1474.38		1487.02		1
		3810		2		1474.98		1487.02		1
		3811		2		1475.16		1487.02		1
		3812		1		1476.21		1487.02		1
		3813		5		1477.82		1520.02		3
		3814		2		1478.64		1498.02		0
		3815		2		1479.02		1553.02		2
		3816		3		1479.02		1575.02		1
		3817		1		1479.02		1575.02		1
		3818		1		1479.02		1762.02		1
		3819		1		1479.02		1817.02		1
		3820		3		1481.58		1498.02		1
		3821		3		1483.02		1498.02		1
		3822		3		1483.18		1498.02		1
		3823		6		1483.94		1498.02		1
		3824		3		1489.86		1509.02		0
		3825		1		1490.02		1542.02		1
		3826		1		1490.02		1641.02		1
		3827		1		1490.02		1509.02		1
		3828		2		1493.14		1806.02		5
		3829		1		1493.86		1597.02		5
		3830		2		1495.44		1509.02		0
		3831		3		1496.78		1509.02		1
		3832		1		1498		1509.02		0
		3833		1		1498.86		1509.02		1
		3834		1		1498.94		1509.02		0
		3835		1		1499.02		1520.02		1
		3836		2		1499.44		1520.02		0
		3837		1		1499.44		1520.02		0
		3838		2		1499.53		1520.02		2
		3839		2		1499.56		1520.02		1
		3840		2		1499.74		1520.02		1
		3841		1		1499.74		1520.02		1
		3842		4		1500.3		1520.02		0
		3843		15		1500.34		1520.02		1
		3844		15		1500.34		1531.02		5
		3845		15		1500.4		1531.02		4
		3846		15		1500.8		1531.02		4
		3847		16		1500.8		1520.02		1
		3848		1		1500.8		1520.02		1
		3849		16		1500.8		1531.02		4
		3850		4		1500.88		1520.02		0
		3851		16		1500.88		1531.02		4
		3852		1		1501.02		1575.02		1
		3853		16		1501.73		1542.02		2
		3854		19		1501.79		1553.02		5
		3855		19		1501.83		1542.02		2
		3856		19		1501.83		1542.02		2
		3857		1		1501.93		1520.02		1
		3858		2		1502.22		1520.02		0
		3859		4		1502.28		1520.02		0
		3860		4		1502.37		1520.02		0
		3861		1		1502.38		1520.02		1
		3862		2		1502.51		1520.02		1
		3863		19		1502.51		1531.02		3
		3864		20		1502.59		1542.02		3
		3865		20		1502.59		1531.02		2
		3866		20		1502.64		1531.02		3
		3867		20		1502.68		1531.02		2
		3868		21		1502.68		1520.02		1
		3869		2		1502.68		1520.02		0
		3870		2		1502.72		1520.02		1
		3871		21		1502.72		1520.02		1
		3872		21		1502.79		1520.02		1
		3873		21		1502.79		1520.02		1
		3874		6		1502.92		1542.02		2
		3875		7		1502.92		1608.02		4
		3876		7		1503.02		1520.02		5
		3877		7		1503.13		1520.02		1
		3878		7		1503.38		1520.02		1
		3879		8		1503.4		1520.02		1
		3880		5		1504.08		1531.02		2
		3881		2		1504.2		1564.02		2
		3882		3		1506.1		1520.02		1
		3883		12		1506.38		1520.02		1
		3884		4		1510.29		1564.02		3
		3885		4		1511.02		1531.02		1
		3886		6		1511.12		1531.02		0
		3887		1		1511.22		1542.02		2
		3888		9		1511.26		1531.02		0
		3889		9		1511.49		1597.02		3
		3890		3		1511.93		1564.02		3
		3891		11		1511.96		1586.02		3
		3892		11		1511.96		1553.02		5
		3893		1		1512.02		1531.02		1
		3894		3		1512.02		1927.02		3
		3895		1		1512.02		1553.02		1
		3896		3		1512.68		1861.02		20
		3897		3		1512.79		1597.02		8
		3898		4		1512.86		1531.02		1
		3899		6		1512.92		1531.02		1
		3900		1		1514.13		1531.02		0
		3901		6		1514.26		1553.02		2
		3902		4		1514.56		1608.02		5
		3903		4		1514.57		1608.02		4
		3904		5		1514.57		1608.02		9
		3905		6		1515.25		1531.02		1
		3906		5		1516.76		1531.02		0
		3907		6		1516.85		1531.02		1
		3908		7		1516.87		1597.02		7
		3909		7		1517.72		1575.02		8
		3910		11		1518.19		1531.02		1
		3911		2		1518.46		1531.02		1
		3912		1		1518.62		1531.02		1
		3913		2		1519.1		1531.02		1
		3914		1		1520.81		1531.02		1
		3915		2		1520.81		1531.02		1
		3916		5		1520.9		1531.02		0
		3917		5		1521.3		1553.02		2
		3918		1		1523.02		1619.02		2
		3919		1		1523.02		1652.02		1
		3920		1		1523.02		0		0
		3921		2		1523.43		1553.02		2
		3922		2		1523.55		1542.02		1
		3923		7		1524.16		1696.02		8
		3924		3		1524.76		1542.02		1
		3925		1		1525.24		1542.02		0
		3926		3		1525.24		1542.02		1
		3927		1		1525.64		1542.02		1
		3928		1		1525.84		1542.02		1
		3929		1		1526.72		1542.02		1
		3930		3		1527.82		1740.02		19
		3931		3		1527.82		1630.02		10
		3932		3		1527.9		1608.02		7
		3933		1		1528.83		1542.02		1
		3934		7		1531.78		1597.02		5
		3935		8		1532		1564.02		2
		3936		8		1532		1542.02		1
		3937		8		1532.07		1553.02		1
		3938		4		1532.81		1553.02		0
		3939		1		1534.02		1564.02		1
		3940		1		1534.02		1619.02		1
		3941		1		1534.02		1630.02		2
		3942		1		1534.02		1652.02		2
		3943		2		1534.24		1553.02		1
		3944		2		1534.29		1553.02		0
		3945		1		1534.66		1553.02		0
		3946		2		1535.11		1553.02		1
		3947		2		1539.12		1553.02		1
		3948		4		1542.03		1553.02		1
		3949		1		1542.03		1553.02		0
		3950		4		1543.62		1762.02		3
		3951		1		1545.02		1564.02		1
		3952		2		1545.02		1586.02		1
		3953		1		1545.02		1575.02		1
		3954		2		1545.68		1564.02		1
		3955		6		1546.01		1575.02		2
		3956		1		1546.71		1564.02		1
		3957		1		1548.87		1564.02		1
		3958		1		1554.07		1575.02		0
		3959		1		1554.31		1597.02		2
		3960		2		1555.21		1850.02		2
		3961		1		1556.02		1674.02		1
		3962		1		1556.02		1718.02		1
		3963		1		1556.02		1784.02		1
		3964		1		1556.26		1597.02		2
		3965		1		1556.36		1575.02		0
		3966		2		1556.5		1630.02		8
		3967		2		1556.61		1608.02		4
		3968		2		1556.61		1608.02		2
		3969		2		1557.45		1839.02		2
		3970		2		1557.53		1575.02		0
		3971		10		1557.54		1575.02		0
		3972		10		1558.07		1575.02		0
		3973		2		1558.14		1575.02		1
		3974		10		1558.14		1575.02		1
		3975		5		1561.21		1575.02		1
		3976		5		1561.23		1575.02		1
		3977		5		1561.4		1575.02		1
		3978		5		1562.21		1575.02		0
		3979		2		1562.47		1575.02		0
		3980		4		1563.51		1575.02		1
		3981		4		1563.51		1575.02		1
		3982		7		1564.3		1575.02		0
		3983		4		1564.45		1575.02		1
		3984		6		1564.45		1575.02		1
		3985		1		1564.5		1575.02		1
		3986		1		1565.54		1586.02		1
		3987		7		1565.88		1586.02		1
		3988		2		1565.93		1586.02		1
		3989		1		1566.02		1597.02		2
		3990		4		1566.26		1828.02		45
		3991		7		1566.26		1586.02		0
		3992		7		1566.34		1586.02		0
		3993		1		1566.34		1586.02		1
		3994		1		1566.65		1586.02		1
		3995		9		1566.66		1586.02		1
		3996		9		1566.66		1586.02		1
		3997		1		1566.66		1586.02		1
		3998		10		1566.9		1707.02		10
		3999		1		1567.02		1663.02		1
		4000		1		1567.04		1586.02		1
		4001		1		1567.04		1586.02		1
		4002		1		1567.48		1586.02		1
		4003		10		1567.71		1641.02		5
		4004		10		1567.9		1586.02		1
		4005		10		1568.29		1586.02		0
		4006		1		1568.58		1586.02		1
		4007		11		1568.58		1586.02		1
		4008		1		1568.68		1586.02		1
		4009		3		1569.95		1597.02		2
		4010		2		1571.26		1586.02		1
		4011		1		1571.26		1586.02		0
		4012		2		1573.19		1586.02		0
		4013		2		1573.79		1586.02		0
		4014		3		1576.81		1597.02		0
		4015		4		1578.02		1597.02		1
		4016		4		1578.02		1817.02		3
		4017		1		1578.02		1663.02		2
		4018		1		1578.02		1696.02		3
		4019		4		1578.02		1608.02		3
		4020		5		1578.02		1608.02		1
		4021		2		1578.23		1597.02		1
		4022		5		1578.43		1762.02		19
		4023		8		1578.66		1663.02		17
		4024		2		1578.96		1597.02		1
		4025		8		1579.8		1663.02		14
		4026		11		1579.85		1597.02		1
		4027		11		1580.24		1597.02		1
		4028		12		1580.27		1597.02		1
		4029		2		1580.48		1597.02		1
		4030		2		1581.18		1597.02		0
		4031		2		1582.25		1597.02		0
		4032		2		1585.96		1597.02		0
		4033		1		1589.02		1641.02		2
		4034		2		1589.02		1663.02		1
		4035		5		1589.02		1938.02		3
		4036		4		1589.78		1608.02		1
		4037		1		1589.98		1608.02		1
		4038		2		1589.98		1608.02		1
		4039		4		1591.59		1608.02		1
		4040		2		1591.65		1608.02		1
		4041		1		1591.8		1685.02		7
		4042		1		1593.79		1608.02		1
		4043		1		1593.88		1608.02		1
		4044		4		1595.38		1608.02		1
		4045		1		1595.95		1608.02		0
		4046		1		1596.87		1608.02		1
		4047		2		1599.33		1674.02		5
		4048		3		1600.02		1652.02		3
		4049		3		1600.02		1850.02		2
		4050		1		1600.02		1652.02		1
		4051		3		1600.66		1674.02		9
		4052		3		1605.91		1674.02		3
		4053		6		1608.08		1619.02		1
		4054		9		1608.79		1674.02		10
		4055		9		1608.84		1674.02		9
		4056		10		1608.84		1685.02		10
		4057		10		1608.85		1630.02		2
		4058		5		1609.06		1828.02		3
		4059		8		1609.21		1630.02		1
		4060		9		1609.22		1652.02		3
		4061		9		1609.86		1630.02		2
		4062		9		1609.86		1630.02		1
		4063		11		1609.9		1630.02		3
		4064		11		1610.41		1685.02		3
		4065		11		1610.42		1630.02		1
		4066		11		1610.42		1630.02		1
		4067		11		1610.48		1630.02		1
		4068		11		1610.48		1630.02		1
		4069		11		1610.48		1630.02		1
		4070		11		1610.64		1630.02		1
		4071		3		1611.01		1641.02		2
		4072		12		1611.02		1630.02		1
		4073		1		1611.02		1630.02		1
		4074		1		1611.02		1762.02		1
		4075		1		1611.02		1729.02		4
		4076		12		1611.26		1630.02		1
		4077		12		1611.26		1630.02		1
		4078		1		1611.38		1630.02		1
		4079		12		1611.44		1630.02		1
		4080		2		1611.62		1630.02		2
		4081		2		1611.66		1630.02		0
		4082		2		1611.66		1652.02		2
		4083		3		1611.74		1630.02		0
		4084		2		1611.79		1674.02		3
		4085		3		1611.93		1696.02		4
		4086		4		1612.12		1652.02		3
		4087		2		1612.28		1652.02		2
		4088		4		1612.35		1696.02		4
		4089		2		1612.98		1630.02		1
		4090		1		1616.35		1630.02		0
		4091		2		1616.67		1630.02		1
		4092		2		1616.95		1630.02		1
		4093		3		1617.86		1630.02		1
		4094		4		1618.1		1806.02		8
		4095		4		1618.48		1696.02		6
		4096		4		1618.88		1630.02		1
		4097		4		1619.46		1718.02		6
		4098		1		1619.46		1630.02		0
		4099		4		1620.05		1641.02		0
		4100		1		1620.23		1641.02		0
		4101		7		1620.28		1641.02		0
		4102		1		1620.28		1641.02		0
		4103		1		1620.38		1641.02		0
		4104		4		1620.96		1641.02		0
		4105		1		1621.92		1641.02		1
		4106		5		1621.93		1674.02		4
		4107		5		1622.01		1641.02		0
		4108		5		1622.01		1641.02		0
		4109		5		1622.02		1839.02		1
		4110		2		1622.02		1696.02		1
		4111		1		1622.02		1696.02		1
		4112		5		1622.1		1674.02		5
		4113		6		1622.77		1674.02		3
		4114		2		1622.96		1641.02		1
		4115		6		1623.04		1641.02		0
		4116		7		1623.09		1674.02		3
		4117		7		1623.14		1674.02		3
		4118		7		1623.16		1674.02		3
		4119		1		1623.28		1685.02		3
		4120		6		1623.36		1663.02		3
		4121		7		1624.35		1674.02		2
		4122		8		1624.35		1641.02		0
		4123		8		1624.47		1641.02		0
		4124		8		1624.52		1641.02		0
		4125		8		1625.93		1641.02		0
		4126		9		1626.67		1652.02		2
		4127		4		1632.69		1817.02		2
		4128		1		1633.02		1696.02		3
		4129		1		1633.02		1685.02		1
		4130		1		1633.02		1729.02		1
		4131		2		1635.76		1652.02		1
		4132		2		1637.02		1652.02		1
		4133		11		1638.96		1652.02		0
		4134		11		1638.96		1817.02		29
		4135		11		1638.97		1729.02		21
		4136		11		1638.97		1696.02		14
		4137		2		1638.97		1652.02		0
		4138		12		1638.97		1696.02		10
		4139		12		1639.07		1685.02		8
		4140		12		1639.07		1674.02		5
		4141		12		1639.12		1674.02		5
		4142		13		1639.13		1652.02		2
		4143		5		1639.13		1652.02		1
		4144		13		1639.13		1652.02		2
		4145		13		1639.13		1663.02		3
		4146		13		1639.13		1663.02		3
		4147		5		1639.13		1652.02		0
		4148		14		1639.21		1652.02		2
		4149		14		1639.21		1652.02		2
		4150		5		1639.21		1740.02		3
		4151		14		1639.3		1652.02		2
		4152		1		1639.32		1652.02		1
		4153		14		1639.34		1652.02		1
		4154		7		1639.34		1652.02		1
		4155		15		1639.36		1652.02		1
		4156		15		1639.37		1652.02		1
		4157		15		1639.43		1652.02		0
		4158		15		1639.43		1652.02		1
		4159		16		1639.45		1652.02		1
		4160		16		1639.45		1652.02		1
		4161		16		1639.46		1652.02		1
		4162		16		1639.46		1652.02		1
		4163		17		1639.56		1652.02		1
		4164		2		1639.8		1652.02		0
		4165		2		1639.94		1652.02		1
		4166		2		1639.95		1652.02		1
		4167		17		1639.97		1652.02		1
		4168		17		1639.97		1652.02		0
		4169		3		1640.02		1817.02		14
		4170		3		1640.12		1806.02		11
		4171		9		1640.13		1652.02		1
		4172		17		1640.14		1652.02		1
		4173		18		1640.38		1652.02		1
		4174		18		1640.38		1652.02		1
		4175		18		1640.46		1652.02		0
		4176		18		1640.51		1652.02		1
		4177		9		1640.51		1652.02		1
		4178		9		1640.58		1652.02		0
		4179		19		1640.62		1652.02		1
		4180		19		1640.62		1652.02		1
		4181		7		1640.64		1652.02		0
		4182		19		1640.64		1652.02		1
		4183		8		1640.65		1652.02		1
		4184		10		1641.02		1652.02		1
		4185		4		1641.57		1652.02		0
		4186		1		1641.84		1652.02		0
		4187		3		1641.92		1652.02		0
		4188		6		1642.7		1663.02		1
		4189		1		1643.14		1663.02		1
		4190		1		1643.14		1663.02		0
		4191		1		1643.25		1663.02		1
		4192		5		1643.28		1839.02		2
		4193		1		1643.28		1663.02		0
		4194		1		1644.02		1674.02		1
		4195		1		1644.02		1751.02		4
		4196		1		1644.02		1729.02		1
		4197		5		1644.02		1674.02		1
		4198		6		1644.02		1806.02		12
		4199		4		1644.18		1663.02		1
		4200		6		1644.24		1663.02		0
		4201		6		1645.03		1663.02		0
		4202		2		1645.51		1663.02		1
		4203		4		1647.68		1663.02		1
		4204		4		1647.7		1663.02		1
		4205		2		1654.74		1674.02		1
		4206		1		1655.02		1685.02		1
		4207		1		1655.02		1685.02		1
		4208		3		1655.02		1674.02		1
		4209		4		1655.02		1674.02		1
		4210		7		1655.02		1685.02		1
		4211		1		1655.02		1674.02		1
		4212		2		1655.89		1674.02		1
		4213		1		1656.63		1674.02		0
		4214		5		1657.4		1674.02		0
		4215		5		1657.77		1674.02		1
		4216		7		1658.05		1674.02		1
		4217		5		1658.97		1674.02		1
		4218		5		1659.77		1674.02		1
		4219		7		1659.89		1674.02		0
		4220		7		1660.6		1674.02		1
		4221		2		1662.74		1707.02		2
		4222		8		1662.77		1729.02		12
		4223		2		1662.77		1773.02		8
		4224		2		1663.88		1773.02		4
		4225		2		1665.49		1707.02		3
		4226		4		1665.53		1696.02		2
		4227		1		1666.02		1729.02		2
		4228		1		1666.02		1806.02		5
		4229		6		1666.02		1894.02		2
		4230		6		1666.02		1718.02		1
		4231		1		1666.02		1751.02		2
		4232		4		1666.95		1806.02		12
		4233		1		1667.08		1685.02		0
		4234		1		1667.27		1685.02		1
		4235		8		1667.3		1806.02		12
		4236		6		1669.87		1773.02		4
		4237		2		1672.61		1685.02		1
		4238		2		1673.03		1685.02		1
		4239		2		1673.09		1685.02		1
		4240		1		1677.02		1872.02		2
		4241		3		1677.02		1707.02		1
		4242		4		1677.02		1894.02		4
		4243		3		1681.51		1696.02		1
		4244		1		1682.69		1696.02		1
		4245		5		1682.72		1762.02		6
		4246		1		1683.45		1696.02		1
		4247		5		1683.45		1696.02		1
		4248		5		1683.61		1696.02		0
		4249		6		1687.7		1751.02		3
		4250		1		1687.99		1707.02		1
		4251		1		1688.02		1740.02		1
		4252		1		1688.02		1718.02		1
		4253		6		1688.62		1751.02		5
		4254		6		1688.62		1806.02		5
		4255		2		1698.15		1718.02		0
		4256		1		1699.02		1718.02		1
		4257		1		1699.02		1817.02		5
		4258		1		1699.02		1762.02		1
		4259		1		1699.02		1762.02		3
		4260		1		1701.16		1795.02		2
		4261		1		1701.25		1718.02		1
		4262		2		1701.36		1839.02		5
		4263		3		1701.5		1817.02		2
		4264		1		1701.96		1718.02		1
		4265		6		1702.16		1817.02		10
		4266		2		1702.16		1718.02		0
		4267		8		1702.19		1828.02		19
		4268		8		1702.21		1817.02		12
		4269		8		1702.24		1817.02		9
		4270		9		1702.24		1718.02		1
		4271		9		1702.25		1718.02		1
		4272		9		1702.25		1718.02		1
		4273		9		1702.32		1718.02		1
		4274		10		1702.43		1718.02		1
		4275		3		1702.46		1817.02		7
		4276		10		1702.46		1718.02		1
		4277		1		1702.46		1718.02		1
		4278		10		1702.46		1718.02		1
		4279		1		1702.53		1718.02		1
		4280		10		1702.53		1718.02		1
		4281		11		1702.53		1718.02		1
		4282		11		1702.53		1718.02		1
		4283		12		1702.56		1718.02		1
		4284		12		1702.56		1718.02		1
		4285		5		1702.59		1773.02		6
		4286		12		1702.6		1718.02		1
		4287		12		1702.65		1718.02		1
		4288		1		1702.69		1718.02		1
		4289		13		1702.69		1718.02		1
		4290		5		1702.74		1806.02		6
		4291		5		1702.85		1773.02		8
		4292		1		1702.86		1718.02		1
		4293		1		1703.12		1718.02		1
		4294		6		1703.14		1718.02		1
		4295		6		1703.17		1718.02		1
		4296		7		1704.06		1718.02		1
		4297		2		1704.46		1718.02		1
		4298		2		1704.64		1718.02		1
		4299		7		1705.04		1718.02		1
		4300		1		1705.3		1718.02		1
		4301		1		1706.61		1718.02		1
		4302		7		1706.84		1718.02		1
		4303		2		1706.96		1718.02		0
		4304		7		1707		1718.02		1
		4305		2		1707.01		1718.02		1
		4306		8		1707.21		1718.02		1
		4307		1		1709.99		1751.02		2
		4308		2		1710.02		1729.02		1
		4309		2		1710.02		1806.02		5
		4310		1		1712.62		1729.02		1
		4311		2		1719.3		1740.02		1
		4312		2		1719.32		1740.02		1
		4313		1		1719.33		1740.02		1
		4314		6		1719.37		1828.02		4
		4315		2		1720.1		1740.02		0
		4316		1		1720.92		1740.02		1
		4317		3		1721.02		1905.02		2
		4318		6		1721.02		1740.02		1
		4319		6		1721.02		1795.02		4
		4320		6		1721.02		1762.02		1
		4321		3		1723.6		1784.02		3
		4322		1		1727.57		1740.02		1
		4323		7		1728.16		1740.02		1
		4324		4		1728.71		1740.02		1
		4325		4		1729		1740.02		1
		4326		7		1730.35		1784.02		16
		4327		1		1732.02		1817.02		1
		4328		1		1732.02		1828.02		1
		4329		1		1732.02		1751.02		1
		4330		7		1732.22		1784.02		8
		4331		7		1732.22		1828.02		2
		4332		2		1732.77		1817.02		3
		4333		7		1732.89		1751.02		0
		4334		8		1732.89		1806.02		6
		4335		1		1733.37		1839.02		7
		4336		1		1733.49		1751.02		0
		4337		1		1733.7		1751.02		1
		4338		9		1733.7		1795.02		3
		4339		1		1734.71		1751.02		1
		4340		1		1734.71		1751.02		0
		4341		8		1734.74		1751.02		1
		4342		1		1736.15		1751.02		1
		4343		2		1736.41		1751.02		0
		4344		2		1738.68		1751.02		0
		4345		2		1739.64		1751.02		0
		4346		1		1740.6		1751.02		0
		4347		1		1742.27		1762.02		1
		4348		2		1743.01		1795.02		4
		4349		1		1743.02		1784.02		2
		4350		1		1743.02		1850.02		1
		4351		6		1743.02		1927.02		1
		4352		7		1743.02		1905.02		2
		4353		7		1743.02		1916.02		1
		4354		7		1743.02		1795.02		2
		4355		1		1743.02		1795.02		1
		4356		1		1743.02		0		0
		4357		1		1743.02		1839.02		4
		4358		6		1743.33		1828.02		14
		4359		6		1743.42		1817.02		18
		4360		9		1743.44		1817.02		7
		4361		3		1743.49		1762.02		1
		4362		2		1743.49		1817.02		3
		4363		9		1743.59		1795.02		4
		4364		9		1743.59		1817.02		9
		4365		10		1743.71		1828.02		17
		4366		10		1743.71		1817.02		4
		4367		4		1743.8		1762.02		1
		4368		1		1743.8		1762.02		0
		4369		10		1743.81		1828.02		12
		4370		10		1743.81		1828.02		23
		4371		11		1743.87		1817.02		14
		4372		4		1743.87		1828.02		7
		4373		11		1743.87		1828.02		7
		4374		11		1744		1817.02		13
		4375		7		1744.08		1762.02		1
		4376		12		1744.29		1806.02		10
		4377		8		1744.96		1762.02		0
		4378		12		1745.21		1806.02		7
		4379		12		1745.21		1806.02		13
		4380		12		1745.22		1806.02		9
		4381		13		1745.22		1828.02		13
		4382		13		1745.29		1817.02		7
		4383		13		1745.29		1828.02		18
		4384		13		1745.68		1828.02		9
		4385		8		1746.44		1762.02		1
		4386		3		1747.3		1762.02		1
		4387		4		1747.56		1817.02		7
		4388		8		1748.7		1762.02		1
		4389		1		1750.17		1762.02		1
		4390		2		1750.17		1762.02		1
		4391		1		1751.86		1762.02		1
		4392		2		1752.28		1784.02		2
		4393		1		1754.02		1806.02		3
		4394		1		1754.02		1784.02		1
		4395		1		1754.02		0		0
		4396		1		1754.02		0		0
		4397		4		1755.5		1773.02		0
		4398		7		1755.93		1806.02		3
		4399		7		1755.98		1773.02		0
		4400		7		1756.45		1795.02		3
		4401		7		1756.45		1773.02		0
		4402		9		1757.42		1806.02		3
		4403		9		1758.29		1806.02		7
		4404		3		1758.37		1817.02		2
		4405		7		1758.4		1784.02		2
		4406		8		1758.41		1839.02		2
		4407		8		1758.42		1817.02		4
		4408		9		1758.42		1773.02		0
		4409		9		1758.52		1806.02		3
		4410		2		1758.56		1773.02		1
		4411		8		1758.56		1817.02		3
		4412		9		1758.66		1806.02		2
		4413		9		1758.87		1839.02		7
		4414		2		1758.94		1773.02		0
		4415		9		1759.08		1773.02		0
		4416		9		1759.11		1773.02		1
		4417		4		1759.16		1817.02		6
		4418		10		1759.19		1773.02		0
		4419		3		1759.9		1806.02		3
		4420		1		1760.02		1773.02		0
		4421		2		1760.31		1773.02		0
		4422		1		1760.46		1806.02		3
		4423		2		1761.15		1773.02		1
		4424		2		1761.41		1773.02		0
		4425		8		1761.67		1828.02		5
		4426		1		1761.67		1773.02		1
		4427		8		1761.87		1806.02		5
		4428		8		1761.93		1773.02		0
		4429		10		1762.12		1773.02		0
		4430		10		1762.12		1773.02		1
		4431		1		1762.35		1773.02		0
		4432		2		1762.78		1773.02		1
		4433		2		1762.79		1773.02		1
		4434		10		1762.79		1806.02		2
		4435		3		1762.96		1773.02		1
		4436		10		1763.19		1817.02		2
		4437		11		1763.19		1806.02		2
		4438		11		1763.29		1784.02		0
		4439		10		1763.34		1784.02		1
		4440		11		1763.34		1839.02		2
		4441		11		1763.73		1850.02		2
		4442		10		1763.74		1784.02		0
		4443		12		1763.86		1817.02		2
		4444		10		1763.86		1806.02		3
		4445		12		1763.88		1839.02		3
		4446		12		1763.96		1784.02		1
		4447		12		1764.16		1861.02		7
		4448		1		1764.16		1784.02		1
		4449		1		1764.32		1839.02		2
		4450		1		1765.02		1795.02		3
		4451		3		1765.02		1817.02		2
		4452		4		1765.02		1916.02		2
		4453		7		1765.02		1795.02		2
		4454		8		1765.02		1795.02		1
		4455		1		1765.02		0		0
		4456		2		1765.02		1828.02		2
		4457		2		1765.02		1795.02		1
		4458		1		1765.02		0		0
		4459		1		1765.02		0		0
		4460		1		1765.74		1784.02		1
		4461		8		1765.92		1795.02		2
		4462		9		1770.68		1784.02		1
		4463		14		1771.2		1784.02		0
		4464		14		1771.2		1784.02		0
		4465		2		1771.25		1784.02		1
		4466		14		1771.25		1828.02		11
		4467		14		1771.26		1784.02		0
		4468		15		1771.3		1828.02		9
		4469		15		1771.3		1817.02		10
		4470		15		1771.32		1828.02		9
		4471		15		1771.32		1828.02		19
		4472		2		1771.86		1784.02		0
		4473		16		1771.87		1806.02		15
		4474		16		1772.06		1806.02		4
		4475		16		1772.08		1806.02		4
		4476		16		1772.08		1817.02		7
		4477		3		1772.09		1784.02		1
		4478		17		1772.17		1817.02		8
		4479		17		1772.17		1817.02		6
		4480		4		1772.34		1784.02		0
		4481		9		1772.86		1784.02		1
		4482		9		1772.86		1784.02		1
		4483		4		1773.01		1784.02		0
		4484		4		1773.23		1784.02		1
		4485		17		1773.23		1817.02		14
		4486		17		1773.26		1817.02		5
		4487		18		1773.26		1817.02		13
		4488		4		1773.26		1784.02		1
		4489		5		1773.29		1795.02		2
		4490		18		1773.29		1817.02		12
		4491		18		1773.29		1817.02		5
		4492		18		1773.29		1784.02		1
		4493		19		1773.32		1784.02		1
		4494		5		1773.32		1817.02		4
		4495		19		1773.35		1784.02		1
		4496		5		1773.35		1817.02		3
		4497		19		1773.42		1784.02		1
		4498		5		1773.51		1806.02		2
		4499		6		1773.51		1817.02		2
		4500		6		1773.66		1828.02		4
		4501		11		1773.74		1828.02		5
		4502		11		1774.04		1817.02		2
		4503		11		1774.08		1817.02		3
		4504		19		1774.1		1817.02		10
		4505		20		1774.16		1817.02		2
		4506		10		1774.16		1927.02		3
		4507		20		1774.19		1817.02		4
		4508		20		1774.19		1806.02		6
		4509		20		1774.22		1817.02		3
		4510		21		1774.22		1828.02		6
		4511		4		1774.32		1806.02		2
		4512		21		1774.6		1806.02		6
		4513		21		1774.62		1817.02		3
		4514		5		1774.87		1817.02		2
		4515		1		1774.92		1817.02		3
		4516		1		1775.42		1795.02		1
		4517		3		1775.45		1806.02		2
		4518		3		1775.45		1795.02		0
		4519		4		1775.49		1817.02		4
		4520		10		1775.59		1795.02		0
		4521		7		1775.59		1795.02		0
		4522		1		1776.02		0		0
		4523		1		1776.02		0		0
		4524		2		1776.15		1795.02		0
		4525		2		1776.15		1795.02		1
		4526		5		1776.22		1795.02		1
		4527		10		1776.23		1795.02		0
		4528		5		1776.25		1806.02		2
		4529		5		1776.83		1795.02		1
		4530		7		1777.49		1806.02		2
		4531		6		1777.74		1806.02		2
		4532		2		1778.56		1795.02		0
		4533		2		1779.11		1795.02		1
		4534		2		1779.36		1795.02		1
		4535		4		1779.39		1795.02		1
		4536		4		1779.39		1795.02		0
		4537		4		1779.85		1806.02		2
		4538		9		1780		1806.02		2
		4539		9		1780.33		1806.02		2
		4540		6		1782.61		1861.02		3
		4541		7		1783.16		1795.02		1
		4542		6		1783.31		1795.02		1
		4543		7		1783.44		1795.02		0
		4544		8		1783.46		1795.02		1
		4545		10		1783.91		1795.02		0
		4546		10		1784.09		1817.02		5
		4547		10		1784.14		1850.02		2
		4548		1		1784.26		1795.02		0
		4549		7		1784.48		1795.02		1
		4550		7		1784.68		1795.02		1
		4551		13		1784.68		1806.02		2
		4552		1		1785.25		1806.02		1
		4553		1		1786.6		1806.02		1
		4554		2		1787.1		1806.02		1
		4555		8		1787.94		1806.02		1
		4556		8		1787.96		1806.02		1
		4557		8		1788.17		1806.02		1
		4558		1		1788.31		1806.02		1
		4559		8		1788.31		1806.02		1
		4560		9		1788.31		1806.02		1
		4561		11		1788.36		1817.02		3
		4562		12		1788.39		1828.02		2
		4563		12		1788.39		1817.02		3
		4564		9		1788.63		1806.02		1
		4565		8		1788.63		1806.02		1
		4566		9		1788.63		1806.02		1
		4567		12		1788.73		1817.02		2
		4568		9		1788.78		1806.02		1
		4569		14		1788.78		1828.02		5
		4570		14		1788.78		1817.02		7
		4571		14		1788.78		1828.02		2
		4572		18		1788.8		1806.02		1
		4573		19		1788.8		1817.02		2
		4574		19		1788.81		1817.02		5
		4575		1		1788.82		1817.02		2
		4576		9		1789.01		1806.02		0
		4577		19		1789.12		1806.02		1
		4578		4		1789.35		1806.02		0
		4579		12		1789.35		1806.02		0
		4580		21		1789.35		1817.02		2
		4581		22		1789.41		1806.02		1
		4582		11		1789.43		1806.02		1
		4583		13		1789.44		1806.02		0
		4584		4		1789.44		1806.02		1
		4585		22		1789.44		1806.02		1
		4586		13		1789.44		1817.02		2
		4587		22		1789.48		1806.02		1
		4588		11		1789.8		1806.02		1
		4589		22		1790.27		1806.02		1
		4590		23		1790.33		1806.02		1
		4591		23		1790.41		1806.02		1
		4592		23		1790.44		1806.02		1
		4593		23		1790.44		1806.02		1
		4594		24		1790.47		1806.02		1
		4595		24		1790.49		1806.02		1
		4596		3		1790.59		1806.02		1
		4597		24		1790.64		1806.02		1
		4598		24		1790.66		1806.02		1
		4599		25		1790.66		1806.02		1
		4600		25		1790.67		1806.02		1
		4601		25		1790.67		1806.02		1
		4602		25		1790.7		1806.02		1
		4603		2		1790.7		1806.02		1
		4604		11		1790.73		1806.02		1
		4605		5		1790.73		1806.02		1
		4606		5		1790.77		1806.02		1
		4607		5		1790.9		1806.02		1
		4608		5		1790.9		1806.02		1
		4609		11		1791.19		1806.02		1
		4610		4		1791.2		1806.02		1
		4611		7		1791.25		1806.02		0
		4612		13		1791.34		1806.02		1
		4613		12		1791.7		1806.02		0
		4614		12		1791.74		1806.02		1
		4615		5		1791.74		1806.02		0
		4616		7		1791.86		1806.02		1
		4617		13		1791.89		1806.02		1
		4618		14		1791.9		1806.02		1
		4619		3		1792.14		1806.02		1
		4620		7		1792.23		1806.02		1
		4621		11		1792.24		1806.02		1
		4622		13		1792.37		1806.02		1
		4623		13		1792.63		1806.02		1
		4624		14		1792.63		1806.02		1
		4625		14		1792.77		1806.02		1
		4626		14		1792.79		1817.02		2
		4627		14		1792.79		1806.02		1
		4628		15		1792.8		1806.02		1
		4629		12		1792.82		1806.02		1
		4630		15		1792.87		1806.02		0
		4631		1		1794.63		1806.02		0
		4632		13		1795.14		1806.02		1
		4633		3		1796.18		1817.02		1
		4634		9		1796.75		1817.02		1
		4635		12		1796.85		1817.02		1
		4636		9		1797.36		1817.02		1
		4637		6		1797.47		1817.02		1
		4638		14		1797.91		1817.02		1
		4639		14		1798		1817.02		1
		4640		1		1798.02		0		0
		4641		1		1798.02		0		0
		4642		2		1798.02		0		0
		4643		1		1798.02		0		0
		4644		1		1798.02		0		0
		4645		15		1798.15		1817.02		2
		4646		2		1798.68		1817.02		1
		4647		15		1798.86		1839.02		2
		4648		15		1798.94		1817.02		1
		4649		15		1798.94		1817.02		1
		4650		2		1801.06		1817.02		1
		4651		2		1801.47		1817.02		1
		4652		10		1801.76		1817.02		1
		4653		7		1809.02		0		0
		4654		2		1809.02		0		0
		4655		2		1820.02		0		0
		4656		2		1820.02		0		0
		4657		1		1820.02		0		0
		4658		7		1820.02		0		0
		4659		4		1820.02		0		0
		4660		1		1820.02		0		0
=========== CONTAINER OUTPUT ==========
Number of Containers Created: 4660
Number of Containers Destroyed: 4634
Number of Requests Served: 21089
Average Number of Vms under Load: 10.375050225772833
Total Number of Vms used: 36
Average CPU Utilization of Vms: 0.603378201262137
Average Workload Usage: 0.0025642150052101417
Number of SLO Violations: 6810
Number of Cold Start Executions: 4149
