"Request ID","Function ID","Arrival Time","Start Time","Finish Time","ExecutionTime","Response Time"
"1","9","1","3.02","16.54","13.52","15.54"
"2","23","1","3.02","4.59","1.57","3.59"
"3","10","1","3.02","4.76","1.74","3.76"
"4","9","1","3.02","4.49","1.47","3.49"
"5","9","1","3.02","4.08","1.05","3.08"
"6","9","1","3.02","16.55","13.52","15.55"
"7","9","1","3.03","3.77","0.74","2.77"
"8","22","1.01","3.03","3.49","0.46","2.48"
"9","9","1.01","3.03","4.5","1.47","3.49"
"10","10","1.01","3.03","4.9","1.86","3.89"
"11","1","1.02","3.04","5.5","2.46","4.48"
"12","23","1.03","3.05","3.71","0.66","2.68"
"13","17","1.04","3.06","4.06","1","3.02"
"14","9","1.06","3.08","4.55","1.47","3.49"
"15","9","1.06","3.08","3.76","0.67","2.7"
"16","9","1.08","3.1","4.57","1.47","3.49"
"17","9","1.13","3.15","16.67","13.52","15.54"
"18","9","1.17","3.19","3.96","0.77","2.79"
"19","9","1.54","3.56","4.23","0.67","2.69"
"20","9","1.93","3.95","17.47","13.52","15.54"
"21","9","1.94","3.96","17.48","13.52","15.54"
"22","9","1.95","3.97","5.02","1.05","3.07"
"23","9","1.96","3.98","4.84","0.86","2.88"
"24","9","2.17","4.19","5.05","0.86","2.88"
"25","9","2.18","4.2","17.72","13.52","15.54"
"26","10","2.48","4.5","5.95","1.45","3.47"
"27","9","2.6","4.62","5.39","0.77","2.79"
"28","9","2.98","5","6","1","3.02"
"29","9","3.11","5.13","5.99","0.86","2.88"
"30","9","3.11","5.13","6.13","1","3.02"
"31","9","3.32","5.34","6.34","1","3.02"
"32","9","3.38","5.4","18.92","13.52","15.54"
"33","9","3.5","5.52","6.52","1","3.02"
"34","23","3.58","5.6","24.78","19.18","21.2"
"36","16","4.08","6.1","7.1","1","3.02"
"39","10","4.62","6.64","7.86","1.22","3.24"
"43","3","5.39","7.41","7.93","0.52","2.54"
"53","23","35.54","37.56","38.56","1","3.02"
"55","9","41.79","43.81","57.33","13.52","15.54"
"57","9","41.92","43.94","44.71","0.77","2.79"
"58","9","41.92","43.94","57.46","13.52","15.54"
"59","8","41.96","43.98","49.49","5.51","7.53"
"60","9","41.96","43.98","44.72","0.74","2.76"
"61","9","41.96","43.98","57.5","13.52","15.54"
"62","9","41.96","43.98","44.66","0.67","2.7"
"63","17","41.96","43.98","44.25","0.26","2.29"
"64","9","41.96","43.98","44.73","0.74","2.77"
"65","9","41.96","43.99","45.46","1.47","3.5"
"66","9","41.96","43.99","57.51","13.52","15.55"
"67","9","41.96","43.99","57.51","13.52","15.55"
"68","11","41.97","43.99","44.1","0.11","2.13"
"69","9","41.97","43.99","45.46","1.47","3.49"
"70","23","41.99","44.01","44.32","0.31","2.33"
"71","10","51.49","53.51","65.39","11.88","13.9"
"73","1","52.7","54.72","55.13","0.41","2.43"
"74","16","54.6","56.62","56.84","0.22","2.24"
"75","10","62.71","64.73","66.47","1.74","3.76"
"76","10","62.8","64.82","76.7","11.88","13.9"
"79","9","85.22","87.24","88.1","0.86","2.88"
"81","21","93.44","95.46","95.65","0.19","2.21"
"82","9","101.37","103.39","104.25","0.86","2.88"
"85","9","114.17","116.19","116.96","0.77","2.79"
"86","9","114.24","116.26","117","0.74","2.76"
"87","10","116.44","118.46","128.11","9.65","11.67"
"89","23","122.61","124.63","124.92","0.29","2.31"
"92","10","123.99","126.01","127.46","1.45","3.47"
"93","10","124.21","126.23","127.45","1.22","3.24"
"95","10","124.62","126.64","136.29","9.65","11.67"
"97","9","125.1","127.12","128.59","1.47","3.49"
"98","9","125.39","127.41","128.27","0.86","2.88"
"99","1","125.67","127.69","128.16","0.47","2.49"
"101","3","126.21","128.23","129.57","1.34","3.36"
"104","9","126.98","129","142.52","13.52","15.54"
"106","9","127.26","129.28","130.05","0.77","2.79"
"113","23","141.35","143.37","143.62","0.25","2.27"
"114","16","142","144.02","144.63","0.61","2.63"
"116","22","149.09","151.11","154.29","3.18","5.2"
"117","13","151.29","153.31","154.66","1.35","3.37"
"119","23","157.17","159.19","159.5","0.31","2.33"
"121","16","161.41","163.43","165.07","1.64","3.66"
"124","9","167.17","169.19","170.24","1.05","3.07"
"126","9","170.05","172.07","173.12","1.05","3.07"
"128","19","171.05","173.07","173.12","0.05","2.07"
"129","1","171.39","173.41","173.82","0.41","2.43"
"135","23","181","183.02","183.31","0.29","2.31"
"138","10","187.43","189.45","190.95","1.5","3.52"
"142","9","192","194.02","194.69","0.67","2.69"
"143","9","193.69","195.71","196.39","0.68","2.7"
"146","7","202.45","204.47","205.47","1","3.02"
"151","23","208.41","210.43","210.68","0.25","2.27"
"155","23","220.84","222.86","223.15","0.29","2.31"
"157","10","220.97","222.99","224.21","1.22","3.24"
"158","10","222.06","224.08","233.73","9.65","11.67"
"162","9","228.81","230.83","231.57","0.74","2.76"
"164","9","230.79","232.81","246.33","13.52","15.54"
"166","17","234.88","236.9","350.37","113.47","115.49"
"169","8","240.97","242.99","243.79","0.8","2.82"
"172","1","242.7","244.72","245.13","0.41","2.43"
"174","9","243.78","245.8","246.47","0.67","2.69"
"176","9","244.36","246.38","247.43","1.05","3.07"
"178","9","244.79","246.81","247.86","1.05","3.07"
"179","23","245.04","247.06","266.24","19.18","21.2"
"181","9","245.31","247.33","248.1","0.77","2.79"
"182","9","245.54","247.56","248.23","0.67","2.69"
"183","23","245.56","247.58","289.35","41.77","43.79"
"184","23","245.77","247.79","248.79","1","3.02"
"186","9","246.21","248.23","261.75","13.52","15.54"
"187","16","246.43","248.45","248.61","0.16","2.18"
"197","10","275","277.02","279.17","2.15","4.17"
"198","23","280.37","282.39","283.05","0.66","2.68"
"199","23","281.26","283.28","283.59","0.31","2.33"
"203","9","297.22","299.24","300.29","1.05","3.07"
"206","1","301","303.02","304.36","1.34","3.36"
"207","9","301","303.02","304.49","1.47","3.49"
"208","9","301","303.02","304.49","1.47","3.49"
"209","1","301.02","303.04","303.46","0.42","2.44"
"210","9","301.02","303.04","304.04","1","3.02"
"211","9","301.02","303.04","304.04","1","3.02"
"212","10","312.18","314.2","315.65","1.45","3.47"
"216","9","325.66","327.68","328.73","1.05","3.07"
"217","9","325.72","327.74","328.48","0.74","2.76"
"220","17","336.94","338.96","339.22","0.26","2.28"
"227","23","361","363.02","382.2","19.18","21.2"
"229","23","361.01","363.03","363.32","0.29","2.31"
"231","11","363.08","365.1","365.46","0.36","2.38"
"233","9","363.97","365.99","366.99","1","3.02"
"234","9","364.17","366.19","366.96","0.77","2.79"
"235","9","364.36","366.38","367.12","0.74","2.76"
"236","10","364.57","366.59","368.04","1.45","3.47"
"237","9","364.78","366.8","367.54","0.74","2.76"
"238","1","364.99","367.01","367.43","0.42","2.44"
"239","9","365.23","367.25","368.11","0.86","2.88"
"240","9","365.44","367.46","368.93","1.47","3.49"
"242","23","365.88","367.9","368.19","0.29","2.31"
"243","23","366.09","368.11","368.77","0.66","2.68"
"244","9","366.28","368.3","381.82","13.52","15.54"
"245","1","366.48","368.5","370.96","2.46","4.48"
"250","17","373.92","375.94","376.4","0.46","2.48"
"258","10","382.66","384.68","396.56","11.88","13.9"
"263","9","384.35","386.37","387.24","0.86","2.89"
"265","23","385.13","387.15","428.92","41.77","43.79"
"266","10","386.74","388.76","390.5","1.74","3.76"
"267","10","386.75","388.77","390.51","1.74","3.76"
"268","10","386.84","388.86","390.36","1.5","3.52"
"271","16","387.49","389.51","389.67","0.16","2.18"
"272","16","387.62","389.64","390.25","0.61","2.63"
"273","22","387.62","389.64","401.09","11.45","13.47"
"274","23","387.86","389.88","390.17","0.29","2.31"
"277","11","388.2","390.22","394.57","4.35","6.37"
"279","10","388.3","390.32","391.54","1.22","3.24"
"280","11","388.34","390.36","390.72","0.36","2.38"
"281","23","388.34","390.36","391.03","0.66","2.69"
"282","9","388.51","390.53","391.58","1.05","3.07"
"283","9","388.51","390.53","391.31","0.77","2.8"
"284","9","388.68","390.7","391.56","0.86","2.88"
"285","9","388.68","390.7","391.75","1.05","3.07"
"286","5","388.83","390.85","391.83","0.98","3"
"290","9","389.47","391.49","392.26","0.77","2.79"
"291","3","389.47","391.49","392.22","0.73","2.75"
"292","7","389.53","391.55","392.55","1","3.02"
"293","16","389.53","391.55","406.4","14.85","16.87"
"294","9","389.64","391.66","392.52","0.86","2.88"
"295","9","389.66","391.68","392.45","0.77","2.79"
"296","9","389.8","391.82","392.68","0.86","2.88"
"297","10","389.8","391.82","393.32","1.5","3.52"
"299","9","389.99","392.01","392.88","0.86","2.89"
"300","9","390.13","392.15","392.82","0.67","2.69"
"301","9","390.13","392.15","393.02","0.86","2.89"
"303","9","390.19","392.21","393.68","1.47","3.49"
"307","9","390.74","392.76","393.5","0.74","2.76"
"313","1","391.95","393.97","399.98","6","8.03"
"333","1","395.33","397.35","399.46","2.11","4.13"
"336","8","396.35","398.37","399.2","0.83","2.85"
"337","18","396.35","398.37","398.82","0.44","2.47"
"348","8","397.44","399.46","400.26","0.8","2.82"
"352","19","398.1","400.12","404.72","4.6","6.62"
"357","1","399","401.02","407.02","6","8.02"
"365","23","399.36","401.38","402.38","1","3.02"
"367","23","399.42","401.44","402.44","1","3.02"
"368","23","399.42","401.44","402.1","0.66","2.68"
"378","1","399.9","401.92","402.33","0.41","2.43"
"384","23","400.05","402.07","421.25","19.18","21.2"
"386","13","400.08","402.1","404.01","1.91","3.93"
"387","9","400.08","402.1","415.62","13.52","15.54"
"388","9","400.1","402.12","402.89","0.77","2.79"
"391","23","400.42","402.44","404.01","1.57","3.59"
"397","19","400.63","402.65","407.82","5.17","7.19"
"399","10","400.65","402.67","412.32","9.65","11.67"
"400","10","400.65","402.67","412.32","9.65","11.67"
"402","23","400.68","402.7","444.47","41.77","43.79"
"404","17","400.71","402.73","403.19","0.46","2.48"
"406","23","400.98","403","403.25","0.25","2.27"
"409","23","401.01","403.03","403.69","0.66","2.68"
"412","23","401.08","403.1","403.41","0.31","2.33"
"422","10","403.41","405.43","407.59","2.15","4.18"
"432","10","404.33","406.35","408.51","2.15","4.18"
"436","10","404.79","406.81","408.31","1.5","3.52"
"484","9","408.92","410.94","412.41","1.47","3.49"
"506","9","410.8","412.82","414.29","1.47","3.49"
"508","16","411.39","413.41","414.41","1","3.02"
"525","17","412.28","414.3","414.76","0.46","2.48"
"530","21","412.43","414.45","415.3","0.85","2.87"
"537","17","412.68","414.7","415.35","0.65","2.67"
"558","2","415.21","417.23","418.04","0.81","2.83"
"587","9","416.24","418.26","419.04","0.77","2.8"
"588","9","416.29","418.31","418.98","0.67","2.69"
"589","9","416.29","418.31","419.18","0.86","2.89"
"590","9","416.49","418.51","419.18","0.67","2.69"
"591","9","416.49","418.51","419.38","0.86","2.89"
"592","9","416.5","418.52","432.04","13.52","15.54"
"593","9","416.5","418.52","419.57","1.05","3.07"
"594","9","416.55","418.57","419.31","0.74","2.76"
"598","9","416.75","418.77","419.55","0.77","2.8"
"599","9","416.75","418.77","419.52","0.74","2.77"
"612","11","417.56","419.58","419.94","0.36","2.38"
"614","9","417.58","419.6","420.27","0.67","2.69"
"629","7","418.82","420.84","421.84","1","3.02"
"680","22","422.5","424.52","427.7","3.18","5.2"
"692","9","422.74","424.76","425.81","1.05","3.07"
"693","9","422.74","424.76","425.81","1.05","3.07"
"694","9","422.74","424.76","425.81","1.05","3.07"
"695","9","422.74","424.76","425.44","0.67","2.7"
"696","9","422.75","424.77","425.82","1.05","3.07"
"697","9","422.75","424.77","425.45","0.67","2.7"
"698","9","422.75","424.77","438.29","13.52","15.54"
"699","9","422.76","424.78","425.83","1.05","3.07"
"700","9","422.76","424.78","425.78","1","3.02"
"738","16","426.68","428.7","429.31","0.61","2.63"
"765","3","427.98","430","435.35","5.35","7.37"
"772","17","430.84","432.86","536.95","104.09","106.11"
"795","1","432.35","434.37","434.84","0.47","2.49"
"812","17","433.72","435.74","549.22","113.48","115.5"
"821","11","434.96","436.98","441.33","4.35","6.37"
"841","1","435.25","437.27","443.28","6","8.03"
"856","9","435.44","437.46","438.32","0.86","2.88"
"857","7","435.44","437.46","438.86","1.4","3.42"
"858","9","435.44","437.46","438.14","0.67","2.7"
"859","9","435.44","437.46","450.98","13.52","15.54"
"860","9","435.44","437.46","438.33","0.86","2.89"
"863","9","435.63","437.65","439.12","1.47","3.49"
"864","9","435.63","437.65","438.33","0.67","2.7"
"865","9","435.64","437.66","438.66","1","3.02"
"866","9","435.65","437.67","438.67","1","3.02"
"868","9","435.69","437.71","438.76","1.05","3.07"
"869","21","435.7","437.72","438.95","1.23","3.25"
"871","9","435.7","437.72","439.19","1.47","3.49"
"872","9","435.7","437.72","438.78","1.05","3.08"
"873","9","435.7","437.72","438.5","0.77","2.8"
"875","1","435.72","437.74","440.2","2.46","4.48"
"876","9","435.72","437.74","438.52","0.77","2.8"
"878","9","435.73","437.75","451.27","13.52","15.54"
"879","1","435.89","437.91","438.38","0.47","2.49"
"883","1","435.97","437.99","438.46","0.47","2.49"
"888","9","436","438.02","438.76","0.74","2.76"
"889","9","436","438.02","438.7","0.67","2.7"
"890","9","436.01","438.03","438.77","0.74","2.76"
"891","10","436.02","438.04","449.92","11.88","13.9"
"892","18","436.02","438.04","442.04","4","6.02"
"893","17","436.02","438.04","438.69","0.65","2.67"
"895","9","436.02","438.04","439.04","1","3.02"
"896","9","436.02","438.04","438.82","0.77","2.8"
"897","9","436.02","438.05","439.1","1.05","3.08"
"899","1","436.03","438.05","438.52","0.47","2.49"
"901","9","436.03","438.05","438.73","0.67","2.7"
"902","1","436.03","438.05","444.06","6","8.03"
"903","9","436.03","438.05","439.11","1.05","3.08"
"904","9","436.04","438.06","439.06","1","3.02"
"908","9","436.06","438.08","438.82","0.74","2.76"
"957","9","438.06","438.08","438.82","0.74","0.76"
"958","9","438.06","438.08","439.08","1","1.02"
"911","9","436.06","438.08","438.76","0.67","2.7"
"912","9","436.06","438.08","439.55","1.47","3.49"
"913","9","436.08","438.1","438.96","0.86","2.88"
"914","9","436.08","438.1","438.88","0.77","2.8"
"919","10","436.34","438.36","439.58","1.22","3.24"
"926","1","436.64","438.66","440.77","2.11","4.13"
"932","17","436.86","438.88","439.14","0.26","2.28"
"937","1","437.01","439.03","439.45","0.42","2.44"
"944","17","437.25","439.27","439.53","0.26","2.28"
"946","1","437.28","439.3","445.3","6","8.02"
"1003","22","440.32","442.34","442.41","0.07","2.09"
"1013","23","440.73","442.75","443.75","1","3.02"
"1014","8","440.76","442.78","443.69","0.91","2.93"
"1015","10","440.76","442.78","444.23","1.45","3.47"
"1016","23","440.78","442.8","443.11","0.31","2.33"
"1019","23","440.81","442.83","462.01","19.18","21.2"
"1021","10","440.81","442.83","452.48","9.65","11.67"
"1023","23","440.81","442.84","443.13","0.29","2.32"
"1024","23","440.83","442.85","444.42","1.57","3.59"
"1025","23","440.83","442.85","462.03","19.18","21.2"
"1036","10","441.11","443.13","453.19","10.06","12.08"
"1038","10","441.44","443.46","453.53","10.07","12.09"
"1049","22","442.31","444.33","444.44","0.11","2.13"
"1055","23","442.72","444.74","486.51","41.77","43.79"
"1061","22","442.92","444.94","445.4","0.46","2.48"
"1062","23","442.92","444.94","445.25","0.31","2.33"
"1073","8","443.06","445.08","445.88","0.8","2.82"
"1075","23","443.08","445.1","446.67","1.57","3.59"
"1089","23","443.53","445.55","445.8","0.25","2.27"
"1091","23","443.55","445.57","487.34","41.77","43.79"
"1102","23","443.72","445.74","446.74","1","3.02"
"1103","23","443.72","445.74","445.99","0.25","2.27"
"1105","23","443.84","445.86","446.86","1","3.02"
"1108","10","444","446.02","447.79","1.77","3.79"
"1109","10","444","446.02","457.9","11.88","13.9"
"1122","23","444.64","446.66","448.23","1.57","3.59"
"1152","17","445.66","447.68","450.42","2.74","4.76"
"1156","10","445.68","447.7","449.2","1.5","3.52"
"1160","2","445.71","447.73","448.55","0.81","2.84"
"1161","17","445.71","447.73","448","0.26","2.29"
"1164","10","445.72","447.74","449.19","1.45","3.47"
"1177","10","446.33","448.35","458.01","9.66","11.68"
"1179","10","446.34","448.36","450.52","2.15","4.18"
"1187","10","446.36","448.39","450.54","2.15","4.18"
"1190","10","446.38","448.4","449.62","1.22","3.24"
"1198","23","446.64","448.66","448.95","0.29","2.31"
"1199","10","446.75","448.77","450.27","1.5","3.52"
"1201","10","446.77","448.79","450.01","1.22","3.24"
"1206","10","446.88","448.9","460.78","11.88","13.9"
"1272","19","451.95","453.97","459.14","5.17","7.19"
"1301","3","452.95","454.97","455.49","0.52","2.54"
"1308","11","453.16","455.18","456.59","1.4","3.43"
"1356","22","455.03","457.05","458.24","1.19","3.21"
"1373","18","455.72","457.74","458.22","0.48","2.5"
"1403","7","456.64","458.66","460.06","1.4","3.42"
"1408","14","456.82","458.84","462.73","3.89","5.91"
"1423","8","457.06","459.08","459.99","0.91","2.93"
"1453","22","457.96","459.98","463.17","3.18","5.21"
"1473","23","458.32","460.35","460.64","0.29","2.32"
"1481","16","458.51","460.53","460.75","0.22","2.24"
"1514","1","459.7","461.72","462.19","0.47","2.49"
"1516","1","459.7","461.72","463.07","1.34","3.37"
"1520","23","459.7","461.73","462.04","0.31","2.34"
"1522","23","459.71","461.73","462.73","1","3.02"
"1531","9","459.73","461.75","462.8","1.05","3.07"
"1532","9","459.73","461.75","462.56","0.8","2.83"
"1534","9","459.73","461.75","462.53","0.77","2.8"
"1536","9","459.77","461.79","463.26","1.47","3.49"
"1537","9","459.77","461.79","462.79","1","3.02"
"1545","23","459.99","462.01","462.26","0.25","2.27"
"1553","16","460.18","462.2","462.36","0.16","2.18"
"1554","23","460.2","462.22","503.99","41.77","43.79"
"1592","23","461.84","463.86","464.52","0.66","2.68"
"1613","9","462.26","464.28","465.28","1","3.02"
"1614","9","462.28","464.3","464.97","0.67","2.69"
"1615","9","462.28","464.3","465.04","0.74","2.76"
"1618","9","462.28","464.3","465.3","1","3.02"
"1619","9","462.28","464.3","477.83","13.52","15.55"
"1621","9","462.29","464.31","477.83","13.52","15.54"
"1622","9","462.29","464.31","465.78","1.47","3.49"
"1623","9","462.29","464.31","465.31","1","3.02"
"1627","9","462.31","464.33","477.85","13.52","15.54"
"1628","9","462.31","464.33","465.2","0.86","2.89"
"1629","9","462.31","464.33","465.01","0.67","2.7"
"1630","9","462.31","464.33","465.25","0.92","2.94"
"1632","9","462.32","464.34","465.66","1.32","3.34"
"1633","9","462.32","464.34","478.13","13.79","15.81"
"1635","23","462.49","464.51","506.88","42.36","44.39"
"1651","5","463.53","465.55","466.91","1.36","3.38"
"1781","8","473.36","475.38","476.38","1","3.02"
"1795","8","473.61","475.63","476.47","0.83","2.86"
"1827","8","474.62","476.64","478.69","2.05","4.07"
"1853","19","475.45","477.47","486.68","9.21","11.23"
"1859","17","475.61","477.63","478.09","0.46","2.48"
"1867","8","475.97","477.99","478.83","0.83","2.86"
"1893","11","476.88","478.9","479.26","0.36","2.38"
"1904","3","476.95","478.97","484.49","5.51","7.54"
"1905","10","476.97","478.99","480.54","1.55","3.57"
"1918","9","477.18","479.2","479.97","0.77","2.79"
"1919","9","477.18","479.2","479.94","0.74","2.76"
"1920","9","477.21","479.23","480.23","1","3.02"
"1921","10","477.21","479.23","480.68","1.45","3.47"
"1925","11","477.42","479.44","479.8","0.36","2.38"
"1927","9","477.45","479.47","480.52","1.05","3.07"
"1936","13","478","480.02","481.24","1.22","3.24"
"1963","17","478.74","480.76","481.03","0.26","2.29"
"1969","9","478.78","480.8","481.57","0.77","2.79"
"1970","1","478.78","480.8","481.27","0.47","2.49"
"1971","1","478.78","480.8","483.26","2.46","4.48"
"1972","17","478.91","480.93","481.38","0.45","2.47"
"1974","9","479.01","481.03","481.89","0.86","2.88"
"1975","9","479.01","481.03","481.81","0.77","2.8"
"1977","9","479.11","481.13","482.18","1.05","3.07"
"1983","9","479.3","481.32","482.79","1.47","3.49"
"1984","9","479.3","481.32","482.1","0.77","2.8"
"1995","10","479.74","481.76","483.6","1.84","3.86"
"2011","3","480.47","482.49","483.22","0.73","2.75"
"2045","19","482.76","484.78","492.37","7.59","9.61"
"2076","22","485.3","487.32","487.43","0.11","2.13"
"2107","19","486.51","488.53","493.13","4.6","6.62"
"2143","10","487.4","489.42","500.67","11.24","13.27"
"2146","16","487.4","489.43","489.64","0.22","2.24"
"2164","17","487.6","489.62","490.62","1","3.02"
"2169","10","487.7","489.72","491.88","2.15","4.18"
"2171","10","487.7","489.72","492.35","2.62","4.65"
"2172","9","487.7","489.72","490.47","0.74","2.77"
"2173","9","487.7","489.72","490.72","1","3.02"
"2174","18","487.71","489.73","491.49","1.76","3.78"
"2175","9","487.72","489.74","490.63","0.89","2.91"
"2176","17","487.72","489.74","490.08","0.34","2.36"
"2177","9","487.72","489.74","503.26","13.52","15.54"
"2178","9","487.72","489.74","490.8","1.05","3.08"
"2179","10","487.72","489.74","490.96","1.22","3.24"
"2180","9","487.72","489.74","490.42","0.67","2.7"
"2181","9","487.72","489.75","490.8","1.05","3.08"
"2182","9","487.74","489.76","490.81","1.05","3.07"
"2184","9","487.74","489.76","490.76","1","3.02"
"2185","9","487.75","489.77","490.77","1","3.02"
"2198","21","488.33","490.35","491.01","0.66","2.68"
"2208","19","488.85","490.87","495.47","4.6","6.62"
"2212","13","490.24","492.26","493.61","1.35","3.37"
"2298","7","493.42","495.45","496.45","1","3.03"
"2326","23","493.48","495.51","514.69","19.18","21.21"
"2345","23","493.51","495.53","495.78","0.25","2.27"
"2350","1","493.65","495.67","501.68","6","8.03"
"2352","23","493.66","495.68","495.97","0.29","2.31"
"2354","22","493.71","495.73","496.75","1.02","3.04"
"2380","11","495.16","497.18","501.55","4.36","6.39"
"2414","2","496.31","498.33","499.95","1.62","3.64"
"2433","23","496.72","498.74","501.5","2.76","4.78"
"2435","23","496.74","498.76","499.82","1.06","3.08"
"2461","23","496.88","498.9","518.53","19.63","21.65"
"2462","23","496.88","498.9","524.05","25.15","27.17"
"2468","8","496.98","499","499.8","0.8","2.82"
"2480","11","497","499.03","499.14","0.11","2.14"
"2483","23","497.01","499.03","499.35","0.32","2.34"
"2482","23","497","499.03","522.72","23.69","25.72"
"2486","23","497.03","499.05","500.62","1.57","3.59"
"2491","9","497.17","499.19","500.19","1","3.02"
"2492","9","497.18","499.2","500.39","1.19","3.21"
"2494","9","497.18","499.2","500.78","1.58","3.6"
"2495","9","497.18","499.2","500.31","1.11","3.13"
"2496","9","497.18","499.2","500.2","1","3.02"
"2497","9","497.18","499.2","500.2","1","3.02"
"2499","23","497.18","499.21","499.52","0.31","2.34"
"2500","9","497.18","499.21","500.21","1","3.03"
"2501","17","497.2","499.22","499.68","0.46","2.48"
"2503","9","497.2","499.22","500.22","1","3.02"
"2504","23","497.2","499.22","500.79","1.57","3.59"
"2505","9","497.2","499.22","499.97","0.74","2.77"
"2506","9","497.2","499.22","499.9","0.67","2.7"
"2508","9","497.22","499.24","500.71","1.47","3.49"
"2510","23","497.32","499.34","518.52","19.18","21.2"
"2512","23","497.32","499.34","500.01","0.66","2.69"
"2514","9","497.33","499.35","500.22","0.86","2.89"
"2515","9","497.33","499.35","500.82","1.47","3.49"
"2516","23","497.33","499.35","499.67","0.31","2.34"
"2518","9","497.34","499.36","500.83","1.47","3.49"
"2528","23","497.48","499.5","499.77","0.27","2.29"
"2530","23","497.5","499.52","500.66","1.14","3.16"
"2533","9","497.52","499.54","501.92","2.38","4.4"
"2534","1","497.52","499.54","503.86","4.32","6.34"
"2536","17","497.53","499.55","500.03","0.48","2.5"
"2538","9","497.55","499.57","500.4","0.83","2.85"
"2539","10","497.55","499.57","502.15","2.58","4.6"
"2540","10","497.55","499.57","500.79","1.22","3.24"
"2541","9","497.55","499.57","500.44","0.86","2.89"
"2542","10","497.55","499.57","501.47","1.89","3.92"
"2543","17","497.57","499.59","501.06","1.47","3.49"
"2544","9","497.57","499.59","500.46","0.86","2.89"
"2545","9","497.57","499.59","501.29","1.7","3.72"
"2546","9","497.58","499.6","500.48","0.88","2.9"
"2547","9","497.58","499.6","500.61","1.01","3.03"
"2548","9","497.58","499.6","502.01","2.41","4.43"
"2554","23","497.75","499.77","500.02","0.25","2.27"
"2556","23","497.75","499.77","541.54","41.77","43.79"
"2561","11","497.78","499.8","501.2","1.4","3.42"
"2562","10","497.78","499.8","511.68","11.88","13.9"
"2563","9","497.78","499.8","500.48","0.67","2.7"
"2564","9","497.78","499.8","500.55","0.74","2.77"
"2566","9","497.8","499.82","500.56","0.74","2.76"
"2567","9","497.8","499.82","500.82","1","3.02"
"2568","9","497.8","499.82","513.35","13.52","15.55"
"2570","23","497.81","499.83","500.49","0.66","2.68"
"2572","23","497.86","499.88","500.55","0.66","2.69"
"2715","1","508.43","510.45","510.86","0.41","2.43"
"2719","17","508.47","510.49","511.14","0.65","2.67"
"2720","1","508.49","510.51","510.98","0.47","2.49"
"2777","8","511.57","513.59","519.1","5.51","7.53"
"2785","18","513.03","515.05","519.05","4","6.02"
"2830","2","517.17","519.19","520.19","1","3.02"
"2838","8","517.32","519.34","525.97","6.63","8.65"
"2858","8","518.78","520.8","522.03","1.23","3.25"
"2859","5","518.78","520.8","522.52","1.71","3.74"
"2861","22","518.8","520.82","521.88","1.05","3.08"
"2900","7","520.37","522.39","523.79","1.4","3.42"
"2958","21","524.16","526.18","526.9","0.72","2.74"
"2965","19","525.16","527.18","532.35","5.17","7.19"
"2992","11","527.32","529.34","529.7","0.36","2.38"
"3002","11","529.34","531.36","532.36","1","3.02"
"3006","17","529.71","531.73","532.73","1","3.02"
"3076","22","542.07","544.09","544.55","0.46","2.48"
"3099","1","542.59","544.61","545.95","1.34","3.36"
"3100","9","542.63","544.65","545.42","0.77","2.79"
"3101","9","542.63","544.65","546.12","1.47","3.49"
"3104","9","542.76","544.78","546.25","1.47","3.49"
"3105","9","542.76","544.78","545.56","0.77","2.8"
"3106","9","542.8","544.82","558.34","13.52","15.54"
"3109","9","542.85","544.87","546.34","1.47","3.49"
"3110","9","542.96","544.98","546.03","1.05","3.07"
"3111","9","542.96","544.98","545.76","0.77","2.8"
"3112","9","542.97","544.99","545.73","0.74","2.76"
"3114","9","542.98","545","545.74","0.74","2.76"
"3118","1","543.09","545.11","551.11","6","8.02"
"3131","13","544.56","546.58","548.49","1.91","3.93"
"3132","16","544.57","546.59","548.22","1.63","3.65"
"3161","9","546.09","548.11","548.98","0.86","2.89"
"3179","16","547.59","549.61","550.61","1","3.02"
"3204","19","551.13","553.15","561.11","7.96","9.98"
"3207","19","551.84","553.86","558.46","4.6","6.62"
"3219","10","552.22","554.24","555.46","1.22","3.24"
"3249","22","555.02","557.04","568.49","11.45","13.47"
"3277","17","559.22","561.24","561.89","0.65","2.67"
"3283","18","559.45","561.47","561.95","0.48","2.5"
"3288","13","559.56","561.58","567.52","5.94","7.96"
"3300","13","562.33","564.35","567.65","3.3","5.32"
"3319","13","563.64","565.66","567.02","1.36","3.38"
"3327","11","565.02","567.04","567.15","0.11","2.13"
"3332","10","565.47","567.49","569.23","1.74","3.76"
"3336","10","565.84","567.86","569.08","1.22","3.24"
"3359","16","568.15","570.17","571.17","1","3.02"
"3375","16","569.39","571.41","572.02","0.61","2.63"
"3383","3","570.11","572.13","572.32","0.19","2.21"
"3385","3","570.13","572.15","572.34","0.19","2.21"
"3389","8","570.16","572.18","577.69","5.51","7.53"
"3396","23","570.28","572.3","572.59","0.29","2.31"
"3398","17","570.3","572.32","572.58","0.26","2.28"
"3399","9","570.3","572.32","573.79","1.47","3.49"
"3401","9","570.52","572.54","573.54","1","3.02"
"3406","16","570.98","573","573.22","0.22","2.24"
"3410","8","571.24","573.26","574.17","0.91","2.93"
"3424","8","571.49","573.51","574.34","0.83","2.85"
"3425","17","571.49","573.51","573.77","0.26","2.28"
"3429","21","571.59","573.61","574.61","1","3.02"
"3433","10","571.72","573.74","585.62","11.88","13.9"
"3435","10","571.74","573.76","575.21","1.45","3.47"
"3436","9","571.74","573.76","575.23","1.47","3.49"
"3437","9","571.74","573.76","574.44","0.67","2.7"
"3438","9","571.74","573.76","587.29","13.52","15.55"
"3440","23","571.82","573.84","575.41","1.57","3.59"
"3441","9","571.82","573.84","574.52","0.67","2.7"
"3442","9","571.82","573.84","574.89","1.05","3.07"
"3443","9","571.87","573.89","574.63","0.74","2.76"
"3444","23","571.87","573.89","574.89","1","3.02"
"3445","23","571.88","573.9","574.21","0.31","2.33"
"3446","9","571.88","573.9","595.87","21.97","23.99"
"3448","10","571.9","573.92","599.75","25.83","27.85"
"3449","9","571.92","573.94","577.2","3.26","5.28"
"3450","9","571.92","573.94","593.92","19.98","22"
"3451","9","571.93","573.95","589.5","15.55","17.57"
"3452","10","571.93","573.95","576.22","2.27","4.29"
"3453","10","571.99","574.01","575.46","1.45","3.47"
"3454","9","571.99","574.01","575.06","1.05","3.07"
"3455","23","572.01","574.03","574.34","0.31","2.33"
"3456","9","572.01","574.03","574.77","0.74","2.76"
"3457","9","572.01","574.03","574.9","0.86","2.89"
"3458","10","572.05","574.07","575.81","1.74","3.76"
"3459","10","572.06","574.08","585.96","11.88","13.9"
"3461","9","572.07","574.09","587.61","13.52","15.54"
"3462","9","572.07","574.09","574.83","0.74","2.76"
"3463","9","572.07","574.09","575.56","1.47","3.49"
"3464","9","572.07","574.09","574.87","0.77","2.8"
"3466","10","572.09","574.11","585.99","11.88","13.9"
"3467","9","572.09","574.11","575.11","1","3.02"
"3468","9","572.09","574.11","574.98","0.86","2.89"
"3469","17","572.1","574.12","574.77","0.65","2.67"
"3470","9","572.1","574.12","574.99","0.86","2.89"
"3472","10","572.12","574.14","575.64","1.5","3.52"
"3473","9","572.13","574.15","575.01","0.86","2.88"
"3474","10","572.13","574.15","583.8","9.65","11.67"
"3475","17","572.13","574.15","575.15","1","3.02"
"3477","23","572.13","574.15","615.93","41.78","43.8"
"3479","9","572.2","574.22","574.9","0.67","2.7"
"3480","9","572.2","574.22","575.69","1.47","3.49"
"3481","9","572.2","574.22","575.28","1.05","3.08"
"3483","9","572.24","574.26","575.13","0.86","2.89"
"3484","23","572.26","574.28","574.56","0.28","2.3"
"3485","9","572.26","574.28","596.35","22.06","24.09"
"3487","9","572.31","574.33","575.83","1.5","3.52"
"3488","9","572.31","574.33","604.75","30.42","32.44"
"3490","9","572.32","574.34","576.73","2.39","4.41"
"3491","9","572.32","574.34","575.31","0.97","2.99"
"3492","9","572.34","574.36","575.41","1.05","3.07"
"3493","23","572.34","574.36","575.03","0.66","2.69"
"3494","23","572.35","574.37","574.62","0.25","2.27"
"3553","9","574.35","574.37","575.05","0.67","0.7"
"3496","9","572.37","574.39","575.86","1.47","3.49"
"3497","21","572.38","574.4","575.4","1","3.02"
"3498","23","572.38","574.4","616.18","41.78","43.8"
"3499","9","572.38","574.4","575.14","0.74","2.76"
"3502","11","572.48","574.5","575.5","1","3.02"
"3503","23","572.48","574.5","576.07","1.57","3.59"
"3505","23","572.49","574.51","575.17","0.66","2.68"
"3507","23","572.51","574.53","616.31","41.78","43.8"
"3515","17","572.72","574.74","575.19","0.45","2.47"
"3536","9","574","576.02","577.02","1","3.02"
"3537","9","574","576.02","576.8","0.77","2.8"
"3538","9","574.02","576.04","589.56","13.52","15.54"
"3539","10","574.02","576.04","578.2","2.15","4.18"
"3540","9","574.16","576.18","577.04","0.86","2.88"
"3541","9","574.16","576.18","576.96","0.77","2.8"
"3543","9","574.16","576.18","577.18","1","3.02"
"3544","9","574.17","576.19","589.71","13.52","15.54"
"3545","21","574.17","576.19","576.38","0.19","2.21"
"3546","9","574.17","576.19","576.93","0.74","2.76"
"3547","9","574.17","576.19","576.97","0.77","2.8"
"3549","9","574.32","576.34","577.81","1.47","3.49"
"3552","9","574.35","576.37","577.42","1.05","3.07"
"3554","9","574.36","576.38","577.54","1.16","3.18"
"3555","9","574.38","576.4","577.76","1.36","3.38"
"3557","9","574.42","576.44","578.37","1.93","3.95"
"3558","9","574.46","576.48","579.79","3.31","5.33"
"3559","9","574.46","576.48","577.95","1.47","3.49"
"3564","9","574.5","576.52","577.42","0.9","2.92"
"3584","19","574.85","576.87","582.54","5.67","7.69"
"3598","9","575.02","577.04","577.78","0.74","2.76"
"3599","9","575.02","577.04","578.09","1.05","3.07"
"3600","9","575.04","577.06","578.06","1","3.02"
"3601","9","575.04","577.06","577.8","0.74","2.76"
"3619","11","575.58","577.6","578.6","1","3.02"
"3664","3","576.32","578.34","578.86","0.52","2.54"
"3668","9","576.4","578.42","579.28","0.86","2.88"
"3670","9","576.4","578.42","579.29","0.86","2.89"
"3671","9","576.4","578.42","579.1","0.67","2.7"
"3683","10","576.78","578.8","588.45","9.65","11.67"
"3685","10","576.79","578.81","580.68","1.86","3.89"
"3686","9","576.8","578.82","580.29","1.47","3.49"
"3689","9","576.82","578.84","579.84","1","3.02"
"3713","10","578.01","580.03","582.19","2.15","4.18"
"3743","10","578.81","580.84","582.7","1.86","3.89"
"3745","1","578.83","580.85","581.28","0.42","2.45"
"3823","14","582.66","584.68","588.57","3.89","5.91"
"3874","17","586.57","588.59","702.12","113.53","115.55"
"3898","17","587.36","589.38","590.38","1","3.02"
"3905","17","587.46","589.48","590.13","0.65","2.67"
"3920","14","588.14","590.16","590.32","0.16","2.18"
"3937","9","588.42","590.44","603.96","13.52","15.54"
"3938","9","588.44","590.46","603.98","13.52","15.54"
"3939","9","588.44","590.46","591.46","1","3.02"
"3946","1","588.65","590.67","591.08","0.41","2.43"
"3947","9","588.65","590.67","592.07","1.4","3.42"
"3948","9","588.65","590.67","592.42","1.75","3.77"
"3949","9","588.68","590.7","592.86","2.16","4.18"
"3950","9","588.7","590.72","592.89","2.17","4.19"
"3951","1","588.7","590.72","600.92","10.2","12.22"
"3957","23","588.84","590.86","614.12","23.26","25.28"
"3958","9","588.84","590.86","592.13","1.27","3.29"
"3959","9","588.84","590.86","591.6","0.74","2.76"
"3961","9","588.84","590.86","604.39","13.52","15.55"
"3962","9","588.84","590.86","591.73","0.86","2.89"
"3963","2","588.89","590.91","620.64","29.73","31.75"
"3965","1","589.12","591.14","592.48","1.34","3.36"
"3968","8","589.62","591.64","592.55","0.91","2.93"
"3990","22","590.26","592.28","603.73","11.45","13.47"
"4016","9","590.6","592.62","594.09","1.47","3.49"
"4038","11","591.36","593.38","593.74","0.36","2.38"
"4041","22","591.38","593.4","593.51","0.11","2.13"
"4051","23","591.47","593.49","594.49","1","3.02"
"4057","16","591.72","593.74","594.74","1","3.02"
"4065","22","591.82","593.84","593.91","0.07","2.09"
"4068","23","591.84","593.86","635.64","41.78","43.8"
"4081","10","592.08","594.1","595.6","1.5","3.52"
"4083","9","592.1","594.12","594.8","0.67","2.7"
"4100","2","592.71","594.73","595.3","0.57","2.59"
"4191","10","595.59","597.61","609.49","11.88","13.9"
"4210","9","595.98","598","611.52","13.52","15.54"
"4211","9","595.98","598","599","1","3.02"
"4219","10","596.14","598.16","607.81","9.65","11.67"
"4221","9","596.17","598.19","599.19","1","3.02"
"4224","16","596.24","598.26","599.26","1","3.02"
"4231","10","596.36","598.38","600.25","1.86","3.89"
"4241","10","596.59","598.61","600.06","1.45","3.47"
"4243","10","596.64","598.66","600.59","1.93","3.95"
"4257","23","596.94","598.96","599.41","0.45","2.47"
"4264","9","597.07","599.09","600.82","1.73","3.75"
"4265","9","597.07","599.09","600.67","1.58","3.6"
"4267","9","597.09","599.11","600.68","1.56","3.59"
"4270","23","597.14","599.16","600.35","1.19","3.21"
"4271","9","597.14","599.16","600.05","0.89","2.91"
"4272","23","597.26","599.28","620.64","21.36","23.38"
"4273","9","597.26","599.28","600.75","1.47","3.49"
"4279","9","597.39","599.41","600.19","0.77","2.8"
"4280","9","597.42","599.44","612.96","13.52","15.54"
"4281","9","597.42","599.44","600.49","1.05","3.07"
"4338","23","600.31","602.33","602.62","0.29","2.31"
"4448","11","606.71","608.73","608.84","0.11","2.13"
"4454","13","607.49","609.51","610.78","1.27","3.29"
"4521","21","610.11","612.13","612.33","0.19","2.22"
"4528","23","610.22","612.24","613.81","1.57","3.59"
"4552","1","610.65","612.67","615.13","2.46","4.48"
"4559","23","610.67","612.69","612.95","0.25","2.28"
"4560","23","610.68","612.7","655.17","42.47","44.49"
"4563","23","610.69","612.71","654.5","41.79","43.81"
"4565","9","610.69","612.71","613.45","0.74","2.76"
"4566","23","610.7","612.72","613.38","0.66","2.68"
"4569","9","610.74","612.76","613.76","1","3.02"
"4570","19","610.74","612.76","620.72","7.96","9.98"
"4571","9","610.74","612.76","613.44","0.67","2.7"
"4573","9","610.75","612.77","613.51","0.74","2.76"
"4576","9","610.78","612.8","626.32","13.52","15.54"
"4578","9","610.8","612.82","613.5","0.68","2.7"
"4579","23","610.8","612.82","613.14","0.31","2.34"
"4580","9","610.8","612.82","626.35","13.52","15.55"
"4581","23","610.81","612.83","613.08","0.25","2.27"
"4582","9","610.81","612.83","615.78","2.95","4.97"
"4583","10","610.81","612.83","616.8","3.97","5.99"
"4584","10","610.81","612.83","646.81","33.98","36"
"4585","10","610.81","612.83","640.68","27.84","29.87"
"4586","23","610.83","612.85","651.79","38.94","40.96"
"4589","10","610.83","612.85","631.77","18.91","20.94"
"4590","10","610.83","612.85","615.04","2.18","4.21"
"4591","9","610.83","612.85","613.97","1.11","3.14"
"4592","9","610.84","612.86","613.91","1.05","3.07"
"4593","9","610.84","612.86","613.73","0.86","2.89"
"4594","9","610.84","612.86","613.73","0.86","2.89"
"4595","9","610.84","612.86","613.54","0.68","2.7"
"4596","9","610.84","612.86","626.39","13.52","15.55"
"4597","10","610.84","612.86","622.52","9.65","11.68"
"4598","9","610.84","612.87","613.81","0.94","2.97"
"4599","9","610.84","612.87","613.73","0.86","2.89"
"4600","9","610.84","612.87","613.92","1.05","3.08"
"4601","9","610.86","612.88","613.56","0.68","2.7"
"4603","23","610.9","612.92","654.71","41.79","43.81"
"4605","10","610.9","612.92","615.08","2.15","4.18"
"4606","23","610.92","612.94","613.6","0.66","2.68"
"4609","23","610.98","613","614.57","1.57","3.59"
"4618","23","611.19","613.21","614.78","1.57","3.59"
"4620","19","611.22","613.24","613.29","0.05","2.07"
"4621","19","611.25","613.27","621.23","7.96","9.98"
"4624","10","611.26","613.28","614.73","1.45","3.47"
"4626","10","611.28","613.3","615.04","1.74","3.76"
"4634","19","611.31","613.33","617.94","4.6","6.63"
"4636","23","611.4","613.42","613.71","0.29","2.31"
"4640","16","611.75","613.77","614.38","0.61","2.63"
"4643","19","611.75","613.77","613.82","0.05","2.07"
"4646","10","611.76","613.78","615.28","1.5","3.52"
"4647","10","611.76","613.78","634.84","21.06","23.08"
"4652","10","611.78","613.8","617.24","3.44","5.46"
"4657","17","612","614.02","615.71","1.69","3.71"
"4664","17","612.28","614.3","615.47","1.17","3.19"
"4665","17","612.36","614.38","619.51","5.13","7.15"
"4668","17","612.37","614.39","618.4","4.01","6.03"
"4709","16","613.9","615.92","639.6","23.68","25.7"
"4743","4","615.02","617.04","618.26","1.22","3.24"
"4755","20","615.32","617.34","618.37","1.03","3.05"
"4805","16","616.25","618.27","618.49","0.22","2.24"
"4812","18","617","619.02","619.2","0.18","2.2"
"4839","8","619.24","621.26","627.05","5.79","7.81"
"4844","8","619.35","621.37","623.42","2.05","4.07"
"4949","13","623.38","625.4","625.82","0.42","2.44"
"4963","9","623.44","625.46","644.24","18.78","20.8"
"4965","9","623.45","625.47","626.14","0.67","2.69"
"4966","9","623.45","625.47","626.47","1","3.02"
"4970","9","623.46","625.48","626.16","0.67","2.7"
"4971","9","623.46","625.48","626.16","0.68","2.7"
"4973","9","623.47","625.49","626.23","0.74","2.76"
"4975","9","623.52","625.54","626.41","0.86","2.89"
"4976","9","623.52","625.54","627.01","1.47","3.49"
"4977","9","623.52","625.54","626.29","0.74","2.77"
"4978","9","623.52","625.54","626.54","1","3.02"
"4982","9","623.54","625.56","626.43","0.86","2.89"
"4990","10","623.65","625.67","627.17","1.5","3.52"
"4992","9","623.69","625.71","627.18","1.47","3.49"
"4993","9","623.69","625.71","626.49","0.77","2.8"
"4994","9","623.69","625.71","639.24","13.52","15.55"
"4995","9","623.7","625.72","639.24","13.52","15.54"
"4997","9","623.72","625.74","639.26","13.52","15.54"
"4998","9","623.72","625.74","626.52","0.77","2.8"
"5000","9","623.81","625.83","627.72","1.88","3.91"
"5001","9","623.82","625.84","627.67","1.83","3.85"
"5002","9","623.82","625.84","667.01","41.17","43.19"
"5004","9","623.96","625.98","629","3.02","5.04"
"5007","10","624.12","626.14","629.86","3.72","5.74"
"5012","10","624.15","626.17","630.12","3.95","5.97"
"5014","9","624.15","626.17","627.39","1.22","3.24"
"5015","9","624.15","626.17","627.34","1.16","3.19"
"5016","9","624.15","626.17","626.99","0.81","2.84"
"5018","9","624.16","626.18","627.05","0.87","2.89"
"5074","9","626.16","626.18","627.05","0.87","0.89"
"5022","9","624.24","626.26","642.9","16.63","18.66"
"5028","9","624.26","626.28","626.96","0.67","2.7"
"5029","10","624.26","626.28","629.52","3.24","5.26"
"5030","9","624.27","626.29","627.42","1.13","3.15"
"5031","9","624.29","626.31","626.99","0.68","2.7"
"5032","9","624.29","626.31","626.99","0.67","2.7"
"5034","9","624.3","626.32","627.79","1.47","3.49"
"5035","9","624.3","626.32","627.06","0.74","2.76"
"5036","9","624.3","626.32","627.07","0.74","2.77"
"5039","10","624.58","626.6","628.34","1.74","3.76"
"5052","13","625.21","627.23","628.45","1.22","3.24"
"5066","7","626.07","628.09","629.09","1","3.02"
"5091","6","626.4","628.42","629.67","1.25","3.27"
"5095","8","626.56","628.58","630.63","2.05","4.07"
"5100","8","626.87","628.89","629.73","0.84","2.86"
"5170","10","627.56","629.58","631.17","1.59","3.61"
"5174","3","627.57","629.59","630.32","0.73","2.75"
"5180","23","627.58","629.6","648.79","19.19","21.21"
"5184","23","627.58","629.61","630.27","0.66","2.69"
"5185","10","627.61","629.63","631.37","1.74","3.76"
"5186","23","627.61","629.63","629.88","0.25","2.27"
"5187","10","627.67","629.69","634.39","4.7","6.72"
"5192","10","628.05","630.07","634.83","4.75","6.78"
"5193","10","628.06","630.08","666.48","36.4","38.42"
"5197","10","628.07","630.09","636.06","5.97","7.99"
"5202","23","628.09","630.11","631.55","1.44","3.46"
"5204","10","628.09","630.11","633.78","3.67","5.69"
"5205","23","628.09","630.11","662.21","32.1","34.12"
"5207","11","628.33","630.35","635.89","5.54","7.56"
"5228","23","628.59","630.61","678.18","47.57","49.59"
"5233","10","628.62","630.64","632.64","2","4.02"
"5237","10","628.74","630.76","633.16","2.4","4.42"
"5239","8","628.76","630.78","633.35","2.57","4.59"
"5244","23","628.8","630.82","632.4","1.57","3.6"
"5247","11","628.93","630.95","633.11","2.16","4.18"
"5248","21","628.93","630.95","631.95","1","3.02"
"5252","23","628.99","631.01","631.68","0.66","2.69"
"5253","10","629","631.02","641.6","10.58","12.6"
"5255","21","629.01","631.03","633.46","2.43","4.45"
"5287","23","629.59","631.61","632.28","0.66","2.69"
"5300","1","629.7","631.72","633.95","2.23","4.25"
"5302","1","629.7","631.72","637.73","6","8.03"
"5304","23","629.71","631.73","631.98","0.25","2.27"
"5310","23","629.74","631.76","632.08","0.31","2.34"
"5313","23","629.84","631.86","673.64","41.78","43.8"
"5314","23","629.85","631.87","632.16","0.29","2.31"
"5318","23","629.85","631.87","632.19","0.31","2.34"
"5340","1","630.34","632.36","632.89","0.52","2.55"
"5347","1","630.51","632.53","634.64","2.11","4.13"
"5374","10","631.1","633.12","634.62","1.5","3.52"
"5376","11","631.18","633.2","634.03","0.83","2.85"
"5379","16","631.2","633.22","633.44","0.22","2.24"
"5390","21","631.32","633.34","635.66","2.32","4.34"
"5400","22","631.37","633.39","633.56","0.17","2.19"
"5406","23","631.45","633.47","635.3","1.83","3.85"
"5407","23","631.46","633.48","634.25","0.77","2.79"
"5436","10","632.09","634.11","639.83","5.72","7.74"
"5517","16","635.89","637.91","640.1","2.19","4.21"
"5605","8","645.3","647.32","657.58","10.25","12.28"
"5668","17","647.13","649.15","649.93","0.78","2.8"
"5752","11","649.56","651.58","651.96","0.38","2.4"
"5765","22","650.1","652.12","666.2","14.08","16.1"
"5775","2","650.3","652.32","652.89","0.56","2.59"
"5813","16","651.19","653.21","653.43","0.22","2.24"
"5845","22","652.36","654.38","654.49","0.11","2.13"
"5854","21","652.6","654.62","655.28","0.66","2.68"
"5858","1","652.66","654.68","656.1","1.42","3.44"
"5859","1","652.66","654.68","660.94","6.26","8.28"
"5877","22","654.23","656.25","656.32","0.07","2.09"
"5973","13","663.75","665.77","667.12","1.35","3.37"
"5974","17","663.75","665.77","666.77","1","3.02"
"6023","19","673.36","675.38","675.43","0.05","2.07"
"6027","22","673.69","675.71","675.82","0.11","2.13"
"6038","22","674.48","676.5","676.96","0.46","2.48"
"6040","22","674.62","676.64","688.09","11.45","13.47"
"6046","10","674.78","676.8","678.02","1.22","3.24"
"6060","17","677.16","679.18","679.44","0.26","2.28"
"6066","11","678.66","680.68","681.04","0.36","2.38"
"6076","3","680.68","682.7","683.7","1","3.02"
"6135","1","685.74","687.76","689.1","1.34","3.36"
"6137","9","685.74","687.76","688.51","0.74","2.77"
"6139","9","685.76","687.78","688.83","1.05","3.07"
"6141","9","685.85","687.87","689.34","1.47","3.49"
"6142","9","685.87","687.89","688.63","0.74","2.76"
"6143","9","685.87","687.89","701.41","13.52","15.54"
"6146","9","686.02","688.04","690.01","1.97","3.99"
"6147","9","686.03","688.05","690.17","2.12","4.14"
"6148","9","686.03","688.05","720.51","32.46","34.48"
"6149","9","686.04","688.06","689.43","1.37","3.39"
"6151","9","686.06","688.08","689.13","1.05","3.07"
"6152","9","686.06","688.08","701.61","13.52","15.55"
"6153","9","686.07","688.09","688.95","0.86","2.88"
"6154","9","686.09","688.11","689.16","1.05","3.07"
"6155","9","686.09","688.11","701.63","13.52","15.54"
"6158","10","686.17","688.19","689.93","1.74","3.76"
"6159","9","686.23","688.25","689.25","1","3.02"
"6161","9","686.26","688.28","689.02","0.74","2.76"
"6162","9","686.26","688.28","689.02","0.74","2.76"
"6167","9","686.35","688.37","689.05","0.68","2.7"
"6170","9","686.42","688.44","689.12","0.68","2.7"
"6171","9","686.43","688.45","689.5","1.05","3.07"
"6172","9","686.43","688.45","689.32","0.86","2.89"
"6176","9","686.49","688.51","689.51","1","3.02"
"6178","9","686.52","688.54","689.59","1.05","3.07"
"6180","9","686.64","688.66","689.44","0.77","2.8"
"6181","9","686.65","688.67","689.53","0.86","2.88"
"6182","9","686.65","688.67","689.35","0.68","2.7"
"6183","9","686.68","688.7","689.56","0.86","2.88"
"6190","9","686.88","688.9","689.58","0.68","2.7"
"6191","10","686.9","688.92","690.66","1.74","3.76"
"6192","9","686.9","688.92","689.7","0.77","2.8"
"6193","10","686.9","688.92","690.14","1.22","3.24"
"6195","10","686.92","688.94","690.8","1.86","3.88"
"6196","9","686.96","688.98","689.65","0.67","2.69"
"6199","9","687.1","689.12","689.86","0.74","2.76"
"6200","9","687.12","689.14","690.19","1.05","3.07"
"6202","9","687.23","689.25","702.77","13.52","15.54"
"6214","9","687.69","689.71","691.68","1.97","3.99"
"6215","10","687.71","689.73","720.08","30.35","32.37"
"6217","9","687.78","689.8","693.46","3.66","5.68"
"6218","9","687.78","689.8","691.17","1.37","3.39"
"6219","9","687.79","689.81","691.28","1.47","3.49"
"6220","9","687.79","689.81","690.55","0.74","2.76"
"6222","10","687.86","689.88","699.53","9.65","11.67"
"6224","9","687.88","689.9","690.9","1","3.02"
"6226","9","687.9","689.92","690.97","1.05","3.07"
"6227","9","687.93","689.95","703.47","13.52","15.54"
"6229","10","687.95","689.97","691.47","1.5","3.52"
"6230","9","687.95","689.97","690.75","0.77","2.8"
"6242","9","688.41","690.43","691.11","0.67","2.7"
"6243","9","688.44","690.46","691.2","0.74","2.76"
"6248","11","688.54","690.56","691.97","1.41","3.43"
"6249","10","688.96","690.98","692.43","1.45","3.47"
"6259","17","689.18","691.2","691.85","0.65","2.67"
"6262","17","689.18","691.2","692.2","1","3.02"
"6265","17","689.19","691.21","691.48","0.26","2.29"
"6281","17","690.05","692.07","692.33","0.26","2.28"
"6320","2","692.68","694.7","695.22","0.52","2.54"
"6331","7","693.6","695.62","696.62","1","3.02"
"6353","7","695.01","697.03","698.03","1","3.02"
"6376","8","696.07","698.09","703.6","5.51","7.53"
"6400","19","697.2","699.22","703.83","4.6","6.63"
"6413","19","698.63","700.65","700.7","0.05","2.07"
"6442","1","706.72","708.74","714.74","6","8.02"
"6444","3","706.73","708.75","709.48","0.73","2.75"
"6465","16","708.76","710.78","711.39","0.61","2.63"
"6484","1","709.44","711.46","713.92","2.46","4.48"
"6498","1","710.55","712.57","718.57","6","8.02"
"6504","1","710.89","712.91","718.91","6","8.02"
"6506","16","711.03","713.05","713.48","0.43","2.45"
"6509","18","711.18","713.2","726.86","13.66","15.68"
"6514","11","711.8","713.82","714.07","0.25","2.27"
"6527","1","713.57","715.59","727.07","11.48","13.5"
"6542","13","715.35","717.37","719.28","1.91","3.93"
"6593","9","719.55","721.57","722.44","0.86","2.89"
"6594","18","719.78","721.8","725.8","4","6.02"
"6595","10","719.78","721.8","733.06","11.26","13.28"
"6598","9","719.85","721.87","735.4","13.52","15.55"
"6601","9","719.99","722.01","722.88","0.86","2.89"
"6701","9","722.06","722.08","722.76","0.67","0.7"
"6608","9","720.18","722.2","723.2","1","3.02"
"6610","9","720.2","722.22","722.99","0.77","2.79"
"6611","22","720.2","722.22","722.33","0.11","2.13"
"6614","5","720.58","722.6","725.26","2.66","4.68"
"6616","10","720.62","722.64","724.57","1.93","3.95"
"6620","10","720.65","722.67","723.89","1.22","3.24"
"6623","9","720.67","722.69","723.56","0.86","2.89"
"6624","9","720.68","722.7","723.56","0.86","2.88"
"6626","9","720.68","722.7","723.57","0.86","2.89"
"6627","16","720.68","722.7","724.34","1.64","3.66"
"6628","10","720.68","722.7","734.58","11.88","13.9"
"6629","9","720.69","722.71","723.48","0.77","2.79"
"6631","9","720.73","722.75","723.62","0.86","2.89"
"6632","9","720.78","722.8","723.57","0.77","2.79"
"6633","9","720.78","722.8","723.8","1","3.02"
"6634","9","720.79","722.81","723.49","0.68","2.7"
"6635","9","720.79","722.81","723.81","1","3.02"
"6640","9","720.84","722.86","723.86","1","3.02"
"6641","10","720.84","722.86","732.51","9.65","11.67"
"6647","23","721","723.02","724.59","1.57","3.59"
"6648","23","721","723.02","723.28","0.25","2.28"
"6649","10","721","723.02","765.6","42.57","44.6"
"6650","19","721","723.03","755.63","32.6","34.63"
"6652","22","721.09","723.11","723.41","0.3","2.32"
"6653","9","721.09","723.11","724.47","1.36","3.38"
"6655","9","721.12","723.14","724.1","0.96","2.98"
"6656","9","721.26","723.28","725.01","1.73","3.75"
"6657","9","721.26","723.28","724.02","0.74","2.76"
"6658","9","721.26","723.28","724.94","1.66","3.68"
"6659","9","721.28","723.3","736.82","13.52","15.54"
"6661","9","721.29","723.31","724.42","1.11","3.13"
"6662","9","721.29","723.31","724.18","0.86","2.89"
"6663","9","721.31","723.33","724.19","0.86","2.88"
"6665","23","721.31","723.33","723.62","0.29","2.31"
"6666","10","721.31","723.33","724.79","1.45","3.48"
"6667","9","721.31","723.33","724.2","0.86","2.89"
"6668","10","721.32","723.34","724.97","1.63","3.65"
"6669","9","721.32","723.34","724.34","1","3.02"
"6670","9","721.46","723.48","724.25","0.77","2.79"
"6671","9","721.47","723.49","724.23","0.74","2.76"
"6673","9","721.48","723.5","724.5","1","3.02"
"6774","9","723.48","723.5","724.5","1","1.02"
"6775","9","723.48","723.5","724.18","0.68","0.7"
"6676","19","721.54","723.56","728.73","5.17","7.19"
"6677","9","721.54","723.56","737.08","13.52","15.54"
"6678","9","721.56","723.58","724.35","0.77","2.79"
"6679","9","721.56","723.58","724.45","0.86","2.89"
"6683","21","721.78","723.8","724.65","0.85","2.87"
"6693","10","721.89","723.91","733.56","9.65","11.67"
"6695","9","721.89","723.91","737.44","13.52","15.55"
"6696","10","721.92","723.94","725.68","1.74","3.76"
"6697","9","721.92","723.94","725.41","1.47","3.49"
"6699","16","722.04","724.06","724.22","0.16","2.18"
"6700","9","722.06","724.08","726.83","2.75","4.77"
"6702","10","722.1","724.12","731.6","7.48","9.5"
"6703","9","722.1","724.12","726.02","1.89","3.92"
"6706","16","722.18","724.2","756.89","32.69","34.71"
"6708","9","722.18","724.2","725.24","1.04","3.06"
"6709","9","722.18","724.2","725.06","0.86","2.88"
"6710","23","722.26","724.28","725.28","1","3.02"
"6715","19","722.36","724.38","734.02","9.64","11.66"
"6717","9","722.37","724.39","725.17","0.77","2.8"
"6719","9","722.45","724.47","725.72","1.25","3.27"
"6720","9","722.46","724.48","725.25","0.77","2.79"
"6721","10","722.46","724.48","725.7","1.22","3.24"
"6722","9","722.46","724.48","725.48","1","3.02"
"6725","9","722.53","724.55","725.55","1","3.02"
"6726","9","722.54","724.56","725.42","0.86","2.88"
"6860","9","724.54","724.56","725.43","0.87","0.89"
"6728","9","722.59","724.61","725.47","0.86","2.88"
"6729","23","722.59","724.61","724.86","0.25","2.27"
"6730","16","722.61","724.63","724.85","0.22","2.24"
"6731","9","722.61","724.63","725.41","0.78","2.8"
"6733","23","722.7","724.72","725.72","1","3.02"
"6734","9","722.7","724.72","725.5","0.78","2.8"
"6737","23","722.81","724.83","725.83","1","3.02"
"6742","9","722.88","724.9","725.95","1.05","3.07"
"6743","9","722.9","724.92","725.6","0.68","2.7"
"6744","21","722.9","724.92","725.92","1","3.02"
"6745","9","722.91","724.93","725.98","1.05","3.07"
"6746","23","722.91","724.93","725.24","0.31","2.33"
"6749","23","723","725.02","726.59","1.57","3.59"
"6759","23","723.2","725.22","726.79","1.57","3.59"
"6760","9","723.2","725.22","738.75","13.52","15.55"
"6761","9","723.2","725.22","738.75","13.52","15.55"
"6762","9","723.23","725.25","774.15","48.9","50.92"
"6763","9","723.23","725.25","782.17","56.92","58.94"
"6764","9","723.25","725.27","728.08","2.81","4.83"
"6767","23","723.42","725.44","726.89","1.45","3.47"
"6769","23","723.44","725.46","776.91","51.45","53.47"
"6771","9","723.45","725.47","726.49","1.02","3.04"
"6779","23","723.52","725.54","726.21","0.66","2.69"
"6785","10","723.73","725.75","737.45","11.7","13.72"
"6810","9","724.07","726.09","739.61","13.52","15.54"
"6811","10","724.07","726.09","728.59","2.5","4.52"
"6812","9","724.07","726.09","727.14","1.05","3.07"
"6814","11","724.08","726.1","726.46","0.36","2.38"
"6815","9","724.08","726.1","726.97","0.86","2.89"
"6817","9","724.09","726.11","726.79","0.68","2.7"
"6819","19","724.09","726.11","730.72","4.6","6.63"
"6820","10","724.09","726.11","728.95","2.84","4.86"
"6821","9","724.09","726.11","726.89","0.78","2.8"
"6822","9","724.09","726.12","726.86","0.74","2.77"
"6823","23","724.1","726.12","726.78","0.66","2.68"
"6824","23","724.1","726.12","727.12","1","3.02"
"6825","9","724.1","726.12","726.86","0.74","2.76"
"6826","16","724.1","726.12","726.34","0.22","2.24"
"6827","9","724.1","726.12","739.65","13.52","15.55"
"6829","10","724.17","726.19","728.06","1.86","3.89"
"6831","23","724.21","726.23","727.23","1","3.02"
"6834","23","724.23","726.25","727.82","1.57","3.59"
"6835","23","724.24","726.26","768.04","41.78","43.8"
"6837","9","724.24","726.26","727.13","0.86","2.89"
"6839","9","724.26","726.28","727.33","1.05","3.07"
"6840","23","724.26","726.28","727.28","1","3.02"
"6841","23","724.26","726.28","726.95","0.66","2.69"
"6842","9","724.26","726.28","727.28","1","3.02"
"6843","9","724.28","726.3","729.07","2.77","4.79"
"6844","9","724.28","726.3","729.77","3.47","5.49"
"6845","23","724.32","726.34","727.22","0.88","2.9"
"6848","9","724.34","726.36","727.84","1.47","3.5"
"6849","9","724.34","726.36","727.33","0.96","2.99"
"6850","9","724.34","726.36","728.29","1.93","3.95"
"6851","9","724.39","726.41","727.09","0.68","2.7"
"6852","23","724.4","726.42","726.8","0.38","2.4"
"6853","23","724.4","726.42","726.73","0.31","2.33"
"6854","10","724.42","726.44","729.55","3.11","5.13"
"6862","23","724.57","726.59","726.9","0.31","2.33"
"6863","23","724.57","726.59","727.26","0.66","2.69"
"6875","19","725.03","727.05","732.22","5.17","7.19"
"6903","7","725.68","727.7","728.7","1","3.02"
"6908","11","725.72","727.74","729.15","1.41","3.43"
"6926","8","725.98","728","735.27","7.27","9.29"
"6980","8","728.22","730.24","731.15","0.91","2.93"
"6985","17","728.69","730.71","731.36","0.65","2.67"
"6990","3","728.73","730.75","736.1","5.35","7.37"
"7001","8","729.22","731.24","733.29","2.05","4.07"
"7003","17","729.23","731.25","731.51","0.26","2.28"
"7012","15","729.47","731.49","736.8","5.31","7.33"
"7027","8","730.64","732.66","733.5","0.84","2.86"
"7067","3","733.27","735.29","735.81","0.52","2.54"
"7107","2","737.79","739.81","769.54","29.73","31.75"
"7116","23","738.39","740.41","741.98","1.57","3.59"
"7117","13","738.39","740.41","744.04","3.62","5.65"
"7121","23","738.66","740.68","742.25","1.57","3.59"
"7130","23","739.55","741.57","741.86","0.29","2.31"
"7137","22","739.67","741.69","744.88","3.18","5.21"
"7141","23","739.81","741.83","742.12","0.29","2.31"
"7145","23","740.02","742.04","761.23","19.18","21.21"
"7153","23","740.25","742.27","814.64","72.37","74.39"
"7165","10","740.87","742.89","784.38","41.49","43.51"
"7174","10","741.41","743.43","748.67","5.24","7.26"
"7177","23","741.62","743.64","747.13","3.49","5.51"
"7210","11","743.78","745.8","746.24","0.44","2.46"
"7227","19","744.36","746.38","754.46","8.08","10.1"
"7238","22","744.56","746.58","747.04","0.46","2.48"
"7248","21","744.79","746.81","750.09","3.28","5.3"
"7254","23","744.82","746.84","747.15","0.31","2.33"
"7264","1","744.84","746.87","747.31","0.44","2.47"
"7310","3","748.32","750.34","750.86","0.52","2.54"
"7352","8","750.76","752.78","753.69","0.91","2.93"
"7358","23","751.17","753.19","753.5","0.31","2.33"
"7364","17","751.93","753.95","754.6","0.65","2.67"
"7398","23","753.4","755.42","756.99","1.57","3.59"
"7414","17","754.08","756.1","756.56","0.46","2.48"
"7511","17","761.46","763.48","867.03","103.55","105.57"
"7513","1","761.52","763.54","763.95","0.41","2.43"
"7570","7","764.59","766.61","768.01","1.4","3.42"
"7581","10","765.94","767.96","769.46","1.5","3.52"
"7588","10","766.44","768.46","770.61","2.15","4.17"
"7621","19","767.6","769.62","769.67","0.05","2.07"
"7625","9","767.61","769.63","770.37","0.74","2.76"
"7626","9","767.61","769.63","771.1","1.47","3.49"
"7628","9","767.61","769.63","771.1","1.47","3.49"
"7631","9","767.63","769.65","770.39","0.74","2.76"
"7632","9","767.63","769.65","770.65","1","3.02"
"7633","9","767.63","769.65","770.43","0.77","2.8"
"7635","9","767.64","769.66","770.71","1.05","3.07"
"7637","9","767.75","769.77","770.51","0.74","2.76"
"7638","9","767.75","769.77","771.24","1.47","3.49"
"7639","9","767.75","769.77","770.45","0.67","2.7"
"7641","9","767.75","769.77","822.44","52.66","54.69"
"7642","9","767.77","769.79","773.21","3.42","5.44"
"7644","9","767.99","770.01","772.49","2.48","4.5"
"7706","3","773.23","775.25","787.4","12.15","14.17"
"7710","17","773.83","775.85","993.08","217.23","219.25"
"7711","3","773.85","775.87","776.58","0.71","2.73"
"7772","10","777.9","779.92","781.41","1.49","3.51"
"7778","12","777.92","779.94","780.94","1","3.02"
"7801","7","780.03","782.05","783.05","1","3.02"
"7808","18","780.47","782.49","783.22","0.73","2.75"
"7840","22","782.9","784.92","785.92","1","3.02"
"7850","1","783.34","785.36","787.47","2.11","4.13"
"7863","1","783.45","785.47","786.82","1.34","3.37"
"7870","1","783.79","785.81","787.92","2.11","4.13"
"7879","9","783.87","785.89","786.89","1","3.02"
"7880","8","783.95","785.97","791.48","5.51","7.53"
"7886","16","784.31","786.33","786.55","0.22","2.24"
"7893","11","784.51","786.53","787.53","1","3.02"
"7904","11","784.92","786.94","791.29","4.35","6.37"
"7905","8","784.92","786.94","792.45","5.51","7.53"
"7908","11","785.04","787.06","787.42","0.36","2.38"
"7915","1","785.3","787.32","788.66","1.34","3.36"
"7928","21","786.43","788.45","788.64","0.19","2.21"
"7960","8","787.97","789.99","792.04","2.05","4.07"
"7968","3","788.42","790.44","791.44","1","3.02"
"7987","10","788.67","790.69","792.2","1.5","3.53"
"7989","10","788.98","791","792.5","1.5","3.52"
"8010","8","790.76","792.78","798.29","5.51","7.53"
"8016","10","791.04","793.06","794.28","1.22","3.24"
"8027","17","792.06","794.08","897.63","103.55","105.57"
"8065","23","793.34","795.37","814.55","19.19","21.21"
"8075","17","793.37","795.39","795.84","0.45","2.47"
"8077","9","793.38","795.4","798.82","3.42","5.44"
"8078","9","793.38","795.4","798.49","3.09","5.11"
"8079","9","793.38","795.4","798.95","3.55","5.57"
"8080","9","793.39","795.41","797.3","1.89","3.91"
"8081","9","793.4","795.42","796.44","1.02","3.04"
"8083","9","793.46","795.48","796.81","1.33","3.35"
"8086","9","793.58","795.6","796.87","1.27","3.29"
"8087","23","793.58","795.6","796.6","1","3.02"
"8094","23","794.48","796.5","796.79","0.29","2.31"
"8096","23","794.53","796.55","797.55","1","3.02"
"8113","23","794.71","796.73","797.73","1","3.02"
"8123","9","794.73","796.76","798.23","1.47","3.5"
"8124","9","794.73","796.76","797.81","1.05","3.08"
"8125","9","794.73","796.76","797.76","1","3.03"
"8127","9","794.75","796.77","797.45","0.68","2.7"
"8128","23","794.76","796.78","797.44","0.66","2.68"
"8130","9","794.76","796.78","797.78","1","3.02"
"8221","22","799.37","801.39","812.84","11.45","13.47"
"8256","19","801.52","803.54","811.5","7.96","9.98"
"8264","1","802.2","804.22","804.63","0.41","2.43"
"8299","2","805.61","807.63","808.15","0.52","2.54"
"8313","2","807.31","809.33","839.07","29.74","31.76"
"8329","21","807.79","809.81","811.04","1.23","3.25"
"8348","3","808.18","810.2","810.72","0.52","2.54"
"8351","17","808.19","810.21","810.86","0.65","2.67"
"8353","17","808.19","810.21","913.77","103.55","105.58"
"8361","16","808.26","810.28","810.44","0.16","2.18"
"8384","17","810.59","812.61","815.35","2.74","4.76"
"8464","13","815.09","817.11","818.33","1.22","3.24"
"8481","1","815.6","817.62","823.62","6","8.02"
"8497","23","816.06","818.08","818.33","0.25","2.27"
"8507","1","816.17","818.19","824.19","6","8.02"
"8532","1","817.82","819.84","828.74","8.9","10.92"
"8543","13","818.14","820.16","826.06","5.9","7.92"
"8566","9","818.69","820.71","824.44","3.73","5.75"
"8568","23","818.81","820.83","934.15","113.32","115.34"
"8572","9","818.89","820.91","822.54","1.63","3.65"
"8573","9","818.91","820.93","822.16","1.23","3.25"
"8574","9","818.91","820.93","821.9","0.97","2.99"
"8581","9","819.2","821.22","821.96","0.74","2.76"
"8589","9","819.35","821.37","822.37","1","3.02"
"8603","19","819.77","821.79","821.84","0.05","2.07"
"8607","10","819.78","821.8","831.46","9.65","11.68"
"8608","9","819.8","821.82","822.68","0.86","2.88"
"8609","9","819.8","821.82","822.69","0.86","2.89"
"8611","9","819.8","821.82","822.88","1.05","3.08"
"8613","23","819.8","821.82","822.08","0.25","2.28"
"8614","9","819.8","821.83","822.83","1","3.03"
"8615","9","819.8","821.83","823.3","1.47","3.5"
"8616","23","819.81","821.83","822.83","1","3.02"
"8617","23","819.81","821.83","822.08","0.25","2.27"
"8618","9","819.83","821.85","835.37","13.52","15.54"
"8619","1","819.83","821.85","822.28","0.42","2.45"
"8620","9","819.85","821.87","822.73","0.86","2.88"
"8621","23","819.85","821.87","822.16","0.29","2.31"
"8623","9","819.88","821.9","822.77","0.86","2.89"
"8625","1","819.92","821.94","823.28","1.34","3.36"
"8633","3","820.75","822.77","828.12","5.35","7.37"
"8637","11","820.86","822.88","823.88","1","3.02"
"8662","9","822.09","824.11","824.88","0.77","2.79"
"8663","4","822.11","824.13","825.07","0.94","2.96"
"8665","9","822.15","824.17","824.95","0.77","2.8"
"8666","9","822.17","824.19","825.24","1.05","3.07"
"8670","16","822.35","824.37","839.23","14.85","16.88"
"8682","16","823.02","825.04","827.64","2.6","4.62"
"8711","16","824.22","826.24","834.2","7.96","9.98"
"8756","18","826.52","828.54","830.13","1.59","3.61"
"8809","8","827.96","829.98","844.05","14.07","16.09"
"8833","10","828.89","830.91","834.03","3.12","5.14"
"8836","8","828.92","830.94","834.64","3.7","5.72"
"8846","10","829.37","831.39","834.33","2.94","4.96"
"8850","8","829.88","831.9","834.01","2.11","4.13"
"8853","2","829.94","831.96","832.96","1","3.02"
"8922","7","831.99","834.01","835.41","1.4","3.42"
"8938","23","832.32","834.34","853.53","19.19","21.21"
"8940","9","832.39","834.41","847.94","13.52","15.55"
"8943","21","832.74","834.76","835.42","0.66","2.68"
"8946","21","832.83","834.85","837.17","2.32","4.34"
"8958","17","834.9","836.92","837.37","0.45","2.47"
"8960","17","835.17","837.19","837.45","0.26","2.28"
"9046","3","841.4","843.42","848.77","5.35","7.37"
"9069","3","842.3","844.32","844.84","0.52","2.54"
"9096","22","843.37","845.39","856.84","11.45","13.47"
"9110","10","844.11","846.13","847.58","1.45","3.47"
"9167","18","846.7","848.72","848.91","0.18","2.21"
"9172","18","846.72","848.74","848.92","0.18","2.2"
"9178","11","846.93","848.95","849.31","0.36","2.38"
"9193","23","848.18","850.2","851.77","1.57","3.59"
"9194","16","848.19","850.21","850.37","0.16","2.18"
"9198","23","848.72","850.74","851.74","1","3.02"
"9201","23","848.81","850.83","851.83","1","3.02"
"9205","23","848.97","850.99","851.28","0.29","2.31"
"9215","1","850.18","852.2","852.67","0.47","2.49"
"9226","23","850.62","852.64","853.64","1","3.02"
"9317","13","856.58","858.6","860.51","1.91","3.93"
"9347","10","858.77","860.79","862.24","1.45","3.47"
"9348","21","858.82","860.84","864.6","3.76","5.78"
"9350","19","858.87","860.89","883.34","22.45","24.47"
"9356","10","859.01","861.03","869.19","8.16","10.18"
"9359","18","859.02","861.04","861.51","0.47","2.49"
"9368","14","859.75","861.77","862.06","0.29","2.31"
"9371","10","859.87","861.89","866.28","4.39","6.41"
"9396","1","860.68","862.7","874.37","11.66","13.69"
"9397","1","860.69","862.71","864.18","1.47","3.49"
"9399","9","860.72","862.74","863.52","0.77","2.8"
"9400","1","860.72","862.74","863.17","0.42","2.45"
"9409","9","861.36","863.38","876.91","13.52","15.55"
"9431","16","862.74","864.76","864.98","0.22","2.24"
"9439","1","862.81","864.83","865.24","0.41","2.43"
"9454","9","863.7","865.72","866.5","0.78","2.8"
"9455","19","863.7","865.72","870.33","4.6","6.63"
"9456","9","863.72","865.74","866.6","0.86","2.88"
"9457","9","863.72","865.74","866.42","0.68","2.7"
"9459","9","863.72","865.74","866.42","0.68","2.7"
"9461","10","863.84","865.86","867.73","1.86","3.89"
"9463","10","864.06","866.08","867.82","1.74","3.76"
"9471","9","864.18","866.2","866.94","0.74","2.76"
"9472","10","864.31","866.33","867.55","1.22","3.24"
"9476","16","864.57","866.59","866.81","0.22","2.24"
"9478","23","864.74","866.76","868.33","1.57","3.59"
"9485","23","865.04","867.06","867.73","0.66","2.69"
"9504","23","866.88","868.9","869.9","1","3.02"
"9530","23","867.85","869.87","889.06","19.19","21.21"
"9539","3","868.21","870.23","875.58","5.35","7.37"
"9548","3","868.3","870.32","875.67","5.35","7.37"
"9549","9","868.3","870.32","883.85","13.52","15.55"
"9555","9","868.54","870.56","871.24","0.68","2.7"
"9570","17","869.85","871.87","872.52","0.65","2.67"
"9704","11","877.67","879.69","881.24","1.55","3.57"
"9737","10","879.05","881.07","888.7","7.62","9.65"
"9744","10","879.26","881.28","887.22","5.94","7.96"
"9746","10","879.46","881.48","887.52","6.04","8.06"
"9747","10","879.46","881.48","885.3","3.82","5.84"
"9749","5","879.7","881.72","881.9","0.18","2.2"
"9826","10","884.74","886.76","891.48","4.72","6.74"
"9829","10","884.86","886.88","889.39","2.51","4.53"
"9855","21","888.32","890.34","892.66","2.32","4.34"
"9861","17","889.5","891.52","1006","114.48","116.5"
"9888","13","891.65","893.67","897.3","3.63","5.65"
"9901","1","891.8","893.82","895.93","2.11","4.13"
"9907","17","891.93","893.95","894.22","0.26","2.29"
"9908","1","892.03","894.05","895.39","1.34","3.36"
"9919","2","892.78","894.8","924.54","29.74","31.76"
"9922","22","893.23","895.25","895.36","0.11","2.13"
"9929","17","893.39","895.41","896.06","0.65","2.67"
"9931","17","893.46","895.48","1009.04","113.56","115.58"
"9934","1","893.58","895.6","896.01","0.41","2.43"
"9939","22","893.65","895.67","895.78","0.11","2.13"
"10014","9","896.19","896.21","897.26","1.05","1.07"
"9995","9","895.76","897.78","898.83","1.05","3.07"
"10002","9","895.94","897.96","899.01","1.05","3.07"
"10004","9","895.98","898","898.68","0.68","2.7"
"10007","3","896.11","898.13","903.48","5.35","7.37"
"10011","23","896.18","898.2","898.86","0.66","2.68"
"10013","23","896.19","898.21","899.78","1.57","3.59"
"10020","9","896.42","898.44","899.18","0.74","2.76"
"10021","9","896.43","898.45","899.5","1.05","3.07"
"10022","2","896.43","898.45","899.02","0.56","2.59"
"10028","23","896.64","898.66","898.97","0.31","2.33"
"10029","9","896.68","898.7","899.56","0.86","2.88"
"10032","23","896.72","898.74","994.23","95.49","97.51"
"10033","23","896.8","898.82","907.17","8.35","10.37"
"10034","23","896.8","898.82","981.7","82.88","84.9"
"10037","23","896.86","898.88","900.79","1.91","3.93"
"10041","23","896.92","898.94","944.05","45.11","47.13"
"10048","1","897.12","899.14","900.06","0.92","2.94"
"10053","23","897.23","899.25","900.78","1.53","3.55"
"10060","9","897.44","899.46","900.61","1.15","3.17"
"10062","7","897.56","899.58","900.58","1","3.02"
"10066","9","897.58","899.6","900.34","0.74","2.76"
"10067","10","897.64","899.66","901.81","2.15","4.17"
"10068","10","897.64","899.66","901.11","1.45","3.47"
"10071","23","897.65","899.67","900.67","1","3.02"
"10075","23","897.67","899.69","900.35","0.66","2.68"
"10076","9","897.67","899.69","913.22","13.53","15.55"
"10077","9","897.68","899.7","900.7","1","3.02"
"10078","9","897.68","899.7","900.44","0.74","2.76"
"10082","9","897.81","899.83","901.3","1.47","3.49"
"10083","9","897.82","899.84","900.84","1","3.02"
"10084","9","897.82","899.84","913.37","13.53","15.55"
"10091","9","897.99","900.01","900.69","0.68","2.7"
"10092","9","898","900.02","913.55","13.53","15.55"
"10093","9","898","900.02","900.7","0.68","2.7"
"10103","23","898.42","900.44","902.01","1.57","3.59"
"10112","4","898.67","900.69","901.69","1","3.02"
"10116","9","898.72","900.74","901.52","0.78","2.8"
"10117","9","898.72","900.74","901.42","0.68","2.7"
"10118","9","898.72","900.74","901.61","0.86","2.89"
"10122","9","898.78","900.8","901.55","0.74","2.77"
"10125","9","898.79","900.81","901.49","0.68","2.7"
"10129","9","898.9","900.92","901.6","0.68","2.7"
"10134","9","899.04","901.06","902.11","1.05","3.07"
"10137","9","899.06","901.08","907.95","6.87","8.89"
"10138","9","899.06","901.08","905.2","4.12","6.14"
"10149","19","899.52","901.54","920.91","19.37","21.39"
"10155","11","899.75","901.77","902.81","1.04","3.06"
"10170","9","900.05","902.07","904.33","2.26","4.28"
"10171","9","900.09","902.11","903.84","1.73","3.75"
"10172","9","900.12","902.14","904.22","2.08","4.1"
"10173","9","900.12","902.14","903.66","1.52","3.54"
"10175","9","900.17","902.19","903.05","0.86","2.88"
"10176","9","900.17","902.19","902.93","0.74","2.76"
"10178","9","900.18","902.2","903.67","1.47","3.49"
"10179","9","900.18","902.2","902.98","0.78","2.8"
"10183","9","900.19","902.21","915.74","13.53","15.55"
"10184","9","900.19","902.21","902.89","0.68","2.7"
"10190","9","900.28","902.3","903.77","1.47","3.49"
"10191","9","900.29","902.31","903.17","0.86","2.88"
"10192","9","900.29","902.31","903.18","0.86","2.89"
"10197","10","900.38","902.4","903.85","1.45","3.47"
"10198","10","900.38","902.4","903.62","1.22","3.24"
"10202","9","900.42","902.44","903.18","0.74","2.76"
"10221","10","901","903.02","904.47","1.45","3.47"
"10222","10","901","903.02","914.9","11.88","13.9"
"10227","10","901.02","903.04","914.92","11.88","13.9"
"10228","10","901.02","903.04","905.2","2.15","4.18"
"10233","19","901.04","903.06","911.02","7.96","9.98"
"10244","9","901.25","903.27","916.8","13.53","15.55"
"10245","9","901.25","903.27","903.95","0.68","2.7"
"10251","10","901.42","903.44","915.32","11.88","13.9"
"10253","8","901.48","903.5","909.02","5.51","7.54"
"10263","10","901.84","903.86","906.02","2.15","4.18"
"10299","8","902.38","904.4","905.2","0.8","2.82"
"10304","23","902.44","904.46","905.12","0.66","2.68"
"10306","10","902.55","904.57","911.67","7.1","9.12"
"10313","23","902.75","904.77","906.12","1.35","3.37"
"10324","2","903.14","905.16","907.54","2.38","4.4"
"10340","19","903.71","905.73","919.89","14.16","16.18"
"10375","23","904.55","906.57","907.24","0.67","2.69"
"10384","21","904.88","906.9","907.39","0.49","2.51"
"10391","23","905.18","907.2","999.67","92.47","94.49"
"10469","11","908.57","910.59","917.05","6.46","8.48"
"10595","19","916.19","918.21","922.81","4.6","6.62"
"10610","22","916.21","918.24","918.7","0.46","2.49"
"10618","22","916.34","918.36","918.47","0.11","2.13"
"10644","23","917","919.02","919.27","0.25","2.27"
"10649","23","917.79","919.81","920.06","0.25","2.27"
"10651","23","917.8","919.82","920.13","0.31","2.33"
"10653","17","917.87","919.89","920.89","1","3.02"
"10663","23","918.19","920.21","920.87","0.66","2.68"
"10716","7","922.33","924.35","924.83","0.48","2.5"
"10719","1","922.47","924.49","926.6","2.11","4.13"
"10750","1","923.49","925.51","925.93","0.42","2.44"
"10776","1","924.73","926.75","928.09","1.34","3.36"
"10788","1","925.23","927.25","927.67","0.42","2.44"
"10791","10","925.23","927.25","929.41","2.15","4.18"
"10841","18","928.97","930.99","931.72","0.73","2.75"
"10846","18","929.28","931.3","931.74","0.44","2.46"
"10867","8","930.83","932.85","933.85","1","3.02"
"10889","16","931.83","933.85","934.07","0.22","2.24"
"10904","9","932.25","934.27","935.14","0.86","2.89"
"10905","9","932.25","934.27","935.27","1","3.02"
"10906","9","932.25","934.27","935.14","0.86","2.89"
"10907","9","932.31","934.33","935.38","1.05","3.07"
"10908","9","932.31","934.33","935.33","1","3.02"
"10919","9","932.61","934.63","948.16","13.53","15.55"
"10920","9","932.61","934.63","938.42","3.79","5.81"
"10922","9","932.61","934.63","940.19","5.56","7.58"
"10923","9","932.65","934.67","994.79","60.12","62.14"
"10927","17","932.72","934.74","1169.71","234.97","236.99"
"10929","9","932.8","934.82","936.73","1.91","3.93"
"10931","21","932.81","934.83","940.2","5.37","7.39"
"10932","9","932.82","934.84","938.32","3.48","5.5"
"10933","9","932.84","934.86","936.29","1.43","3.45"
"10956","19","933.77","935.79","935.84","0.05","2.07"
"10982","9","934.65","936.67","937.45","0.78","2.8"
"10984","9","934.83","936.85","937.63","0.78","2.8"
"10987","7","935.06","937.08","938.08","1","3.02"
"10989","22","935.43","937.45","940.63","3.18","5.2"
"10995","22","935.71","937.73","937.8","0.07","2.09"
"11015","22","936.76","938.78","938.89","0.11","2.13"
"11020","23","936.96","938.98","939.23","0.25","2.27"
"11035","11","937.32","939.34","939.7","0.36","2.38"
"11047","8","937.72","939.74","941.79","2.05","4.07"
"11051","1","937.94","939.96","945.97","6.01","8.03"
"11054","11","937.96","939.98","940.81","0.83","2.85"
"11060","10","938","940.02","941.89","1.87","3.89"
"11061","10","938","940.02","951.9","11.88","13.9"
"11065","3","938.02","940.04","940.23","0.19","2.21"
"11092","11","938.8","940.82","941.82","1","3.02"
"11093","8","938.84","940.86","941.7","0.84","2.86"
"11107","10","939.3","941.32","942.54","1.22","3.24"
"11113","3","939.3","941.33","941.85","0.52","2.55"
"11121","10","939.34","941.36","942.81","1.45","3.47"
"11126","10","939.34","941.36","943.1","1.74","3.76"
"11132","9","939.41","941.43","942.9","1.47","3.49"
"11133","9","939.41","941.43","942.21","0.78","2.8"
"11134","10","939.42","941.44","942.89","1.45","3.47"
"11136","9","939.43","941.45","945.19","3.74","5.76"
"11137","9","939.43","941.45","946.88","5.43","7.45"
"11139","10","939.43","941.45","950.84","9.38","11.41"
"11141","10","939.45","941.47","947.87","6.4","8.42"
"11144","10","939.45","941.47","946.19","4.72","6.74"
"11146","10","939.46","941.48","970.87","29.39","31.41"
"11147","9","939.46","941.48","944.16","2.67","4.7"
"11148","9","939.46","941.48","942.81","1.33","3.35"
"11149","21","939.46","941.48","943.8","2.32","4.34"
"11151","1","939.48","941.5","943.61","2.11","4.13"
"11152","9","939.48","941.5","942.5","1","3.02"
"11153","9","939.49","941.51","942.56","1.05","3.07"
"11154","9","939.49","941.51","942.19","0.68","2.7"
"11156","9","939.54","941.56","942.61","1.05","3.07"
"11157","23","939.55","941.57","943.14","1.57","3.59"
"11158","9","939.56","941.58","942.26","0.68","2.7"
"11159","9","939.66","941.68","942.36","0.68","2.7"
"11162","9","939.69","941.71","942.45","0.74","2.76"
"11171","17","939.96","941.98","942.44","0.46","2.48"
"11172","10","939.96","941.98","943.72","1.74","3.76"
"11174","10","940.04","942.06","953.94","11.88","13.9"
"11181","10","940.32","942.34","944.21","1.87","3.89"
"11185","10","940.57","942.59","944.33","1.74","3.76"
"11330","2","949.67","951.69","952.69","1","3.02"
"11373","11","951.82","953.84","958.19","4.35","6.37"
"11453","1","956.47","958.49","958.96","0.47","2.49"
"11466","3","956.91","958.93","964.28","5.35","7.37"
"11481","9","957.14","959.16","959.84","0.68","2.7"
"11482","9","957.14","959.16","960.21","1.05","3.07"
"11483","9","957.14","959.16","960.16","1","3.02"
"11484","9","957.14","959.16","960.22","1.05","3.08"
"11485","9","957.14","959.16","960.03","0.86","2.89"
"11486","9","957.14","959.17","964.67","5.51","7.53"
"11490","9","957.26","959.28","964.14","4.86","6.88"
"11492","9","957.29","959.31","1019.14","59.83","61.85"
"11499","9","957.56","959.58","964.22","4.64","6.66"
"11501","9","957.56","959.58","997.99","38.41","40.43"
"11504","9","957.56","959.59","961.45","1.86","3.89"
"11505","9","957.56","959.59","961.42","1.83","3.86"
"11507","23","957.59","959.61","962.09","2.48","4.5"
"11509","9","957.62","959.64","960.51","0.86","2.89"
"11510","9","957.62","959.64","960.42","0.77","2.8"
"11512","9","957.63","959.65","973.18","13.53","15.55"
"11513","18","957.63","959.65","961.41","1.76","3.78"
"11514","9","957.64","959.66","960.52","0.86","2.88"
"11516","9","957.64","959.66","960.44","0.78","2.8"
"11517","9","957.64","959.66","961.13","1.47","3.49"
"11518","9","957.64","959.66","960.66","1","3.02"
"11520","18","957.71","959.73","959.91","0.18","2.2"
"11522","1","957.78","959.8","960.27","0.47","2.49"
"11523","9","957.78","959.8","961.27","1.47","3.49"
"11524","9","957.78","959.8","960.48","0.68","2.7"
"11526","10","957.87","959.89","961.63","1.74","3.76"
"11528","17","957.88","959.9","960.55","0.65","2.67"
"11529","9","957.89","959.91","960.65","0.74","2.76"
"11530","10","957.91","959.93","961.67","1.74","3.76"
"11535","9","957.93","959.95","960.73","0.78","2.8"
"11536","17","957.93","959.95","960.22","0.26","2.29"
"11537","23","957.93","959.95","1001.75","41.79","43.82"
"11538","9","957.93","959.95","960.95","1","3.02"
"11553","16","959.04","961.06","962.7","1.64","3.66"
"11554","10","959.04","961.06","962.93","1.87","3.89"
"11557","19","959.22","961.24","969.2","7.96","9.98"
"11558","16","959.24","961.26","961.48","0.22","2.24"
"11565","16","959.62","961.64","962.78","1.14","3.16"
"11580","16","960.71","962.73","963.95","1.22","3.24"
"11604","14","962.54","964.56","982.27","17.71","19.73"
"11609","3","962.94","964.96","969.25","4.29","6.31"
"11618","7","963.52","965.54","968.49","2.95","4.97"
"11675","7","966.53","968.55","971.11","2.56","4.58"
"11711","19","968.58","970.6","983.09","12.49","14.51"
"11722","21","969.25","971.27","972.44","1.17","3.19"
"11771","1","973.04","975.06","977.26","2.2","4.22"
"11787","22","974.22","976.24","976.36","0.12","2.14"
"11796","22","974.78","976.8","979.99","3.18","5.21"
"11853","23","976.65","978.67","979.67","1","3.02"
"11863","16","977.36","979.38","980.38","1","3.02"
"11865","10","977.39","979.41","991.29","11.88","13.9"
"11905","10","979.28","981.3","982.8","1.5","3.52"
"11906","10","979.28","981.3","993.18","11.88","13.9"
"11907","10","979.28","981.3","990.95","9.65","11.67"
"11928","1","980.05","982.07","982.48","0.41","2.43"
"11994","7","988.1","990.12","990.6","0.48","2.5"
"12011","23","989.43","991.45","991.76","0.31","2.33"
"12013","23","989.72","991.74","1033.53","41.79","43.81"
"12023","18","990.68","992.7","993.14","0.44","2.46"
"12057","16","995.68","997.7","999.34","1.64","3.66"
"12069","21","997.1","999.12","1001.44","2.32","4.34"
"12076","22","998.14","1000.16","1000.23","0.07","2.09"
"12104","11","1002.87","1004.89","1008.74","3.85","5.87"
"12118","11","1004.51","1006.53","1006.64","0.11","2.13"
"12144","9","1005.96","1007.98","1021.51","13.52","15.55"
"12145","9","1005.97","1007.99","1009.04","1.05","3.07"
"12146","9","1005.99","1008.01","1021.53","13.52","15.54"
"12147","2","1005.99","1008.01","1037.75","29.74","31.76"
"12148","1","1006.06","1008.08","1010.54","2.46","4.48"
"12150","9","1006.07","1008.09","1016.04","7.95","9.97"
"12151","9","1006.07","1008.09","1013.1","5.01","7.03"
"12155","9","1006.25","1008.27","1011.16","2.89","4.91"
"12157","1","1006.6","1008.62","1020.79","12.17","14.19"
"12160","9","1006.68","1008.7","1011.05","2.35","4.37"
"12161","9","1006.69","1008.71","1009.75","1.04","3.06"
"12162","9","1006.69","1008.71","1009.49","0.78","2.8"
"12163","9","1006.71","1008.73","1022.25","13.52","15.54"
"12165","9","1006.75","1008.77","1010.24","1.47","3.49"
"12171","9","1007.28","1009.3","1010.35","1.05","3.07"
"12173","8","1007.91","1009.93","1011.98","2.05","4.07"
"12177","7","1008.17","1010.19","1011.59","1.4","3.42"
"12189","9","1008.5","1010.52","1011.2","0.68","2.7"
"12194","9","1008.85","1010.87","1011.73","0.86","2.88"
"12195","9","1008.85","1010.87","1011.65","0.78","2.8"
"12197","14","1008.99","1011.01","1011.5","0.49","2.51"
"12199","9","1009.04","1011.06","1011.84","0.78","2.8"
"12200","10","1009.39","1011.41","1023.29","11.88","13.9"
"12202","10","1009.53","1011.55","1013","1.45","3.47"
"12204","10","1009.59","1011.61","1021.26","9.65","11.67"
"12243","18","1016.86","1018.88","1019.88","1","3.02"
"12247","3","1017.3","1019.32","1024.67","5.35","7.37"
"12287","10","1019.1","1021.12","1033","11.88","13.9"
"12310","10","1020.31","1022.33","1034.21","11.88","13.9"
"12312","10","1020.37","1022.39","1032.04","9.65","11.67"
"12315","10","1020.56","1022.58","1032.23","9.65","11.67"
"12322","23","1020.83","1022.85","1064.65","41.8","43.82"
"12327","10","1020.99","1023.01","1024.23","1.22","3.24"
"12332","23","1021.3","1023.32","1023.57","0.25","2.27"
"12333","23","1021.3","1023.32","1023.99","0.66","2.69"
"12334","23","1021.32","1023.34","1024.34","1","3.02"
"12346","16","1021.85","1023.87","1024.03","0.16","2.18"
"12348","10","1022.13","1024.15","1036.38","12.23","14.25"
"12357","16","1022.26","1024.28","1025.19","0.91","2.93"
"12358","10","1022.28","1024.3","1032.16","7.86","9.88"
"12361","10","1022.3","1024.32","1028.57","4.25","6.27"
"12370","17","1022.46","1024.48","1028.87","4.39","6.41"
"12376","10","1022.57","1024.59","1037.61","13.02","15.04"
"12378","10","1022.63","1024.65","1026.8","2.15","4.17"
"12379","9","1022.63","1024.65","1025.39","0.74","2.76"
"12381","9","1022.66","1024.68","1025.42","0.74","2.76"
"12385","9","1022.84","1024.86","1025.54","0.68","2.7"
"12387","10","1022.93","1024.95","1036.83","11.88","13.9"
"12394","22","1023.46","1025.48","1028.66","3.18","5.2"
"12395","17","1023.46","1025.48","1139.04","113.56","115.58"
"12414","23","1024.28","1026.3","1068.09","41.79","43.81"
"12441","17","1026.7","1028.72","1029.72","1","3.02"
"12491","13","1030.03","1032.05","1033.27","1.22","3.24"
"12500","17","1030.44","1032.46","1033.11","0.65","2.67"
"12510","21","1030.74","1032.76","1033.42","0.66","2.68"
"12517","9","1030.78","1032.8","1033.48","0.68","2.7"
"12519","9","1030.8","1032.82","1033.69","0.86","2.89"
"12520","9","1030.82","1032.84","1033.7","0.86","2.88"
"12521","9","1030.82","1032.84","1033.84","1","3.02"
"12525","1","1030.92","1032.94","1038.95","6.01","8.03"
"12527","1","1031.02","1033.04","1033.51","0.47","2.49"
"12528","1","1031.12","1033.14","1033.55","0.41","2.43"
"12532","9","1031.37","1033.39","1034.17","0.78","2.8"
"12533","9","1031.38","1033.4","1034.45","1.05","3.07"
"12546","9","1032.12","1034.14","1035.14","1","3.02"
"12550","19","1032.3","1034.32","1042.28","7.96","9.98"
"12574","9","1033.09","1035.11","1036.17","1.05","3.08"
"12575","9","1033.15","1035.17","1036.64","1.47","3.49"
"12576","9","1033.15","1035.17","1036.17","1","3.02"
"12578","9","1033.16","1035.18","1040.99","5.81","7.83"
"12581","11","1033.45","1035.47","1037.6","2.13","4.15"
"12695","10","1041.42","1043.44","1101.56","58.12","60.14"
"12702","9","1041.45","1043.47","1046.71","3.23","5.26"
"12703","10","1041.45","1043.47","1061.33","17.86","19.88"
"12704","10","1041.45","1043.47","1045.49","2.02","4.04"
"12707","9","1041.56","1043.58","1044.32","0.74","2.76"
"12708","11","1041.56","1043.58","1047.93","4.35","6.37"
"12719","10","1042.57","1044.59","1046.09","1.5","3.52"
"12728","17","1044.14","1046.16","1046.42","0.26","2.28"
"12787","5","1049.26","1051.28","1052.44","1.16","3.18"
"12806","17","1049.91","1051.93","1052.58","0.65","2.67"
"12818","23","1049.94","1051.96","1052.96","1","3.02"
"12828","1","1050.77","1052.79","1054.13","1.34","3.36"
"12841","18","1052.34","1054.36","1054.8","0.44","2.46"
"12882","13","1055.88","1057.9","1059.25","1.35","3.37"
"12898","22","1056.38","1058.4","1061.58","3.18","5.2"
"12903","8","1056.4","1058.42","1059.33","0.91","2.93"
"12905","21","1056.41","1058.43","1058.62","0.19","2.21"
"12912","23","1056.46","1058.48","1059.14","0.66","2.68"
"12921","22","1057.49","1059.51","1070.97","11.46","13.48"
"12943","1","1059.04","1061.06","1061.49","0.43","2.45"
"12961","1","1060.4","1062.42","1063.76","1.34","3.36"
"12962","2","1060.41","1062.43","1092.17","29.74","31.76"
"12973","16","1060.62","1062.64","1062.8","0.16","2.18"
"12978","3","1060.71","1062.73","1062.92","0.19","2.21"
"12988","1","1061.19","1063.21","1063.63","0.42","2.44"
"12990","1","1061.23","1063.25","1064.59","1.34","3.36"
"12991","23","1061.23","1063.25","1063.92","0.66","2.69"
"12993","9","1061.25","1063.27","1064.27","1","3.02"
"13035","8","1064.88","1066.9","1067.74","0.84","2.86"
"13072","21","1068.94","1070.96","1073.28","2.32","4.34"
"13079","17","1069.47","1071.49","1757","685.51","687.53"
"13124","9","1073.27","1075.3","1081.34","6.04","8.07"
"13125","9","1073.29","1075.31","1078.65","3.34","5.36"
"13130","9","1073.7","1075.72","1078.09","2.37","4.39"
"13131","9","1073.71","1075.73","1077.86","2.13","4.15"
"13153","1","1076.23","1078.25","1082.18","3.93","5.95"
"13172","9","1076.96","1078.98","1079.85","0.86","2.89"
"13173","9","1076.96","1078.99","1079.85","0.86","2.89"
"13174","17","1076.97","1078.99","1192.56","113.57","115.59"
"13175","9","1076.97","1078.99","1079.67","0.68","2.7"
"13178","9","1077","1079.02","1079.7","0.68","2.7"
"13179","9","1077","1079.02","1079.89","0.86","2.89"
"13180","9","1077","1079.02","1080.08","1.05","3.08"
"13181","9","1077","1079.02","1092.55","13.53","15.55"
"13182","9","1077","1079.02","1079.89","0.86","2.89"
"13183","9","1077","1079.03","1092.55","13.53","15.55"
"13184","9","1077","1079.03","1079.7","0.68","2.7"
"13185","9","1077.01","1079.03","1079.77","0.74","2.76"
"13186","17","1077.02","1079.04","1192.61","113.57","115.59"
"13191","17","1077.05","1079.07","1079.53","0.46","2.48"
"13192","9","1077.05","1079.07","1092.6","13.53","15.55"
"13193","9","1077.05","1079.07","1080.07","1","3.02"
"13195","9","1077.24","1079.26","1080.04","0.77","2.8"
"13196","17","1077.54","1079.56","1082.3","2.74","4.76"
"13204","17","1078.16","1080.18","1082.92","2.74","4.76"
"13208","17","1078.55","1080.57","1194.14","113.57","115.59"
"13210","18","1078.9","1080.92","1081.36","0.44","2.46"
"13215","3","1079.1","1081.12","1082.12","1","3.02"
"13219","17","1079.37","1081.39","1082.04","0.65","2.67"
"13259","7","1082.36","1084.38","1085.78","1.4","3.42"
"13275","10","1083.04","1085.06","1096.94","11.88","13.9"
"13278","10","1083.05","1085.07","1086.57","1.5","3.52"
"13281","10","1083.43","1085.45","1144.02","58.57","60.59"
"13337","19","1087.08","1089.1","1116.48","27.38","29.4"
"13353","22","1088.45","1090.47","1148.39","57.92","59.94"
"13357","4","1088.71","1090.73","1093.29","2.56","4.58"
"13359","22","1088.83","1090.85","1091.09","0.24","2.26"
"13369","16","1089.45","1091.47","1108.2","16.73","18.75"
"13426","11","1094.44","1096.46","1097.87","1.41","3.43"
"13439","18","1096.2","1098.22","1102.23","4","6.03"
"13476","1","1100.02","1102.04","1102.45","0.41","2.43"
"13480","21","1100.06","1102.08","1103.31","1.23","3.25"
"13482","1","1100.57","1102.59","1103","0.41","2.43"
"13488","10","1101.18","1103.2","1104.94","1.74","3.76"
"13491","19","1101.19","1103.21","1107.82","4.6","6.63"
"13511","9","1102.6","1104.62","1105.36","0.74","2.76"
"13514","10","1102.66","1104.68","1106.13","1.45","3.47"
"13515","9","1102.67","1104.69","1105.47","0.78","2.8"
"13519","9","1102.9","1104.92","1105.6","0.68","2.7"
"13524","19","1103.59","1105.61","1110.78","5.17","7.19"
"13526","19","1103.65","1105.67","1113.63","7.96","9.98"
"13542","22","1106.15","1108.17","1111.35","3.18","5.2"
"13549","19","1106.17","1108.19","1116.15","7.96","9.98"
"13553","16","1106.17","1108.19","1108.35","0.16","2.18"
"13555","11","1106.2","1108.22","1112.57","4.35","6.37"
"13564","9","1106.42","1108.44","1109.22","0.78","2.8"
"13565","9","1106.42","1108.44","1109.91","1.47","3.49"
"13566","9","1106.43","1108.45","1121.98","13.53","15.55"
"13567","9","1106.43","1108.45","1109.13","0.68","2.7"
"13570","17","1106.71","1108.73","1109.73","1","3.02"
"13572","2","1106.86","1108.88","1138.62","29.74","31.76"
"13619","1","1114.75","1116.77","1122.78","6.01","8.03"
"13620","3","1114.75","1116.77","1116.96","0.19","2.21"
"13628","8","1115.59","1117.61","1118.41","0.8","2.82"
"13636","17","1115.71","1117.73","1816.57","698.84","700.86"
"13649","9","1116.31","1118.33","1123.07","4.74","6.76"
"13654","9","1116.68","1118.7","1122.59","3.89","5.91"
"13670","21","1117.92","1119.94","1121.31","1.37","3.39"
"13701","23","1120.56","1122.58","1144.31","21.73","23.75"
"13709","23","1121.17","1123.19","1123.85","0.66","2.68"
"13710","11","1121.17","1123.19","1123.55","0.36","2.38"
"13722","10","1122.89","1124.91","1134.56","9.65","11.67"
"13728","16","1123.18","1125.2","1125.81","0.61","2.63"
"13735","10","1123.92","1125.94","1127.44","1.5","3.52"
"13738","17","1124.15","1126.17","1128.91","2.74","4.76"
"13740","22","1124.23","1126.25","1137.71","11.46","13.48"
"13779","10","1129.06","1131.08","1140.73","9.65","11.67"
"13780","10","1129.48","1131.5","1133.24","1.74","3.76"
"13789","10","1130.06","1132.08","1133.95","1.87","3.89"
"13803","23","1132.08","1134.1","1153.29","19.19","21.21"
"13811","15","1132.95","1134.97","1140.28","5.31","7.33"
"13829","3","1137.33","1139.35","1140.69","1.34","3.36"
"13857","9","1139.99","1142.01","1155.54","13.53","15.55"
"13861","9","1140.7","1142.72","1143.4","0.68","2.7"
"13862","9","1140.73","1142.75","1156.28","13.53","15.55"
"13863","9","1140.73","1142.75","1156.28","13.53","15.55"
"13870","9","1141.05","1143.07","1156.6","13.53","15.55"
"13885","9","1142.73","1144.75","1145.43","0.68","2.7"
"13889","9","1142.92","1144.94","1145.99","1.05","3.07"
"13893","9","1142.94","1144.96","1145.83","0.86","2.89"
"13895","9","1142.94","1144.96","1145.74","0.78","2.8"
"13897","9","1142.94","1144.97","1145.71","0.74","2.77"
"13898","9","1142.94","1144.97","1145.71","0.74","2.77"
"13900","9","1142.97","1144.99","1145.67","0.68","2.7"
"13901","9","1142.97","1144.99","1145.67","0.68","2.7"
"13902","16","1142.99","1145.01","1145.23","0.22","2.24"
"13903","9","1142.99","1145.01","1154.2","9.18","11.21"
"13904","17","1142.99","1145.01","1482.83","337.81","339.84"
"13905","9","1143.01","1145.03","1152.66","7.63","9.65"
"13906","9","1143.02","1145.04","1146.36","1.32","3.34"
"13908","5","1143.02","1145.04","1146.02","0.98","3"
"13909","19","1143.35","1145.37","1150.54","5.17","7.19"
"13917","13","1144.35","1146.37","1147.59","1.22","3.24"
"13927","8","1145.22","1147.24","1152.75","5.51","7.53"
"13928","5","1145.22","1147.24","1148.84","1.6","3.62"
"13940","21","1147.76","1149.78","1149.97","0.19","2.21"
"13975","10","1150.5","1152.52","1154.68","2.15","4.18"
"13985","23","1150.93","1152.95","1153.2","0.25","2.27"
"13987","1","1151.13","1153.15","1159.16","6.01","8.03"
"14028","1","1153.79","1155.81","1156.24","0.42","2.45"
"14031","9","1153.9","1155.92","1157.39","1.47","3.49"
"14040","9","1154.03","1156.05","1157.1","1.05","3.07"
"14041","1","1154.08","1156.1","1156.51","0.41","2.43"
"14043","9","1154.11","1156.13","1157.6","1.47","3.49"
"14044","9","1154.11","1156.13","1157.18","1.05","3.07"
"14045","9","1154.11","1156.13","1156.91","0.78","2.8"
"14046","9","1154.11","1156.13","1157.6","1.47","3.49"
"14047","9","1154.12","1156.14","1157.19","1.05","3.07"
"14048","9","1154.12","1156.14","1156.88","0.74","2.76"
"14050","1","1154.15","1156.17","1156.58","0.41","2.43"
"14054","9","1154.21","1156.23","1157.23","1","3.02"
"14058","16","1154.61","1156.63","1156.79","0.16","2.18"
"14082","11","1155.48","1157.5","1157.86","0.36","2.38"
"14090","9","1155.6","1157.62","1159.09","1.47","3.49"
"14092","9","1155.66","1157.68","1158.55","0.86","2.89"
"14093","9","1155.66","1157.68","1158.74","1.05","3.08"
"14096","10","1155.73","1157.75","1159.9","2.15","4.17"
"14099","10","1155.84","1157.86","1159.31","1.45","3.47"
"14101","10","1155.87","1157.89","1170.34","12.45","14.47"
"14102","10","1155.87","1157.89","1234.09","76.2","78.22"
"14104","9","1155.92","1157.94","1162.02","4.08","6.1"
"14105","10","1155.94","1157.96","1160.13","2.17","4.19"
"14106","9","1155.94","1157.96","1158.96","1","3.02"
"14107","9","1155.99","1158.01","1158.69","0.68","2.7"
"14108","9","1155.99","1158.01","1158.79","0.78","2.8"
"14109","16","1156.01","1158.03","1159.03","1","3.02"
"14112","9","1156.02","1158.04","1158.79","0.74","2.77"
"14113","9","1156.04","1158.06","1158.84","0.78","2.8"
"14114","9","1156.05","1158.07","1158.75","0.68","2.7"
"14116","9","1156.08","1158.1","1159.15","1.05","3.07"
"14117","9","1156.15","1158.17","1171.7","13.53","15.55"
"14118","9","1156.15","1158.17","1171.7","13.53","15.55"
"14121","9","1156.19","1158.21","1159.68","1.47","3.49"
"14122","9","1156.19","1158.21","1158.95","0.74","2.76"
"14123","9","1156.19","1158.21","1159.21","1","3.02"
"14124","9","1156.19","1158.21","1171.74","13.53","15.55"
"14125","10","1156.27","1158.29","1160.16","1.87","3.89"
"14126","10","1156.27","1158.29","1160.03","1.74","3.76"
"14127","10","1156.42","1158.44","1168.09","9.65","11.67"
"14131","2","1156.86","1158.88","1159.45","0.57","2.59"
"14139","10","1157.29","1159.31","1161.46","2.15","4.17"
"14142","10","1157.3","1159.32","1160.82","1.5","3.52"
"14155","10","1157.67","1159.69","1160.91","1.22","3.24"
"14162","9","1157.77","1159.79","1161.26","1.47","3.49"
"14164","9","1157.83","1159.85","1161.32","1.47","3.49"
"14165","9","1157.87","1159.89","1160.67","0.78","2.8"
"14166","9","1157.87","1159.89","1160.67","0.78","2.8"
"14167","9","1157.87","1159.89","1160.95","1.05","3.08"
"14168","22","1157.87","1159.89","1171.35","11.46","13.48"
"14169","9","1157.88","1159.9","1173.43","13.53","15.55"
"14170","9","1157.88","1159.9","1166.58","6.68","8.7"
"14171","10","1158.03","1160.05","1171.15","11.1","13.12"
"14183","22","1158.64","1160.66","1224.72","64.06","66.08"
"14205","16","1159.82","1161.84","1162.94","1.1","3.12"
"14214","22","1159.93","1161.95","1173.41","11.46","13.48"
"14241","16","1160.83","1162.85","1163.46","0.61","2.63"
"14252","18","1161.48","1163.5","1165.26","1.76","3.78"
"14255","16","1161.57","1163.59","1164.2","0.61","2.63"
"14369","23","1168.34","1170.36","1171.03","0.66","2.69"
"14371","22","1168.45","1170.47","1173.66","3.18","5.21"
"14377","17","1168.51","1170.53","1171.53","1","3.02"
"14380","4","1168.56","1170.58","1171.61","1.03","3.05"
"14381","23","1168.58","1170.6","1170.85","0.25","2.27"
"14385","17","1168.68","1170.7","1170.97","0.26","2.29"
"14386","17","1168.7","1170.72","1170.98","0.26","2.28"
"14398","3","1169.14","1171.16","1172.16","1","3.02"
"14401","7","1169.15","1171.17","1171.65","0.48","2.5"
"14428","8","1170.54","1172.56","1173.4","0.84","2.86"
"14432","23","1170.57","1172.59","1173.59","1","3.02"
"14434","19","1170.58","1172.6","1180.56","7.96","9.98"
"14435","23","1170.58","1172.6","1172.91","0.31","2.33"
"14457","9","1171.25","1173.27","1173.95","0.68","2.7"
"14458","9","1171.3","1173.32","1174.1","0.78","2.8"
"14464","8","1171.9","1173.92","1179.43","5.51","7.53"
"14472","23","1172.42","1174.44","1216.24","41.8","43.82"
"14474","21","1172.49","1174.51","1176.83","2.32","4.34"
"14478","23","1173.16","1175.18","1176.75","1.57","3.59"
"14487","8","1173.35","1175.37","1180.88","5.51","7.53"
"14522","23","1174.23","1176.25","1177.82","1.57","3.59"
"14649","16","1185.11","1187.13","1188.77","1.64","3.66"
"14676","7","1186.71","1188.73","1189.73","1","3.02"
"14680","22","1186.82","1188.84","1188.91","0.07","2.09"
"14693","16","1188.14","1190.16","1194.11","3.95","5.97"
"14731","23","1190.75","1192.77","1197.05","4.28","6.3"
"14736","1","1191.77","1193.79","1207.98","14.19","16.21"
"14743","15","1192.5","1194.52","1195.92","1.4","3.42"
"14760","1","1194.16","1196.18","1198.64","2.46","4.48"
"14763","1","1194.46","1196.48","1202.49","6.01","8.03"
"14771","19","1195.73","1197.75","1202.35","4.6","6.62"
"14778","1","1195.93","1197.95","1203.96","6.01","8.03"
"14780","19","1195.96","1197.98","1198.03","0.05","2.07"
"14830","13","1201.01","1203.03","1204.49","1.45","3.48"
"14843","9","1202.2","1204.22","1204.9","0.68","2.7"
"14844","9","1202.2","1204.22","1205.09","0.86","2.89"
"14845","11","1202.36","1204.38","1204.74","0.36","2.38"
"14856","21","1203.16","1205.18","1206.18","1","3.02"
"14863","9","1203.45","1205.47","1206.47","1","3.02"
"14866","8","1203.9","1205.92","1211.43","5.51","7.53"
"14880","3","1205.65","1207.67","1209.01","1.34","3.36"
"14909","3","1207.47","1209.49","1210.01","0.52","2.54"
"14930","9","1208.19","1210.21","1211.26","1.05","3.07"
"14932","9","1208.74","1210.76","1211.76","1","3.02"
"14990","18","1217.83","1219.85","1220.58","0.73","2.75"
"15036","16","1225.33","1227.35","1227.57","0.22","2.24"
"15042","1","1225.33","1227.36","1228.7","1.34","3.37"
"15050","9","1225.96","1227.98","1228.72","0.74","2.76"
"15060","9","1226.37","1228.39","1229.86","1.47","3.49"
"15061","1","1226.49","1228.51","1234.52","6.01","8.03"
"15067","2","1228.51","1230.53","1232.66","2.13","4.15"
"15074","2","1228.66","1230.68","1232.81","2.13","4.15"
"15103","9","1231.5","1233.52","1234.2","0.68","2.7"
"15114","1","1233.65","1235.67","1241.68","6.01","8.03"
"15122","4","1235.37","1237.39","1238.35","0.96","2.98"
"15129","19","1236.37","1238.39","1243.56","5.17","7.19"
"15151","10","1238","1240.02","1248.18","8.16","10.18"
"15152","17","1238","1240.02","1242.98","2.96","4.98"
"15156","10","1238.31","1240.33","1273.49","33.16","35.18"
"15197","16","1246.03","1248.05","1262.91","14.85","16.88"
"15207","11","1253.24","1255.26","1256.67","1.4","3.43"
"15213","19","1253.97","1255.99","1260.6","4.6","6.63"
"15217","19","1254.78","1256.8","1261.97","5.17","7.19"
"15224","23","1256.22","1258.24","1277.43","19.19","21.21"
"15229","17","1256.97","1258.99","1259.99","1","3.02"
"15230","23","1256.97","1258.99","1259.66","0.66","2.69"
"15233","23","1256.97","1258.99","1259.99","1","3.02"
"15251","3","1261.34","1263.36","1263.88","0.52","2.54"
"15259","11","1261.44","1263.46","1263.57","0.11","2.13"
"15266","9","1262.93","1264.95","1265.73","0.78","2.8"
"15267","9","1262.94","1264.96","1265.64","0.68","2.7"
"15269","9","1263.9","1265.92","1266.7","0.77","2.8"
"15290","23","1268.94","1270.96","1271.63","0.66","2.69"
"15336","17","1277.67","1279.69","1279.95","0.26","2.28"
"15337","3","1277.95","1279.97","1280.7","0.73","2.75"
"15353","9","1281.29","1283.31","1284.09","0.78","2.8"
"15364","9","1282.37","1284.39","1285.44","1.05","3.07"
"15367","21","1282.57","1284.59","1284.78","0.19","2.21"
"15369","1","1282.62","1284.64","1285.05","0.41","2.43"
"15370","9","1282.62","1284.64","1285.64","1","3.02"
"15372","9","1283.36","1285.38","1286.12","0.74","2.76"
"15375","8","1284.41","1286.43","1291.94","5.51","7.53"
"15384","17","1287.18","1289.2","1402.72","113.51","115.54"
"15392","17","1291.37","1293.39","1293.85","0.46","2.48"
"15398","11","1295.38","1297.4","1298.4","1","3.02"
"15415","10","1302.29","1304.31","1305.81","1.5","3.52"
"15416","10","1302.29","1304.31","1313.96","9.65","11.67"
"15422","10","1303.08","1305.1","1306.6","1.5","3.52"
"15424","10","1304.16","1306.18","1312.79","6.61","8.63"
"15429","21","1308.75","1310.77","1313.19","2.42","4.44"
"15437","11","1316.96","1318.98","1322.83","3.84","5.87"
"15438","3","1317.2","1319.22","1319.95","0.73","2.75"
"15440","1","1317.22","1319.24","1325.24","6","8.02"
"15457","22","1322.65","1324.67","1324.78","0.11","2.13"
"15458","1","1322.98","1325","1325.42","0.42","2.44"
"15462","16","1324.79","1326.81","1327.03","0.22","2.24"
"15484","10","1328.23","1330.25","1331.75","1.5","3.52"
"15485","10","1328.23","1330.25","1331.7","1.45","3.47"
"15490","10","1329.69","1331.71","1341.36","9.65","11.67"
"15496","16","1333.05","1335.07","1335.68","0.61","2.63"
"15500","19","1333.15","1335.17","1339.77","4.6","6.62"
"15513","23","1333.65","1335.67","1336.67","1","3.02"
"15522","23","1334.87","1336.89","1378.67","41.78","43.8"
"15523","9","1334.87","1336.89","1337.57","0.68","2.7"
"15527","11","1336.18","1338.2","1342.05","3.85","5.87"
"15551","9","1338.23","1340.25","1353.77","13.52","15.54"
"15552","9","1338.24","1340.26","1341.31","1.05","3.07"
"15553","9","1338.24","1340.26","1341","0.74","2.76"
"15554","9","1338.3","1340.32","1341.79","1.47","3.49"
"15555","9","1338.3","1340.32","1341.37","1.05","3.07"
"15556","13","1338.41","1340.43","1341.78","1.35","3.37"
"15559","23","1339.98","1342","1343","1","3.02"
"15563","11","1340.07","1342.09","1346.44","4.35","6.37"
"15569","9","1340.52","1342.54","1343.32","0.77","2.8"
"15570","9","1340.75","1342.77","1343.44","0.67","2.69"
"15571","22","1340.75","1342.77","1342.88","0.11","2.13"
"15575","9","1341.01","1343.03","1344.08","1.05","3.07"
"15576","9","1341.04","1343.06","1344.06","1","3.02"
"15577","9","1341.04","1343.06","1344.06","1","3.02"
"15578","9","1341.17","1343.19","1343.93","0.74","2.76"
"15579","11","1341.17","1343.19","1348.1","4.91","6.93"
"15581","23","1341.66","1343.68","1344.46","0.78","2.8"
"15590","3","1343.28","1345.3","1350.65","5.35","7.37"
"15612","10","1346.55","1348.57","1350.31","1.74","3.76"
"15618","10","1346.68","1348.7","1350.56","1.86","3.88"
"15623","14","1346.71","1348.73","1349.34","0.61","2.63"
"15624","10","1346.71","1348.73","1350.47","1.74","3.76"
"15629","23","1346.88","1348.9","1349.21","0.31","2.33"
"15633","23","1347.1","1349.12","1350.69","1.57","3.59"
"15634","10","1347.12","1349.14","1351","1.86","3.88"
"15640","10","1347.74","1349.76","1351.5","1.74","3.76"
"15681","16","1351.32","1353.34","1353.95","0.61","2.63"
"15682","1","1351.32","1353.34","1354.68","1.34","3.36"
"15683","1","1351.32","1353.34","1355.8","2.46","4.48"
"15688","9","1351.35","1353.37","1354.37","1","3.02"
"15689","9","1351.35","1353.37","1354.11","0.74","2.76"
"15691","9","1351.35","1353.37","1354.05","0.67","2.7"
"15693","9","1351.36","1353.38","1354.85","1.47","3.49"
"15694","9","1351.37","1353.39","1354.86","1.47","3.49"
"15695","9","1351.37","1353.39","1354.86","1.47","3.49"
"15696","9","1351.37","1353.39","1354.17","0.77","2.8"
"15699","9","1351.37","1353.39","1354.26","0.86","2.89"
"15700","9","1351.37","1353.4","1354.26","0.86","2.89"
"15701","9","1351.37","1353.4","1354.4","1","3.03"
"15702","9","1351.38","1353.4","1354.4","1","3.02"
"15703","9","1351.38","1353.4","1354.45","1.05","3.07"
"15704","2","1351.44","1353.46","1354.02","0.56","2.58"
"15708","8","1352.59","1354.61","1360.12","5.51","7.53"
"15714","18","1352.59","1354.62","1354.8","0.18","2.21"
"15715","1","1352.59","1354.62","1356.73","2.11","4.14"
"15717","1","1352.65","1354.67","1356.01","1.34","3.36"
"15720","10","1352.65","1354.67","1364.33","9.65","11.68"
"15723","10","1352.65","1354.68","1403.94","49.26","51.29"
"15724","9","1352.66","1354.68","1356.74","2.06","4.08"
"15727","9","1352.78","1354.8","1355.8","1","3.02"
"15742","10","1355.14","1357.16","1359.31","2.15","4.17"
"15746","10","1355.22","1357.24","1359.11","1.86","3.89"
"15750","7","1355.52","1357.54","1358.94","1.4","3.42"
"15777","23","1356.14","1358.16","1358.47","0.31","2.33"
"15791","11","1359.12","1361.14","1364.99","3.85","5.87"
"15822","22","1362.46","1364.48","1364.59","0.11","2.13"
"15835","11","1364.53","1366.55","1366.66","0.11","2.13"
"15857","17","1372.32","1374.34","1377.08","2.74","4.76"
"15859","1","1372.42","1374.44","1380.44","6","8.02"
"15872","3","1373.53","1375.55","1376.07","0.52","2.54"
"15878","1","1375.15","1377.17","1377.59","0.42","2.44"
"15891","7","1379.17","1381.19","1382.59","1.4","3.42"
"15893","18","1379.72","1381.74","1382.47","0.73","2.75"
"15919","16","1389.31","1391.33","1406.18","14.85","16.87"
"15925","1","1394.48","1396.5","1402.5","6","8.02"
"15928","20","1394.56","1396.58","1397.58","1","3.02"
"15931","8","1394.85","1396.87","1397.7","0.83","2.85"
"15934","1","1394.91","1396.93","1402.94","6","8.03"
"15936","3","1395.22","1397.24","1402.59","5.35","7.37"
"15938","9","1395.24","1397.26","1398.12","0.86","2.88"
"15939","9","1395.24","1397.26","1398.04","0.77","2.8"
"15941","9","1395.33","1397.35","1398.82","1.47","3.49"
"15942","9","1395.52","1397.54","1398.22","0.68","2.7"
"15943","9","1395.52","1397.54","1398.41","0.86","2.89"
"15944","9","1395.54","1397.56","1398.61","1.05","3.07"
"15945","9","1395.56","1397.58","1398.36","0.78","2.8"
"15946","9","1395.85","1397.87","1398.61","0.74","2.76"
"15947","9","1395.85","1397.87","1398.61","0.74","2.76"
"15956","16","1405.55","1407.57","1408.18","0.61","2.63"
"15976","18","1407.12","1409.14","1414.28","5.14","7.16"
"15982","22","1407.17","1409.19","1409.89","0.7","2.72"
"15993","23","1407.81","1409.83","1410.14","0.31","2.33"
"15994","9","1407.82","1409.84","1410.84","1","3.02"
"15995","23","1407.82","1409.84","1410.13","0.29","2.31"
"15997","9","1407.82","1409.84","1410.59","0.74","2.77"
"16002","1","1409.3","1411.32","1417.33","6","8.03"
"16004","2","1409.32","1411.34","1441.07","29.73","31.75"
"16005","23","1409.32","1411.34","1411.63","0.29","2.31"
"16011","8","1409.34","1411.36","1412.2","0.83","2.86"
"16014","23","1409.43","1411.45","1413.02","1.57","3.59"
"16017","23","1409.49","1411.51","1411.82","0.31","2.33"
"16035","10","1412.86","1414.88","1416.34","1.45","3.48"
"16043","3","1412.91","1414.93","1415.93","1","3.02"
"16044","21","1412.91","1414.93","1415.59","0.66","2.68"
"16051","10","1413.76","1415.78","1417.23","1.45","3.47"
"16052","9","1413.78","1415.8","1417.27","1.47","3.49"
"16053","9","1413.78","1415.8","1429.32","13.52","15.54"
"16054","10","1413.78","1415.8","1417.67","1.86","3.89"
"16056","10","1413.78","1415.8","1427.69","11.88","13.91"
"16057","9","1413.78","1415.8","1416.48","0.68","2.7"
"16059","9","1413.8","1415.82","1416.82","1","3.02"
"16061","9","1413.81","1415.83","1416.51","0.68","2.7"
"16062","9","1413.81","1415.83","1417.3","1.47","3.49"
"16063","9","1413.82","1415.84","1416.84","1","3.02"
"16064","9","1413.82","1415.84","1417.31","1.47","3.49"
"16065","9","1413.83","1415.85","1416.9","1.05","3.07"
"16067","9","1413.83","1415.85","1417.32","1.47","3.49"
"16068","9","1413.83","1415.85","1416.85","1","3.02"
"16085","10","1414.46","1416.48","1418.22","1.74","3.76"
"16087","9","1414.47","1416.49","1417.49","1","3.02"
"16089","9","1414.47","1416.49","1417.36","0.86","2.89"
"16091","9","1414.5","1416.52","1420.47","3.95","5.97"
"16092","9","1414.5","1416.52","1417.78","1.26","3.28"
"16093","10","1414.6","1416.62","1426.27","9.65","11.67"
"16094","9","1414.61","1416.63","1417.41","0.78","2.8"
"16097","9","1414.61","1416.63","1417.41","0.78","2.8"
"16098","9","1414.61","1416.63","1417.31","0.68","2.7"
"16099","9","1414.61","1416.63","1417.38","0.74","2.77"
"16100","17","1414.63","1416.65","1417.1","0.45","2.47"
"16101","9","1414.63","1416.65","1418.12","1.47","3.49"
"16103","9","1414.64","1416.66","1417.34","0.68","2.7"
"16105","10","1414.64","1416.66","1418.82","2.15","4.18"
"16106","9","1414.64","1416.66","1417.44","0.77","2.8"
"16107","9","1414.64","1416.66","1417.34","0.68","2.7"
"16108","11","1414.67","1416.69","1418.1","1.41","3.43"
"16110","9","1414.78","1416.8","1417.8","1","3.02"
"16111","9","1414.78","1416.8","1417.67","0.86","2.89"
"16112","9","1414.78","1416.8","1417.85","1.05","3.07"
"16113","9","1414.78","1416.8","1417.58","0.77","2.8"
"16116","23","1414.78","1416.81","1458.59","41.78","43.81"
"16117","23","1414.81","1416.83","1417.12","0.29","2.31"
"16119","9","1414.81","1416.83","1417.7","0.86","2.89"
"16120","9","1414.81","1416.83","1430.36","13.52","15.55"
"16121","17","1414.82","1416.84","1417.3","0.46","2.48"
"16122","10","1414.82","1416.84","1428.72","11.88","13.9"
"16124","9","1414.83","1416.85","1417.71","0.86","2.88"
"16125","9","1414.83","1416.85","1417.9","1.05","3.07"
"16143","23","1416.58","1418.6","1437.78","19.18","21.2"
"16144","23","1416.58","1418.6","1418.85","0.25","2.27"
"16148","10","1416.6","1418.62","1420.49","1.86","3.89"
"16150","23","1416.75","1418.77","1460.55","41.78","43.8"
"16151","23","1416.75","1418.77","1419.06","0.29","2.31"
"16181","19","1418.23","1420.25","1425.43","5.17","7.2"
"16188","23","1418.26","1420.28","1425.62","5.33","7.36"
"16193","23","1418.48","1420.5","1499.55","79.05","81.07"
"16195","23","1418.5","1420.52","1420.83","0.31","2.33"
"16202","10","1418.58","1420.6","1422.75","2.15","4.17"
"16205","23","1418.75","1420.77","1421.77","1","3.02"
"16207","23","1418.77","1420.79","1422.36","1.57","3.59"
"16218","10","1419.31","1421.33","1423.49","2.15","4.18"
"16220","13","1419.48","1421.5","1425.13","3.63","5.65"
"16221","19","1419.84","1421.86","1429.82","7.96","9.98"
"16232","7","1420.4","1422.42","1423.82","1.4","3.42"
"16235","10","1420.42","1422.44","1434.32","11.88","13.9"
"16249","10","1420.86","1422.88","1425.03","2.15","4.17"
"16257","10","1421.73","1423.75","1433.4","9.65","11.67"
"16260","10","1421.77","1423.79","1425.29","1.5","3.52"
"16262","10","1421.83","1423.85","1425.35","1.5","3.52"
"16269","10","1422.12","1424.14","1425.36","1.22","3.24"
"16289","4","1424.06","1426.08","1427.02","0.94","2.96"
"16313","5","1425.58","1427.6","1428.58","0.98","3"
"16353","1","1427.1","1429.12","1431.58","2.46","4.48"
"16385","22","1428.08","1430.1","1441.55","11.45","13.47"
"16387","8","1428.14","1430.16","1431","0.84","2.86"
"16392","9","1428.21","1430.23","1431.1","0.86","2.89"
"16393","9","1428.22","1430.24","1430.98","0.74","2.76"
"16394","9","1428.23","1430.25","1431.25","1","3.02"
"16395","9","1428.28","1430.3","1431.16","0.86","2.88"
"16396","9","1428.28","1430.3","1431.17","0.86","2.89"
"16399","8","1428.56","1430.58","1431.38","0.8","2.82"
"16402","11","1428.71","1430.73","1434.58","3.85","5.87"
"16417","23","1429.26","1431.28","1431.59","0.31","2.33"
"16451","17","1430.94","1432.96","1433.61","0.65","2.67"
"16491","3","1432.71","1434.73","1434.92","0.19","2.21"
"16500","23","1433.53","1435.55","1436.22","0.66","2.69"
"16515","22","1434.14","1436.16","1441.61","5.45","7.47"
"16554","23","1435.42","1437.44","1438.52","1.08","3.1"
"16559","16","1435.84","1437.86","1438.02","0.16","2.18"
"16565","23","1436.14","1438.16","1439.16","1","3.02"
"16566","23","1436.14","1438.16","1439.73","1.57","3.59"
"16584","16","1436.75","1438.77","1438.99","0.22","2.24"
"16592","14","1436.97","1438.99","1439.48","0.49","2.51"
"16643","17","1439.69","1441.71","1442.16","0.45","2.47"
"16655","22","1440.41","1442.43","1442.54","0.11","2.13"
"16663","22","1440.98","1443","1454.45","11.45","13.47"
"16749","11","1446.93","1448.95","1449.95","1","3.02"
"16765","13","1448.54","1450.56","1451.78","1.22","3.24"
"16771","19","1448.8","1450.82","1455.99","5.17","7.19"
"16790","23","1449.6","1451.62","1451.91","0.29","2.31"
"16792","8","1449.72","1451.74","1457.25","5.51","7.53"
"16793","23","1449.77","1451.79","1452.45","0.66","2.68"
"16800","23","1449.88","1451.9","1493.89","41.99","44.01"
"16803","17","1449.92","1451.94","1454.68","2.74","4.76"
"16805","23","1449.93","1451.95","1453.52","1.57","3.59"
"16806","23","1449.93","1451.95","1493.74","41.78","43.81"
"16832","2","1454.5","1456.52","1457.09","0.57","2.59"
"16834","17","1454.58","1456.6","1457.06","0.46","2.48"
"16839","7","1454.86","1456.88","1458.28","1.4","3.42"
"16840","18","1454.91","1456.93","1457.66","0.73","2.75"
"16843","17","1455.14","1457.16","1457.61","0.45","2.47"
"16858","3","1456.14","1458.16","1459.16","1","3.02"
"16873","1","1456.88","1458.9","1464.91","6","8.03"
"16893","1","1457.97","1459.99","1461.33","1.34","3.36"
"16900","21","1458.24","1460.26","1460.92","0.66","2.68"
"16930","11","1460.32","1462.34","1466.69","4.35","6.37"
"16938","9","1460.54","1462.56","1463.33","0.77","2.79"
"16942","4","1460.58","1462.6","1463.64","1.04","3.06"
"16944","9","1460.6","1462.62","1467.43","4.81","6.83"
"16945","9","1460.6","1462.62","1464.41","1.79","3.81"
"16946","9","1460.62","1462.64","1463.31","0.67","2.69"
"16949","9","1460.69","1462.71","1464.27","1.55","3.58"
"16950","9","1460.72","1462.74","1476.26","13.52","15.54"
"16952","9","1460.79","1462.81","1463.49","0.68","2.7"
"16972","11","1462.45","1464.47","1465.3","0.83","2.85"
"17001","16","1463.7","1465.72","1465.88","0.16","2.18"
"17004","9","1463.92","1465.94","1467.41","1.47","3.49"
"17012","11","1464.42","1466.44","1467.84","1.4","3.42"
"17041","9","1465.4","1467.42","1468.42","1","3.02"
"17042","9","1465.4","1467.42","1468.25","0.82","2.85"
"17043","9","1465.42","1467.44","1468.25","0.81","2.83"
"17044","10","1465.44","1467.46","1479.34","11.88","13.9"
"17046","9","1465.45","1467.47","1468.24","0.77","2.79"
"17047","9","1465.45","1467.47","1468.15","0.68","2.7"
"17049","9","1465.46","1467.48","1468.26","0.78","2.8"
"17051","9","1465.5","1467.52","1469.09","1.56","3.59"
"17052","9","1465.51","1467.53","1468.3","0.77","2.79"
"17053","9","1465.51","1467.53","1468.53","1","3.02"
"17055","9","1465.56","1467.58","1468.26","0.68","2.7"
"17056","9","1465.57","1467.59","1468.36","0.77","2.79"
"17057","9","1465.57","1467.59","1468.5","0.9","2.93"
"17060","9","1465.59","1467.61","1469.08","1.47","3.49"
"17061","9","1465.59","1467.61","1481.14","13.52","15.55"
"17062","10","1465.6","1467.62","1469.12","1.5","3.52"
"17065","16","1465.63","1467.65","1467.87","0.22","2.24"
"17069","10","1465.66","1467.68","1468.9","1.22","3.24"
"17071","9","1465.69","1467.71","1468.39","0.68","2.7"
"17072","9","1465.73","1467.75","1468.43","0.68","2.7"
"17073","9","1465.73","1467.75","1469.22","1.47","3.49"
"17074","9","1465.76","1467.78","1468.83","1.05","3.07"
"17075","9","1465.76","1467.78","1473.95","6.17","8.19"
"17076","9","1465.8","1467.82","1470.34","2.52","4.54"
"17077","9","1465.8","1467.82","1468.54","0.72","2.74"
"17078","9","1465.81","1467.83","1469","1.17","3.19"
"17080","23","1465.82","1467.84","1468.84","1","3.02"
"17081","9","1465.82","1467.84","1468.79","0.95","2.97"
"17082","9","1465.82","1467.84","1468.71","0.86","2.89"
"17083","9","1465.83","1467.85","1468.85","1","3.02"
"17085","9","1465.84","1467.86","1469.33","1.47","3.49"
"17086","10","1465.84","1467.86","1469.6","1.74","3.76"
"17087","11","1465.84","1467.86","1468.22","0.36","2.38"
"17088","9","1465.88","1467.9","1468.93","1.03","3.05"
"17089","9","1465.89","1467.91","1482.63","14.72","16.74"
"17091","9","1465.91","1467.93","1468.98","1.05","3.07"
"17092","10","1465.91","1467.93","1469.96","2.03","4.05"
"17093","23","1465.91","1467.93","1509.72","41.79","43.81"
"17094","9","1465.92","1467.94","1468.82","0.88","2.9"
"17095","20","1465.92","1467.94","1469.01","1.07","3.09"
"17096","23","1466.02","1468.04","1468.29","0.25","2.27"
"17103","9","1466.04","1468.06","1468.93","0.86","2.89"
"17104","9","1466.05","1468.07","1468.75","0.68","2.7"
"17105","9","1466.05","1468.07","1469.14","1.07","3.09"
"17106","10","1466.05","1468.07","1470.06","1.99","4.01"
"17107","10","1466.06","1468.08","1469.82","1.74","3.76"
"17108","23","1466.07","1468.09","1468.38","0.29","2.31"
"17109","10","1466.08","1468.1","1477.75","9.65","11.67"
"17110","17","1466.11","1468.13","1468.39","0.26","2.28"
"17111","10","1466.12","1468.14","1469.59","1.45","3.47"
"17119","9","1466.28","1468.3","1469.17","0.86","2.89"
"17120","9","1466.29","1468.31","1469.36","1.05","3.07"
"17121","9","1466.29","1468.31","1469.36","1.05","3.07"
"17123","9","1466.32","1468.34","1469.34","1","3.02"
"17125","9","1466.34","1468.36","1474.22","5.86","7.88"
"17126","9","1466.35","1468.37","1470.89","2.52","4.54"
"17127","9","1466.35","1468.37","1469.29","0.92","2.94"
"17128","9","1466.4","1468.42","1469.64","1.22","3.24"
"17132","9","1466.43","1468.45","1469.23","0.78","2.8"
"17133","9","1466.43","1468.45","1469.4","0.95","2.97"
"17134","9","1466.46","1468.48","1469.16","0.68","2.7"
"17138","10","1466.5","1468.52","1469.74","1.22","3.24"
"17141","10","1466.52","1468.54","1469.76","1.22","3.24"
"17142","23","1466.54","1468.56","1468.81","0.25","2.27"
"17144","9","1466.6","1468.62","1469.3","0.68","2.7"
"17147","10","1466.62","1468.64","1482.8","14.16","16.18"
"17149","9","1466.67","1468.69","1469.56","0.86","2.89"
"17150","9","1466.72","1468.74","1469.42","0.68","2.7"
"17151","9","1466.72","1468.74","1469.68","0.94","2.96"
"17152","9","1466.75","1468.77","1469.45","0.68","2.7"
"17153","23","1466.75","1468.77","1469.03","0.26","2.28"
"17154","9","1466.8","1468.82","1469.75","0.93","2.95"
"17155","10","1466.8","1468.82","1480.7","11.88","13.9"
"17156","9","1466.82","1468.84","1469.7","0.86","2.88"
"17158","9","1466.83","1468.85","1469.59","0.74","2.76"
"17159","10","1466.83","1468.85","1470.37","1.51","3.54"
"17160","9","1466.83","1468.85","1470.08","1.22","3.25"
"17161","9","1466.83","1468.85","1469.53","0.68","2.7"
"17162","9","1466.87","1468.89","1469.94","1.05","3.07"
"17163","9","1466.88","1468.9","1482.42","13.52","15.54"
"17165","23","1466.95","1468.97","1469.97","1","3.02"
"17183","9","1467.32","1469.34","1470.21","0.86","2.89"
"17184","9","1467.32","1469.34","1470.81","1.47","3.49"
"17185","9","1467.33","1469.35","1470.82","1.47","3.49"
"17186","9","1467.34","1469.36","1482.88","13.52","15.54"
"17187","9","1467.34","1469.36","1470.23","0.86","2.89"
"17188","23","1467.38","1469.4","1471.25","1.85","3.87"
"17189","1","1467.38","1469.4","1470.42","1.02","3.04"
"17190","9","1467.38","1469.4","1470.47","1.07","3.09"
"17191","9","1467.38","1469.4","1490.73","21.32","23.35"
"17192","10","1467.41","1469.43","1471.58","2.15","4.17"
"17196","9","1467.58","1469.6","1470.55","0.95","2.97"
"17197","9","1467.58","1469.6","1470.6","1","3.02"
"17198","9","1467.6","1469.62","1470.48","0.86","2.88"
"17199","9","1467.6","1469.62","1483.15","13.52","15.55"
"17200","10","1467.67","1469.69","1471.84","2.15","4.17"
"17201","9","1467.68","1469.7","1470.48","0.78","2.8"
"17203","9","1467.77","1469.79","1470.71","0.92","2.94"
"17205","9","1467.91","1469.93","1471.11","1.17","3.2"
"17206","9","1467.92","1469.94","1470.68","0.74","2.76"
"17207","9","1467.92","1469.94","1471.09","1.14","3.17"
"17208","9","1467.92","1469.94","1470.94","1","3.02"
"17209","10","1467.92","1469.94","1471.47","1.53","3.55"
"17210","17","1467.95","1469.97","1472.9","2.93","4.95"
"17211","10","1467.95","1469.97","1471.42","1.45","3.47"
"17215","10","1468.12","1470.14","1479.79","9.65","11.67"
"17221","3","1468.39","1470.41","1470.93","0.52","2.54"
"17233","10","1468.65","1470.67","1472.92","2.25","4.27"
"17234","10","1468.71","1470.73","1472.78","2.05","4.07"
"17235","10","1468.71","1470.73","1471.95","1.22","3.24"
"17272","19","1470.1","1472.12","1480.08","7.96","9.98"
"17297","22","1471.07","1473.09","1476.27","3.18","5.2"
"17298","16","1471.07","1473.09","1474.73","1.64","3.66"
"17324","2","1472.14","1474.16","1503.89","29.73","31.75"
"17326","13","1472.36","1474.38","1475.6","1.22","3.24"
"17359","14","1474.19","1476.21","1477.28","1.07","3.09"
"17476","1","1481.16","1483.18","1485.29","2.11","4.13"
"17492","1","1481.92","1483.94","1486.05","2.11","4.13"
"17577","2","1488.43","1490.45","1682.9","192.45","194.47"
"17592","11","1489.47","1491.49","1493.52","2.03","4.05"
"17611","8","1491.84","1493.86","1495.05","1.19","3.21"
"17621","3","1492.11","1494.13","1502.83","8.7","10.72"
"17630","22","1492.8","1494.82","1494.94","0.12","2.14"
"17646","18","1494.45","1496.47","1501.01","4.54","6.56"
"17688","17","1496.9","1498.92","1499.57","0.65","2.67"
"17708","1","1497.6","1499.62","1505.62","6","8.02"
"17712","10","1497.72","1499.74","1509.39","9.65","11.67"
"17713","21","1497.72","1499.74","1499.93","0.19","2.21"
"17742","1","1498.78","1500.8","1506.81","6","8.03"
"17744","17","1498.86","1500.88","1501.88","1","3.02"
"17749","9","1499.09","1501.11","1502.11","1","3.02"
"17753","9","1499.27","1501.29","1502.29","1","3.02"
"17761","9","1499.71","1501.73","1502.79","1.05","3.08"
"17765","9","1499.81","1501.83","1502.88","1.05","3.07"
"17767","1","1499.91","1501.93","1507.94","6","8.03"
"17770","16","1500.2","1502.22","1503.22","1","3.02"
"17777","17","1500.35","1502.37","1503.37","1","3.02"
"17778","1","1500.36","1502.38","1503.72","1.34","3.36"
"17784","1","1500.49","1502.51","1502.92","0.41","2.43"
"17792","9","1500.66","1502.68","1503.68","1","3.02"
"17793","9","1500.66","1502.68","1503.46","0.78","2.8"
"17796","1","1500.7","1502.72","1504.06","1.34","3.36"
"17797","9","1500.7","1502.72","1503.59","0.86","2.89"
"17798","9","1500.77","1502.79","1516.31","13.52","15.54"
"17799","9","1500.77","1502.79","1504.26","1.47","3.49"
"17841","19","1503.92","1505.94","1511.11","5.17","7.19"
"17871","8","1505.96","1507.98","1513.49","5.51","7.53"
"17942","9","1509.98","1512","1525.53","13.52","15.55"
"17943","9","1510.03","1512.05","1513.1","1.05","3.07"
"17944","9","1510.03","1512.05","1513.05","1","3.02"
"17946","9","1510.13","1512.15","1516.66","4.51","6.53"
"17947","9","1510.15","1512.17","1513.88","1.71","3.73"
"17948","9","1510.19","1512.21","1513.43","1.22","3.24"
"17949","9","1510.19","1512.21","1513.61","1.4","3.42"
"17956","10","1510.59","1512.61","1515.51","2.9","4.92"
"17966","11","1510.9","1512.92","1514.52","1.6","3.62"
"17974","10","1511.19","1513.21","1515.32","2.11","4.13"
"17980","11","1511.35","1513.37","1517.22","3.85","5.87"
"17986","9","1511.59","1513.61","1514.67","1.06","3.08"
"17987","9","1511.59","1513.61","1515.08","1.47","3.49"
"17992","22","1512.22","1514.24","1514.7","0.46","2.48"
"17997","10","1512.54","1514.56","1515.78","1.22","3.24"
"17998","10","1512.55","1514.57","1516.31","1.74","3.76"
"17999","10","1512.55","1514.57","1526.45","11.88","13.9"
"18014","10","1513.23","1515.25","1517.41","2.15","4.18"
"18052","16","1516.86","1518.88","1519.1","0.22","2.24"
"18053","17","1517.08","1519.1","1519.36","0.26","2.28"
"18074","22","1518.79","1520.81","1521.81","1","3.02"
"18076","17","1518.88","1520.9","1521.16","0.26","2.28"
"18085","17","1519.28","1521.3","1624.84","103.54","105.56"
"18097","4","1520.31","1522.33","1523.29","0.96","2.98"
"18098","23","1520.32","1522.34","1522.63","0.29","2.31"
"18138","23","1523.22","1525.24","1526.81","1.57","3.59"
"18175","23","1526.21","1528.23","1528.48","0.25","2.27"
"18181","23","1526.72","1528.74","1528.99","0.25","2.27"
"18183","7","1526.81","1528.83","1529.83","1","3.02"
"18224","17","1529.91","1531.93","1532.58","0.65","2.67"
"18228","10","1529.98","1532","1533.45","1.45","3.47"
"18229","10","1529.98","1532","1543.88","11.88","13.9"
"18233","10","1530.05","1532.07","1533.57","1.5","3.52"
"18247","9","1530.53","1532.55","1533.6","1.05","3.07"
"18249","9","1530.59","1532.61","1533.48","0.86","2.89"
"18252","9","1530.73","1532.75","1538.99","6.24","8.26"
"18254","9","1530.79","1532.81","1534.91","2.1","4.12"
"18276","10","1531.54","1533.56","1536.1","2.54","4.56"
"18285","19","1532.22","1534.24","1543.45","9.21","11.23"
"18295","17","1532.27","1534.29","1534.65","0.36","2.38"
"18301","9","1532.56","1534.58","1535.74","1.16","3.18"
"18302","9","1532.58","1534.6","1535.62","1.02","3.04"
"18303","9","1532.6","1534.62","1535.39","0.77","2.79"
"18305","9","1532.65","1534.67","1535.44","0.77","2.79"
"18306","9","1532.67","1534.69","1535.46","0.77","2.79"
"18307","9","1532.67","1534.69","1535.47","0.77","2.8"
"18308","10","1532.68","1534.7","1536.44","1.74","3.76"
"18309","9","1532.68","1534.7","1535.57","0.86","2.89"
"18312","19","1533.09","1535.11","1539.71","4.6","6.62"
"18316","11","1533.36","1535.38","1536.79","1.41","3.43"
"18344","10","1535.37","1537.39","1539.26","1.87","3.89"
"18346","18","1535.42","1537.44","1537.88","0.44","2.46"
"18383","23","1537.2","1539.22","1558.41","19.19","21.21"
"18388","1","1537.73","1539.75","1545.76","6","8.03"
"18400","1","1540.01","1542.03","1548.04","6.01","8.03"
"18436","1","1544.69","1546.71","1547.18","0.47","2.49"
"18462","14","1546.27","1548.29","1548.9","0.6","2.63"
"18466","16","1546.85","1548.87","1563.73","14.85","16.88"
"18488","9","1547.71","1549.73","1550.41","0.67","2.7"
"18490","9","1547.75","1549.77","1550.82","1.05","3.07"
"18494","9","1548.01","1550.03","1550.71","0.67","2.7"
"18515","16","1550.17","1552.19","1552.35","0.16","2.18"
"18531","8","1551.71","1553.73","1559.24","5.51","7.53"
"18549","18","1552.38","1554.4","1558.4","4","6.02"
"18594","11","1556.03","1558.05","1558.41","0.36","2.38"
"18599","10","1556.12","1558.14","1559.59","1.45","3.47"
"18641","17","1559.21","1561.23","1561.88","0.65","2.67"
"18642","13","1559.27","1561.29","1570.73","9.44","11.46"
"18645","17","1559.38","1561.4","1850.3","288.9","290.92"
"18670","23","1561.49","1563.51","1564.51","1","3.02"
"18672","23","1561.59","1563.61","1564.06","0.45","2.47"
"18697","21","1563.52","1565.54","1567.29","1.75","3.77"
"18725","1","1565.02","1567.04","1569.84","2.8","4.82"
"18727","3","1565.25","1567.27","1572.62","5.35","7.37"
"18732","21","1565.46","1567.48","1569.8","2.32","4.34"
"18745","1","1566.56","1568.58","1574.59","6.01","8.03"
"18747","1","1566.66","1568.68","1569.1","0.42","2.44"
"18768","9","1568.11","1570.13","1583.66","13.52","15.55"
"18779","13","1569.24","1571.26","1574.89","3.63","5.65"
"18799","22","1570.95","1572.97","1573.08","0.11","2.13"
"18829","23","1573.34","1575.36","1575.61","0.25","2.27"
"18831","23","1573.55","1575.57","1617.36","41.79","43.81"
"18836","23","1573.85","1575.87","1576.12","0.25","2.27"
"18839","23","1573.97","1575.99","1577.56","1.57","3.59"
"18841","23","1574.08","1576.1","1576.39","0.29","2.31"
"18842","23","1574.08","1576.1","1576.35","0.25","2.27"
"18858","23","1575.53","1577.55","1596.74","19.19","21.21"
"18900","9","1577.83","1579.85","1593.38","13.52","15.55"
"18929","2","1582.47","1584.49","1585.01","0.52","2.54"
"18939","3","1583.61","1585.63","1586.63","1","3.02"
"18960","17","1584.97","1586.99","1587.99","1","3.02"
"18981","22","1587.96","1589.98","1590.05","0.07","2.09"
"18982","16","1587.96","1589.98","1590.2","0.22","2.24"
"18987","19","1589.48","1591.5","1599.46","7.96","9.98"
"18992","1","1589.57","1591.59","1592.06","0.47","2.49"
"19000","11","1589.78","1591.8","1592.63","0.83","2.85"
"19015","1","1591.77","1593.79","1595.9","2.11","4.13"
"19017","1","1591.86","1593.88","1595.22","1.34","3.36"
"19062","17","1598.71","1600.73","1601.73","1","3.02"
"19091","7","1604.43","1606.45","1615.51","9.06","11.08"
"19092","11","1604.43","1606.45","1606.7","0.25","2.27"
"19108","2","1606.05","1608.07","1608.8","0.73","2.75"
"19113","9","1606.28","1608.3","1609.87","1.57","3.59"
"19114","9","1606.28","1608.3","1609.17","0.86","2.89"
"19115","9","1606.29","1608.31","1609.31","1","3.02"
"19116","9","1606.29","1608.31","1609.05","0.74","2.76"
"19119","9","1606.82","1608.84","1609.84","1","3.02"
"19121","9","1606.82","1608.84","1609.84","1","3.02"
"19122","3","1606.82","1608.84","1614.19","5.35","7.37"
"19123","9","1606.83","1608.85","1609.9","1.05","3.07"
"19126","9","1607.04","1609.06","1610.53","1.47","3.49"
"19132","9","1607.26","1609.28","1610.33","1.05","3.07"
"19135","9","1607.75","1609.77","1610.77","1","3.02"
"19136","9","1607.75","1609.77","1623.3","13.52","15.55"
"19137","9","1607.8","1609.82","1610.87","1.05","3.07"
"19138","9","1607.8","1609.82","1610.5","0.68","2.7"
"19144","9","1608.05","1610.07","1610.94","0.86","2.89"
"19150","23","1608.4","1610.42","1611.99","1.57","3.59"
"19154","9","1608.46","1610.48","1611.26","0.78","2.8"
"19159","9","1608.8","1610.82","1611.82","1","3.02"
"19160","9","1608.8","1610.82","1611.69","0.86","2.89"
"19163","9","1608.98","1611","1624.52","13.52","15.54"
"19164","9","1608.98","1611","1624.53","13.52","15.55"
"19168","9","1608.99","1611.01","1611.79","0.78","2.8"
"19169","9","1609","1611.02","1611.8","0.78","2.8"
"19170","10","1609","1611.02","1612.89","1.86","3.89"
"19171","10","1609.01","1611.03","1612.89","1.86","3.88"
"19175","9","1609.1","1611.12","1612.12","1","3.02"
"19180","9","1609.38","1611.4","1612.4","1","3.02"
"19182","9","1609.42","1611.44","1612.18","0.74","2.76"
"19185","23","1609.48","1611.5","1613.07","1.57","3.59"
"19186","10","1609.6","1611.62","1621.13","9.51","11.53"
"19189","9","1609.62","1611.64","1613.46","1.82","3.84"
"19190","10","1609.64","1611.66","1613.89","2.23","4.25"
"19191","10","1609.64","1611.66","1614.26","2.6","4.62"
"19192","23","1609.69","1611.71","1612.37","0.66","2.68"
"19193","9","1609.69","1611.71","1612.49","0.78","2.8"
"19194","9","1609.72","1611.74","1612.79","1.05","3.07"
"19195","10","1609.72","1611.74","1613.61","1.86","3.89"
"19199","9","1609.81","1611.83","1612.7","0.86","2.89"
"19203","22","1609.92","1611.94","1612.4","0.46","2.48"
"19204","8","1609.93","1611.95","1612.95","1","3.02"
"19206","10","1610.1","1612.12","1613.86","1.74","3.76"
"19207","23","1610.1","1612.12","1613.69","1.57","3.59"
"19210","23","1610.26","1612.28","1612.53","0.25","2.27"
"19211","3","1610.26","1612.28","1613.62","1.34","3.36"
"19212","10","1610.33","1612.35","1622","9.65","11.67"
"19217","22","1610.96","1612.98","1613.44","0.46","2.48"
"19235","10","1612.28","1614.3","1616.17","1.86","3.89"
"19247","19","1613.33","1615.35","1619.96","4.6","6.63"
"19257","19","1614.33","1616.35","1621.52","5.17","7.19"
"19258","7","1614.65","1616.67","1618.07","1.4","3.42"
"19279","8","1615.46","1617.48","1619.53","2.05","4.07"
"19293","11","1615.95","1617.97","1618.33","0.36","2.38"
"19294","17","1616.08","1618.1","1620.84","2.74","4.76"
"19300","17","1616.43","1618.45","1731.97","113.52","115.54"
"19311","17","1616.86","1618.88","1619.53","0.65","2.67"
"19317","1","1617.44","1619.46","1620.8","1.34","3.36"
"19324","1","1618.21","1620.23","1626.23","6","8.02"
"19327","1","1618.26","1620.28","1620.75","0.47","2.49"
"19332","19","1618.36","1620.38","1624.99","4.6","6.63"
"19341","17","1618.94","1620.96","1623.7","2.74","4.76"
"19355","16","1619.9","1621.92","1636.78","14.85","16.88"
"19380","10","1621.14","1623.16","1691.04","67.88","69.9"
"19401","10","1622.37","1624.39","1651.1","26.71","28.73"
"19403","9","1622.45","1624.47","1625.6","1.13","3.15"
"19404","10","1622.45","1624.47","1627.53","3.06","5.08"
"19405","10","1622.5","1624.52","1626.09","1.57","3.59"
"19406","9","1622.5","1624.52","1625.3","0.77","2.8"
"19416","9","1623.19","1625.21","1625.95","0.74","2.76"
"19478","8","1633.03","1635.05","1637.1","2.05","4.07"
"19480","22","1633.74","1635.76","1647.22","11.46","13.48"
"19493","16","1635","1637.02","1637.63","0.61","2.63"
"19507","13","1636.26","1638.28","1640.19","1.91","3.93"
"19509","23","1636.4","1638.42","1639.42","1","3.02"
"19513","23","1636.49","1638.51","1657.7","19.19","21.21"
"19517","17","1636.54","1638.56","1752.08","113.52","115.54"
"19518","1","1636.54","1638.56","1644.57","6.01","8.03"
"19523","9","1636.81","1638.83","1652.36","13.53","15.55"
"19524","9","1636.81","1638.83","1639.7","0.86","2.89"
"19528","9","1636.94","1638.96","1639.7","0.74","2.76"
"19530","9","1636.94","1638.96","1639.83","0.86","2.89"
"19532","9","1636.95","1638.97","1639.65","0.68","2.7"
"19533","9","1636.95","1638.97","1639.97","1","3.02"
"19534","22","1636.95","1638.97","1650.43","11.46","13.48"
"19535","9","1636.95","1638.97","1639.65","0.68","2.7"
"19537","9","1637.05","1639.07","1639.81","0.74","2.76"
"19539","9","1637.1","1639.12","1639.9","0.78","2.8"
"19540","9","1637.11","1639.13","1640.18","1.05","3.07"
"19542","9","1637.11","1639.13","1640.6","1.47","3.49"
"19543","9","1637.11","1639.13","1640","0.86","2.89"
"19544","9","1637.11","1639.13","1640.6","1.47","3.49"
"19545","23","1637.11","1639.13","1639.39","0.25","2.28"
"19546","9","1637.19","1639.21","1639.89","0.68","2.7"
"19547","9","1637.19","1639.21","1639.89","0.68","2.7"
"19548","9","1637.19","1639.21","1644.71","5.49","7.52"
"19549","23","1637.19","1639.21","1695.46","56.25","58.27"
"19550","10","1637.28","1639.3","1642.35","3.05","5.07"
"19553","23","1637.3","1639.32","1682.9","43.58","45.6"
"19555","23","1637.32","1639.34","1681.13","41.78","43.81"
"19556","9","1637.34","1639.36","1640.22","0.86","2.88"
"19557","10","1637.34","1639.36","1649.01","9.65","11.67"
"19558","9","1637.35","1639.37","1640.11","0.74","2.76"
"19559","10","1637.35","1639.37","1640.82","1.45","3.47"
"19562","9","1637.43","1639.45","1640.5","1.05","3.07"
"19563","9","1637.43","1639.45","1640.13","0.68","2.7"
"19564","9","1637.44","1639.46","1640.14","0.68","2.7"
"19565","9","1637.44","1639.46","1640.24","0.78","2.8"
"19567","9","1637.49","1639.51","1640.38","0.86","2.89"
"19568","10","1637.49","1639.51","1640.73","1.22","3.24"
"19570","9","1637.52","1639.54","1653.07","13.53","15.55"
"19571","9","1637.54","1639.56","1640.61","1.05","3.07"
"19572","23","1637.71","1639.73","1640.39","0.66","2.68"
"19573","17","1637.71","1639.73","1642.47","2.74","4.76"
"19574","9","1637.78","1639.8","1653.33","13.53","15.55"
"19575","10","1637.78","1639.8","1641.02","1.22","3.24"
"19576","9","1637.79","1639.81","1640.55","0.74","2.76"
"19577","9","1637.8","1639.82","1640.68","0.86","2.88"
"19578","9","1637.87","1639.89","1640.67","0.78","2.8"
"19579","9","1637.87","1639.89","1641.36","1.47","3.49"
"19581","10","1637.92","1639.94","1641.44","1.5","3.52"
"19583","10","1637.93","1639.95","1641.17","1.22","3.24"
"19586","10","1638","1640.02","1641.24","1.22","3.24"
"19587","17","1638","1640.02","1640.48","0.46","2.48"
"19590","10","1638.1","1640.12","1641.86","1.74","3.76"
"19591","10","1638.11","1640.13","1652.01","11.88","13.9"
"19593","9","1638.12","1640.14","1641.01","0.86","2.89"
"19595","9","1638.36","1640.38","1645.65","5.27","7.29"
"19596","9","1638.44","1640.46","1642.68","2.22","4.24"
"19598","9","1638.49","1640.51","1668.92","28.41","30.43"
"19600","10","1638.56","1640.58","1644.07","3.49","5.51"
"19601","9","1638.56","1640.58","1641.63","1.05","3.07"
"19603","9","1638.6","1640.62","1641.36","0.74","2.76"
"19604","10","1638.61","1640.63","1652.51","11.88","13.9"
"19605","23","1638.62","1640.64","1682.42","41.78","43.8"
"19606","9","1638.62","1640.64","1641.64","1","3.02"
"19607","23","1638.63","1640.65","1640.94","0.29","2.31"
"19619","11","1639.77","1641.79","1642.15","0.36","2.38"
"19620","11","1639.82","1641.84","1642.2","0.36","2.38"
"19658","21","1641.12","1643.14","1645.46","2.32","4.34"
"19659","22","1641.12","1643.14","1643.25","0.11","2.13"
"19670","17","1641.26","1643.28","1746.81","103.53","105.55"
"19671","22","1641.26","1643.28","1643.74","0.46","2.48"
"19679","1","1642.16","1644.18","1650.19","6.01","8.03"
"19681","17","1642.22","1644.24","1644.7","0.46","2.48"
"19796","16","1652.54","1654.56","1654.72","0.16","2.18"
"19820","14","1654.59","1656.61","1657.09","0.48","2.5"
"19844","19","1656.68","1658.7","1663.87","5.17","7.19"
"19846","8","1656.76","1658.78","1664.29","5.51","7.53"
"19856","11","1657.51","1659.53","1659.89","0.36","2.38"
"19858","17","1657.75","1659.77","1660.23","0.46","2.48"
"19909","22","1663.47","1665.49","1665.6","0.11","2.13"
"19919","22","1663.79","1665.81","1677.26","11.45","13.47"
"19938","16","1665.32","1667.34","1667.56","0.22","2.24"
"19944","16","1666","1668.02","1668.63","0.61","2.63"
"19976","22","1671.07","1673.09","1674.09","1","3.02"
"20012","3","1677.11","1679.13","1679.32","0.19","2.21"
"20015","9","1677.27","1679.29","1679.97","0.67","2.7"
"20019","9","1677.53","1679.55","1681.02","1.47","3.49"
"20040","8","1680.67","1682.69","1688.73","6.04","8.06"
"20046","19","1680.99","1683.01","1697.37","14.36","16.38"
"20051","8","1681.43","1683.45","1695.83","12.38","14.4"
"20075","11","1685.26","1687.28","1695.06","7.78","9.8"
"20084","11","1685.97","1687.99","1689.4","1.41","3.43"
"20095","9","1686.75","1688.77","1690.24","1.47","3.49"
"20096","9","1686.75","1688.77","1702.3","13.52","15.55"
"20112","17","1690.7","1692.72","1693.18","0.46","2.48"
"20141","13","1695.01","1697.03","1700.66","3.63","5.65"
"20168","16","1699.14","1701.16","1702.8","1.64","3.66"
"20177","22","1699.18","1701.2","1701.66","0.46","2.48"
"20178","1","1699.23","1701.25","1701.67","0.42","2.44"
"20184","23","1699.48","1701.5","1701.81","0.31","2.33"
"20190","8","1699.84","1701.86","1703.91","2.05","4.07"
"20194","9","1699.94","1701.96","1702.82","0.86","2.88"
"20195","9","1699.94","1701.96","1702.7","0.74","2.76"
"20196","16","1699.94","1701.96","1702.12","0.16","2.18"
"20197","9","1699.94","1701.96","1702.83","0.86","2.89"
"20198","9","1699.97","1701.99","1703.46","1.47","3.49"
"20200","23","1700","1702.02","1702.27","0.25","2.27"
"20201","9","1700","1702.02","1703.02","1","3.02"
"20202","9","1700.03","1702.05","1702.83","0.78","2.8"
"20203","9","1700.03","1702.05","1702.83","0.78","2.8"
"20204","9","1700.14","1702.16","1703.16","1","3.02"
"20205","22","1700.14","1702.16","1702.27","0.11","2.13"
"20206","9","1700.17","1702.19","1702.97","0.78","2.8"
"20207","10","1700.17","1702.19","1704.35","2.15","4.18"
"20208","10","1700.19","1702.21","1711.86","9.65","11.67"
"20209","9","1700.19","1702.21","1703.21","1","3.02"
"20210","9","1700.22","1702.24","1702.98","0.74","2.76"
"20211","9","1700.22","1702.24","1703.29","1.05","3.07"
"20212","9","1700.23","1702.25","1703.03","0.78","2.8"
"20213","9","1700.23","1702.25","1707.64","5.39","7.41"
"20216","9","1700.3","1702.32","1704.54","2.22","4.24"
"20217","10","1700.31","1702.33","1726.72","24.39","26.41"
"20219","10","1700.41","1702.43","1704.59","2.16","4.18"
"20220","23","1700.44","1702.46","1703.46","1","3.02"
"20221","9","1700.44","1702.46","1703.24","0.78","2.8"
"20222","21","1700.44","1702.46","1703.46","1","3.02"
"20223","9","1700.44","1702.46","1703.93","1.47","3.49"
"20224","16","1700.51","1702.53","1702.75","0.22","2.24"
"20226","9","1700.51","1702.53","1716.06","13.52","15.55"
"20227","9","1700.51","1702.53","1703.4","0.86","2.89"
"20228","9","1700.54","1702.56","1703.61","1.05","3.07"
"20229","9","1700.54","1702.56","1704.03","1.47","3.49"
"20230","23","1700.57","1702.59","1702.9","0.31","2.33"
"20231","10","1700.57","1702.59","1712.24","9.65","11.67"
"20232","9","1700.58","1702.6","1703.6","1","3.02"
"20234","10","1700.63","1702.65","1704.15","1.5","3.52"
"20235","9","1700.63","1702.65","1704.12","1.47","3.49"
"20236","1","1700.67","1702.69","1705.15","2.46","4.48"
"20239","17","1700.74","1702.76","1806.31","103.55","105.57"
"20243","23","1700.83","1702.85","1722.04","19.18","21.21"
"20247","9","1700.9","1702.92","1703.97","1.05","3.07"
"20248","9","1701.1","1703.12","1704.17","1.05","3.07"
"20249","16","1701.1","1703.12","1703.73","0.61","2.63"
"20250","9","1701.12","1703.14","1704.19","1.05","3.07"
"20251","17","1701.12","1703.14","1703.6","0.46","2.48"
"20253","17","1701.15","1703.17","1703.43","0.26","2.28"
"20254","9","1701.27","1703.29","1716.81","13.52","15.54"
"20255","9","1701.27","1703.29","1704.07","0.77","2.8"
"20256","9","1701.37","1703.39","1704.86","1.47","3.49"
"20257","9","1701.37","1703.39","1704.07","0.68","2.7"
"20258","23","1701.4","1703.42","1722.61","19.19","21.21"
"20279","17","1703.02","1705.04","1708.35","3.31","5.33"
"20299","18","1704.97","1706.99","1710.1","3.11","5.13"
"20338","3","1710.77","1712.79","1716.21","3.42","5.44"
"20356","19","1712.94","1714.96","1722.83","7.87","9.89"
"20378","19","1716.11","1718.13","1722.74","4.6","6.63"
"20380","16","1716.12","1718.14","1718.3","0.16","2.18"
"20394","21","1717.3","1719.32","1720.55","1.23","3.25"
"20395","7","1717.31","1719.33","1719.81","0.48","2.5"
"20399","17","1717.31","1719.33","1719.79","0.46","2.48"
"20406","9","1717.34","1719.36","1720.14","0.78","2.8"
"20408","9","1717.35","1719.37","1720.37","1","3.02"
"20410","9","1717.45","1719.47","1720.21","0.74","2.76"
"20411","9","1717.45","1719.47","1733","13.52","15.55"
"20413","9","1717.48","1719.5","1720.55","1.05","3.07"
"20414","9","1717.48","1719.5","1720.5","1","3.02"
"20415","9","1717.48","1719.5","1720.37","0.86","2.89"
"20416","9","1717.63","1719.65","1720.33","0.68","2.7"
"20438","17","1721.71","1723.73","1724.73","1","3.02"
"20451","19","1722.66","1724.68","1729.28","4.6","6.62"
"20489","10","1726.26","1728.28","1740.16","11.88","13.9"
"20525","16","1730.75","1732.77","1732.99","0.22","2.24"
"20544","1","1731.68","1733.7","1734.17","0.47","2.49"
"20548","3","1732.69","1734.71","1735.44","0.73","2.75"
"20562","8","1734.39","1736.41","1737.25","0.84","2.86"
"20564","11","1734.46","1736.48","1737.88","1.4","3.42"
"20580","10","1735.32","1737.34","1738.84","1.5","3.52"
"20609","17","1738.92","1740.94","1741.94","1","3.02"
"20613","23","1738.94","1740.96","1741.25","0.29","2.31"
"20626","2","1740.47","1742.49","1772.23","29.74","31.76"
"20629","23","1740.65","1742.67","1743.67","1","3.02"
"20630","23","1740.93","1742.95","1743.26","0.31","2.33"
"20639","22","1741.2","1743.22","1743.68","0.46","2.48"
"20646","17","1741.39","1743.41","1750.74","7.33","9.35"
"20659","9","1741.85","1743.87","1746.65","2.78","4.8"
"20660","9","1741.85","1743.87","1746.54","2.67","4.69"
"20662","9","1741.85","1743.87","1744.99","1.12","3.14"
"20663","9","1741.98","1744","1744.86","0.86","2.88"
"20664","9","1741.98","1744","1744.78","0.77","2.8"
"20690","9","1743.66","1745.68","1746.46","0.78","2.8"
"20719","13","1746.63","1748.65","1749.87","1.22","3.24"
"20725","7","1748.15","1750.17","1751.17","1","3.02"
"20738","7","1749.84","1751.86","1752.86","1","3.02"
"20768","16","1752.6","1754.62","1755.62","1","3.02"
"20785","10","1753.91","1755.93","1765.58","9.65","11.67"
"20788","10","1753.96","1755.98","1765.63","9.65","11.67"
"20792","10","1754.26","1756.28","1757.5","1.22","3.24"
"20795","10","1754.43","1756.45","1758.19","1.74","3.76"
"20796","10","1754.43","1756.45","1758.61","2.15","4.18"
"20803","1","1755.9","1757.92","1758.35","0.43","2.45"
"20813","1","1756.22","1758.24","1758.71","0.47","2.49"
"20833","23","1756.4","1758.42","1758.67","0.25","2.27"
"20836","9","1756.43","1758.45","1759.45","1","3.02"
"20837","9","1756.44","1758.46","1771.99","13.53","15.55"
"20838","9","1756.44","1758.46","1759.33","0.86","2.89"
"20842","23","1756.54","1758.56","1777.75","19.19","21.21"
"20843","9","1756.64","1758.66","1759.71","1.05","3.07"
"20848","9","1756.94","1758.96","1759.82","0.86","2.88"
"20849","9","1756.96","1758.98","1760.03","1.05","3.07"
"20850","9","1756.98","1759","1772.53","13.53","15.55"
"20851","9","1757.03","1759.05","1760.05","1","3.02"
"20852","9","1757.03","1759.05","1759.92","0.86","2.89"
"20853","8","1757.06","1759.08","1759.99","0.91","2.93"
"20854","23","1757.06","1759.08","1759.75","0.66","2.69"
"20855","23","1757.09","1759.11","1759.42","0.31","2.33"
"20858","9","1757.14","1759.16","1770.13","10.97","12.99"
"20860","10","1757.17","1759.19","1765.66","6.46","8.49"
"20864","23","1757.41","1759.43","1840.65","81.22","83.24"
"20868","23","1757.88","1759.9","1762.16","2.26","4.28"
"20875","1","1758","1760.02","1761.36","1.34","3.36"
"20877","23","1758.19","1760.21","1761.78","1.57","3.59"
"20879","23","1758.29","1760.31","1802.1","41.79","43.81"
"20886","8","1758.44","1760.46","1761.46","1","3.02"
"20902","9","1759.19","1761.21","1761.89","0.68","2.7"
"20905","19","1759.39","1761.41","1766.58","5.17","7.19"
"20906","23","1759.39","1761.41","1780.6","19.19","21.21"
"20918","10","1759.85","1761.87","1763.74","1.87","3.89"
"20922","10","1759.91","1761.93","1763.43","1.5","3.52"
"20926","23","1760.1","1762.12","1781.31","19.19","21.21"
"20952","23","1761.17","1763.19","1764.76","1.57","3.59"
"20953","11","1761.19","1763.21","1767.06","3.85","5.87"
"20956","23","1761.27","1763.29","1763.61","0.31","2.34"
"20958","23","1761.32","1763.34","1764.01","0.66","2.69"
"20961","18","1761.4","1763.42","1763.86","0.44","2.46"
"20978","23","1761.94","1763.96","1805.76","41.79","43.82"
"20981","23","1762.14","1764.16","1764.41","0.25","2.27"
"20982","14","1762.14","1764.16","1764.32","0.16","2.18"
"20991","10","1763.03","1765.05","1767.2","2.15","4.17"
"20992","3","1763.03","1765.05","1770.4","5.35","7.37"
"20994","3","1763.72","1765.74","1766.26","0.52","2.54"
"21013","17","1765.06","1767.08","1880.59","113.51","115.53"
"21025","17","1766.22","1768.24","1770.98","2.74","4.76"
"21045","22","1768.04","1770.06","1781.52","11.46","13.48"
"21070","9","1769.14","1771.16","1772.21","1.05","3.07"
"21071","9","1769.18","1771.2","1772.06","0.86","2.88"
"21072","9","1769.18","1771.2","1772.25","1.05","3.07"
"21074","9","1769.23","1771.25","1772.72","1.47","3.49"
"21075","9","1769.24","1771.26","1782.65","11.39","13.41"
"21077","9","1769.28","1771.3","1774.1","2.8","4.82"
"21078","9","1769.28","1771.3","1773.38","2.08","4.1"
"21079","9","1769.3","1771.32","1796.29","24.97","26.99"
"21080","9","1769.3","1771.32","1772.35","1.03","3.05"
"21083","9","1769.45","1771.47","1772.33","0.86","2.88"
"21085","9","1769.47","1771.49","1772.35","0.86","2.88"
"21086","9","1769.47","1771.49","1772.96","1.47","3.49"
"21088","22","1769.54","1771.56","1783.02","11.46","13.48"
"21090","9","1769.56","1771.58","1772.44","0.86","2.88"
"21096","1","1769.84","1771.86","1773.97","2.11","4.13"
"21102","9","1769.85","1771.87","1772.65","0.78","2.8"
"21107","9","1770.04","1772.06","1772.84","0.78","2.8"
"21108","9","1770.04","1772.06","1773.11","1.05","3.07"
"21109","9","1770.06","1772.08","1772.76","0.68","2.7"
"21110","9","1770.06","1772.08","1772.95","0.86","2.89"
"21112","1","1770.07","1772.09","1772.52","0.43","2.45"
"21115","1","1770.32","1772.34","1772.75","0.41","2.43"
"21132","1","1770.99","1773.01","1773.48","0.47","2.49"
"21140","1","1771.24","1773.26","1775.72","2.46","4.48"
"21147","9","1771.33","1773.35","1774.09","0.74","2.76"
"21156","9","1771.63","1773.65","1774.43","0.78","2.8"
"21157","9","1771.64","1773.66","1774.71","1.05","3.07"
"21161","9","1771.72","1773.74","1774.79","1.05","3.07"
"21162","9","1771.72","1773.74","1774.52","0.78","2.8"
"21164","9","1771.72","1773.74","1787.27","13.53","15.55"
"21165","9","1771.78","1773.8","1774.58","0.78","2.8"
"21166","9","1771.78","1773.8","1774.58","0.78","2.8"
"21167","9","1771.78","1773.8","1774.54","0.74","2.76"
"21168","9","1771.79","1773.81","1787.34","13.53","15.55"
"21169","22","1771.86","1773.88","1785.34","11.46","13.48"
"21178","10","1772.06","1774.08","1775.58","1.5","3.52"
"21197","22","1772.63","1774.65","1782.43","7.78","9.8"
"21198","10","1772.64","1774.66","1783.04","8.38","10.4"
"21199","10","1772.78","1774.8","1779.14","4.34","6.36"
"21203","21","1772.9","1774.92","1776.12","1.2","3.22"
"21218","23","1773.43","1775.45","1820.76","45.31","47.33"
"21220","22","1773.43","1775.45","1776.45","1","3.02"
"21226","23","1773.58","1775.6","1777.17","1.57","3.59"
"21264","23","1775.4","1777.42","1777.71","0.29","2.31"
"21269","23","1775.47","1777.49","1777.8","0.31","2.33"
"21303","16","1777.09","1779.11","1779.27","0.16","2.18"
"21304","11","1777.12","1779.14","1779.5","0.36","2.38"
"21306","11","1777.14","1779.16","1779.52","0.36","2.38"
"21310","16","1777.34","1779.36","1794.22","14.86","16.88"
"21360","22","1779.76","1781.78","1781.89","0.11","2.13"
"21392","8","1781.26","1783.28","1784.19","0.91","2.93"
"21393","17","1781.28","1783.3","1783.75","0.45","2.47"
"21394","17","1781.28","1783.3","1886.81","103.51","105.53"
"21395","17","1781.29","1783.31","1783.76","0.45","2.47"
"21399","17","1781.44","1783.46","1784.11","0.65","2.67"
"21407","19","1781.9","1783.92","1783.97","0.05","2.07"
"21438","13","1784.58","1786.6","1790.23","3.63","5.65"
"21456","3","1785.21","1787.23","1788.23","1","3.02"
"21487","9","1786.26","1788.28","1789.15","0.86","2.89"
"21488","9","1786.26","1788.28","1788.96","0.68","2.7"
"21490","9","1786.29","1788.31","1789.05","0.74","2.76"
"21494","23","1786.34","1788.36","1789.36","1","3.02"
"21495","10","1786.37","1788.39","1798.04","9.65","11.67"
"21496","10","1786.37","1788.39","1790.55","2.15","4.18"
"21498","23","1786.43","1788.45","1789.45","1","3.02"
"21501","9","1786.53","1788.55","1789.23","0.68","2.7"
"21502","9","1786.53","1788.55","1789.42","0.86","2.89"
"21506","9","1786.61","1788.63","1789.69","1.05","3.08"
"21508","10","1786.71","1788.73","1806.38","17.65","19.67"
"21517","9","1786.78","1788.8","1795.03","6.23","8.25"
"21518","9","1786.78","1788.8","1792.31","3.51","5.53"
"21520","21","1786.79","1788.81","1789.19","0.38","2.4"
"21521","3","1786.8","1788.82","1789.04","0.22","2.24"
"21522","23","1786.8","1788.82","1789.49","0.66","2.69"
"21523","9","1786.83","1788.85","1789.71","0.86","2.88"
"21524","9","1786.83","1788.85","1790.32","1.47","3.49"
"21525","9","1786.88","1788.9","1789.9","1","3.02"
"21526","9","1786.88","1788.9","1790.37","1.47","3.49"
"21533","9","1787.1","1789.12","1789.98","0.86","2.88"
"21544","9","1787.39","1789.41","1804.11","14.7","16.72"
"21546","17","1787.41","1789.43","1792.17","2.74","4.76"
"21549","9","1787.42","1789.44","1790.12","0.68","2.7"
"21551","9","1787.46","1789.48","1790.28","0.8","2.82"
"21552","9","1787.46","1789.48","1790.48","1","3.02"
"21553","9","1787.52","1789.54","1790.54","1","3.02"
"21554","9","1787.52","1789.54","1790.22","0.68","2.7"
"21559","17","1787.78","1789.8","1790.8","1","3.02"
"21570","21","1788.27","1790.29","1791.52","1.23","3.25"
"21573","9","1788.31","1790.33","1791.38","1.05","3.07"
"21574","9","1788.31","1790.33","1791.11","0.78","2.8"
"21576","9","1788.35","1790.37","1791.05","0.68","2.7"
"21578","9","1788.39","1790.41","1791.19","0.78","2.8"
"21579","9","1788.42","1790.44","1791.49","1.05","3.07"
"21580","9","1788.42","1790.44","1791.91","1.47","3.49"
"21582","9","1788.45","1790.47","1791.52","1.05","3.07"
"21583","9","1788.47","1790.49","1791.96","1.47","3.49"
"21584","9","1788.47","1790.49","1791.27","0.78","2.8"
"21589","9","1788.6","1790.62","1804.15","13.53","15.55"
"21590","9","1788.62","1790.64","1792.11","1.47","3.49"
"21591","9","1788.64","1790.66","1791.4","0.74","2.76"
"21592","9","1788.64","1790.66","1797.74","7.08","9.1"
"21593","9","1788.65","1790.67","1796.9","6.23","8.25"
"21594","9","1788.65","1790.67","1822.82","32.15","34.17"
"21595","9","1788.68","1790.7","1792.05","1.35","3.37"
"21606","17","1789.17","1791.19","1791.7","0.51","2.53"
"21614","20","1789.31","1791.33","1792.33","1","3.02"
"21615","10","1789.32","1791.34","1803.22","11.88","13.9"
"21623","17","1789.68","1791.7","1792.7","1","3.02"
"21627","17","1789.72","1791.74","1792.2","0.46","2.48"
"21631","17","1789.87","1791.89","1792.89","1","3.02"
"21633","10","1789.88","1791.9","1794.05","2.15","4.17"
"21658","1","1790.75","1792.77","1795.09","2.31","4.34"
"21664","10","1790.78","1792.8","1794.96","2.15","4.18"
"21668","10","1790.85","1792.87","1794.37","1.5","3.52"
"21703","23","1792.67","1794.69","1795","0.31","2.33"
"21734","23","1794.34","1796.36","1797.03","0.66","2.69"
"21767","23","1795.98","1798","1799","1","3.02"
"21772","23","1796.13","1798.15","1839.93","41.78","43.8"
"21777","23","1796.66","1798.68","1799.34","0.66","2.68"
"21783","23","1796.92","1798.94","1799.94","1","3.02"
"21784","23","1796.92","1798.94","1799.23","0.29","2.31"
"21822","11","1799.74","1801.76","1805.61","3.85","5.87"
