"Container ID","VM ID","Function ID","Start Time","Finish Time","Finished Request Count"
"1","1","9","3.02","26.54","1"
"2","2","23","3.02","24.41","3"
"3","3","10","3.02","25.35","2"
"4","4","9","3.02","36.93","4"
"5","5","9","3.02","29.8","4"
"6","6","9","3.02","26.55","1"
"7","7","9","3.03","28.32","2"
"8","8","22","3.03","13.49","1"
"9","9","9","3.03","16.91","3"
"10","10","10","3.03","14.9","1"
"11","11","1","3.04","15.5","1"
"12","12","23","3.05","14.14","2"
"13","13","17","3.06","14.06","1"
"14","14","9","3.08","17.26","2"
"15","15","9","3.08","13.76","1"
"16","16","9","3.1","14.57","1"
"17","17","9","3.15","26.67","1"
"18","18","9","3.19","13.96","1"
"19","19","9","3.56","14.23","1"
"20","20","9","3.95","27.47","1"
"21","21","9","3.96","27.48","1"
"22","22","9","3.97","15.02","1"
"23","23","9","3.98","14.84","1"
"24","24","9","4.19","15.05","1"
"25","25","9","4.2","27.72","1"
"26","26","10","4.5","15.95","1"
"27","27","9","4.62","15.39","1"
"28","28","9","5","16","1"
"29","29","9","5.13","15.99","1"
"30","30","9","5.13","16.13","1"
"31","31","9","5.34","16.34","1"
"32","32","9","5.4","28.92","1"
"33","1","9","5.52","30.22","2"
"34","2","23","5.6","34.78","1"
"35","3","16","6.1","17.1","1"
"36","4","10","6.64","17.86","1"
"37","5","3","7.41","17.93","1"
"38","6","23","37.56","93.7","3"
"39","7","9","43.81","67.33","1"
"40","8","9","43.94","80.44","3"
"41","9","9","43.94","67.46","1"
"42","10","8","43.98","59.49","1"
"43","11","9","43.98","54.72","1"
"44","12","9","43.98","67.5","1"
"45","13","9","43.98","54.66","1"
"46","14","17","43.98","54.25","1"
"47","15","9","43.98","54.73","1"
"48","16","9","43.99","55.46","1"
"49","17","9","43.99","67.51","1"
"50","18","9","43.99","67.51","1"
"51","19","11","43.99","54.1","1"
"52","20","9","43.99","55.46","1"
"53","21","23","44.01","54.32","1"
"54","22","10","53.51","80.36","2"
"55","23","1","54.72","65.13","1"
"56","24","16","56.62","66.84","1"
"57","25","10","64.73","76.47","1"
"58","26","10","64.82","86.7","1"
"59","27","9","87.24","100.09","2"
"60","28","21","95.46","105.65","1"
"61","29","9","103.39","142.77","4"
"62","30","9","116.19","137.76","5"
"63","31","9","116.26","138.34","5"
"64","32","10","118.46","138.11","1"
"65","1","23","124.63","178.83","2"
"66","2","10","126.01","141.81","2"
"67","3","10","126.23","137.45","1"
"68","4","10","126.64","146.29","1"
"69","5","9","127.12","264.46","26"
"70","6","9","127.41","138.27","1"
"71","7","1","127.69","138.16","1"
"72","8","3","128.23","139.57","1"
"73","9","9","129","163.28","3"
"74","10","9","129.28","140.05","1"
"75","11","23","143.37","153.62","1"
"76","12","16","144.02","154.63","1"
"77","13","22","151.11","164.29","1"
"78","14","13","153.31","164.66","1"
"79","15","23","159.19","177.84","2"
"80","16","16","163.43","180.44","2"
"81","17","9","169.19","216.8","6"
"82","18","9","172.07","183.12","1"
"83","19","19","173.07","183.12","1"
"84","20","1","173.41","183.82","1"
"85","21","23","183.02","200.56","3"
"86","22","10","189.45","200.95","1"
"87","23","9","194.02","204.69","1"
"88","24","9","195.71","216.77","2"
"89","25","7","204.47","215.47","1"
"90","26","23","210.43","220.68","1"
"91","27","23","222.86","233.15","1"
"92","28","10","222.99","238.35","2"
"93","29","10","224.08","266.47","3"
"94","30","9","230.83","270.37","7"
"95","31","9","232.81","256.33","1"
"96","32","17","236.9","360.37","1"
"97","1","8","242.99","253.79","1"
"98","2","1","244.72","255.13","1"
"99","3","9","245.8","1258.91","143"
"100","4","9","246.38","263.96","3"
"101","5","9","246.81","257.86","1"
"102","6","23","247.06","276.24","1"
"103","7","9","247.33","258.1","1"
"104","8","9","247.56","258.23","1"
"105","9","23","247.58","349.35","2"
"106","10","23","247.79","317.6","3"
"107","11","9","248.23","271.75","1"
"108","12","16","248.45","258.61","1"
"109","13","10","277.02","295.56","2"
"110","14","23","282.39","293.05","1"
"111","15","23","283.28","293.59","1"
"112","16","9","299.24","324.52","2"
"113","17","1","303.02","314.36","1"
"114","18","9","303.02","325.22","2"
"115","19","9","303.02","314.49","1"
"116","20","1","303.04","313.46","1"
"117","21","9","303.04","314.04","1"
"118","22","9","303.04","314.04","1"
"119","23","10","314.2","347.64","3"
"120","24","9","327.68","348.61","2"
"121","25","9","327.74","349.29","2"
"122","26","17","338.96","349.22","1"
"123","27","23","363.02","433.01","7"
"124","28","23","363.03","378.25","3"
"125","29","11","365.1","375.46","1"
"126","30","9","365.99","376.99","1"
"127","31","9","366.19","376.96","1"
"128","32","9","366.38","377.12","1"
"129","1","10","366.59","378.04","1"
"130","2","9","366.8","1827.68","210"
"131","3","1","367.01","377.43","1"
"132","4","9","367.25","1001.79","143"
"133","5","9","367.46","378.93","1"
"134","6","23","367.9","1118.16","42"
"135","7","23","368.11","380.26","2"
"136","8","9","368.3","671.15","89"
"137","9","1","368.5","380.96","1"
"138","10","17","375.94","657.61","10"
"139","11","10","384.68","521.08","18"
"140","12","9","386.37","531.65","40"
"141","13","23","387.15","560.62","10"
"142","14","10","388.76","536.33","24"
"143","15","10","388.77","662.12","29"
"144","16","10","388.86","520.88","18"
"145","17","16","389.51","399.67","1"
"146","18","16","389.64","422.67","7"
"147","19","22","389.64","454.03","5"
"148","20","23","389.88","508.94","6"
"149","21","11","390.22","404.57","1"
"150","22","10","390.32","415.58","3"
"151","23","11","390.36","401.41","2"
"152","24","23","390.36","548.49","12"
"153","25","9","390.53","449.7","19"
"154","26","9","390.53","451.29","7"
"155","27","9","390.7","458.94","12"
"156","28","9","390.7","449.23","9"
"157","29","5","390.85","401.83","1"
"158","30","9","391.49","448.09","11"
"159","31","3","391.49","402.22","1"
"160","32","7","391.55","402.55","1"
"161","1","16","391.55","538.71","24"
"162","2","9","391.66","1393.51","137"
"163","3","9","391.68","1257.51","101"
"164","4","9","391.82","1137.19","133"
"165","5","10","391.82","672.67","56"
"166","6","9","392.01","708.64","97"
"167","7","9","392.15","541.3","37"
"168","8","9","392.15","540.96","29"
"169","9","9","392.21","532.27","44"
"170","10","9","392.76","531.53","44"
"171","11","1","393.97","431.19","6"
"172","12","1","397.35","419.11","3"
"173","13","8","398.37","427.92","4"
"174","14","18","398.37","408.82","1"
"175","15","8","399.46","428.34","3"
"176","16","19","400.12","414.72","1"
"177","17","1","401.02","417.02","1"
"178","18","23","401.38","516.95","13"
"179","19","23","401.44","509.94","9"
"180","20","23","401.44","550.09","27"
"181","21","1","401.92","412.33","1"
"182","22","23","402.07","513.31","9"
"183","23","13","402.1","414.01","1"
"184","24","9","402.1","459.68","6"
"185","25","9","402.12","451.29","5"
"186","26","23","402.44","437.97","8"
"187","27","19","402.65","417.82","1"
"188","28","10","402.67","422.32","1"
"189","29","10","402.67","422.32","1"
"190","30","23","402.7","456.98","3"
"191","31","17","402.73","424.77","3"
"192","32","23","403","423.18","3"
"193","1","23","403.03","1880.84","53"
"194","2","23","403.1","1868.16","81"
"195","3","10","405.43","672.34","38"
"196","4","10","406.35","1004.65","49"
"197","5","10","406.81","673.89","36"
"198","6","9","410.94","539.14","43"
"199","7","9","412.82","667.85","58"
"200","8","16","413.41","437.74","3"
"201","9","17","414.3","424.76","1"
"202","10","21","414.45","426.89","2"
"203","11","17","414.7","548.73","3"
"204","12","2","417.23","428.04","1"
"205","13","9","418.26","520.26","28"
"206","14","9","418.31","508.36","34"
"207","15","9","418.31","524.34","26"
"208","16","9","418.51","508.45","15"
"209","17","9","418.51","520.4","20"
"210","18","9","418.52","509.35","9"
"211","19","9","418.52","473.02","13"
"212","20","9","418.57","454.52","7"
"213","21","9","418.77","454.72","7"
"214","22","9","418.77","449.28","5"
"215","23","11","419.58","451.41","7"
"216","24","9","419.6","507.86","17"
"217","25","7","420.84","431.84","1"
"218","26","22","424.52","468.08","8"
"219","27","9","424.76","451.38","2"
"220","28","9","424.76","508.03","9"
"221","29","9","424.76","448.08","4"
"222","30","9","424.76","435.44","1"
"223","31","9","424.77","458.96","2"
"224","32","9","424.77","435.45","1"
"225","1","9","424.77","1860.43","136"
"226","2","9","424.78","1842.59","152"
"227","3","9","424.78","1293.9","109"
"228","4","16","428.7","531.87","8"
"229","5","3","430","464.77","7"
"230","6","17","432.86","569.68","7"
"231","7","1","434.37","536.96","26"
"232","8","17","435.74","559.22","1"
"233","9","11","436.98","473.91","8"
"234","10","1","437.27","459.32","2"
"235","11","9","437.46","530.68","17"
"236","12","7","437.46","451.34","2"
"237","13","9","437.46","508.74","22"
"238","14","9","437.46","509.01","25"
"239","15","9","437.46","525.08","24"
"240","16","9","437.65","508.37","13"
"241","17","9","437.65","473.26","7"
"242","18","9","437.66","508.57","12"
"243","19","9","437.67","454.28","2"
"244","20","9","437.71","454.4","2"
"245","21","21","437.72","475.82","7"
"246","22","9","437.72","449.19","1"
"247","23","9","437.72","448.78","1"
"248","24","9","437.72","448.5","1"
"249","25","1","437.74","450.2","1"
"250","26","9","437.74","448.52","1"
"251","27","9","437.75","473.03","3"
"252","28","1","437.91","448.38","1"
"253","29","1","437.99","448.46","1"
"254","30","9","438.02","448.76","1"
"255","31","9","438.02","448.7","1"
"256","32","9","438.03","448.77","1"
"257","1","10","438.04","1847.1","86"
"258","2","18","438.04","452.04","1"
"259","3","17","438.04","1840.45","15"
"260","4","9","438.04","670.47","51"
"261","5","9","438.04","1003.77","118"
"262","6","9","438.05","704.32","55"
"263","7","1","438.05","520.18","13"
"264","8","9","438.05","539.2","28"
"265","9","1","438.05","459.25","2"
"266","10","9","438.05","531.38","31"
"267","11","9","438.06","534.54","20"
"268","12","9","438.08","531.65","23"
"269","13","9","438.08","521.77","15"
"270","14","9","438.08","523.05","19"
"271","15","9","438.08","508.91","15"
"272","16","9","438.08","509.14","9"
"273","17","9","438.1","472.94","7"
"274","18","9","438.1","473.27","5"
"275","19","10","438.36","473.82","8"
"276","20","1","438.66","459.09","2"
"277","21","17","438.88","1179.49","28"
"278","22","1","439.03","449.45","1"
"279","23","17","439.27","456.83","4"
"280","24","1","439.3","455.3","1"
"281","25","22","442.34","476.06","3"
"282","26","23","442.75","473.04","2"
"283","27","8","442.78","453.69","1"
"284","28","10","442.78","457.42","2"
"285","29","23","442.8","545.66","4"
"286","30","23","442.83","472.98","2"
"287","31","10","442.83","462.48","1"
"288","32","23","442.84","472.68","2"
"289","1","23","442.85","1885.72","47"
"290","2","23","442.85","1325.6","41"
"291","3","10","443.13","672.48","32"
"292","4","10","443.46","709.22","33"
"293","5","22","444.33","474.84","5"
"294","6","23","444.74","670.56","11"
"295","7","22","444.94","479.07","5"
"296","8","23","444.94","1115.02","59"
"297","9","8","445.08","472.48","4"
"298","10","23","445.1","552.76","7"
"299","11","23","445.55","682.17","16"
"300","12","23","445.57","553.76","6"
"301","13","23","445.74","529.3","12"
"302","14","23","445.74","528.87","10"
"303","15","23","445.86","536.67","5"
"304","16","10","446.02","537.15","10"
"305","17","10","446.02","509.18","11"
"306","18","23","446.66","533.58","9"
"307","19","17","447.68","704.25","10"
"308","20","10","447.7","473.79","5"
"309","21","2","447.73","458.55","1"
"310","22","17","447.73","458","1"
"311","23","10","447.74","519.45","8"
"312","24","10","448.35","468.01","1"
"313","25","10","448.36","460.52","1"
"314","26","10","448.39","460.54","1"
"315","27","10","448.4","459.62","1"
"316","28","23","448.66","486.45","3"
"317","29","10","448.77","460.27","1"
"318","30","10","448.79","460.01","1"
"319","31","10","448.9","470.78","1"
"320","32","19","453.97","469.14","1"
"321","1","3","454.97","469.48","3"
"322","2","11","455.18","508.19","10"
"323","3","22","457.05","505.44","4"
"324","4","18","457.74","468.22","1"
"325","5","7","458.66","470.06","1"
"326","6","14","458.84","472.73","1"
"327","7","8","459.08","471.07","2"
"328","8","22","459.98","473.17","1"
"329","9","23","460.35","553.25","12"
"330","10","16","460.53","485.77","2"
"331","11","1","461.72","538.7","8"
"332","12","1","461.72","473.07","1"
"333","13","23","461.73","517.32","3"
"334","14","23","461.73","475.55","3"
"335","15","9","461.75","521.52","10"
"336","16","9","461.75","472.56","1"
"337","17","9","461.75","472.53","1"
"338","18","9","461.79","473.26","1"
"339","19","9","461.79","472.79","1"
"340","20","23","462.01","474.73","3"
"341","21","16","462.2","498.03","7"
"342","22","23","462.22","513.99","1"
"343","23","23","463.86","474.52","1"
"344","24","9","464.28","508.05","7"
"345","25","9","464.3","521.31","8"
"346","26","9","464.3","517.05","4"
"347","27","9","464.3","475.3","1"
"348","28","9","464.3","511.14","3"
"349","29","9","464.31","517.06","3"
"350","30","9","464.31","475.78","1"
"351","31","9","464.31","475.31","1"
"352","32","9","464.33","507.82","3"
"353","1","9","464.33","1815.33","139"
"354","2","9","464.33","1315.39","133"
"355","3","9","464.33","671.97","47"
"356","4","9","464.34","671.46","41"
"357","5","9","464.34","1138.24","131"
"358","6","23","464.51","559","3"
"359","7","5","465.55","476.91","1"
"360","8","8","475.38","486.38","1"
"361","9","8","475.63","486.47","1"
"362","10","8","476.64","507.59","4"
"363","11","19","477.47","503.84","2"
"364","12","17","477.63","1190.87","25"
"365","13","8","477.99","488.83","1"
"366","14","11","478.9","489.26","1"
"367","15","3","478.97","494.49","1"
"368","16","10","478.99","523.86","5"
"369","17","9","479.2","508.75","6"
"370","18","9","479.2","517.03","3"
"371","19","9","479.23","507.94","4"
"372","20","10","479.23","509.7","4"
"373","21","11","479.44","489.8","1"
"374","22","9","479.47","507.9","4"
"375","23","13","480.02","511.45","4"
"376","24","17","480.76","700.98","3"
"377","25","9","480.8","508.08","4"
"378","26","1","480.8","491.27","1"
"379","27","1","480.8","493.26","1"
"380","28","17","480.93","507.89","5"
"381","29","9","481.03","511.14","2"
"382","30","9","481.03","508.03","4"
"383","31","9","481.13","508.08","4"
"384","32","9","481.32","508.24","3"
"385","1","9","481.32","1812.5","120"
"386","2","10","481.76","1259.78","51"
"387","3","3","482.49","507.43","4"
"388","4","19","484.78","518.71","2"
"389","5","22","487.32","503.93","4"
"390","6","19","488.53","503.13","1"
"391","7","10","489.42","564.33","7"
"392","8","16","489.43","507.98","3"
"393","9","17","489.62","1000.74","27"
"394","10","10","489.72","563.93","9"
"395","11","10","489.72","520.29","4"
"396","12","9","489.72","531.02","10"
"397","13","9","489.72","521.77","5"
"398","14","18","489.73","508.36","3"
"399","15","9","489.74","508","3"
"400","16","17","489.74","625.04","7"
"401","17","9","489.74","513.26","1"
"402","18","9","489.74","509.26","4"
"403","19","10","489.74","509.26","3"
"404","20","9","489.74","508.37","3"
"405","21","9","489.75","507.9","3"
"406","22","9","489.76","517.04","2"
"407","23","9","489.76","508.66","4"
"408","24","9","489.77","508.47","3"
"409","25","21","490.35","508.34","2"
"410","26","19","490.87","505.47","1"
"411","27","13","492.26","510.89","2"
"412","28","7","495.45","506.45","1"
"413","29","23","495.51","524.69","1"
"414","30","23","495.53","508.29","2"
"415","31","1","495.67","518.81","2"
"416","32","23","495.68","508.59","3"
"417","1","22","495.73","508.25","3"
"418","2","11","497.18","511.55","1"
"419","3","2","498.33","509.95","1"
"420","4","23","498.74","1305.76","44"
"421","5","23","498.76","555.7","9"
"422","6","23","498.9","553.4","4"
"423","7","23","498.9","534.05","1"
"424","8","8","499","509.8","1"
"425","9","11","499.03","509.14","1"
"426","10","23","499.03","554.39","2"
"427","11","23","499.03","532.72","1"
"428","12","23","499.05","532.99","5"
"429","13","9","499.19","520.34","2"
"430","14","9","499.2","520.4","2"
"431","15","9","499.2","520.4","2"
"432","16","9","499.2","510.31","1"
"433","17","9","499.2","510.2","1"
"434","18","9","499.2","510.2","1"
"435","19","23","499.21","509.52","1"
"436","20","9","499.21","510.21","1"
"437","21","17","499.22","861.6","7"
"438","22","9","499.22","510.22","1"
"439","23","23","499.22","510.79","1"
"440","24","9","499.22","509.97","1"
"441","25","9","499.22","509.9","1"
"442","26","9","499.24","510.71","1"
"443","27","23","499.34","528.52","1"
"444","28","23","499.34","510.01","1"
"445","29","9","499.35","510.22","1"
"446","30","9","499.35","510.82","1"
"447","31","23","499.35","509.67","1"
"448","32","9","499.36","510.83","1"
"449","1","23","499.5","1887.23","39"
"450","2","23","499.52","1852.3","41"
"451","3","9","499.54","1256.68","80"
"452","4","1","499.54","705.87","30"
"453","5","17","499.55","674.13","4"
"454","6","9","499.57","669.76","45"
"455","7","10","499.57","520.75","3"
"456","8","10","499.57","520.04","3"
"457","9","9","499.57","542.57","7"
"458","10","10","499.57","535.89","4"
"459","11","17","499.59","637.81","3"
"460","12","9","499.59","530.61","4"
"461","13","9","499.59","520.81","2"
"462","14","9","499.6","520.22","2"
"463","15","9","499.6","510.61","1"
"464","16","9","499.6","512.01","1"
"465","17","23","499.77","510.02","1"
"466","18","23","499.77","551.54","1"
"467","19","11","499.8","511.2","1"
"468","20","10","499.8","521.68","1"
"469","21","9","499.8","510.48","1"
"470","22","9","499.8","510.55","1"
"471","23","9","499.82","510.56","1"
"472","24","9","499.82","510.82","1"
"473","25","9","499.82","523.35","1"
"474","26","23","499.83","510.49","1"
"475","27","23","499.88","510.55","1"
"476","28","1","510.45","520.86","1"
"477","29","17","510.49","521.14","1"
"478","30","1","510.51","520.98","1"
"479","31","8","513.59","529.1","1"
"480","32","18","515.05","529.93","2"
"481","1","2","519.19","530.19","1"
"482","2","8","519.34","535.97","1"
"483","3","8","520.8","533.98","2"
"484","4","5","520.8","532.52","1"
"485","5","22","520.82","541.51","3"
"486","6","7","522.39","533.79","1"
"487","7","21","526.18","538.05","2"
"488","8","19","527.18","542.35","1"
"489","9","11","529.34","539.7","1"
"490","10","11","531.36","542.36","1"
"491","11","17","531.73","542.73","1"
"492","12","22","544.09","554.55","1"
"493","13","1","544.61","607.24","11"
"494","14","9","544.65","664.11","29"
"495","15","9","544.65","566.45","5"
"496","16","9","544.78","566.12","5"
"497","17","9","544.78","565.7","4"
"498","18","9","544.82","587.67","8"
"499","19","9","544.87","565.77","3"
"500","20","9","544.98","565.82","4"
"501","21","9","544.98","587.25","9"
"502","22","9","544.99","566.17","3"
"503","23","9","545","566.31","3"
"504","24","1","545.11","571.03","2"
"505","25","13","546.58","558.49","1"
"506","26","16","546.59","558.22","1"
"507","27","9","548.11","558.98","1"
"508","28","16","549.61","610.89","5"
"509","29","19","553.15","588.96","2"
"510","30","19","553.86","568.46","1"
"511","31","10","554.24","565.46","1"
"512","32","22","557.04","610.31","4"
"513","1","17","561.24","1912.61","14"
"514","2","18","561.47","571.95","1"
"515","3","13","561.58","584.92","2"
"516","4","13","564.35","588.63","2"
"517","5","13","565.66","577.02","1"
"518","6","11","567.04","591.13","5"
"519","7","10","567.49","662.91","10"
"520","8","10","567.86","608.61","3"
"521","9","16","570.17","678.36","10"
"522","10","16","571.41","611.02","8"
"523","11","3","572.13","601.09","5"
"524","12","3","572.15","587.54","4"
"525","13","8","572.18","640.52","7"
"526","14","23","572.3","661.9","6"
"527","15","17","572.32","706.67","9"
"528","16","9","572.32","641.98","23"
"529","17","9","572.54","608.06","10"
"530","18","16","573","610.43","3"
"531","19","8","573.26","602.74","5"
"532","20","8","573.51","584.34","1"
"533","21","17","573.51","1063.29","12"
"534","22","21","573.61","585.37","2"
"535","23","10","573.74","608.37","4"
"536","24","10","573.76","589.77","3"
"537","25","9","573.76","586.99","2"
"538","26","9","573.76","587.36","4"
"539","27","9","573.76","607.79","6"
"540","28","23","573.84","642.1","7"
"541","29","9","573.84","587.59","4"
"542","30","9","573.84","621.69","5"
"543","31","9","573.89","587.81","3"
"544","32","23","573.89","644.94","6"
"545","1","23","573.9","1873.43","44"
"546","2","9","573.9","1315.4","81"
"547","3","10","573.92","670.94","12"
"548","4","9","573.94","670.75","19"
"549","5","9","573.94","708.8","37"
"550","6","9","573.95","667.9","27"
"551","7","10","573.95","673.48","7"
"552","8","10","574.01","645.86","13"
"553","9","9","574.01","685.67","21"
"554","10","23","574.03","667.61","24"
"555","11","9","574.03","642.74","24"
"556","12","9","574.03","644.36","19"
"557","13","10","574.07","648.05","12"
"558","14","10","574.08","609.32","6"
"559","15","9","574.09","642.35","9"
"560","16","9","574.09","609.98","4"
"561","17","9","574.09","608.02","11"
"562","18","9","574.09","587.52","3"
"563","19","10","574.11","643.12","6"
"564","20","9","574.11","608.45","8"
"565","21","9","574.11","587.56","3"
"566","22","17","574.12","722.2","8"
"567","23","9","574.12","622.48","6"
"568","24","10","574.14","607.29","4"
"569","25","9","574.15","587.7","4"
"570","26","10","574.15","606.83","3"
"571","27","17","574.15","585.15","1"
"572","28","23","574.15","642","7"
"573","29","9","574.22","586.87","3"
"574","30","9","574.22","586.96","2"
"575","31","9","574.22","621.7","4"
"576","32","9","574.26","587.27","2"
"577","1","23","574.28","1878.26","28"
"578","2","9","574.28","1394.61","71"
"579","3","9","574.33","1293.53","80"
"580","4","9","574.33","1005.13","81"
"581","5","9","574.34","671.3","30"
"582","6","9","574.34","685.75","28"
"583","7","9","574.36","667.84","28"
"584","8","23","574.36","780.44","28"
"585","9","23","574.37","646.2","14"
"586","10","9","574.37","663.65","27"
"587","11","9","574.39","642.83","17"
"588","12","21","574.4","585.4","1"
"589","13","23","574.4","661.44","10"
"590","14","9","574.4","670.34","21"
"591","15","11","574.5","588.2","3"
"592","16","23","574.5","662.46","6"
"593","17","23","574.51","644.74","16"
"594","18","23","574.53","677.18","4"
"595","19","17","574.74","1041.24","13"
"596","20","9","576.02","588.04","2"
"597","21","9","576.02","587.67","2"
"598","22","9","576.04","642.14","10"
"599","23","10","576.04","590.29","2"
"600","24","9","576.18","587.04","1"
"601","25","9","576.18","586.96","1"
"602","26","9","576.18","587.18","1"
"603","27","9","576.19","623.27","5"
"604","28","21","576.19","586.38","1"
"605","29","9","576.19","586.93","1"
"606","30","9","576.19","586.97","1"
"607","31","9","576.34","587.81","1"
"608","32","9","576.37","587.42","1"
"609","1","9","576.38","1812.98","98"
"610","2","9","576.4","1299.83","50"
"611","3","9","576.44","1261.58","50"
"612","4","9","576.48","671.8","7"
"613","5","9","576.48","671.86","15"
"614","6","9","576.52","671.34","22"
"615","7","19","576.87","592.54","1"
"616","8","9","577.04","684.99","22"
"617","9","9","577.04","667.46","31"
"618","10","9","577.06","644.3","12"
"619","11","9","577.06","663.18","14"
"620","12","11","577.6","588.6","1"
"621","13","3","578.34","588.86","1"
"622","14","9","578.42","676.53","22"
"623","15","9","578.42","662.16","15"
"624","16","9","578.42","642.01","13"
"625","17","10","578.8","643.51","6"
"626","18","10","578.81","590.68","1"
"627","19","9","578.82","607.74","6"
"628","20","9","578.84","642.26","10"
"629","21","10","580.03","622.63","4"
"630","22","10","580.84","606.91","4"
"631","23","1","580.85","626.82","5"
"632","24","14","584.68","600.63","2"
"633","25","17","588.59","741.45","5"
"634","26","17","589.38","624.54","6"
"635","27","17","589.48","715.68","3"
"636","28","14","590.16","600.64","2"
"637","29","9","590.44","621.74","2"
"638","30","9","590.46","621.74","2"
"639","31","9","590.46","621.45","4"
"640","32","1","590.67","601.08","1"
"641","1","9","590.67","1839.72","83"
"642","2","9","590.67","1845.98","162"
"643","3","9","590.7","1255.87","64"
"644","4","9","590.72","1221.35","87"
"645","5","1","590.72","644.36","6"
"646","6","23","590.86","670.9","8"
"647","7","9","590.86","684.85","18"
"648","8","9","590.86","703.66","23"
"649","9","9","590.86","668.48","18"
"650","10","9","590.86","643.33","16"
"651","11","2","590.91","630.64","1"
"652","12","1","591.14","677.84","19"
"653","13","8","591.64","614.6","3"
"654","14","22","592.28","641.46","9"
"655","15","9","592.62","675.08","12"
"656","16","11","593.38","625.68","5"
"657","17","22","593.4","610.96","4"
"658","18","23","593.49","641.71","7"
"659","19","16","593.74","606.76","2"
"660","20","22","593.84","607.73","2"
"661","21","23","593.86","645.64","1"
"662","22","10","594.1","607.06","2"
"663","23","9","594.12","607.85","3"
"664","24","2","594.73","605.3","1"
"665","25","10","597.61","622.28","2"
"666","26","9","598","623.27","2"
"667","27","9","598","609","1"
"668","28","10","598.16","622.95","2"
"669","29","9","598.19","609.19","1"
"670","30","16","598.26","609.26","1"
"671","31","10","598.38","610.25","1"
"672","32","10","598.61","610.06","1"
"673","1","10","598.66","1811.55","62"
"674","2","23","598.96","673.61","11"
"675","3","9","599.09","1258.61","87"
"676","4","9","599.09","670.51","8"
"677","5","9","599.11","667.91","4"
"678","6","23","599.16","1216.4","80"
"679","7","9","599.16","667.92","8"
"680","8","23","599.28","686.25","8"
"681","9","9","599.28","663.19","18"
"682","10","9","599.41","643.94","9"
"683","11","9","599.44","642.74","5"
"684","12","9","599.44","663.28","9"
"685","13","23","602.33","736.88","13"
"686","14","11","608.73","644.75","8"
"687","15","13","609.51","620.78","1"
"688","16","21","612.13","622.33","1"
"689","17","23","612.24","681.79","6"
"690","18","1","612.67","643.82","4"
"691","19","23","612.69","661.25","8"
"692","20","23","612.7","665.17","1"
"693","21","23","612.71","664.5","1"
"694","22","9","612.71","646.98","3"
"695","23","23","612.72","623.38","1"
"696","24","9","612.76","671.53","5"
"697","25","19","612.76","630.72","1"
"698","26","9","612.76","623.44","1"
"699","27","9","612.77","642.47","4"
"700","28","9","612.8","642.51","3"
"701","29","9","612.82","642.42","3"
"702","30","23","612.82","623.14","1"
"703","31","9","612.82","636.35","1"
"704","32","23","612.83","623.08","1"
"705","1","9","612.83","1851.3","70"
"706","2","10","612.83","1297.52","46"
"707","3","10","612.83","708.42","5"
"708","4","10","612.83","671.77","4"
"709","5","23","612.85","1289.56","45"
"710","6","10","612.85","660.65","2"
"711","7","10","612.85","660.4","4"
"712","8","9","612.85","666.79","13"
"713","9","9","612.86","674.07","13"
"714","10","9","612.86","643.13","12"
"715","11","9","612.86","643.51","11"
"716","12","9","612.86","643.83","10"
"717","13","9","612.86","663.23","6"
"718","14","10","612.86","660.9","6"
"719","15","9","612.87","642.25","2"
"720","16","9","612.87","641.91","8"
"721","17","9","612.87","642.52","9"
"722","18","9","612.88","671.44","6"
"723","19","23","612.92","664.71","1"
"724","20","10","612.92","649.95","3"
"725","21","23","612.94","679.3","3"
"726","22","23","613","662.21","4"
"727","23","23","613.21","679.36","3"
"728","24","19","613.24","643.83","4"
"729","25","19","613.27","631.23","1"
"730","26","10","613.28","642.5","4"
"731","27","10","613.3","643.67","2"
"732","28","19","613.33","627.94","1"
"733","29","23","613.42","623.71","1"
"734","30","16","613.77","627.52","3"
"735","31","19","613.77","661.58","4"
"736","32","10","613.78","645.55","2"
"737","1","10","613.78","1256.62","34"
"738","2","10","613.8","1295.57","33"
"739","3","17","614.02","1368.68","19"
"740","4","17","614.3","1311.27","11"
"741","5","17","614.38","1016.91","17"
"742","6","17","614.39","1016.36","7"
"743","7","16","615.92","683.87","3"
"744","8","4","617.04","628.26","1"
"745","9","20","617.34","628.37","1"
"746","10","16","618.27","678.53","10"
"747","11","18","619.02","638.62","2"
"748","12","8","621.26","659.69","4"
"749","13","8","621.37","639.69","2"
"750","14","13","625.4","635.82","1"
"751","15","9","625.46","675.12","3"
"752","16","9","625.47","642.31","6"
"753","17","9","625.47","662.27","7"
"754","18","9","625.48","662.26","6"
"755","19","9","625.48","658.72","5"
"756","20","9","625.49","642.16","4"
"757","21","9","625.54","642.26","4"
"758","22","9","625.54","642.94","3"
"759","23","9","625.54","642.48","3"
"760","24","9","625.54","642.35","3"
"761","25","9","625.56","642.27","3"
"762","26","10","625.67","649.4","2"
"763","27","9","625.71","659.02","3"
"764","28","9","625.71","642.38","3"
"765","29","9","625.71","659.12","2"
"766","30","9","625.72","659","2"
"767","31","9","625.74","649.26","1"
"768","32","9","625.74","636.52","1"
"769","1","9","625.83","1861.84","102"
"770","2","9","625.84","1393.36","61"
"771","3","9","625.84","1252.99","58"
"772","4","9","625.98","1221.19","105"
"773","5","10","626.14","660.35","4"
"774","6","10","626.17","644.59","2"
"775","7","9","626.17","667.21","5"
"776","8","9","626.17","990.97","65"
"777","9","9","626.17","675.07","5"
"778","10","9","626.18","642.86","6"
"779","11","9","626.18","674.63","7"
"780","12","9","626.26","675.8","5"
"781","13","9","626.28","641.7","5"
"782","14","10","626.28","642.93","2"
"783","15","9","626.29","641.69","4"
"784","16","9","626.31","642.73","5"
"785","17","9","626.31","642.41","5"
"786","18","9","626.32","658.93","3"
"787","19","9","626.32","642.02","4"
"788","20","9","626.32","642.2","4"
"789","21","10","626.6","643.35","4"
"790","22","13","627.23","638.45","1"
"791","23","7","628.09","639.09","1"
"792","24","6","628.42","639.67","1"
"793","25","8","628.58","640.63","1"
"794","26","8","628.89","639.73","1"
"795","27","10","629.58","662.47","3"
"796","28","3","629.59","658.71","4"
"797","29","23","629.6","658.79","1"
"798","30","23","629.61","683.2","3"
"799","31","10","629.63","642.95","2"
"800","32","23","629.63","659.17","2"
"801","1","10","629.69","1256.02","40"
"802","2","10","630.07","1257.13","21"
"803","3","10","630.08","1112.83","23"
"804","4","10","630.09","646.06","1"
"805","5","23","630.11","1248.97","46"
"806","6","10","630.11","666.58","2"
"807","7","23","630.11","672.21","1"
"808","8","11","630.35","665.51","6"
"809","9","23","630.61","688.18","1"
"810","10","10","630.64","669.7","4"
"811","11","10","630.76","646.26","2"
"812","12","8","630.78","643.35","1"
"813","13","23","630.82","642.65","2"
"814","14","11","630.95","643.7","2"
"815","15","21","630.95","641.95","1"
"816","16","23","631.01","642.16","2"
"817","17","10","631.02","669.96","2"
"818","18","21","631.03","643.46","1"
"819","19","23","631.61","642.28","1"
"820","20","1","631.72","643.95","1"
"821","21","1","631.72","647.73","1"
"822","22","23","631.73","641.98","1"
"823","23","23","631.76","642.08","1"
"824","24","23","631.86","683.64","1"
"825","25","23","631.87","642.16","1"
"826","26","23","631.87","642.19","1"
"827","27","1","632.36","642.89","1"
"828","28","1","632.53","644.64","1"
"829","29","10","633.12","644.62","1"
"830","30","11","633.2","644.03","1"
"831","31","16","633.22","662.28","4"
"832","32","21","633.34","645.66","1"
"833","1","22","633.39","709.77","7"
"834","2","23","633.47","1868.02","42"
"835","3","23","633.48","1311","16"
"836","4","10","634.11","672.92","3"
"837","5","16","637.91","702.72","7"
"838","6","8","647.32","681.99","3"
"839","7","17","649.15","659.93","1"
"840","8","11","651.58","661.96","1"
"841","9","22","652.12","707.78","4"
"842","10","2","652.32","662.89","1"
"843","11","16","653.21","663.43","1"
"844","12","22","654.38","664.49","1"
"845","13","21","654.62","665.28","1"
"846","14","1","654.68","680.92","2"
"847","15","1","654.68","670.94","1"
"848","16","22","656.25","666.32","1"
"849","17","13","665.77","685.86","2"
"850","18","17","665.77","676.77","1"
"851","19","19","675.38","685.43","1"
"852","20","22","675.71","685.82","1"
"853","21","22","676.5","686.96","1"
"854","22","22","676.64","698.09","1"
"855","23","10","676.8","708.71","3"
"856","24","17","679.18","929.18","5"
"857","25","11","680.68","698.71","6"
"858","26","3","682.7","696.63","2"
"859","27","1","687.76","699.1","1"
"860","28","9","687.76","699.92","2"
"861","29","9","687.78","698.83","1"
"862","30","9","687.87","699.34","1"
"863","31","9","687.89","698.63","1"
"864","32","9","687.89","734.52","8"
"865","1","9","688.04","1862.62","87"
"866","2","9","688.05","1843.97","126"
"867","3","9","688.05","1252.49","43"
"868","4","9","688.06","1137.75","50"
"869","5","9","688.08","708.08","6"
"870","6","9","688.08","991.25","61"
"871","7","9","688.09","991.08","61"
"872","8","9","688.11","703.47","3"
"873","9","9","688.11","985.69","48"
"874","10","10","688.19","765.26","11"
"875","11","9","688.25","699.25","1"
"876","12","9","688.28","699.99","2"
"877","13","9","688.28","699.99","2"
"878","14","9","688.37","699.97","2"
"879","15","9","688.44","700.23","2"
"880","16","9","688.45","699.5","1"
"881","17","9","688.45","699.32","1"
"882","18","9","688.51","699.51","1"
"883","19","9","688.54","699.59","1"
"884","20","9","688.66","699.44","1"
"885","21","9","688.67","699.53","1"
"886","22","9","688.67","699.35","1"
"887","23","9","688.7","699.56","1"
"888","24","9","688.9","699.58","1"
"889","25","10","688.92","718.91","3"
"890","26","9","688.92","699.7","1"
"891","27","10","688.92","700.14","1"
"892","28","10","688.94","700.8","1"
"893","29","9","688.98","699.65","1"
"894","30","9","689.12","699.86","1"
"895","31","9","689.14","700.19","1"
"896","32","9","689.25","712.77","1"
"897","1","9","689.71","1832.64","78"
"898","2","10","689.73","1844.34","71"
"899","3","9","689.8","1293.86","64"
"900","4","9","689.8","1003.9","43"
"901","5","9","689.81","1127.27","76"
"902","6","9","689.81","1100.36","58"
"903","7","10","689.88","992.5","40"
"904","8","9","689.9","703.79","2"
"905","9","9","689.92","700.97","1"
"906","10","9","689.95","740.96","11"
"907","11","10","689.97","708.8","2"
"908","12","9","689.97","700.75","1"
"909","13","9","690.43","701.11","1"
"910","14","9","690.46","701.2","1"
"911","15","11","690.56","701.97","1"
"912","16","10","690.98","739.32","7"
"913","17","17","691.2","969.11","15"
"914","18","17","691.2","706.58","2"
"915","19","17","691.21","701.48","1"
"916","20","17","692.07","702.33","1"
"917","21","2","694.7","736.01","2"
"918","22","7","695.62","706.62","1"
"919","23","7","697.03","708.03","1"
"920","24","8","698.09","723.63","2"
"921","25","19","699.22","713.83","1"
"922","26","19","700.65","710.7","1"
"923","27","1","708.74","758.67","7"
"924","28","3","708.75","719.48","1"
"925","29","16","710.78","746.35","3"
"926","30","1","711.46","741.84","8"
"927","31","1","712.57","739.22","2"
"928","32","1","712.91","728.91","1"
"929","1","16","713.05","1017.76","17"
"930","2","18","713.2","736.86","1"
"931","3","11","713.82","742.71","5"
"932","4","1","715.59","1218.96","65"
"933","5","13","717.37","735.62","2"
"934","6","9","721.57","1002.81","46"
"935","7","18","721.8","735.8","1"
"936","8","10","721.8","974.64","33"
"937","9","9","721.87","857.78","21"
"938","10","9","722.01","755.96","3"
"939","11","9","722.08","740.5","7"
"940","12","9","722.2","736.7","3"
"941","13","9","722.22","842.74","15"
"942","14","22","722.22","733.87","2"
"943","15","5","722.6","735.26","1"
"944","16","10","722.64","739.04","2"
"945","17","10","722.67","739.65","3"
"946","18","9","722.69","755.61","5"
"947","19","9","722.7","736.94","3"
"948","20","9","722.7","736.83","3"
"949","21","16","722.7","769.67","5"
"950","22","10","722.7","756.73","4"
"951","23","9","722.71","735.41","3"
"952","24","9","722.75","734.91","2"
"953","25","9","722.8","735.52","2"
"954","26","9","722.8","735.11","2"
"955","27","9","722.81","734.93","2"
"956","28","9","722.81","734.84","2"
"957","29","9","722.86","734.93","2"
"958","30","10","722.86","752.86","2"
"959","31","23","723.02","734.59","1"
"960","32","23","723.02","734.78","3"
"961","1","10","723.02","1824.86","42"
"962","2","19","723.03","930.15","8"
"963","3","22","723.11","883.99","9"
"964","4","9","723.11","1222.95","66"
"965","5","9","723.14","1242.34","81"
"966","6","9","723.28","992.06","43"
"967","7","9","723.28","1005.63","54"
"968","8","9","723.28","999.61","41"
"969","9","9","723.3","842.86","25"
"970","10","9","723.31","755.56","3"
"971","11","9","723.31","740.78","5"
"972","12","9","723.33","737.18","3"
"973","13","23","723.33","784.68","12"
"974","14","10","723.33","761.7","4"
"975","15","9","723.33","755.53","3"
"976","16","10","723.34","761.95","3"
"977","17","9","723.34","816.9","10"
"978","18","9","723.48","736.68","3"
"979","19","9","723.49","736.73","3"
"980","20","9","723.5","737.02","4"
"981","21","9","723.5","737.66","3"
"982","22","9","723.5","737.19","4"
"983","23","19","723.56","738.73","1"
"984","24","9","723.56","755.7","2"
"985","25","9","723.58","735.04","2"
"986","26","9","723.58","734.45","1"
"987","27","21","723.8","734.65","1"
"988","28","10","723.91","751.81","2"
"989","29","9","723.91","747.44","1"
"990","30","10","723.94","735.68","1"
"991","31","9","723.94","735.41","1"
"992","32","16","724.06","734.22","1"
"993","1","9","724.08","1863.63","73"
"994","2","10","724.12","1297.86","25"
"995","3","9","724.12","1300.19","54"
"996","4","16","724.2","819.65","7"
"997","5","9","724.2","1005.08","54"
"998","6","9","724.2","1127.15","68"
"999","7","23","724.28","1200.96","40"
"1000","8","19","724.38","756.8","2"
"1001","9","9","724.39","842.86","19"
"1002","10","9","724.47","741.14","4"
"1003","11","9","724.48","755.71","3"
"1004","12","10","724.48","738.51","2"
"1005","13","9","724.48","736.39","2"
"1006","14","9","724.55","736.4","2"
"1007","15","9","724.56","736.53","2"
"1008","16","9","724.56","755.64","3"
"1009","17","9","724.61","736.81","2"
"1010","18","23","724.61","737.38","3"
"1011","19","16","724.63","779.31","8"
"1012","20","9","724.63","736.77","2"
"1013","21","23","724.72","736.21","2"
"1014","22","9","724.72","735.5","1"
"1015","23","23","724.83","777.73","2"
"1016","24","9","724.9","735.95","1"
"1017","25","9","724.92","735.6","1"
"1018","26","21","724.92","735.92","1"
"1019","27","9","724.93","735.98","1"
"1020","28","23","724.93","737.17","2"
"1021","29","23","725.02","736.59","1"
"1022","30","23","725.22","736.79","1"
"1023","31","9","725.22","748.75","1"
"1024","32","9","725.22","748.75","1"
"1025","1","9","725.25","1812.99","72"
"1026","2","9","725.25","1394.48","43"
"1027","3","9","725.27","1254.69","52"
"1028","4","23","725.44","1299.66","28"
"1029","5","23","725.46","1201.68","40"
"1030","6","9","725.47","990.96","39"
"1031","7","23","725.54","1119.32","31"
"1032","8","10","725.75","788.48","8"
"1033","9","9","726.09","755.64","3"
"1034","10","10","726.09","896.55","23"
"1035","11","9","726.09","740.6","3"
"1036","12","11","726.1","736.46","1"
"1037","13","9","726.1","736.97","1"
"1038","14","9","726.11","736.79","1"
"1039","15","19","726.11","740.72","1"
"1040","16","10","726.11","738.95","1"
"1041","17","9","726.11","736.89","1"
"1042","18","9","726.12","736.86","1"
"1043","19","23","726.12","736.78","1"
"1044","20","23","726.12","737.12","1"
"1045","21","9","726.12","736.86","1"
"1046","22","16","726.12","736.34","1"
"1047","23","9","726.12","755.66","2"
"1048","24","10","726.19","758.43","4"
"1049","25","23","726.23","737.23","1"
"1050","26","23","726.25","737.82","1"
"1051","27","23","726.26","778.04","1"
"1052","28","9","726.26","737.13","1"
"1053","29","9","726.28","737.33","1"
"1054","30","23","726.28","737.28","1"
"1055","31","23","726.28","736.95","1"
"1056","32","9","726.28","737.28","1"
"1057","1","9","726.3","1815.11","95"
"1058","2","9","726.3","1298.71","56"
"1059","3","23","726.34","1299.97","20"
"1060","4","9","726.36","1002.42","31"
"1061","5","9","726.36","1128.07","52"
"1062","6","9","726.36","991.42","32"
"1063","7","9","726.41","993.13","30"
"1064","8","23","726.42","1000.07","16"
"1065","9","23","726.42","780.62","2"
"1066","10","10","726.44","739.55","1"
"1067","11","23","726.59","736.9","1"
"1068","12","23","726.59","737.26","1"
"1069","13","19","727.05","742.22","1"
"1070","14","7","727.7","738.7","1"
"1071","15","11","727.74","739.15","1"
"1072","16","8","728","764.66","5"
"1073","17","8","730.24","741.15","1"
"1074","18","17","730.71","1002.73","6"
"1075","19","3","730.75","746.1","1"
"1076","20","8","731.24","743.29","1"
"1077","21","17","731.25","741.51","1"
"1078","22","15","731.49","755.56","2"
"1079","23","8","732.66","743.5","1"
"1080","24","3","735.29","745.81","1"
"1081","25","2","739.81","779.54","1"
"1082","26","23","740.41","968.02","16"
"1083","27","13","740.41","754.04","1"
"1084","28","23","740.68","777.83","4"
"1085","29","23","741.57","779.2","4"
"1086","30","22","741.69","768.01","2"
"1087","31","23","741.83","779.21","3"
"1088","32","23","742.04","777.95","2"
"1089","1","23","742.27","1319.39","16"
"1090","2","10","742.89","1605.59","47"
"1091","3","10","743.43","1287.84","35"
"1092","4","23","743.64","1298.76","42"
"1093","5","11","745.8","756.24","1"
"1094","6","19","746.38","764.46","1"
"1095","7","22","746.58","781.23","4"
"1096","8","21","746.81","761.1","2"
"1097","9","23","746.84","779.5","3"
"1098","10","1","746.87","795.9","9"
"1099","11","3","750.34","760.86","1"
"1100","12","8","752.78","781.09","4"
"1101","13","23","753.19","805.78","2"
"1102","14","17","753.95","1252.52","20"
"1103","15","23","755.42","968.25","25"
"1104","16","17","756.1","784.7","4"
"1105","17","17","763.48","993.79","4"
"1106","18","1","763.54","773.95","1"
"1107","19","7","766.61","778.01","1"
"1108","20","10","767.96","843.28","11"
"1109","21","10","768.46","856.03","8"
"1110","22","19","769.62","779.67","1"
"1111","23","9","769.63","809.26","6"
"1112","24","9","769.63","809.57","6"
"1113","25","9","769.63","805.53","5"
"1114","26","9","769.65","780.39","1"
"1115","27","9","769.65","780.65","1"
"1116","28","9","769.65","780.43","1"
"1117","29","9","769.66","780.71","1"
"1118","30","9","769.77","780.51","1"
"1119","31","9","769.77","781.24","1"
"1120","32","9","769.77","780.45","1"
"1121","1","9","769.77","1850.4","65"
"1122","2","9","769.79","1297.88","43"
"1123","3","9","770.01","1257.51","36"
"1124","4","3","775.25","804.24","3"
"1125","5","17","775.85","1005.1","2"
"1126","6","3","775.87","801.12","3"
"1127","7","10","779.92","990.74","29"
"1128","8","12","779.94","790.94","1"
"1129","9","7","782.05","793.05","1"
"1130","10","18","782.49","802.96","2"
"1131","11","22","784.92","817.08","5"
"1132","12","1","785.36","860.24","16"
"1133","13","1","785.47","796.82","1"
"1134","14","1","785.81","797.92","1"
"1135","15","9","785.89","842.78","13"
"1136","16","8","785.97","821.33","4"
"1137","17","16","786.33","804.92","3"
"1138","18","11","786.53","832.61","8"
"1139","19","11","786.94","808.58","4"
"1140","20","8","786.94","802.45","1"
"1141","21","11","787.06","797.42","1"
"1142","22","1","787.32","813.83","3"
"1143","23","21","788.45","806.35","2"
"1144","24","8","789.99","802.04","1"
"1145","25","3","790.44","801.44","1"
"1146","26","10","790.69","895.96","14"
"1147","27","10","791","844.07","7"
"1148","28","8","792.78","808.29","1"
"1149","29","10","793.06","843.42","6"
"1150","30","17","794.08","917.47","3"
"1151","31","23","795.37","831.39","6"
"1152","32","17","795.39","807.71","2"
"1153","1","9","795.4","1815.05","77"
"1154","2","9","795.4","1298.65","59"
"1155","3","9","795.4","1221.15","35"
"1156","4","9","795.41","1242.08","77"
"1157","5","9","795.42","1128.92","46"
"1158","6","9","795.48","1019.33","43"
"1159","7","9","795.6","1003.2","17"
"1160","8","23","795.6","842.92","9"
"1161","9","23","796.5","807.82","2"
"1162","10","23","796.55","807.55","1"
"1163","11","23","796.73","807.73","1"
"1164","12","9","796.76","842.51","13"
"1165","13","9","796.76","809.47","2"
"1166","14","9","796.76","809.18","2"
"1167","15","9","796.77","845.59","4"
"1168","16","23","796.78","807.44","1"
"1169","17","9","796.78","809.93","2"
"1170","18","22","801.39","861.78","5"
"1171","19","19","803.54","844.92","4"
"1172","20","1","804.22","814.63","1"
"1173","21","2","807.63","818.15","1"
"1174","22","2","809.33","849.07","1"
"1175","23","21","809.81","831.4","3"
"1176","24","3","810.2","820.72","1"
"1177","25","17","810.21","820.86","1"
"1178","26","17","810.21","928.08","2"
"1179","27","16","810.28","820.44","1"
"1180","28","17","812.61","825.35","1"
"1181","29","13","817.11","828.33","1"
"1182","30","1","817.62","833.62","1"
"1183","31","23","818.08","831.39","3"
"1184","32","1","818.19","834.19","1"
"1185","1","1","819.84","1184.39","25"
"1186","2","13","820.16","842.67","2"
"1187","3","9","820.71","1314.15","35"
"1188","4","23","820.83","1290.2","21"
"1189","5","9","820.91","1003.78","25"
"1190","6","9","820.93","991.78","14"
"1191","7","9","820.93","991.6","26"
"1192","8","9","821.22","996.98","38"
"1193","9","9","821.37","842.92","7"
"1194","10","19","821.79","841.97","2"
"1195","11","10","821.8","896.55","9"
"1196","12","9","821.82","842.86","6"
"1197","13","9","821.82","858.2","4"
"1198","14","9","821.82","847.78","2"
"1199","15","23","821.82","969.78","13"
"1200","16","9","821.83","848.27","2"
"1201","17","9","821.83","843.03","6"
"1202","18","23","821.83","968.17","8"
"1203","19","23","821.83","843.48","2"
"1204","20","9","821.85","845.37","1"
"1205","21","1","821.85","835.21","2"
"1206","22","9","821.87","843.25","5"
"1207","23","23","821.87","832.16","1"
"1208","24","9","821.9","852.53","3"
"1209","25","1","821.94","833.28","1"
"1210","26","3","822.77","841.24","2"
"1211","27","11","822.88","833.88","1"
"1212","28","9","824.11","843.29","3"
"1213","29","4","824.13","835.07","1"
"1214","30","9","824.17","843.3","3"
"1215","31","9","824.19","843.34","2"
"1216","32","16","824.37","929.13","7"
"1217","1","16","825.04","1304.96","20"
"1218","2","16","826.24","844.2","1"
"1219","3","18","828.54","840.13","1"
"1220","4","8","829.98","914.57","9"
"1221","5","10","830.91","995.15","23"
"1222","6","8","830.94","865.89","3"
"1223","7","10","831.39","953","13"
"1224","8","8","831.9","852.7","2"
"1225","9","2","831.96","842.96","1"
"1226","10","7","834.01","845.41","1"
"1227","11","23","834.34","891.29","3"
"1228","12","9","834.41","857.94","1"
"1229","13","21","834.76","857.01","2"
"1230","14","21","834.85","847.17","1"
"1231","15","17","836.92","976.32","7"
"1232","16","17","837.19","851.4","2"
"1233","17","3","843.42","858.77","1"
"1234","18","3","844.32","858.08","2"
"1235","19","22","845.39","873.81","2"
"1236","20","10","846.13","857.58","1"
"1237","21","18","848.72","858.91","1"
"1238","22","18","848.74","858.92","1"
"1239","23","11","848.95","866.46","2"
"1240","24","23","850.2","889.8","2"
"1241","25","16","850.21","920.63","5"
"1242","26","23","850.74","861.74","1"
"1243","27","23","850.83","861.83","1"
"1244","28","23","850.99","861.28","1"
"1245","29","1","852.2","872.91","2"
"1246","30","23","852.64","863.64","1"
"1247","31","13","858.6","884.12","3"
"1248","32","10","860.79","875.35","2"
"1249","1","21","860.84","874.6","1"
"1250","2","19","860.89","1047.77","6"
"1251","3","10","861.03","1282.75","28"
"1252","4","18","861.04","871.51","1"
"1253","5","14","861.77","872.06","1"
"1254","6","10","861.89","1000.27","8"
"1255","7","1","862.7","921","5"
"1256","8","1","862.71","889.6","3"
"1257","9","9","862.74","950","23"
"1258","10","1","862.74","874.48","2"
"1259","11","9","863.38","950.02","13"
"1260","12","16","864.76","917.69","5"
"1261","13","1","864.83","875.24","1"
"1262","14","9","865.72","881.79","3"
"1263","15","19","865.72","895.95","2"
"1264","16","9","865.74","882","3"
"1265","17","9","865.74","927.04","14"
"1266","18","9","865.74","927.13","6"
"1267","19","10","865.86","998.91","17"
"1268","20","10","866.08","936.75","8"
"1269","21","9","866.2","882.07","3"
"1270","22","10","866.33","896.2","4"
"1271","23","16","866.59","928.88","9"
"1272","24","23","866.76","886.09","2"
"1273","25","23","867.06","879.33","2"
"1274","26","23","868.9","879.9","1"
"1275","27","23","869.87","968.01","3"
"1276","28","3","870.23","914.62","6"
"1277","29","3","870.32","885.67","1"
"1278","30","9","870.32","893.85","1"
"1279","31","9","870.56","881.24","1"
"1280","32","17","871.87","882.52","1"
"1281","1","11","879.69","937.1","4"
"1282","2","10","881.07","1322.77","17"
"1283","3","10","881.28","1280.36","17"
"1284","4","10","881.48","1113.12","15"
"1285","5","10","881.48","1001.69","10"
"1286","6","5","881.72","891.9","1"
"1287","7","10","886.76","991.08","8"
"1288","8","10","886.88","952.42","10"
"1289","9","21","890.34","902.66","1"
"1290","10","17","891.52","1016","1"
"1291","11","13","893.67","907.3","1"
"1292","12","1","893.82","922.35","6"
"1293","13","17","893.95","1008.86","2"
"1294","14","1","894.05","912.72","3"
"1295","15","2","894.8","934.54","1"
"1296","16","22","895.25","955.25","10"
"1297","17","17","895.41","1022.38","8"
"1298","18","17","895.48","1019.04","1"
"1299","19","1","895.6","908.6","2"
"1300","20","22","895.67","915.63","4"
"1301","21","9","896.21","927.15","8"
"1302","22","9","897.78","913.09","5"
"1303","23","9","897.96","913.11","5"
"1304","24","9","898","913.56","5"
"1305","25","3","898.13","922.85","3"
"1306","26","23","898.2","969.78","9"
"1307","27","23","898.21","929.01","2"
"1308","28","9","898.44","913.46","5"
"1309","29","9","898.45","923.56","2"
"1310","30","2","898.45","940.48","2"
"1311","31","23","898.66","968.63","9"
"1312","32","9","898.7","911.99","3"
"1313","1","23","898.74","1832.81","20"
"1314","2","23","898.82","1316.18","12"
"1315","3","23","898.82","1317.79","9"
"1316","4","23","898.88","1252.31","6"
"1317","5","23","898.94","1286.25","38"
"1318","6","1","899.14","920.69","4"
"1319","7","23","899.25","1248.69","28"
"1320","8","9","899.46","1005.17","13"
"1321","9","7","899.58","921.29","2"
"1322","10","9","899.6","950.07","10"
"1323","11","10","899.66","935.41","5"
"1324","12","10","899.66","951.43","6"
"1325","13","23","899.67","1108.2","21"
"1326","14","23","899.69","987.54","6"
"1327","15","9","899.69","927.14","2"
"1328","16","9","899.7","927.26","4"
"1329","17","9","899.7","927.12","6"
"1330","18","9","899.83","927.88","4"
"1331","19","9","899.84","927.45","5"
"1332","20","9","899.84","927.14","2"
"1333","21","9","900.01","927.29","5"
"1334","22","9","900.02","927.91","2"
"1335","23","9","900.02","913.55","3"
"1336","24","23","900.44","986.78","7"
"1337","25","4","900.69","911.69","1"
"1338","26","9","900.74","949.82","6"
"1339","27","9","900.74","927.29","3"
"1340","28","9","900.74","911.61","1"
"1341","29","9","900.8","911.55","1"
"1342","30","9","900.81","911.49","1"
"1343","31","9","900.92","911.6","1"
"1344","32","9","901.06","912.11","1"
"1345","1","9","901.08","1812.68","61"
"1346","2","9","901.08","1394.18","31"
"1347","3","19","901.54","930.91","1"
"1348","4","11","901.77","935.31","5"
"1349","5","9","902.07","1128.76","53"
"1350","6","9","902.11","990.83","6"
"1351","7","9","902.14","993.32","13"
"1352","8","9","902.14","986.42","15"
"1353","9","9","902.19","985.69","16"
"1354","10","9","902.19","986.02","13"
"1355","11","9","902.2","927.26","2"
"1356","12","9","902.2","985.81","11"
"1357","13","9","902.21","927.23","2"
"1358","14","9","902.21","929.99","3"
"1359","15","9","902.3","950.28","8"
"1360","16","9","902.31","927.04","4"
"1361","17","9","902.31","927.7","2"
"1362","18","10","902.4","935.6","4"
"1363","19","10","902.4","937.16","3"
"1364","20","9","902.44","927.27","3"
"1365","21","10","903.02","919.51","2"
"1366","22","10","903.02","924.9","1"
"1367","23","10","903.04","924.92","1"
"1368","24","10","903.04","915.2","1"
"1369","25","19","903.06","927.78","2"
"1370","26","9","903.27","928.49","2"
"1371","27","9","903.27","913.95","1"
"1372","28","10","903.44","936.47","2"
"1373","29","8","903.5","919.02","1"
"1374","30","10","903.86","916.02","1"
"1375","31","8","904.4","915.2","1"
"1376","32","23","904.46","916.42","3"
"1377","1","10","904.57","1255.65","13"
"1378","2","23","904.77","1383.62","12"
"1379","3","2","905.16","917.54","1"
"1380","4","19","905.73","929.89","1"
"1381","5","23","906.57","1142.21","18"
"1382","6","21","906.9","917.39","1"
"1383","7","23","907.2","1044.68","5"
"1384","8","11","910.59","936.93","2"
"1385","9","19","918.21","932.81","1"
"1386","10","22","918.24","1011.93","12"
"1387","11","22","918.36","928.47","1"
"1388","12","23","919.02","1020.73","8"
"1389","13","23","919.81","1004.2","17"
"1390","14","23","919.82","930.13","1"
"1391","15","17","919.89","1156.96","5"
"1392","16","23","920.21","930.87","1"
"1393","17","7","924.35","934.83","1"
"1394","18","1","924.49","953.57","6"
"1395","19","1","925.51","949.77","3"
"1396","20","1","926.75","955.49","3"
"1397","21","1","927.25","937.67","1"
"1398","22","10","927.25","950.8","3"
"1399","23","18","930.99","949.68","3"
"1400","24","18","931.3","941.74","1"
"1401","25","8","932.85","949.11","3"
"1402","26","16","933.85","1019.96","6"
"1403","27","9","934.27","950.35","2"
"1404","28","9","934.27","950.39","2"
"1405","29","9","934.27","968.17","3"
"1406","30","9","934.33","950.12","2"
"1407","31","9","934.33","950.04","2"
"1408","32","9","934.63","968.8","3"
"1409","1","9","934.63","1816.12","68"
"1410","2","9","934.63","1294.2","21"
"1411","3","9","934.67","1004.79","1"
"1412","4","17","934.74","1308.71","4"
"1413","5","9","934.82","1005.12","8"
"1414","6","21","934.83","950.2","1"
"1415","7","9","934.84","992.05","4"
"1416","8","9","934.86","987.14","9"
"1417","9","19","935.79","999.77","8"
"1418","10","9","936.67","986.02","7"
"1419","11","9","936.85","950.03","2"
"1420","12","7","937.08","948.08","1"
"1421","13","22","937.45","969.55","4"
"1422","14","22","937.73","950.31","2"
"1423","15","22","938.78","948.89","1"
"1424","16","23","938.98","955.74","4"
"1425","17","11","939.34","992.65","8"
"1426","18","8","939.74","985.78","8"
"1427","19","1","939.96","955.97","1"
"1428","20","11","939.98","950.81","1"
"1429","21","10","940.02","951.89","1"
"1430","22","10","940.02","969.54","2"
"1431","23","3","940.04","951.6","2"
"1432","24","11","940.82","951.82","1"
"1433","25","8","940.86","951.7","1"
"1434","26","10","941.32","952.54","1"
"1435","27","3","941.33","951.85","1"
"1436","28","10","941.36","952.81","1"
"1437","29","10","941.36","953.1","1"
"1438","30","9","941.43","952.9","1"
"1439","31","9","941.43","952.21","1"
"1440","32","10","941.44","952.89","1"
"1441","1","9","941.45","1853.62","62"
"1442","2","9","941.45","1328.3","28"
"1443","3","10","941.45","993.42","5"
"1444","4","10","941.47","994.79","3"
"1445","5","10","941.47","991.04","2"
"1446","6","10","941.48","1094.43","19"
"1447","7","9","941.48","993.23","3"
"1448","8","9","941.48","986.48","3"
"1449","9","21","941.48","966.64","3"
"1450","10","1","941.5","991.46","10"
"1451","11","9","941.5","985.8","7"
"1452","12","9","941.51","986.41","6"
"1453","13","9","941.51","952.19","1"
"1454","14","9","941.56","952.61","1"
"1455","15","23","941.57","968.11","6"
"1456","16","9","941.58","952.26","1"
"1457","17","9","941.68","952.36","1"
"1458","18","9","941.71","952.45","1"
"1459","19","17","941.98","952.44","1"
"1460","20","10","941.98","953.72","1"
"1461","21","10","942.06","973.29","3"
"1462","22","10","942.34","954.21","1"
"1463","23","10","942.59","954.33","1"
"1464","24","2","951.69","962.69","1"
"1465","25","11","953.84","968.19","1"
"1466","26","1","958.49","968.96","1"
"1467","27","3","958.93","974.28","1"
"1468","28","9","959.16","969.84","1"
"1469","29","9","959.16","970.21","1"
"1470","30","9","959.16","970.16","1"
"1471","31","9","959.16","970.22","1"
"1472","32","9","959.16","970.03","1"
"1473","1","9","959.17","1316.75","21"
"1474","2","9","959.28","1255.44","22"
"1475","3","9","959.31","1294.27","15"
"1476","4","9","959.58","1003.13","7"
"1477","5","9","959.58","1138.49","31"
"1478","6","9","959.59","991.92","6"
"1479","7","9","959.59","991.17","5"
"1480","8","23","959.61","1007.71","3"
"1481","9","9","959.64","985.69","3"
"1482","10","9","959.64","985.74","3"
"1483","11","9","959.65","986.41","2"
"1484","12","18","959.65","971.41","1"
"1485","13","9","959.66","990.31","2"
"1486","14","9","959.66","977.85","2"
"1487","15","9","959.66","977.86","2"
"1488","16","9","959.66","977.86","2"
"1489","17","18","959.73","969.91","1"
"1490","18","1","959.8","970.27","1"
"1491","19","9","959.8","978.03","2"
"1492","20","9","959.8","970.48","1"
"1493","21","10","959.89","971.63","1"
"1494","22","17","959.9","970.55","1"
"1495","23","9","959.91","970.65","1"
"1496","24","10","959.93","971.67","1"
"1497","25","9","959.95","970.73","1"
"1498","26","17","959.95","970.22","1"
"1499","27","23","959.95","1011.75","1"
"1500","28","9","959.95","970.95","1"
"1501","29","16","961.06","972.7","1"
"1502","30","10","961.06","972.93","1"
"1503","31","19","961.24","979.2","1"
"1504","32","16","961.26","971.48","1"
"1505","1","16","961.64","1079.24","5"
"1506","2","16","962.73","1080.39","4"
"1507","3","14","964.56","992.27","1"
"1508","4","3","964.96","989.18","2"
"1509","5","7","965.54","978.49","1"
"1510","6","7","968.55","981.11","1"
"1511","7","19","970.6","1004.23","2"
"1512","8","21","971.27","982.44","1"
"1513","9","1","975.06","1000.28","5"
"1514","10","22","976.24","986.36","1"
"1515","11","22","976.8","1010.84","2"
"1516","12","23","978.67","1020.79","4"
"1517","13","16","979.38","990.38","1"
"1518","14","10","979.41","1001.29","1"
"1519","15","10","981.3","992.8","1"
"1520","16","10","981.3","1003.18","1"
"1521","17","10","981.3","1000.95","1"
"1522","18","1","982.07","992.48","1"
"1523","19","7","990.12","1000.6","1"
"1524","20","23","991.45","1001.76","1"
"1525","21","23","991.74","1044.09","2"
"1526","22","18","992.7","1003.14","1"
"1527","23","16","997.7","1009.34","1"
"1528","24","21","999.12","1011.44","1"
"1529","25","22","1000.16","1010.23","1"
"1530","26","11","1004.89","1029.35","2"
"1531","27","11","1006.53","1016.64","1"
"1532","28","9","1007.98","1071.95","7"
"1533","29","9","1007.99","1019.92","2"
"1534","30","9","1008.01","1072.12","6"
"1535","31","2","1008.01","1085.47","3"
"1536","32","1","1008.08","1020.54","1"
"1537","1","9","1008.09","1822.72","51"
"1538","2","9","1008.09","1255.07","26"
"1539","3","9","1008.27","1225.58","14"
"1540","4","1","1008.62","1041.67","2"
"1541","5","9","1008.7","1127.51","9"
"1542","6","9","1008.71","1101.09","21"
"1543","7","9","1008.71","1019.49","1"
"1544","8","9","1008.73","1100.56","19"
"1545","9","9","1008.77","1101.2","16"
"1546","10","9","1009.3","1097.18","14"
"1547","11","8","1009.93","1036.25","3"
"1548","12","7","1010.19","1021.59","1"
"1549","13","9","1010.52","1087.66","11"
"1550","14","9","1010.87","1096.82","6"
"1551","15","9","1010.87","1021.65","1"
"1552","16","14","1011.01","1021.5","1"
"1553","17","9","1011.06","1021.84","1"
"1554","18","10","1011.41","1074.64","5"
"1555","19","10","1011.55","1052.6","4"
"1556","20","10","1011.61","1063.27","4"
"1557","21","18","1018.88","1036.22","2"
"1558","22","3","1019.32","1051.7","4"
"1559","23","10","1021.12","1063.27","3"
"1560","24","10","1022.33","1053.13","2"
"1561","25","10","1022.39","1053.28","2"
"1562","26","10","1022.58","1053.45","2"
"1563","27","23","1022.85","1079.31","2"
"1564","28","10","1023.01","1053.58","3"
"1565","29","23","1023.32","1041.75","3"
"1566","30","23","1023.32","1042.34","3"
"1567","31","23","1023.34","1041.13","2"
"1568","32","16","1023.87","1046.49","5"
"1569","1","10","1024.15","1258.34","10"
"1570","2","16","1024.28","1057.68","5"
"1571","3","10","1024.3","1258.98","9"
"1572","4","10","1024.32","1115.42","5"
"1573","5","17","1024.48","1821.07","17"
"1574","6","10","1024.59","1095.99","6"
"1575","7","10","1024.65","1061.46","5"
"1576","8","9","1024.65","1100.78","10"
"1577","9","9","1024.68","1129.76","14"
"1578","10","9","1024.86","1087.72","10"
"1579","11","10","1024.95","1053.49","2"
"1580","12","22","1025.48","1085.2","5"
"1581","13","17","1025.48","1386.73","6"
"1582","14","23","1026.3","1104.77","7"
"1583","15","17","1028.72","1040.92","2"
"1584","16","13","1032.05","1043.27","1"
"1585","17","17","1032.46","1043.11","1"
"1586","18","21","1032.76","1043.42","1"
"1587","19","9","1032.8","1052.21","2"
"1588","20","9","1032.82","1052.39","2"
"1589","21","9","1032.84","1096.82","6"
"1590","22","9","1032.84","1052.06","2"
"1591","23","1","1032.94","1048.95","1"
"1592","24","1","1033.04","1043.51","1"
"1593","25","1","1033.14","1043.55","1"
"1594","26","9","1033.39","1052.06","2"
"1595","27","9","1033.4","1052.13","2"
"1596","28","9","1034.14","1052.44","2"
"1597","29","19","1034.32","1052.28","1"
"1598","30","9","1035.11","1052.22","2"
"1599","31","9","1035.17","1052.46","2"
"1600","32","9","1035.17","1052.47","2"
"1601","1","9","1035.18","1817.7","35"
"1602","2","11","1035.47","1078.68","6"
"1603","3","10","1043.44","1282.76","9"
"1604","4","9","1043.47","1137.43","15"
"1605","5","10","1043.47","1116.67","5"
"1606","6","10","1043.47","1198.39","18"
"1607","7","9","1043.58","1101.3","8"
"1608","8","11","1043.58","1057.93","1"
"1609","9","10","1044.59","1056.09","1"
"1610","10","17","1046.16","1267.89","3"
"1611","11","5","1051.28","1062.44","1"
"1612","12","17","1051.93","1396.05","5"
"1613","13","23","1051.96","1106.23","3"
"1614","14","1","1052.79","1072.41","2"
"1615","15","18","1054.36","1064.8","1"
"1616","16","13","1057.9","1069.25","1"
"1617","17","22","1058.4","1071.58","1"
"1618","18","8","1058.42","1099.37","7"
"1619","19","21","1058.43","1068.62","1"
"1620","20","23","1058.48","1112.99","2"
"1621","21","22","1059.51","1080.97","1"
"1622","22","1","1061.06","1072.81","2"
"1623","23","1","1062.42","1073.76","1"
"1624","24","2","1062.43","1102.17","1"
"1625","25","16","1062.64","1072.8","1"
"1626","26","3","1062.73","1078.64","2"
"1627","27","1","1063.21","1073.63","1"
"1628","28","1","1063.25","1074.59","1"
"1629","29","23","1063.25","1073.92","1"
"1630","30","9","1063.27","1096.82","2"
"1631","31","8","1066.9","1077.74","1"
"1632","32","21","1070.96","1097.94","3"
"1633","1","17","1071.49","1951.77","6"
"1634","2","9","1075.3","1316.97","14"
"1635","3","9","1075.31","1222.87","12"
"1636","4","9","1075.72","1221.53","21"
"1637","5","9","1075.73","1242.43","34"
"1638","6","1","1078.25","1098.94","3"
"1639","7","9","1078.98","1101.03","4"
"1640","8","9","1078.99","1101.67","3"
"1641","9","17","1078.99","1360.11","10"
"1642","10","9","1078.99","1089.67","1"
"1643","11","9","1079.02","1089.7","1"
"1644","12","9","1079.02","1089.89","1"
"1645","13","9","1079.02","1090.08","1"
"1646","14","9","1079.02","1127.93","5"
"1647","15","9","1079.02","1089.89","1"
"1648","16","9","1079.03","1102.55","1"
"1649","17","9","1079.03","1089.7","1"
"1650","18","9","1079.03","1089.77","1"
"1651","19","17","1079.04","1202.61","1"
"1652","20","17","1079.07","1234.68","15"
"1653","21","9","1079.07","1129.95","3"
"1654","22","9","1079.07","1090.07","1"
"1655","23","9","1079.26","1090.04","1"
"1656","24","17","1079.56","1100.47","2"
"1657","25","17","1080.18","1092.92","1"
"1658","26","17","1080.57","1204.14","1"
"1659","27","18","1080.92","1094.9","2"
"1660","28","3","1081.12","1092.12","1"
"1661","29","17","1081.39","1092.04","1"
"1662","30","7","1084.38","1104.21","2"
"1663","31","10","1085.06","1141.5","5"
"1664","32","10","1085.07","1096.57","1"
"1665","1","10","1085.45","1842.98","26"
"1666","2","19","1089.1","1126.48","1"
"1667","3","22","1090.47","1247.78","3"
"1668","4","4","1090.73","1103.29","1"
"1669","5","22","1090.85","1104.13","2"
"1670","6","16","1091.47","1118.2","1"
"1671","7","11","1096.46","1116.93","3"
"1672","8","18","1098.22","1112.23","1"
"1673","9","1","1102.04","1112.45","1"
"1674","10","21","1102.08","1113.31","1"
"1675","11","1","1102.59","1113","1"
"1676","12","10","1103.2","1114.94","1"
"1677","13","19","1103.21","1117.82","1"
"1678","14","9","1104.62","1127","3"
"1679","15","10","1104.68","1116.13","1"
"1680","16","9","1104.69","1126.82","3"
"1681","17","9","1104.92","1126.94","3"
"1682","18","19","1105.61","1120.78","1"
"1683","19","19","1105.67","1123.63","1"
"1684","20","22","1108.17","1121.35","1"
"1685","21","19","1108.19","1126.15","1"
"1686","22","16","1108.19","1118.35","1"
"1687","23","11","1108.22","1134.48","2"
"1688","24","9","1108.44","1126.94","2"
"1689","25","9","1108.44","1126.98","2"
"1690","26","9","1108.45","1131.98","1"
"1691","27","9","1108.45","1139.75","2"
"1692","28","17","1108.73","1348.41","5"
"1693","29","2","1108.88","1148.62","1"
"1694","30","1","1116.77","1143.47","3"
"1695","31","3","1116.77","1126.96","1"
"1696","32","8","1117.61","1131.17","2"
"1697","1","17","1117.73","1826.57","1"
"1698","2","9","1118.33","1382.76","14"
"1699","3","9","1118.7","1256.88","10"
"1700","4","21","1119.94","1131.31","1"
"1701","5","23","1122.58","1236.01","16"
"1702","6","23","1123.19","1142.71","3"
"1703","7","11","1123.19","1180.58","7"
"1704","8","10","1124.91","1255.32","16"
"1705","9","16","1125.2","1142.65","4"
"1706","10","10","1125.94","1141.65","3"
"1707","11","17","1126.17","1255.47","2"
"1708","12","22","1126.25","1151.01","2"
"1709","13","10","1131.08","1231.5","9"
"1710","14","10","1131.5","1143.24","1"
"1711","15","10","1132.08","1143.95","1"
"1712","16","23","1134.1","1166.15","2"
"1713","17","15","1134.97","1150.28","1"
"1714","18","3","1139.35","1168.78","4"
"1715","19","9","1142.01","1168.53","3"
"1716","20","9","1142.72","1168.46","7"
"1717","21","9","1142.75","1168.79","2"
"1718","22","9","1142.75","1168.48","2"
"1719","23","9","1143.07","1168.36","2"
"1720","24","9","1144.75","1184.74","8"
"1721","25","9","1144.94","1197.24","5"
"1722","26","9","1144.96","1168.57","7"
"1723","27","9","1144.96","1185.06","7"
"1724","28","9","1144.97","1169.16","5"
"1725","29","9","1144.97","1182.74","4"
"1726","30","9","1144.99","1169.23","4"
"1727","31","9","1144.99","1168.79","4"
"1728","32","16","1145.01","1178.78","2"
"1729","1","9","1145.01","1313.58","10"
"1730","2","17","1145.01","1495.42","3"
"1731","3","9","1145.03","1221.78","10"
"1732","4","9","1145.04","1200.97","10"
"1733","5","5","1145.04","1156.02","1"
"1734","6","19","1145.37","1186.17","4"
"1735","7","13","1146.37","1157.59","1"
"1736","8","8","1147.24","1189.03","6"
"1737","9","5","1147.24","1158.84","1"
"1738","10","21","1149.78","1172.16","3"
"1739","11","10","1152.52","1237.8","9"
"1740","12","23","1152.95","1220.11","4"
"1741","13","1","1153.15","1176.36","2"
"1742","14","1","1155.81","1176.4","3"
"1743","15","9","1155.92","1187.59","11"
"1744","16","9","1156.05","1198.08","8"
"1745","17","1","1156.1","1179.85","2"
"1746","18","9","1156.13","1186.18","6"
"1747","19","9","1156.13","1168.27","2"
"1748","20","9","1156.13","1168.36","2"
"1749","21","9","1156.13","1168.36","2"
"1750","22","9","1156.14","1168.53","2"
"1751","23","9","1156.14","1168.19","2"
"1752","24","1","1156.17","1166.58","1"
"1753","25","9","1156.23","1168.56","2"
"1754","26","16","1156.63","1183.84","2"
"1755","27","11","1157.5","1167.86","1"
"1756","28","9","1157.62","1169.09","1"
"1757","29","9","1157.68","1168.55","1"
"1758","30","9","1157.68","1168.74","1"
"1759","31","10","1157.75","1169.9","1"
"1760","32","10","1157.86","1169.31","1"
"1761","1","10","1157.89","1259.36","8"
"1762","2","10","1157.89","1254.55","2"
"1763","3","9","1157.94","1256.14","4"
"1764","4","10","1157.96","1255.71","12"
"1765","5","9","1157.96","1200.78","22"
"1766","6","9","1158.01","1200.92","17"
"1767","7","9","1158.01","1201.11","11"
"1768","8","16","1158.03","1184.42","2"
"1769","9","9","1158.04","1200.88","8"
"1770","10","9","1158.06","1201.1","8"
"1771","11","9","1158.07","1249.51","14"
"1772","12","9","1158.1","1188.15","11"
"1773","13","9","1158.17","1188.7","5"
"1774","14","9","1158.17","1186.74","3"
"1775","15","9","1158.21","1225.06","12"
"1776","16","9","1158.21","1187.28","6"
"1777","17","9","1158.21","1187.8","5"
"1778","18","9","1158.21","1185.76","3"
"1779","19","10","1158.29","1198.47","7"
"1780","20","10","1158.29","1233.06","6"
"1781","21","10","1158.44","1224.2","6"
"1782","22","2","1158.88","1179.85","2"
"1783","23","10","1159.31","1186.7","2"
"1784","24","10","1159.32","1181.95","2"
"1785","25","10","1159.69","1170.91","1"
"1786","26","9","1159.79","1197.71","4"
"1787","27","9","1159.85","1182.04","2"
"1788","28","9","1159.89","1170.67","1"
"1789","29","9","1159.89","1170.67","1"
"1790","30","9","1159.89","1170.95","1"
"1791","31","22","1159.89","1181.35","1"
"1792","32","9","1159.9","1183.43","1"
"1793","1","9","1159.9","1318.43","10"
"1794","2","10","1160.05","1295.64","6"
"1795","3","22","1160.66","1269.29","5"
"1796","4","16","1161.84","1200.63","2"
"1797","5","22","1161.95","1186.6","2"
"1798","6","16","1162.85","1180.35","2"
"1799","7","18","1163.5","1175.26","1"
"1800","8","16","1163.59","1174.2","1"
"1801","9","23","1170.36","1222.94","2"
"1802","10","22","1170.47","1185.94","2"
"1803","11","17","1170.53","1311.64","9"
"1804","12","4","1170.58","1181.61","1"
"1805","13","23","1170.6","1203.03","4"
"1806","14","17","1170.7","1189.53","2"
"1807","15","17","1170.72","1180.98","1"
"1808","16","3","1171.16","1184.23","2"
"1809","17","7","1171.17","1181.65","1"
"1810","18","8","1172.56","1183.4","1"
"1811","19","23","1172.59","1201.32","8"
"1812","20","19","1172.6","1190.56","1"
"1813","21","23","1172.6","1208.65","5"
"1814","22","9","1173.27","1185.13","2"
"1815","23","9","1173.32","1185.61","2"
"1816","24","8","1173.92","1189.43","1"
"1817","25","23","1174.44","1226.24","1"
"1818","26","21","1174.51","1186.83","1"
"1819","27","23","1175.18","1209.13","2"
"1820","28","8","1175.37","1190.88","1"
"1821","29","23","1176.25","1187.82","1"
"1822","30","16","1187.13","1198.77","1"
"1823","31","7","1188.73","1199.73","1"
"1824","32","22","1188.84","1217.21","3"
"1825","1","16","1190.16","1378.55","3"
"1826","2","23","1192.77","1862.38","31"
"1827","3","1","1193.79","1217.98","1"
"1828","4","15","1194.52","1205.92","1"
"1829","5","1","1196.18","1217.46","3"
"1830","6","1","1196.48","1212.49","1"
"1831","7","19","1197.75","1212.35","1"
"1832","8","1","1197.95","1213.96","1"
"1833","9","19","1197.98","1208.03","1"
"1834","10","13","1203.03","1214.49","1"
"1835","11","9","1204.22","1222.35","4"
"1836","12","9","1204.22","1221.86","3"
"1837","13","11","1204.38","1214.74","1"
"1838","14","21","1205.18","1216.18","1"
"1839","15","9","1205.47","1221.62","3"
"1840","16","8","1205.92","1241.03","4"
"1841","17","3","1207.67","1219.01","1"
"1842","18","3","1209.49","1220.01","1"
"1843","19","9","1210.21","1221.26","1"
"1844","20","9","1210.76","1221.76","1"
"1845","21","18","1219.85","1230.58","1"
"1846","22","16","1227.35","1286.1","4"
"1847","23","1","1227.36","1298.53","11"
"1848","24","9","1227.98","1242.21","3"
"1849","25","9","1228.39","1242.3","2"
"1850","26","1","1228.51","1244.52","1"
"1851","27","2","1230.53","1247.32","2"
"1852","28","2","1230.68","1276.55","2"
"1853","29","9","1233.52","1244.2","1"
"1854","30","1","1235.67","1251.68","1"
"1855","31","4","1237.39","1248.35","1"
"1856","32","19","1238.39","1253.56","1"
"1857","1","10","1240.02","1258.18","1"
"1858","2","17","1240.02","1252.98","1"
"1859","3","10","1240.33","1283.49","1"
"1860","4","16","1248.05","1272.91","1"
"1861","5","11","1255.26","1272.76","2"
"1862","6","19","1255.99","1270.6","1"
"1863","7","19","1256.8","1271.97","1"
"1864","8","23","1258.24","1287.43","1"
"1865","9","17","1258.99","1382.68","4"
"1866","10","23","1258.99","1290.59","2"
"1867","11","23","1258.99","1279.23","2"
"1868","12","3","1263.36","1273.88","1"
"1869","13","11","1263.46","1273.57","1"
"1870","14","9","1264.95","1280.74","2"
"1871","15","9","1264.96","1280.56","2"
"1872","16","9","1265.92","1276.7","1"
"1873","17","23","1270.96","1281.63","1"
"1874","18","17","1279.69","1399.2","4"
"1875","19","3","1279.97","1290.7","1"
"1876","20","9","1283.31","1294.09","1"
"1877","21","9","1284.39","1295.44","1"
"1878","22","21","1284.59","1294.78","1"
"1879","23","1","1284.64","1297.61","2"
"1880","24","9","1284.64","1295.64","1"
"1881","25","9","1285.38","1296.12","1"
"1882","26","8","1286.43","1301.94","1"
"1883","27","17","1289.2","1425.25","5"
"1884","28","17","1293.39","1303.85","1"
"1885","29","11","1297.4","1308.4","1"
"1886","30","10","1304.31","1315.81","1"
"1887","31","10","1304.31","1323.96","1"
"1888","32","10","1305.1","1316.6","1"
"1889","1","10","1306.18","1841.09","22"
"1890","2","21","1310.77","1330.35","2"
"1891","3","11","1318.98","1332.83","1"
"1892","4","3","1319.22","1329.95","1"
"1893","5","1","1319.24","1367.29","5"
"1894","6","22","1324.67","1334.78","1"
"1895","7","1","1325","1348.67","3"
"1896","8","16","1326.81","1376.18","5"
"1897","9","10","1330.25","1375.08","9"
"1898","10","10","1330.25","1373.06","5"
"1899","11","10","1331.71","1368.16","2"
"1900","12","16","1335.07","1371.36","6"
"1901","13","19","1335.17","1349.77","1"
"1902","14","23","1335.67","1391.78","3"
"1903","15","23","1336.89","1388.67","1"
"1904","16","9","1336.89","1378.77","5"
"1905","17","11","1338.2","1355.92","2"
"1906","18","9","1340.25","1374.15","4"
"1907","19","9","1340.26","1383.52","3"
"1908","20","9","1340.26","1370.21","4"
"1909","21","9","1340.32","1376.93","8"
"1910","22","9","1340.32","1366.77","6"
"1911","23","13","1340.43","1351.78","1"
"1912","24","23","1342","1366.87","4"
"1913","25","11","1342.09","1356.44","1"
"1914","26","9","1342.54","1366.77","6"
"1915","27","9","1342.77","1371.79","3"
"1916","28","22","1342.77","1356.75","2"
"1917","29","9","1343.03","1366.78","6"
"1918","30","9","1343.06","1366.93","6"
"1919","31","9","1343.06","1367.63","6"
"1920","32","9","1343.19","1364.25","3"
"1921","1","11","1343.19","1358.1","1"
"1922","2","23","1343.68","1377.21","6"
"1923","3","3","1345.3","1367.14","3"
"1924","4","10","1348.57","1605.91","34"
"1925","5","10","1348.7","1371","2"
"1926","6","14","1348.73","1359.34","1"
"1927","7","10","1348.73","1365.38","3"
"1928","8","23","1348.9","1385.13","3"
"1929","9","23","1349.12","1367.7","2"
"1930","10","10","1349.14","1371.05","2"
"1931","11","10","1349.76","1366.1","3"
"1932","12","16","1353.34","1363.95","1"
"1933","13","1","1353.34","1364.68","1"
"1934","14","1","1353.34","1365.8","1"
"1935","15","9","1353.37","1373.74","6"
"1936","16","9","1353.37","1384.44","4"
"1937","17","9","1353.37","1383.4","3"
"1938","18","9","1353.38","1379.47","2"
"1939","19","9","1353.39","1374.85","3"
"1940","20","9","1353.39","1366.99","2"
"1941","21","9","1353.39","1367.46","2"
"1942","22","9","1353.39","1367.46","2"
"1943","23","9","1353.4","1366.74","2"
"1944","24","9","1353.4","1366.99","2"
"1945","25","9","1353.4","1366.86","2"
"1946","26","9","1353.4","1366.86","2"
"1947","27","2","1353.46","1364.02","1"
"1948","28","8","1354.61","1392.28","3"
"1949","29","18","1354.62","1364.8","1"
"1950","30","1","1354.62","1366.73","1"
"1951","31","1","1354.67","1366.01","1"
"1952","32","10","1354.67","1374.33","1"
"1953","1","10","1354.68","1825.16","13"
"1954","2","9","1354.68","1373.49","3"
"1955","3","9","1354.8","1383.06","4"
"1956","4","10","1357.16","1376.05","2"
"1957","5","10","1357.24","1369.11","1"
"1958","6","7","1357.54","1368.94","1"
"1959","7","23","1358.16","1368.47","1"
"1960","8","11","1361.14","1383.66","2"
"1961","9","22","1364.48","1384.2","2"
"1962","10","11","1366.55","1376.66","1"
"1963","11","17","1374.34","1398.92","2"
"1964","12","1","1374.44","1390.44","1"
"1965","13","3","1375.55","1388.49","2"
"1966","14","1","1377.17","1387.59","1"
"1967","15","7","1381.19","1392.59","1"
"1968","16","18","1381.74","1392.47","1"
"1969","17","16","1391.33","1459.89","9"
"1970","18","1","1396.5","1520.1","22"
"1971","19","20","1396.58","1407.58","1"
"1972","20","8","1396.87","1407.7","1"
"1973","21","1","1396.93","1442.25","4"
"1974","22","3","1397.24","1412.59","1"
"1975","23","9","1397.26","1491.8","23"
"1976","24","9","1397.26","1450.66","18"
"1977","25","9","1397.35","1456.04","5"
"1978","26","9","1397.54","1457.96","9"
"1979","27","9","1397.54","1446.43","5"
"1980","28","9","1397.56","1438.86","8"
"1981","29","9","1397.58","1438.78","7"
"1982","30","9","1397.87","1427.49","5"
"1983","31","9","1397.87","1451.56","3"
"1984","32","16","1407.57","1418.18","1"
"1985","1","18","1409.14","1424.28","1"
"1986","2","22","1409.19","1425.27","3"
"1987","3","23","1409.83","1838.05","32"
"1988","4","9","1409.84","1812.2","102"
"1989","5","23","1409.84","1733.4","22"
"1990","6","9","1409.84","1589.09","43"
"1991","7","1","1411.32","1451.44","6"
"1992","8","2","1411.34","1452.71","2"
"1993","9","23","1411.34","1605.12","15"
"1994","10","8","1411.36","1425.66","2"
"1995","11","23","1411.45","1690.25","25"
"1996","12","23","1411.51","1460.12","10"
"1997","13","10","1414.88","1496.51","17"
"1998","14","3","1414.93","1425.93","1"
"1999","15","21","1414.93","1425.59","1"
"2000","16","10","1415.78","1451.46","3"
"2001","17","9","1415.8","1479.33","15"
"2002","18","9","1415.8","1481.28","16"
"2003","19","10","1415.8","1433.88","4"
"2004","20","10","1415.8","1437.69","1"
"2005","21","9","1415.8","1484.49","16"
"2006","22","9","1415.82","1487.41","13"
"2007","23","9","1415.83","1478.2","12"
"2008","24","9","1415.83","1457.68","6"
"2009","25","9","1415.84","1446.88","7"
"2010","26","9","1415.84","1447.86","5"
"2011","27","9","1415.85","1446.3","3"
"2012","28","9","1415.85","1439.03","3"
"2013","29","9","1415.85","1426.85","1"
"2014","30","10","1416.48","1440.43","2"
"2015","31","9","1416.49","1427.49","1"
"2016","32","9","1416.49","1427.36","1"
"2017","1","9","1416.52","1813.97","22"
"2018","2","9","1416.52","1811.54","65"
"2019","3","10","1416.62","1606.59","33"
"2020","4","9","1416.63","1811.85","100"
"2021","5","9","1416.63","1589.54","33"
"2022","6","9","1416.63","1588.79","33"
"2023","7","9","1416.63","1527.16","35"
"2024","8","17","1416.65","1550.99","4"
"2025","9","9","1416.65","1522.31","36"
"2026","10","9","1416.66","1491.8","25"
"2027","11","10","1416.66","1523.69","16"
"2028","12","9","1416.66","1491.93","19"
"2029","13","9","1416.66","1521.84","30"
"2030","14","11","1416.69","1428.1","1"
"2031","15","9","1416.8","1479.76","16"
"2032","16","9","1416.8","1492.65","16"
"2033","17","9","1416.8","1479.66","26"
"2034","18","9","1416.8","1489.66","16"
"2035","19","23","1416.81","1601.19","7"
"2036","20","23","1416.83","1495.13","15"
"2037","21","9","1416.83","1490.7","13"
"2038","22","9","1416.83","1460.33","7"
"2039","23","17","1416.84","1429.22","2"
"2040","24","10","1416.84","1438.72","1"
"2041","25","9","1416.85","1447.57","6"
"2042","26","9","1416.85","1451.44","3"
"2043","27","23","1418.6","1460.56","4"
"2044","28","23","1418.6","1495.97","10"
"2045","29","10","1418.62","1432.87","2"
"2046","30","23","1418.77","1477.97","4"
"2047","31","23","1418.77","1480.7","4"
"2048","32","19","1420.25","1442.25","2"
"2049","1","23","1420.28","1850.08","13"
"2050","2","23","1420.5","1860.56","10"
"2051","3","23","1420.52","1834.51","27"
"2052","4","10","1420.6","1697.23","34"
"2053","5","23","1420.77","1691.27","40"
"2054","6","23","1420.79","1632.93","10"
"2055","7","10","1421.33","1588.24","25"
"2056","8","13","1421.5","1435.13","1"
"2057","9","19","1421.86","1463.73","3"
"2058","10","7","1422.42","1433.82","1"
"2059","11","10","1422.44","1456","4"
"2060","12","10","1422.88","1488.63","9"
"2061","13","10","1423.75","1449.6","2"
"2062","14","10","1423.79","1450.06","2"
"2063","15","10","1423.85","1443.47","2"
"2064","16","10","1424.14","1435.36","1"
"2065","17","4","1426.08","1437.02","1"
"2066","18","5","1427.6","1438.58","1"
"2067","19","1","1429.12","1456.68","2"
"2068","20","22","1430.1","1451.55","1"
"2069","21","8","1430.16","1447.08","2"
"2070","22","9","1430.23","1460.42","5"
"2071","23","9","1430.24","1492.73","13"
"2072","24","9","1430.25","1451.2","7"
"2073","25","9","1430.3","1447.72","4"
"2074","26","9","1430.3","1445.99","2"
"2075","27","8","1430.58","1448.98","3"
"2076","28","11","1430.73","1444.58","1"
"2077","29","23","1431.28","1461.84","2"
"2078","30","17","1432.96","1676.3","4"
"2079","31","3","1434.73","1481","5"
"2080","32","23","1435.55","1488.28","2"
"2081","1","22","1436.16","1451.61","1"
"2082","2","23","1437.44","1824.58","20"
"2083","3","16","1437.86","1487.72","8"
"2084","4","23","1438.16","1840.67","25"
"2085","5","23","1438.16","1606","20"
"2086","6","16","1438.77","1561.59","12"
"2087","7","14","1438.99","1449.48","1"
"2088","8","17","1441.71","1677.8","7"
"2089","9","22","1442.43","1452.54","1"
"2090","10","22","1443","1491.78","5"
"2091","11","11","1448.95","1459.95","1"
"2092","12","13","1450.56","1461.78","1"
"2093","13","19","1450.82","1465.99","1"
"2094","14","23","1451.62","1666.15","21"
"2095","15","8","1451.74","1471.3","3"
"2096","16","23","1451.79","1462.45","1"
"2097","17","23","1451.9","1559.44","3"
"2098","18","17","1451.94","1478.54","6"
"2099","19","23","1451.95","1463.52","1"
"2100","20","23","1451.95","1503.74","1"
"2101","21","2","1456.52","1467.09","1"
"2102","22","17","1456.6","1478.16","4"
"2103","23","7","1456.88","1470.07","2"
"2104","24","18","1456.93","1475.79","2"
"2105","25","17","1457.16","1477.98","3"
"2106","26","3","1458.16","1480.93","2"
"2107","27","1","1458.9","1492.04","5"
"2108","28","1","1459.99","1480.16","3"
"2109","29","21","1460.26","1479.31","2"
"2110","30","11","1462.34","1476.69","1"
"2111","31","9","1462.56","1490.75","5"
"2112","32","4","1462.6","1477.01","2"
"2113","1","9","1462.62","1815.53","14"
"2114","2","9","1462.62","1815.26","52"
"2115","3","9","1462.64","1812.11","92"
"2116","4","9","1462.71","1810.47","54"
"2117","5","9","1462.74","1588.97","23"
"2118","6","9","1462.81","1600.94","26"
"2119","7","11","1464.47","1489.11","7"
"2120","8","16","1465.72","1494.64","3"
"2121","9","9","1465.94","1521.67","12"
"2122","10","11","1466.44","1477.84","1"
"2123","11","9","1467.42","1491.9","5"
"2124","12","9","1467.42","1496.43","3"
"2125","13","9","1467.44","1479.76","2"
"2126","14","10","1467.46","1489.34","1"
"2127","15","9","1467.47","1479.71","2"
"2128","16","9","1467.47","1478.91","2"
"2129","17","9","1467.48","1479.69","2"
"2130","18","9","1467.52","1479.09","1"
"2131","19","9","1467.53","1478.3","1"
"2132","20","9","1467.53","1478.53","1"
"2133","21","9","1467.58","1478.26","1"
"2134","22","9","1467.59","1478.36","1"
"2135","23","9","1467.59","1478.5","1"
"2136","24","9","1467.61","1479.08","1"
"2137","25","9","1467.61","1491.14","1"
"2138","26","10","1467.62","1479.12","1"
"2139","27","16","1467.65","1481.14","2"
"2140","28","10","1467.68","1478.9","1"
"2141","29","9","1467.71","1478.39","1"
"2142","30","9","1467.75","1478.43","1"
"2143","31","9","1467.75","1479.22","1"
"2144","32","9","1467.78","1478.83","1"
"2145","1","9","1467.78","1814.7","38"
"2146","2","9","1467.82","1812.11","54"
"2147","3","9","1467.82","1812.87","55"
"2148","4","9","1467.83","1590.15","11"
"2149","5","23","1467.84","1729.67","24"
"2150","6","9","1467.84","1588.83","29"
"2151","7","9","1467.84","1588.4","24"
"2152","8","9","1467.85","1522.71","8"
"2153","9","9","1467.86","1492.39","4"
"2154","10","10","1467.86","1523.33","12"
"2155","11","11","1467.86","1478.22","1"
"2156","12","9","1467.9","1496.56","2"
"2157","13","9","1467.91","1492.63","1"
"2158","14","9","1467.93","1478.98","1"
"2159","15","10","1467.93","1490.04","2"
"2160","16","23","1467.93","1604.2","9"
"2161","17","9","1467.94","1478.82","1"
"2162","18","20","1467.94","1479.01","1"
"2163","19","23","1468.04","1504.09","2"
"2164","20","9","1468.06","1478.93","1"
"2165","21","9","1468.07","1478.75","1"
"2166","22","9","1468.07","1479.14","1"
"2167","23","10","1468.07","1492.46","2"
"2168","24","10","1468.08","1479.82","1"
"2169","25","23","1468.09","1555.49","10"
"2170","26","10","1468.1","1487.75","1"
"2171","27","17","1468.13","1478.39","1"
"2172","28","10","1468.14","1479.59","1"
"2173","29","9","1468.3","1479.17","1"
"2174","30","9","1468.31","1479.36","1"
"2175","31","9","1468.31","1479.36","1"
"2176","32","9","1468.34","1479.34","1"
"2177","1","9","1468.36","1815.47","25"
"2178","2","9","1468.37","1831.32","41"
"2179","3","9","1468.37","1815.18","71"
"2180","4","9","1468.42","1676.09","31"
"2181","5","9","1468.45","1813.1","72"
"2182","6","9","1468.45","1602.85","27"
"2183","7","9","1468.48","1524.3","9"
"2184","8","10","1468.52","1589.2","20"
"2185","9","10","1468.54","1580.16","21"
"2186","10","23","1468.56","1595.81","5"
"2187","11","9","1468.62","1493.5","2"
"2188","12","10","1468.64","1492.8","1"
"2189","13","9","1468.69","1479.56","1"
"2190","14","9","1468.74","1479.42","1"
"2191","15","9","1468.74","1479.68","1"
"2192","16","9","1468.77","1479.45","1"
"2193","17","23","1468.77","1600.01","6"
"2194","18","9","1468.82","1479.75","1"
"2195","19","10","1468.82","1490.7","1"
"2196","20","9","1468.84","1479.7","1"
"2197","21","9","1468.85","1479.59","1"
"2198","22","10","1468.85","1482.32","2"
"2199","23","9","1468.85","1480.08","1"
"2200","24","9","1468.85","1479.53","1"
"2201","25","9","1468.89","1479.94","1"
"2202","26","9","1468.9","1492.42","1"
"2203","27","23","1468.97","1514.99","5"
"2204","28","9","1469.34","1480.21","1"
"2205","29","9","1469.34","1480.81","1"
"2206","30","9","1469.35","1480.82","1"
"2207","31","9","1469.36","1492.88","1"
"2208","32","9","1469.36","1480.23","1"
"2209","1","23","1469.4","1867.57","7"
"2210","2","1","1469.4","1555.79","9"
"2211","3","9","1469.4","1832.92","60"
"2212","4","9","1469.4","1676.81","32"
"2213","5","10","1469.43","1635.68","24"
"2214","6","9","1469.6","1529.09","13"
"2215","7","9","1469.6","1588.01","19"
"2216","8","9","1469.62","1521.74","8"
"2217","9","9","1469.62","1493.15","1"
"2218","10","10","1469.69","1495.93","2"
"2219","11","9","1469.7","1528.2","7"
"2220","12","9","1469.79","1492.42","3"
"2221","13","9","1469.93","1491.95","3"
"2222","14","9","1469.94","1480.68","1"
"2223","15","9","1469.94","1481.09","1"
"2224","16","9","1469.94","1480.94","1"
"2225","17","10","1469.94","1488.12","2"
"2226","18","17","1469.97","1482.9","1"
"2227","19","10","1469.97","1481.42","1"
"2228","20","10","1470.14","1489.79","1"
"2229","21","3","1470.41","1490.39","2"
"2230","22","10","1470.67","1482.92","1"
"2231","23","10","1470.73","1482.78","1"
"2232","24","10","1470.73","1481.95","1"
"2233","25","19","1472.12","1495.92","2"
"2234","26","22","1473.09","1486.27","1"
"2235","27","16","1473.09","1484.73","1"
"2236","28","2","1474.16","1513.89","1"
"2237","29","13","1474.38","1485.6","1"
"2238","30","14","1476.21","1487.28","1"
"2239","31","1","1483.18","1495.29","1"
"2240","32","1","1483.94","1496.05","1"
"2241","1","2","1490.45","1692.9","1"
"2242","2","11","1491.49","1510.64","2"
"2243","3","8","1493.86","1505.05","1"
"2244","4","3","1494.13","1529.04","3"
"2245","5","22","1494.82","1555.92","8"
"2246","6","18","1496.47","1511.01","1"
"2247","7","17","1498.92","1529.47","8"
"2248","8","1","1499.62","1531.9","4"
"2249","9","10","1499.74","1580.63","14"
"2250","10","21","1499.74","1509.93","1"
"2251","11","1","1500.8","1524.37","2"
"2252","12","17","1500.88","1511.88","1"
"2253","13","9","1501.11","1528.75","2"
"2254","14","9","1501.29","1522.22","5"
"2255","15","9","1501.73","1522.82","4"
"2256","16","9","1501.83","1543.33","5"
"2257","17","1","1501.93","1517.94","1"
"2258","18","16","1502.22","1540.31","3"
"2259","19","17","1502.37","1757.16","8"
"2260","20","1","1502.38","1513.72","1"
"2261","21","1","1502.51","1512.92","1"
"2262","22","9","1502.68","1522.4","3"
"2263","23","9","1502.68","1522.83","3"
"2264","24","1","1502.72","1514.06","1"
"2265","25","9","1502.72","1522.33","3"
"2266","26","9","1502.79","1526.31","1"
"2267","27","9","1502.79","1522.11","3"
"2268","28","19","1505.94","1521.11","1"
"2269","29","8","1507.98","1542.92","4"
"2270","30","9","1512","1543.21","3"
"2271","31","9","1512.05","1523.1","1"
"2272","32","9","1512.05","1523.05","1"
"2273","1","9","1512.15","1833.52","8"
"2274","2","9","1512.17","1831.72","28"
"2275","3","9","1512.21","1812.32","42"
"2276","4","9","1512.21","1810.83","50"
"2277","5","10","1512.61","1606.05","12"
"2278","6","11","1512.92","1524.52","1"
"2279","7","10","1513.21","1588.81","12"
"2280","8","11","1513.37","1527.22","1"
"2281","9","9","1513.61","1524.67","1"
"2282","10","9","1513.61","1525.08","1"
"2283","11","22","1514.24","1529.27","3"
"2284","12","10","1514.56","1575.11","8"
"2285","13","10","1514.57","1555.49","3"
"2286","14","10","1514.57","1545.97","4"
"2287","15","10","1515.25","1527.41","1"
"2288","16","16","1518.88","1535.72","3"
"2289","17","17","1519.1","1529.36","1"
"2290","18","22","1520.81","1531.81","1"
"2291","19","17","1520.9","1547.57","5"
"2292","20","17","1521.3","1634.84","1"
"2293","21","4","1522.33","1533.29","1"
"2294","22","23","1522.34","1555.06","4"
"2295","23","23","1525.24","1536.81","1"
"2296","24","23","1528.23","1548.51","2"
"2297","25","23","1528.74","1588.75","2"
"2298","26","7","1528.83","1539.83","1"
"2299","27","17","1531.93","1542.58","1"
"2300","28","10","1532","1556.11","2"
"2301","29","10","1532","1553.88","1"
"2302","30","10","1532.07","1554.16","2"
"2303","31","9","1532.55","1543.6","1"
"2304","32","9","1532.61","1543.48","1"
"2305","1","9","1532.75","1810.99","15"
"2306","2","9","1532.81","1815","34"
"2307","3","10","1533.56","1824.66","24"
"2308","4","19","1534.24","1553.45","1"
"2309","5","17","1534.29","1914.86","14"
"2310","6","9","1534.58","1589.8","7"
"2311","7","9","1534.6","1558.8","3"
"2312","8","9","1534.62","1545.39","1"
"2313","9","9","1534.67","1545.44","1"
"2314","10","9","1534.69","1545.46","1"
"2315","11","9","1534.69","1545.47","1"
"2316","12","10","1534.7","1577.95","3"
"2317","13","9","1534.7","1545.57","1"
"2318","14","19","1535.11","1549.71","1"
"2319","15","11","1535.38","1551.41","2"
"2320","16","10","1537.39","1549.26","1"
"2321","17","18","1537.44","1547.88","1"
"2322","18","23","1539.22","1590.7","2"
"2323","19","1","1539.75","1555.76","1"
"2324","20","1","1542.03","1579.29","4"
"2325","21","1","1546.71","1557.18","1"
"2326","22","14","1548.29","1558.9","1"
"2327","23","16","1548.87","1619.78","11"
"2328","24","9","1549.73","1560.41","1"
"2329","25","9","1549.77","1560.82","1"
"2330","26","9","1550.03","1560.71","1"
"2331","27","16","1552.19","1562.35","1"
"2332","28","8","1553.73","1584.78","3"
"2333","29","18","1554.4","1568.4","1"
"2334","30","11","1558.05","1576.07","3"
"2335","31","10","1558.14","1569.59","1"
"2336","32","17","1561.23","1682","3"
"2337","1","13","1561.29","1580.73","1"
"2338","2","17","1561.4","1860.3","1"
"2339","3","23","1563.51","1851.31","22"
"2340","4","23","1563.61","1811.59","7"
"2341","5","21","1565.54","1577.29","1"
"2342","6","1","1567.04","1607.76","8"
"2343","7","3","1567.27","1582.62","1"
"2344","8","21","1567.48","1579.8","1"
"2345","9","1","1568.58","1584.59","1"
"2346","10","1","1568.68","1579.1","1"
"2347","11","9","1570.13","1593.66","1"
"2348","12","13","1571.26","1584.89","1"
"2349","13","22","1572.97","1584.92","2"
"2350","14","23","1575.36","1587.67","2"
"2351","15","23","1575.57","1673.89","3"
"2352","16","23","1575.87","1586.12","1"
"2353","17","23","1575.99","1587.56","1"
"2354","18","23","1576.1","1586.39","1"
"2355","19","23","1576.1","1586.35","1"
"2356","20","23","1577.55","1606.74","1"
"2357","21","9","1579.85","1603.38","1"
"2358","22","2","1584.49","1595.01","1"
"2359","23","3","1585.63","1596.63","1"
"2360","24","17","1586.99","1715.84","6"
"2361","25","22","1589.98","1600.05","1"
"2362","26","16","1589.98","1600.2","1"
"2363","27","19","1591.5","1609.46","1"
"2364","28","1","1591.59","1629.27","5"
"2365","29","11","1591.8","1602.63","1"
"2366","30","1","1593.79","1605.9","1"
"2367","31","1","1593.88","1605.22","1"
"2368","32","17","1600.73","1732.94","4"
"2369","1","7","1606.45","1625.51","1"
"2370","2","11","1606.45","1631.11","4"
"2371","3","2","1608.07","1618.8","1"
"2372","4","9","1608.3","1821.42","38"
"2373","5","9","1608.3","1676.71","11"
"2374","6","9","1608.31","1666.06","14"
"2375","7","9","1608.31","1666.47","16"
"2376","8","9","1608.84","1666.2","12"
"2377","9","9","1608.84","1651.64","8"
"2378","10","3","1608.84","1630.6","3"
"2379","11","9","1608.85","1633.27","4"
"2380","12","9","1609.06","1633.46","3"
"2381","13","9","1609.28","1633.75","4"
"2382","14","9","1609.77","1620.77","1"
"2383","15","9","1609.77","1633.3","1"
"2384","16","9","1609.82","1620.87","1"
"2385","17","9","1609.82","1620.5","1"
"2386","18","9","1610.07","1620.94","1"
"2387","19","23","1610.42","1632.5","3"
"2388","20","9","1610.48","1621.26","1"
"2389","21","9","1610.82","1621.82","1"
"2390","22","9","1610.82","1621.69","1"
"2391","23","9","1611","1634.52","1"
"2392","24","9","1611","1634.53","1"
"2393","25","9","1611.01","1621.79","1"
"2394","26","9","1611.02","1621.8","1"
"2395","27","10","1611.02","1632.54","3"
"2396","28","10","1611.03","1652.64","4"
"2397","29","9","1611.12","1622.12","1"
"2398","30","9","1611.4","1622.4","1"
"2399","31","9","1611.44","1622.18","1"
"2400","32","23","1611.5","1623.07","1"
"2401","1","10","1611.62","1838.01","7"
"2402","2","9","1611.64","1841.22","27"
"2403","3","10","1611.66","1812.64","23"
"2404","4","10","1611.66","1808.06","28"
"2405","5","23","1611.71","1686.3","12"
"2406","6","9","1611.71","1636.21","11"
"2407","7","9","1611.74","1669.22","11"
"2408","8","10","1611.74","1636.32","5"
"2409","9","9","1611.83","1651.74","11"
"2410","10","22","1611.94","1631.47","3"
"2411","11","8","1611.95","1631.76","3"
"2412","12","10","1612.12","1672.89","8"
"2413","13","23","1612.12","1661.02","9"
"2414","14","23","1612.28","1660.87","5"
"2415","15","3","1612.28","1623.62","1"
"2416","16","10","1612.35","1654.03","6"
"2417","17","22","1612.98","1623.44","1"
"2418","18","10","1614.3","1633.17","3"
"2419","19","19","1615.35","1629.96","1"
"2420","20","19","1616.35","1631.52","1"
"2421","21","7","1616.67","1628.07","1"
"2422","22","8","1617.48","1629.53","1"
"2423","23","11","1617.97","1628.33","1"
"2424","24","17","1618.1","1630.84","1"
"2425","25","17","1618.45","1852.07","2"
"2426","26","17","1618.88","1630.38","2"
"2427","27","1","1619.46","1661.71","10"
"2428","28","1","1620.23","1636.23","1"
"2429","29","1","1620.28","1630.75","1"
"2430","30","19","1620.38","1634.99","1"
"2431","31","17","1620.96","1633.7","1"
"2432","32","16","1621.92","1646.78","1"
"2433","1","10","1623.16","1854.09","3"
"2434","2","10","1624.39","1841.88","11"
"2435","3","9","1624.47","1811.23","22"
"2436","4","10","1624.47","1712.47","8"
"2437","5","10","1624.52","1636.09","1"
"2438","6","9","1624.52","1675.76","10"
"2439","7","9","1625.21","1635.95","1"
"2440","8","8","1635.05","1654.42","2"
"2441","9","22","1635.76","1657.22","1"
"2442","10","16","1637.02","1650.53","2"
"2443","11","13","1638.28","1650.19","1"
"2444","12","23","1638.42","1685.97","9"
"2445","13","23","1638.51","1687.1","4"
"2446","14","17","1638.56","1762.08","1"
"2447","15","1","1638.56","1691.62","9"
"2448","16","9","1638.83","1662.36","1"
"2449","17","9","1638.83","1651.95","3"
"2450","18","9","1638.96","1651.95","3"
"2451","19","9","1638.96","1652.27","3"
"2452","20","9","1638.97","1651.1","2"
"2453","21","9","1638.97","1649.97","1"
"2454","22","22","1638.97","1660.43","1"
"2455","23","9","1638.97","1649.65","1"
"2456","24","9","1639.07","1649.81","1"
"2457","25","9","1639.12","1649.9","1"
"2458","26","9","1639.13","1650.18","1"
"2459","27","9","1639.13","1650.6","1"
"2460","28","9","1639.13","1650","1"
"2461","29","9","1639.13","1650.6","1"
"2462","30","23","1639.13","1649.39","1"
"2463","31","9","1639.21","1649.89","1"
"2464","32","9","1639.21","1649.89","1"
"2465","1","9","1639.21","1852.04","6"
"2466","2","23","1639.21","1843.82","5"
"2467","3","10","1639.3","1834.71","15"
"2468","4","23","1639.32","1844.82","12"
"2469","5","23","1639.34","1691.13","1"
"2470","6","9","1639.36","1673.12","6"
"2471","7","10","1639.36","1684.95","5"
"2472","8","9","1639.37","1671.06","4"
"2473","9","10","1639.37","1672.53","5"
"2474","10","9","1639.45","1651.38","2"
"2475","11","9","1639.45","1652.02","3"
"2476","12","9","1639.46","1666.5","3"
"2477","13","9","1639.46","1666.69","4"
"2478","14","9","1639.51","1652.31","3"
"2479","15","10","1639.51","1672.93","3"
"2480","16","9","1639.54","1663.07","1"
"2481","17","9","1639.56","1652.14","2"
"2482","18","23","1639.73","1650.39","1"
"2483","19","17","1639.73","1654.03","2"
"2484","20","9","1639.8","1663.33","1"
"2485","21","10","1639.8","1663.21","2"
"2486","22","9","1639.81","1650.55","1"
"2487","23","9","1639.82","1650.68","1"
"2488","24","9","1639.89","1650.67","1"
"2489","25","9","1639.89","1651.36","1"
"2490","26","10","1639.94","1651.44","1"
"2491","27","10","1639.95","1651.17","1"
"2492","28","10","1640.02","1651.24","1"
"2493","29","17","1640.02","1754.23","2"
"2494","30","10","1640.12","1651.86","1"
"2495","31","10","1640.13","1662.01","1"
"2496","32","9","1640.14","1651.01","1"
"2497","1","9","1640.38","1811.49","9"
"2498","2","9","1640.46","1818.63","22"
"2499","3","9","1640.51","1814.51","21"
"2500","4","10","1640.58","1698.74","4"
"2501","5","9","1640.58","1810.78","30"
"2502","6","9","1640.62","1666.43","6"
"2503","7","10","1640.63","1676.41","2"
"2504","8","23","1640.64","1810.6","10"
"2505","9","9","1640.64","1651.64","1"
"2506","10","23","1640.65","1687.08","7"
"2507","11","11","1641.79","1652.15","1"
"2508","12","11","1641.84","1652.2","1"
"2509","13","21","1643.14","1662.93","2"
"2510","14","22","1643.14","1653.25","1"
"2511","15","17","1643.28","1756.81","1"
"2512","16","22","1643.28","1653.74","1"
"2513","17","1","1644.18","1673.78","2"
"2514","18","17","1644.24","1903.77","7"
"2515","19","16","1654.56","1664.72","1"
"2516","20","14","1656.61","1667.09","1"
"2517","21","19","1658.7","1673.87","1"
"2518","22","8","1658.78","1674.29","1"
"2519","23","11","1659.53","1679.12","2"
"2520","24","17","1659.77","1900.52","4"
"2521","25","22","1665.49","1681.14","2"
"2522","26","22","1665.81","1687.26","1"
"2523","27","16","1667.34","1690.99","3"
"2524","28","16","1668.02","1678.63","1"
"2525","29","22","1673.09","1684.09","1"
"2526","30","3","1679.13","1689.32","1"
"2527","31","9","1679.29","1697.33","2"
"2528","32","9","1679.55","1697.79","2"
"2529","1","8","1682.69","1698.73","1"
"2530","2","19","1683.01","1707.37","1"
"2531","3","8","1683.45","1755.85","5"
"2532","4","11","1687.28","1728.93","4"
"2533","5","11","1687.99","1699.4","1"
"2534","6","9","1688.77","1810.31","17"
"2535","7","9","1688.77","1753.92","9"
"2536","8","17","1692.72","1822.7","2"
"2537","9","13","1697.03","1710.66","1"
"2538","10","16","1701.16","1712.8","1"
"2539","11","22","1701.2","1732.78","3"
"2540","12","1","1701.25","1753.6","10"
"2541","13","23","1701.5","1711.81","1"
"2542","14","8","1701.86","1715.81","2"
"2543","15","9","1701.96","1713.87","2"
"2544","16","9","1701.96","1713.93","2"
"2545","17","16","1701.96","1713.25","2"
"2546","18","9","1701.96","1712.83","1"
"2547","19","9","1701.99","1713.46","1"
"2548","20","23","1702.02","1712.27","1"
"2549","21","9","1702.02","1713.02","1"
"2550","22","9","1702.05","1712.83","1"
"2551","23","9","1702.05","1712.83","1"
"2552","24","9","1702.16","1713.16","1"
"2553","25","22","1702.16","1712.27","1"
"2554","26","9","1702.19","1712.97","1"
"2555","27","10","1702.19","1714.35","1"
"2556","28","10","1702.21","1721.86","1"
"2557","29","9","1702.21","1713.21","1"
"2558","30","9","1702.24","1712.98","1"
"2559","31","9","1702.24","1713.29","1"
"2560","32","9","1702.25","1713.03","1"
"2561","1","9","1702.25","1857.05","11"
"2562","2","9","1702.32","1845.57","13"
"2563","3","10","1702.33","1825.39","7"
"2564","4","10","1702.43","1714.59","1"
"2565","5","23","1702.46","1812.33","12"
"2566","6","9","1702.46","1814.3","23"
"2567","7","21","1702.46","1716.93","2"
"2568","8","9","1702.46","1753.99","8"
"2569","9","16","1702.53","1729.81","2"
"2570","10","9","1702.53","1754.21","8"
"2571","11","9","1702.53","1754.27","6"
"2572","12","9","1702.56","1738.14","4"
"2573","13","9","1702.56","1714.03","1"
"2574","14","23","1702.59","1712.9","1"
"2575","15","10","1702.59","1804.65","16"
"2576","16","9","1702.6","1713.6","1"
"2577","17","10","1702.65","1714.15","1"
"2578","18","9","1702.65","1714.12","1"
"2579","19","1","1702.69","1715.15","1"
"2580","20","17","1702.76","1816.31","1"
"2581","21","23","1702.85","1732.04","1"
"2582","22","9","1702.92","1713.97","1"
"2583","23","9","1703.12","1714.17","1"
"2584","24","16","1703.12","1713.73","1"
"2585","25","9","1703.14","1714.19","1"
"2586","26","17","1703.14","1715.27","2"
"2587","27","17","1703.17","1715.67","2"
"2588","28","9","1703.29","1728.36","2"
"2589","29","9","1703.29","1714.07","1"
"2590","30","9","1703.39","1714.86","1"
"2591","31","9","1703.39","1714.07","1"
"2592","32","23","1703.42","1732.61","1"
"2593","1","17","1705.04","1819.09","10"
"2594","2","18","1706.99","1720.1","1"
"2595","3","3","1712.79","1726.21","1"
"2596","4","19","1714.96","1753.69","3"
"2597","5","19","1718.13","1732.74","1"
"2598","6","16","1718.14","1801.75","11"
"2599","7","21","1719.32","1730.55","1"
"2600","8","7","1719.33","1729.81","1"
"2601","9","17","1719.33","1736.7","3"
"2602","10","9","1719.36","1754.27","4"
"2603","11","9","1719.37","1755.23","3"
"2604","12","9","1719.47","1730.21","1"
"2605","13","9","1719.47","1754.03","3"
"2606","14","9","1719.5","1730.55","1"
"2607","15","9","1719.5","1730.5","1"
"2608","16","9","1719.5","1730.37","1"
"2609","17","9","1719.65","1730.33","1"
"2610","18","17","1723.73","1839.7","2"
"2611","19","19","1724.68","1755.6","2"
"2612","20","10","1728.28","1801.99","11"
"2613","21","16","1732.77","1771.18","3"
"2614","22","1","1733.7","1749.03","2"
"2615","23","3","1734.71","1745.44","1"
"2616","24","8","1736.41","1747.25","1"
"2617","25","11","1736.48","1747.88","1"
"2618","26","10","1737.34","1753.61","2"
"2619","27","17","1740.94","1754.33","4"
"2620","28","23","1740.96","1819.56","5"
"2621","29","2","1742.49","1785.47","2"
"2622","30","23","1742.67","1753.67","1"
"2623","31","23","1742.95","1753.26","1"
"2624","32","22","1743.22","1768.01","6"
"2625","1","17","1743.41","1951.09","4"
"2626","2","9","1743.87","1826.27","6"
"2627","3","9","1743.87","1812.94","17"
"2628","4","9","1743.87","1819.59","10"
"2629","5","9","1744","1811.32","22"
"2630","6","9","1744","1754.78","1"
"2631","7","9","1745.68","1810.56","6"
"2632","8","13","1748.65","1759.87","1"
"2633","9","7","1750.17","1767.56","2"
"2634","10","7","1751.86","1762.86","1"
"2635","11","16","1754.62","1788.75","6"
"2636","12","10","1755.93","1807.59","8"
"2637","13","10","1755.98","1808.84","8"
"2638","14","10","1756.28","1813.3","7"
"2639","15","10","1756.45","1808.73","5"
"2640","16","10","1756.45","1805.97","7"
"2641","17","1","1757.92","1805.66","7"
"2642","18","1","1758.24","1784.78","4"
"2643","19","23","1758.42","1838.3","4"
"2644","20","9","1758.45","1809.78","6"
"2645","21","9","1758.46","1803.5","4"
"2646","22","9","1758.46","1813.22","13"
"2647","23","23","1758.56","1817.89","3"
"2648","24","9","1758.66","1783.41","2"
"2649","25","9","1758.96","1783.57","7"
"2650","26","9","1758.98","1783.1","6"
"2651","27","9","1759","1782.53","1"
"2652","28","9","1759.05","1785.75","2"
"2653","29","9","1759.05","1783.19","5"
"2654","30","8","1759.08","1771.19","2"
"2655","31","23","1759.08","1844.42","7"
"2656","32","23","1759.11","1772.39","5"
"2657","1","9","1759.16","1815.38","6"
"2658","2","10","1759.19","1828.64","3"
"2659","3","23","1759.43","1850.65","1"
"2660","4","23","1759.9","1813.69","3"
"2661","5","1","1760.02","1815.9","11"
"2662","6","23","1760.21","1833.7","3"
"2663","7","23","1760.31","1812.1","1"
"2664","8","8","1760.46","1780.09","3"
"2665","9","9","1761.21","1818.36","14"
"2666","10","19","1761.41","1776.58","1"
"2667","11","23","1761.41","1844.85","11"
"2668","12","10","1761.87","1808.61","13"
"2669","13","10","1761.93","1807.83","5"
"2670","14","23","1762.12","1814.41","3"
"2671","15","23","1763.19","1843.39","5"
"2672","16","11","1763.21","1787.77","4"
"2673","17","23","1763.29","1821.26","2"
"2674","18","23","1763.34","1827.13","8"
"2675","19","18","1763.42","1773.86","1"
"2676","20","23","1763.96","1815.76","1"
"2677","21","23","1764.16","1817.54","11"
"2678","22","14","1764.16","1774.32","1"
"2679","23","10","1765.05","1801.91","3"
"2680","24","3","1765.05","1782.21","2"
"2681","25","3","1765.74","1776.26","1"
"2682","26","17","1767.08","1890.59","1"
"2683","27","17","1768.24","1887.75","2"
"2684","28","22","1770.06","1791.52","1"
"2685","29","9","1771.16","1783.27","2"
"2686","30","9","1771.2","1782.9","2"
"2687","31","9","1771.2","1782.25","1"
"2688","32","9","1771.25","1782.72","1"
"2689","1","9","1771.26","1859.72","2"
"2690","2","9","1771.3","1838.58","3"
"2691","3","9","1771.3","1833.2","7"
"2692","4","9","1771.32","1811.02","3"
"2693","5","9","1771.32","1810.92","12"
"2694","6","9","1771.47","1816.67","8"
"2695","7","9","1771.49","1812.73","14"
"2696","8","9","1771.49","1810.31","10"
"2697","9","22","1771.56","1797.38","2"
"2698","10","9","1771.58","1810.85","17"
"2699","11","1","1771.86","1815.48","9"
"2700","12","9","1771.87","1810.73","9"
"2701","13","9","1772.06","1810.89","11"
"2702","14","9","1772.06","1810.85","7"
"2703","15","9","1772.08","1819.29","4"
"2704","16","9","1772.08","1800.74","4"
"2705","17","1","1772.09","1801","5"
"2706","18","1","1772.34","1782.75","1"
"2707","19","1","1773.01","1783.48","1"
"2708","20","1","1773.26","1785.72","1"
"2709","21","9","1773.35","1809.8","4"
"2710","22","9","1773.65","1784.43","1"
"2711","23","9","1773.66","1784.71","1"
"2712","24","9","1773.74","1784.79","1"
"2713","25","9","1773.74","1784.52","1"
"2714","26","9","1773.74","1800.75","4"
"2715","27","9","1773.8","1784.58","1"
"2716","28","9","1773.8","1784.58","1"
"2717","29","9","1773.8","1784.54","1"
"2718","30","9","1773.81","1800.57","4"
"2719","31","22","1773.88","1795.34","1"
"2720","32","10","1774.08","1785.58","1"
"2721","1","22","1774.65","1854.84","2"
"2722","2","10","1774.66","1831.47","2"
"2723","3","10","1774.8","1807.81","4"
"2724","4","21","1774.92","1786.12","1"
"2725","5","23","1775.45","1830.76","1"
"2726","6","22","1775.45","1814.54","5"
"2727","7","23","1775.6","1810.86","6"
"2728","8","23","1777.42","1811.33","2"
"2729","9","23","1777.49","1811.87","2"
"2730","10","16","1779.11","1797.6","2"
"2731","11","11","1779.14","1797.19","2"
"2732","12","11","1779.16","1789.52","1"
"2733","13","16","1779.36","1804.22","1"
"2734","14","22","1781.78","1791.89","1"
"2735","15","8","1783.28","1805.07","3"
"2736","16","17","1783.3","1910.12","2"
"2737","17","17","1783.3","1896.81","1"
"2738","18","17","1783.31","1900.14","2"
"2739","19","17","1783.46","1900.29","2"
"2740","20","19","1783.92","1802.68","3"
"2741","21","13","1786.6","1800.23","1"
"2742","22","3","1787.23","1798.23","1"
"2743","23","9","1788.28","1812.86","2"
"2744","24","9","1788.28","1800.81","2"
"2745","25","9","1788.31","1800.19","2"
"2746","26","23","1788.36","1807.48","6"
"2747","27","10","1788.39","1808.04","1"
"2748","28","10","1788.39","1802.01","2"
"2749","29","23","1788.45","1824.04","4"
"2750","30","9","1788.55","1800.58","2"
"2751","31","9","1788.55","1799.42","1"
"2752","32","9","1788.63","1799.69","1"
"2753","1","10","1788.73","1816.38","1"
"2754","2","9","1788.8","1812.41","3"
"2755","3","9","1788.8","1811.31","4"
"2756","4","21","1788.81","1799.19","1"
"2757","5","3","1788.82","1809.77","3"
"2758","6","23","1788.82","1843.8","5"
"2759","7","9","1788.85","1819.35","7"
"2760","8","9","1788.85","1813.89","2"
"2761","9","9","1788.9","1811.31","8"
"2762","10","9","1788.9","1814.33","2"
"2763","11","9","1789.12","1813.89","2"
"2764","12","9","1789.41","1814.11","1"
"2765","13","17","1789.43","1802.17","1"
"2766","14","9","1789.44","1823.7","5"
"2767","15","9","1789.48","1806.74","2"
"2768","16","9","1789.48","1800.48","1"
"2769","17","9","1789.54","1800.54","1"
"2770","18","9","1789.54","1800.22","1"
"2771","19","17","1789.8","1914.31","2"
"2772","20","21","1790.29","1801.52","1"
"2773","21","9","1790.33","1801.38","1"
"2774","22","9","1790.33","1801.11","1"
"2775","23","9","1790.37","1801.05","1"
"2776","24","9","1790.41","1801.19","1"
"2777","25","9","1790.44","1801.49","1"
"2778","26","9","1790.44","1801.91","1"
"2779","27","9","1790.47","1801.52","1"
"2780","28","9","1790.49","1801.96","1"
"2781","29","9","1790.49","1801.27","1"
"2782","30","9","1790.62","1814.15","1"
"2783","31","9","1790.64","1802.11","1"
"2784","32","9","1790.66","1801.4","1"
"2785","1","9","1790.66","1814.41","2"
"2786","2","9","1790.67","1848.93","2"
"2787","3","9","1790.67","1832.82","1"
"2788","4","9","1790.7","1827.92","5"
"2789","5","17","1791.19","1918.73","2"
"2790","6","20","1791.33","1802.33","1"
"2791","7","10","1791.34","1813.22","1"
"2792","8","17","1791.7","1917.77","2"
"2793","9","17","1791.74","1806.12","2"
"2794","10","17","1791.89","1802.89","1"
"2795","11","10","1791.9","1809.06","3"
"2796","12","1","1792.77","1812.46","3"
"2797","13","10","1792.8","1809.16","2"
"2798","14","10","1792.87","1804.37","1"
"2799","15","23","1794.69","1850.78","5"
"2800","16","23","1796.36","1809.96","3"
"2801","17","23","1798","1809","1"
"2802","18","23","1798.15","1849.93","1"
"2803","19","23","1798.68","1809.34","1"
"2804","20","23","1798.94","1809.94","1"
"2805","21","23","1798.94","1809.23","1"
"2806","22","11","1801.76","1815.61","1"
