"clock","utilization","count","workload usage"
"1.33","0.16","15.73","2.5318"
"1.64","0.16","18.27","2.9469"
"1.95","0.16","19.02","3.0769"
"2.26","0.16","23.3","3.8157"
"2.58","0.17","25.23","4.1684"
"2.89","0.17","26.85","4.507"
"3.2","0.17","28.06","4.7173"
"3.51","0.17","30.9","5.2071"
"3.83","0.17","32","5.5929"
"4.14","0.18","32","5.6123"
"4.45","0.18","32","5.6343"
"4.76","0.18","32","5.7303"
"5.08","0.18","32","5.8843"
"5.39","0.18","32","5.8843"
"5.7","0.19","32","5.9308"
"6.01","0.19","32","5.9348"
"6.33","0.19","32","5.9348"
"6.64","0.19","32","5.9348"
"6.95","0.19","32","5.9348"
"7.26","0.19","32","5.9348"
"7.58","0.19","32","5.9348"
"7.89","0.19","32","5.9348"
"8.2","0.19","32","5.9348"
"8.51","0.19","32","5.9348"
"8.83","0.19","32","5.9348"
"9.14","0.19","32","5.9348"
"9.45","0.19","32","5.9348"
"9.76","0.19","32","5.9348"
"10.08","0.19","32","5.9348"
"10.39","0.19","32","5.9348"
"10.7","0.19","32","5.9348"
"11.01","0.19","32","5.9348"
"11.33","0.19","32","5.9348"
"11.64","0.19","32","5.9348"
"11.95","0.19","32","5.9348"
"12.26","0.19","32","5.9348"
"12.58","0.19","32","5.9348"
"12.89","0.19","32","5.9348"
"13.2","0.19","32","5.9348"
"13.51","0.19","31.94","5.9254"
"13.83","0.19","30.77","5.7475"
"14.14","0.19","29.17","5.5116"
"14.45","0.2","26.32","5.2603"
"14.76","0.2","25.36","5.0964"
"15.08","0.2","23.43","4.718"
"15.39","0.2","21","4.2654"
"15.7","0.2","19.38","3.9372"
"16.01","0.2","18.68","3.7723"
"16.33","0.2","15.38","3.14"
"16.64","0.21","14.02","2.9048"
"16.95","0.21","13.88","2.8799"
"17.26","0.21","13","2.7143"
"17.58","0.21","12","2.53"
"17.89","0.21","12","2.502"
"18.2","0.19","12","2.2352"
"18.51","0.19","12","2.2295"
"18.83","0.19","12","2.2295"
"19.14","0.19","12","2.2295"
"19.45","0.19","12","2.2295"
"19.76","0.19","12","2.2295"
"20.08","0.19","12","2.2295"
"20.39","0.19","12","2.2295"
"20.7","0.19","12","2.2295"
"21.01","0.19","12","2.2295"
"21.33","0.19","12","2.2295"
"21.64","0.19","12","2.2295"
"21.95","0.19","12","2.2295"
"22.26","0.19","12","2.2295"
"22.58","0.19","12","2.2295"
"22.89","0.19","12","2.2295"
"23.2","0.19","12","2.2295"
"23.51","0.19","12","2.2295"
"23.83","0.19","12","2.2295"
"24.14","0.19","12","2.2295"
"24.45","0.19","12","2.2249"
"24.76","0.18","12","2.1909"
"25.08","0.18","12","2.1909"
"25.39","0.18","11.89","2.1629"
"25.7","0.18","11","1.9409"
"26.01","0.18","11","1.9409"
"26.33","0.18","11","1.9409"
"26.64","0.17","10.7","1.8358"
"26.95","0.16","9.11","1.4415"
"27.26","0.16","9","1.4221"
"27.58","0.16","8.38","1.3142"
"27.89","0.15","6.47","0.9849"
"28.2","0.15","6","0.9033"
"28.51","0.15","5.39","0.7981"
"28.83","0.15","5","0.7303"
"29.14","0.14","4.31","0.6114"
"29.45","0.14","4","0.5574"
"29.76","0.14","4","0.5574"
"30.08","0.13","3.13","0.4066"
"30.39","0.12","2.47","0.2932"
"30.7","0.11","2","0.2115"
"31.01","0.11","2","0.2115"
"31.33","0.11","2","0.2115"
"31.64","0.11","2","0.2115"
"31.95","0.11","2","0.2115"
"32.26","0.11","2","0.2115"
"32.58","0.11","2","0.2115"
"32.89","0.11","2","0.2115"
"33.2","0.11","2","0.2115"
"33.51","0.11","2","0.2115"
"33.83","0.11","2","0.2115"
"34.14","0.11","2","0.2115"
"34.45","0.11","2","0.2115"
"34.76","0.11","2","0.2115"
"35.08","0.17","1.03","0.1742"
"35.39","0.17","1","0.1729"
"35.7","0.14","1.47","0.1912"
"36.01","0.11","2","0.2115"
"36.33","0.11","2","0.2115"
"36.64","0.11","2","0.2115"
"36.95","0.1","1.94","0.2018"
"37.26","0.04","1","0.0386"
"37.58","0.04","1","0.0386"
"37.89","0.04","1","0.0386"
"38.2","0.04","1","0.0386"
"38.51","0.04","1","0.0386"
"38.83","0.04","1","0.0386"
"39.14","0.04","1","0.0386"
"39.45","0.04","1","0.0386"
"39.76","0.04","1","0.0386"
"40.08","0.04","1","0.0386"
"40.39","0.04","1","0.0386"
"40.7","0.04","1","0.0386"
"41.01","0.04","1","0.0386"
"41.33","0.04","1","0.0386"
"41.64","0.04","1","0.0386"
"41.95","0.07","1.55","0.1341"
"42.26","0.14","14.69","2.0147"
"42.58","0.14","16","2.1876"
"42.89","0.14","16","2.1876"
"43.2","0.14","16","2.1876"
"43.51","0.14","16","2.1876"
"43.83","0.14","16","2.1876"
"44.14","0.14","16","2.1876"
"44.45","0.14","16","2.1876"
"44.76","0.14","16","2.1876"
"45.08","0.14","16","2.1876"
"45.39","0.14","16","2.1876"
"45.7","0.14","16","2.1876"
"46.01","0.14","16","2.1876"
"46.33","0.14","16","2.1876"
"46.64","0.14","16","2.1876"
"46.95","0.14","16","2.1876"
"47.26","0.14","16","2.1876"
"47.58","0.14","16","2.1876"
"47.89","0.14","16","2.1876"
"48.2","0.14","16","2.1876"
"48.51","0.14","16","2.1876"
"48.83","0.14","16","2.1876"
"49.14","0.14","16","2.1876"
"49.45","0.14","16","2.1876"
"49.76","0.14","16","2.1876"
"50.08","0.14","16","2.1876"
"50.39","0.14","16","2.1876"
"50.7","0.14","16","2.1876"
"51.01","0.14","16","2.1876"
"51.33","0.14","16","2.1876"
"51.64","0.14","16.4","2.2876"
"51.95","0.14","17","2.4376"
"52.26","0.14","17","2.4376"
"52.58","0.14","17","2.4376"
"52.89","0.15","17.53","2.5696"
"53.2","0.15","18","2.6876"
"53.51","0.15","18","2.6876"
"53.83","0.15","18","2.6876"
"54.14","0.15","17.89","2.6831"
"54.45","0.16","15.93","2.6162"
"54.76","0.17","14.84","2.4915"
"55.08","0.16","13","2.0915"
"55.39","0.16","13","2.0915"
"55.7","0.16","11.45","1.8231"
"56.01","0.16","11","1.7457"
"56.33","0.16","11","1.7457"
"56.64","0.16","11","1.7457"
"56.95","0.16","11","1.7457"
"57.26","0.16","11","1.7457"
"57.58","0.16","11","1.7457"
"57.89","0.16","11","1.7457"
"58.2","0.16","11","1.7457"
"58.51","0.16","11","1.7457"
"58.83","0.16","11","1.7457"
"59.14","0.16","11","1.7457"
"59.45","0.16","11","1.7457"
"59.76","0.16","10.14","1.6207"
"60.08","0.16","10","1.601"
"60.39","0.16","10","1.601"
"60.7","0.16","10","1.601"
"61.01","0.16","10","1.601"
"61.33","0.16","10","1.601"
"61.64","0.16","10","1.601"
"61.95","0.16","10","1.601"
"62.26","0.16","10","1.601"
"62.58","0.16","10","1.601"
"62.89","0.17","10.7","1.777"
"63.2","0.18","12","2.101"
"63.51","0.18","12","2.101"
"63.83","0.18","12","2.101"
"64.14","0.18","12","2.101"
"64.45","0.18","12","2.101"
"64.76","0.18","12","2.101"
"65.08","0.18","12","2.101"
"65.39","0.17","11.15","1.889"
"65.7","0.17","11","1.851"
"66.01","0.17","11","1.851"
"66.33","0.17","11","1.851"
"66.64","0.17","11","1.851"
"66.95","0.17","10.62","1.8417"
"67.26","0.18","10","1.8262"
"67.58","0.19","8.17","1.5094"
"67.89","0.19","5","0.9615"
"68.2","0.19","5","0.9615"
"68.51","0.19","5","0.9615"
"68.83","0.19","5","0.9615"
"69.14","0.19","5","0.9615"
"69.45","0.19","5","0.9615"
"69.76","0.19","5","0.9615"
"70.08","0.19","5","0.9615"
"70.39","0.19","5","0.9615"
"70.7","0.19","5","0.9615"
"71.01","0.19","5","0.9615"
"71.33","0.19","5","0.9615"
"71.64","0.19","5","0.9615"
"71.95","0.19","5","0.9615"
"72.26","0.19","5","0.9615"
"72.58","0.19","5","0.9615"
"72.89","0.19","5","0.9615"
"73.2","0.19","5","0.9615"
"73.51","0.19","5","0.9615"
"73.83","0.19","5","0.9615"
"74.14","0.19","5","0.9615"
"74.45","0.19","5","0.9615"
"74.76","0.19","5","0.9615"
"75.08","0.19","5","0.9615"
"75.39","0.19","5","0.9615"
"75.7","0.19","5","0.9615"
"76.01","0.19","5","0.9615"
"76.33","0.19","5","0.9615"
"76.64","0.18","4.44","0.8215"
"76.95","0.18","4","0.7115"
"77.26","0.18","4","0.7115"
"77.58","0.18","4","0.7115"
"77.89","0.18","4","0.7115"
"78.2","0.18","4","0.7115"
"78.51","0.18","4","0.7115"
"78.83","0.18","4","0.7115"
"79.14","0.18","4","0.7115"
"79.45","0.18","4","0.7115"
"79.76","0.18","4","0.7115"
"80.08","0.18","4","0.7115"
"80.39","0.18","3.92","0.6915"
"80.7","0.15","2.14","0.3135"
"81.01","0.14","2","0.2886"
"81.33","0.14","2","0.2886"
"81.64","0.14","2","0.2886"
"81.95","0.14","2","0.2886"
"82.26","0.14","2","0.2886"
"82.58","0.14","2","0.2886"
"82.89","0.14","2","0.2886"
"83.2","0.14","2","0.2886"
"83.51","0.14","2","0.2886"
"83.83","0.14","2","0.2886"
"84.14","0.14","2","0.2886"
"84.45","0.14","2","0.2886"
"84.76","0.14","2","0.2886"
"85.08","0.14","2","0.2886"
"85.39","0.15","2.5","0.3744"
"85.7","0.15","3","0.4615"
"86.01","0.15","3","0.4615"
"86.33","0.15","3","0.4615"
"86.64","0.15","3","0.4615"
"86.95","0.11","2.18","0.2555"
"87.26","0.11","2","0.2115"
"87.58","0.11","2","0.2115"
"87.89","0.11","2","0.2115"
"88.2","0.11","2","0.2115"
"88.51","0.11","2","0.2115"
"88.83","0.11","2","0.2115"
"89.14","0.11","2","0.2115"
"89.45","0.11","2","0.2115"
"89.76","0.11","2","0.2115"
"90.08","0.11","2","0.2115"
"90.39","0.11","2","0.2115"
"90.7","0.11","2","0.2115"
"91.01","0.11","2","0.2115"
"91.33","0.11","2","0.2115"
"91.64","0.11","2","0.2115"
"91.95","0.11","2","0.2115"
"92.26","0.11","2","0.2115"
"92.58","0.11","2","0.2115"
"92.89","0.11","2","0.2115"
"93.2","0.11","2","0.2115"
"93.51","0.11","2.19","0.2506"
"93.83","0.16","2.58","0.3988"
"94.14","0.19","2","0.3765"
"94.45","0.19","2","0.3765"
"94.76","0.19","2","0.3765"
"95.08","0.19","2","0.3765"
"95.39","0.19","2","0.3765"
"95.7","0.19","2","0.3765"
"96.01","0.19","2","0.3765"
"96.33","0.19","2","0.3765"
"96.64","0.19","2","0.3765"
"96.95","0.19","2","0.3765"
"97.26","0.19","2","0.3765"
"97.58","0.19","2","0.3765"
"97.89","0.19","2","0.3765"
"98.2","0.19","2","0.3765"
"98.51","0.19","2","0.3765"
"98.83","0.19","2","0.3765"
"99.14","0.19","2","0.3765"
"99.45","0.19","2","0.3765"
"99.76","0.19","2","0.3765"
"100.08","0.19","2","0.3765"
"100.39","0.2","1.06","0.2133"
"100.7","0.2","1","0.2036"
"101.01","0.2","1","0.2036"
"101.33","0.2","1","0.2036"
"101.64","0.19","1.82","0.3447"
"101.95","0.19","2","0.3765"
"102.26","0.19","2","0.3765"
"102.58","0.19","2","0.3765"
"102.89","0.19","2","0.3765"
"103.2","0.19","2","0.3765"
"103.51","0.19","2","0.3765"
"103.83","0.19","2","0.3765"
"104.14","0.19","2","0.3765"
"104.45","0.19","2","0.3765"
"104.76","0.19","2","0.3765"
"105.08","0.19","2","0.3765"
"105.39","0.19","2","0.3765"
"105.7","0.19","1.85","0.3456"
"106.01","0.17","1","0.1729"
"106.33","0.17","1","0.1729"
"106.64","0.17","1","0.1729"
"106.95","0.17","1","0.1729"
"107.26","0.17","1","0.1729"
"107.58","0.17","1","0.1729"
"107.89","0.17","1","0.1729"
"108.2","0.17","1","0.1729"
"108.51","0.17","1","0.1729"
"108.83","0.17","1","0.1729"
"109.14","0.17","1","0.1729"
"109.45","0.17","1","0.1729"
"109.76","0.17","1","0.1729"
"110.08","0.17","1","0.1729"
"110.39","0.17","1","0.1729"
"110.7","0.17","1","0.1729"
"111.01","0.17","1","0.1729"
"111.33","0.17","1","0.1729"
"111.64","0.17","1","0.1729"
"111.95","0.17","1","0.1729"
"112.26","0.17","1","0.1729"
"112.58","0.17","1","0.1729"
"112.89","0.17","1","0.1729"
"113.2","0.17","1","0.1729"
"113.51","0.17","1","0.1729"
"113.83","0.17","1","0.1729"
"114.14","0.17","1","0.1729"
"114.45","0.17","2.49","0.4303"
"114.76","0.17","3","0.5188"
"115.08","0.17","3","0.5188"
"115.39","0.17","3","0.5188"
"115.7","0.17","3","0.5188"
"116.01","0.17","3","0.5188"
"116.33","0.17","3","0.5188"
"116.64","0.18","3.59","0.6668"
"116.95","0.19","4","0.7688"
"117.26","0.19","4","0.7688"
"117.58","0.19","4","0.7688"
"117.89","0.19","4","0.7688"
"118.2","0.19","4","0.7688"
"118.51","0.19","4","0.7688"
"118.83","0.19","4","0.7688"
"119.14","0.19","4","0.7688"
"119.45","0.19","4","0.7688"
"119.76","0.19","4","0.7688"
"120.08","0.19","4","0.7688"
"120.39","0.19","4","0.7688"
"120.7","0.19","4","0.7688"
"121.01","0.19","4","0.7688"
"121.33","0.19","4","0.7688"
"121.64","0.19","4","0.7688"
"121.95","0.19","4","0.7688"
"122.26","0.19","4","0.7688"
"122.58","0.19","4","0.7688"
"122.89","0.17","4.85","0.8015"
"123.2","0.16","5","0.8074"
"123.51","0.16","5","0.8074"
"123.83","0.16","5","0.8074"
"124.14","0.17","5.43","0.9154"
"124.45","0.18","6.73","1.2394"
"124.76","0.19","7.42","1.4114"
"125.08","0.19","8","1.5574"
"125.39","0.19","8.88","1.7096"
"125.7","0.19","10.01","1.909"
"126.01","0.2","11","2.1533"
"126.33","0.19","11.33","2.1699"
"126.64","0.18","12","2.2038"
"126.95","0.18","12","2.2038"
"127.26","0.18","12.86","2.3532"
"127.58","0.18","13.97","2.5442"
"127.89","0.18","14","2.5497"
"128.2","0.18","14","2.5497"
"128.51","0.18","14","2.5497"
"128.83","0.18","14","2.5497"
"129.14","0.18","14","2.5497"
"129.45","0.18","14","2.5497"
"129.76","0.18","14","2.5497"
"130.08","0.18","14","2.5497"
"130.39","0.18","14","2.5497"
"130.7","0.18","14","2.5497"
"131.01","0.18","14","2.5497"
"131.33","0.18","14","2.5497"
"131.64","0.18","14","2.5497"
"131.95","0.18","14","2.5497"
"132.26","0.18","14","2.5497"
"132.58","0.18","14","2.5497"
"132.89","0.18","14","2.5497"
"133.2","0.18","14","2.5497"
"133.51","0.18","14","2.5497"
"133.83","0.18","14","2.5497"
"134.14","0.18","14","2.5497"
"134.45","0.18","14","2.5497"
"134.76","0.18","14","2.5497"
"135.08","0.18","14","2.5497"
"135.39","0.18","14","2.5497"
"135.7","0.18","14","2.5497"
"136.01","0.18","14","2.5497"
"136.33","0.18","14","2.5497"
"136.64","0.18","14","2.5497"
"136.95","0.18","14","2.5497"
"137.26","0.18","14","2.5497"
"137.58","0.18","13.58","2.4437"
"137.89","0.18","12.57","2.225"
"138.2","0.17","11.57","2.0187"
"138.51","0.16","8.66","1.3943"
"138.83","0.16","8","1.2809"
"139.14","0.16","8","1.2809"
"139.45","0.16","8","1.2809"
"139.76","0.17","7.39","1.2502"
"140.08","0.18","6.93","1.2179"
"140.39","0.18","6","1.0574"
"140.7","0.18","6","1.0574"
"141.01","0.18","6","1.0574"
"141.33","0.18","6","1.0574"
"141.64","0.16","6.88","1.0914"
"141.95","0.15","6.56","0.986"
"142.26","0.13","6.8","0.8658"
"142.58","0.12","7","0.8708"
"142.89","0.12","6.63","0.8071"
"143.2","0.12","6","0.6978"
"143.51","0.12","6","0.6978"
"143.83","0.12","6","0.6978"
"144.14","0.12","6","0.6978"
"144.45","0.12","6","0.6978"
"144.76","0.12","6","0.6978"
"145.08","0.12","6","0.6978"
"145.39","0.12","6","0.6978"
"145.7","0.12","6","0.6978"
"146.01","0.12","6","0.6978"
"146.33","0.11","5.9","0.6718"
"146.64","0.09","5","0.4478"
"146.95","0.09","5","0.4478"
"147.26","0.09","5","0.4478"
"147.58","0.09","5","0.4478"
"147.89","0.09","5","0.4478"
"148.2","0.09","5","0.4478"
"148.51","0.09","5","0.4478"
"148.83","0.09","5","0.4478"
"149.14","0.09","5.11","0.4643"
"149.45","0.1","6","0.595"
"149.76","0.1","6","0.595"
"150.08","0.1","6","0.595"
"150.39","0.1","6","0.595"
"150.7","0.1","6","0.595"
"151.01","0.1","6","0.595"
"151.33","0.1","6.07","0.613"
"151.64","0.12","7","0.845"
"151.95","0.12","7","0.845"
"152.26","0.12","7","0.845"
"152.58","0.12","7","0.845"
"152.89","0.12","7","0.845"
"153.2","0.12","7","0.845"
"153.51","0.12","7","0.845"
"153.83","0.13","6.35","0.82"
"154.14","0.13","6","0.8064"
"154.45","0.13","6","0.8064"
"154.76","0.14","5.58","0.7961"
"155.08","0.16","5","0.7817"
"155.39","0.16","5","0.7817"
"155.7","0.16","5","0.7817"
"156.01","0.16","5","0.7817"
"156.33","0.16","5","0.7817"
"156.64","0.16","5","0.7817"
"156.95","0.16","5","0.7817"
"157.26","0.15","5.26","0.7915"
"157.58","0.14","6","0.8202"
"157.89","0.14","6","0.8202"
"158.2","0.14","6","0.8202"
"158.51","0.14","6","0.8202"
"158.83","0.14","6","0.8202"
"159.14","0.14","6","0.8202"
"159.45","0.14","6","0.8202"
"159.76","0.14","6","0.8202"
"160.08","0.14","6","0.8202"
"160.39","0.14","6","0.8202"
"160.7","0.14","6","0.8202"
"161.01","0.14","6","0.8202"
"161.33","0.14","6","0.8202"
"161.64","0.13","6.66","0.8365"
"161.95","0.12","7","0.845"
"162.26","0.12","7","0.845"
"162.58","0.12","7","0.845"
"162.89","0.12","7","0.845"
"163.2","0.12","7","0.845"
"163.51","0.11","6.26","0.7177"
"163.83","0.11","6","0.6721"
"164.14","0.11","6","0.6721"
"164.45","0.11","5.5","0.5979"
"164.76","0.09","4.65","0.4369"
"165.08","0.07","4","0.2749"
"165.39","0.07","4","0.2749"
"165.7","0.07","4","0.2749"
"166.01","0.07","4","0.2749"
"166.33","0.07","4","0.2749"
"166.64","0.07","4","0.2749"
"166.95","0.07","4","0.2749"
"167.26","0.07","4.22","0.3136"
"167.58","0.09","5","0.4478"
"167.89","0.09","5","0.4478"
"168.2","0.09","5","0.4478"
"168.51","0.09","5","0.4478"
"168.83","0.09","5","0.4478"
"169.14","0.09","5","0.4478"
"169.45","0.09","5","0.4478"
"169.76","0.09","5","0.4478"
"170.08","0.09","5.01","0.4492"
"170.39","0.1","6","0.6208"
"170.7","0.1","6","0.6208"
"171.01","0.1","6","0.6208"
"171.33","0.12","6.81","0.8228"
"171.64","0.14","7.72","1.0508"
"171.95","0.14","8","1.1208"
"172.26","0.14","8","1.1208"
"172.58","0.14","8","1.1208"
"172.89","0.14","8","1.1208"
"173.2","0.14","8","1.1208"
"173.51","0.14","8","1.1208"
"173.83","0.14","8","1.1208"
"174.14","0.14","8","1.1208"
"174.45","0.14","8","1.1208"
"174.76","0.14","8","1.1208"
"175.08","0.14","8","1.1208"
"175.39","0.14","8","1.1208"
"175.7","0.14","8","1.1208"
"176.01","0.14","8","1.1208"
"176.33","0.14","8","1.1208"
"176.64","0.14","8","1.1208"
"176.95","0.14","8","1.1208"
"177.26","0.14","8","1.1208"
"177.58","0.14","8","1.1208"
"177.89","0.14","7.82","1.114"
"178.2","0.15","7","1.0822"
"178.51","0.15","7","1.0822"
"178.83","0.15","6.99","1.0819"
"179.14","0.17","6","1.0436"
"179.45","0.17","6","1.0436"
"179.76","0.17","6","1.0436"
"180.08","0.17","6","1.0436"
"180.39","0.17","6","1.0436"
"180.7","0.2","5.14","1.0224"
"181.01","0.2","5","1.0188"
"181.33","0.18","5.97","1.0562"
"181.64","0.18","6","1.0574"
"181.95","0.18","6","1.0574"
"182.26","0.18","6","1.0574"
"182.58","0.18","6","1.0574"
"182.89","0.18","6","1.0574"
"183.2","0.17","5.47","0.9445"
"183.51","0.16","4","0.6345"
"183.83","0.16","3.96","0.6245"
"184.14","0.13","3","0.3845"
"184.45","0.13","3","0.3845"
"184.76","0.13","3","0.3845"
"185.08","0.13","3","0.3845"
"185.39","0.13","3","0.3845"
"185.7","0.13","3","0.3845"
"186.01","0.13","3","0.3845"
"186.33","0.13","3","0.3845"
"186.64","0.13","3","0.3845"
"186.95","0.13","3","0.3845"
"187.26","0.13","3","0.3845"
"187.58","0.14","3.39","0.4825"
"187.89","0.16","4","0.6345"
"188.2","0.16","4","0.6345"
"188.51","0.16","4","0.6345"
"188.83","0.16","4","0.6345"
"189.14","0.16","4","0.6345"
"189.45","0.16","4","0.6345"
"189.76","0.16","4","0.6345"
"190.08","0.16","4","0.6345"
"190.39","0.16","4","0.6345"
"190.7","0.16","4","0.6345"
"191.01","0.16","4","0.6345"
"191.33","0.16","4","0.6345"
"191.64","0.16","4","0.6345"
"191.95","0.16","4","0.6345"
"192.26","0.16","4.77","0.7673"
"192.58","0.16","5","0.8074"
"192.89","0.16","5","0.8074"
"193.2","0.16","5","0.8074"
"193.51","0.16","5","0.8074"
"193.83","0.16","5.36","0.8697"
"194.14","0.16","6","0.9803"
"194.45","0.16","6","0.9803"
"194.76","0.16","6","0.9803"
"195.08","0.16","6","0.9803"
"195.39","0.16","6","0.9803"
"195.7","0.16","6","0.9803"
"196.01","0.16","6","0.9803"
"196.33","0.16","6","0.9803"
"196.64","0.16","6","0.9803"
"196.95","0.16","6","0.9803"
"197.26","0.16","6","0.9803"
"197.58","0.16","6","0.9803"
"197.89","0.16","6","0.9803"
"198.2","0.16","6","0.9803"
"198.51","0.16","6","0.9803"
"198.83","0.16","6","0.9803"
"199.14","0.16","6","0.9803"
"199.45","0.16","6","0.9803"
"199.76","0.16","6","0.9803"
"200.08","0.16","6","0.9803"
"200.39","0.16","6","0.9803"
"200.7","0.18","5.53","0.9621"
"201.01","0.19","4.81","0.8937"
"201.33","0.17","4","0.6917"
"201.64","0.17","4","0.6917"
"201.95","0.17","4","0.6917"
"202.26","0.17","4","0.6917"
"202.58","0.17","4.33","0.7088"
"202.89","0.15","5","0.7437"
"203.2","0.15","5","0.7437"
"203.51","0.15","5","0.7437"
"203.83","0.15","5","0.7437"
"204.14","0.15","5","0.7437"
"204.45","0.15","5","0.7437"
"204.76","0.15","4.78","0.705"
"205.08","0.14","4","0.5708"
"205.39","0.14","4","0.5708"
"205.7","0.14","4","0.5708"
"206.01","0.14","4","0.5708"
"206.33","0.14","4","0.5708"
"206.64","0.14","4","0.5708"
"206.95","0.14","4","0.5708"
"207.26","0.14","4","0.5708"
"207.58","0.14","4","0.5708"
"207.89","0.14","4","0.5708"
"208.2","0.14","4","0.5708"
"208.51","0.14","4.26","0.5807"
"208.83","0.12","5","0.6094"
"209.14","0.12","5","0.6094"
"209.45","0.12","5","0.6094"
"209.76","0.12","5","0.6094"
"210.08","0.12","5","0.6094"
"210.39","0.12","5","0.6094"
"210.7","0.12","5","0.6094"
"211.01","0.12","5","0.6094"
"211.33","0.12","5","0.6094"
"211.64","0.12","5","0.6094"
"211.95","0.12","5","0.6094"
"212.26","0.12","5","0.6094"
"212.58","0.12","5","0.6094"
"212.89","0.12","5","0.6094"
"213.2","0.12","5","0.6094"
"213.51","0.12","5","0.6094"
"213.83","0.12","5","0.6094"
"214.14","0.12","5","0.6094"
"214.45","0.12","5","0.6094"
"214.76","0.12","5","0.6094"
"215.08","0.12","5","0.6094"
"215.39","0.12","5","0.6094"
"215.7","0.13","4.27","0.5716"
"216.01","0.14","4","0.5574"
"216.33","0.14","4","0.5574"
"216.64","0.14","4","0.5574"
"216.95","0.12","2.93","0.372"
"217.26","0.11","2","0.2115"
"217.58","0.11","2","0.2115"
"217.89","0.11","2","0.2115"
"218.2","0.11","2","0.2115"
"218.51","0.11","2","0.2115"
"218.83","0.11","2","0.2115"
"219.14","0.11","2","0.2115"
"219.45","0.11","2","0.2115"
"219.76","0.11","2","0.2115"
"220.08","0.11","2","0.2115"
"220.39","0.11","2","0.2115"
"220.7","0.11","1.94","0.2094"
"221.01","0.14","1.54","0.2075"
"221.33","0.15","3","0.4615"
"221.64","0.15","3","0.4615"
"221.95","0.15","3","0.4615"
"222.26","0.17","3.58","0.6055"
"222.58","0.18","4","0.7115"
"222.89","0.18","4","0.7115"
"223.2","0.18","4","0.7115"
"223.51","0.18","4","0.7115"
"223.83","0.18","4","0.7115"
"224.14","0.18","4","0.7115"
"224.45","0.18","4","0.7115"
"224.76","0.18","4","0.7115"
"225.08","0.18","4","0.7115"
"225.39","0.18","4","0.7115"
"225.7","0.18","4","0.7115"
"226.01","0.18","4","0.7115"
"226.33","0.18","4","0.7115"
"226.64","0.18","4","0.7115"
"226.95","0.18","4","0.7115"
"227.26","0.18","4","0.7115"
"227.58","0.18","4","0.7115"
"227.89","0.18","4","0.7115"
"228.2","0.18","4","0.7115"
"228.51","0.18","4","0.7115"
"228.83","0.18","4","0.7115"
"229.14","0.18","4.98","0.8803"
"229.45","0.18","5","0.8845"
"229.76","0.18","5","0.8845"
"230.08","0.18","5","0.8845"
"230.39","0.18","5","0.8845"
"230.7","0.18","5","0.8845"
"231.01","0.18","5.64","0.9951"
"231.33","0.18","6","1.0574"
"231.64","0.18","6","1.0574"
"231.95","0.18","6","1.0574"
"232.26","0.18","6","1.0574"
"232.58","0.18","6","1.0574"
"232.89","0.18","6","1.0574"
"233.2","0.18","5.82","1.0503"
"233.51","0.2","5","1.0188"
"233.83","0.2","5","1.0188"
"234.14","0.2","5","1.0188"
"234.45","0.2","5","1.0188"
"234.76","0.2","5","1.0188"
"235.08","0.19","5.55","1.0316"
"235.39","0.17","6","1.0419"
"235.7","0.17","6","1.0419"
"236.01","0.17","6","1.0419"
"236.33","0.17","6","1.0419"
"236.64","0.17","6","1.0419"
"236.95","0.17","6","1.0419"
"237.26","0.17","6","1.0419"
"237.58","0.17","6","1.0419"
"237.89","0.17","6","1.0419"
"238.2","0.17","6","1.0419"
"238.51","0.17","5.46","0.9059"
"238.83","0.16","5","0.7919"
"239.14","0.16","5","0.7919"
"239.45","0.16","5","0.7919"
"239.76","0.16","5","0.7919"
"240.08","0.16","5","0.7919"
"240.39","0.16","5","0.7919"
"240.7","0.16","5","0.7919"
"241.01","0.16","5.06","0.8012"
"241.33","0.16","6","0.9366"
"241.64","0.16","6","0.9366"
"241.95","0.16","6","0.9366"
"242.26","0.16","6","0.9366"
"242.58","0.16","6","0.9366"
"242.89","0.16","6.53","1.0686"
"243.2","0.17","7","1.1866"
"243.51","0.17","7","1.1866"
"243.83","0.17","7.07","1.199"
"244.14","0.17","8","1.3595"
"244.45","0.17","8.22","1.3969"
"244.76","0.17","9","1.5325"
"245.08","0.19","9.04","1.6793"
"245.39","0.17","10.18","1.7744"
"245.7","0.17","11.82","2.0075"
"246.01","0.16","13.7","2.1556"
"246.33","0.16","14.3","2.2183"
"246.64","0.15","15.59","2.3547"
"246.95","0.15","16","2.3648"
"247.26","0.15","16","2.3648"
"247.58","0.15","16","2.3648"
"247.89","0.15","16","2.3648"
"248.2","0.15","16","2.3648"
"248.51","0.15","16","2.3648"
"248.83","0.15","16","2.3648"
"249.14","0.15","16","2.3648"
"249.45","0.15","16","2.3648"
"249.76","0.15","16","2.3648"
"250.08","0.15","16","2.3648"
"250.39","0.15","16","2.3648"
"250.7","0.15","16","2.3648"
"251.01","0.15","16","2.3648"
"251.33","0.15","16","2.3648"
"251.64","0.15","16","2.3648"
"251.95","0.15","16","2.3648"
"252.26","0.15","16","2.3648"
"252.58","0.15","16","2.3648"
"252.89","0.15","16","2.3648"
"253.2","0.15","16","2.3648"
"253.51","0.15","16","2.3648"
"253.83","0.15","15.9","2.3497"
"254.14","0.15","15","2.2201"
"254.45","0.15","15","2.2201"
"254.76","0.15","15","2.2201"
"255.08","0.15","15","2.2201"
"255.39","0.14","14.15","2.0081"
"255.7","0.14","14","1.9701"
"256.01","0.14","14","1.9701"
"256.33","0.14","14","1.9701"
"256.64","0.14","13.02","1.8013"
"256.95","0.14","13","1.7972"
"257.26","0.14","13","1.7972"
"257.58","0.14","13","1.7972"
"257.89","0.14","13","1.7834"
"258.2","0.12","12.69","1.5703"
"258.51","0.12","11.1","1.2964"
"258.83","0.12","10.29","1.2607"
"259.14","0.13","10","1.2536"
"259.45","0.13","10","1.2536"
"259.76","0.13","10","1.2536"
"260.08","0.13","10","1.2536"
"260.39","0.13","10","1.2536"
"260.7","0.13","10","1.2536"
"261.01","0.13","10","1.2536"
"261.33","0.13","10","1.2536"
"261.64","0.13","10","1.2536"
"261.95","0.13","10","1.2536"
"262.26","0.13","10","1.2536"
"262.58","0.13","10","1.2536"
"262.89","0.13","10","1.2536"
"263.2","0.13","10","1.2536"
"263.51","0.13","10","1.2536"
"263.83","0.13","10","1.2536"
"264.14","0.12","9.41","1.1512"
"264.45","0.12","9","1.0807"
"264.76","0.11","8.04","0.9146"
"265.08","0.11","8","0.9077"
"265.39","0.11","8","0.9077"
"265.7","0.11","8","0.9077"
"266.01","0.11","8","0.9077"
"266.33","0.11","8","0.9077"
"266.64","0.1","7.44","0.7677"
"266.95","0.09","7","0.6577"
"267.26","0.09","7","0.6577"
"267.58","0.09","7","0.6577"
"267.89","0.09","7","0.6577"
"268.2","0.09","7","0.6577"
"268.51","0.09","7","0.6577"
"268.83","0.09","7","0.6577"
"269.14","0.09","7","0.6577"
"269.45","0.09","7","0.6577"
"269.76","0.09","7","0.6577"
"270.08","0.09","7","0.6577"
"270.39","0.09","6.95","0.6494"
"270.7","0.08","6","0.4848"
"271.01","0.08","6","0.4848"
"271.33","0.08","6","0.4848"
"271.64","0.08","6","0.4848"
"271.95","0.07","5.37","0.3755"
"272.26","0.06","5","0.3118"
"272.58","0.06","5","0.3118"
"272.89","0.06","5","0.3118"
"273.2","0.06","5","0.3118"
"273.51","0.06","5","0.3118"
"273.83","0.06","5","0.3118"
"274.14","0.06","5","0.3118"
"274.45","0.06","5","0.3118"
"274.76","0.06","5","0.3118"
"275.08","0.07","5.17","0.3538"
"275.39","0.09","6","0.5618"
"275.7","0.09","6","0.5618"
"276.01","0.09","6","0.5618"
"276.33","0.1","5.7","0.5504"
"276.64","0.1","5","0.5233"
"276.95","0.1","5","0.5233"
"277.26","0.1","5","0.5233"
"277.58","0.1","5","0.5233"
"277.89","0.1","5","0.5233"
"278.2","0.1","5","0.5233"
"278.51","0.1","5","0.5233"
"278.83","0.1","5","0.5233"
"279.14","0.1","5","0.5233"
"279.45","0.1","5","0.5233"
"279.76","0.1","5","0.5233"
"280.08","0.1","5","0.5233"
"280.39","0.1","5","0.5233"
"280.7","0.09","5.98","0.5612"
"281.01","0.09","6","0.5618"
"281.33","0.09","6.14","0.5671"
"281.64","0.09","7","0.6004"
"281.95","0.09","7","0.6004"
"282.26","0.09","7","0.6004"
"282.58","0.09","7","0.6004"
"282.89","0.09","7","0.6004"
"283.2","0.09","7","0.6004"
"283.51","0.09","7","0.6004"
"283.83","0.09","7","0.6004"
"284.14","0.09","7","0.6004"
"284.45","0.09","7","0.6004"
"284.76","0.09","7","0.6004"
"285.08","0.09","7","0.6004"
"285.39","0.09","7","0.6004"
"285.7","0.09","7","0.6004"
"286.01","0.09","7","0.6004"
"286.33","0.09","7","0.6004"
"286.64","0.09","7","0.6004"
"286.95","0.09","7","0.6004"
"287.26","0.09","7","0.6004"
"287.58","0.09","7","0.6004"
"287.89","0.09","7","0.6004"
"288.2","0.09","7","0.6004"
"288.51","0.09","7","0.6004"
"288.83","0.09","7","0.6004"
"289.14","0.09","7","0.6004"
"289.45","0.09","7","0.6004"
"289.76","0.09","7","0.6004"
"290.08","0.09","7","0.6004"
"290.39","0.09","7","0.6004"
"290.7","0.09","7","0.6004"
"291.01","0.09","7","0.6004"
"291.33","0.09","7","0.6004"
"291.64","0.09","7","0.6004"
"291.95","0.09","7","0.6004"
"292.26","0.09","7","0.6004"
"292.58","0.09","7","0.6004"
"292.89","0.09","7","0.6004"
"293.2","0.09","6.53","0.5822"
"293.51","0.09","6","0.5618"
"293.83","0.1","5.26","0.5331"
"294.14","0.1","5","0.5233"
"294.45","0.1","5","0.5233"
"294.76","0.1","5","0.5233"
"295.08","0.1","5","0.5233"
"295.39","0.1","5","0.5233"
"295.7","0.09","4.53","0.4053"
"296.01","0.07","4","0.2732"
"296.33","0.07","4","0.2732"
"296.64","0.07","4","0.2732"
"296.95","0.07","4","0.2732"
"297.26","0.07","4.06","0.2843"
"297.58","0.09","5","0.4462"
"297.89","0.09","5","0.4462"
"298.2","0.09","5","0.4462"
"298.51","0.09","5","0.4462"
"298.83","0.09","5","0.4462"
"299.14","0.09","5","0.4462"
"299.45","0.09","5","0.4462"
"299.76","0.09","5","0.4462"
"300.08","0.09","5","0.4462"
"300.39","0.09","5","0.4462"
"300.7","0.09","5","0.4462"
"301.01","0.09","5","0.4462"
"301.33","0.15","10.62","1.5617"
"301.64","0.15","11","1.6379"
"301.95","0.15","11","1.6379"
"302.26","0.15","11","1.6379"
"302.58","0.15","11","1.6379"
"302.89","0.15","11","1.6379"
"303.2","0.15","11","1.6379"
"303.51","0.15","11","1.6379"
"303.83","0.15","11","1.6379"
"304.14","0.15","11","1.6379"
"304.45","0.15","11","1.6379"
"304.76","0.15","11","1.6379"
"305.08","0.15","11","1.6379"
"305.39","0.15","11","1.6379"
"305.7","0.15","11","1.6379"
"306.01","0.15","11","1.6379"
"306.33","0.15","11","1.6379"
"306.64","0.15","11","1.6379"
"306.95","0.15","11","1.6379"
"307.26","0.15","11","1.6379"
"307.58","0.15","11","1.6379"
"307.89","0.15","11","1.6379"
"308.2","0.15","11","1.6379"
"308.51","0.15","11","1.6379"
"308.83","0.15","11","1.6379"
"309.14","0.15","11","1.6379"
"309.45","0.15","11","1.6379"
"309.76","0.15","11","1.6379"
"310.08","0.15","11","1.6379"
"310.39","0.15","11","1.6379"
"310.7","0.15","11","1.6379"
"311.01","0.15","11","1.6379"
"311.33","0.15","11","1.6379"
"311.64","0.15","11","1.6379"
"311.95","0.15","11","1.6379"
"312.26","0.15","11.19","1.6859"
"312.58","0.16","12","1.8879"
"312.89","0.16","12","1.8879"
"313.2","0.16","12","1.8879"
"313.51","0.16","11.84","1.8479"
"313.83","0.15","11","1.6379"
"314.14","0.15","10.39","1.5328"
"314.45","0.14","8.72","1.2221"
"314.76","0.12","7.14","0.8926"
"315.08","0.12","7","0.8691"
"315.39","0.12","7","0.8691"
"315.7","0.12","7","0.8691"
"316.01","0.12","7","0.8691"
"316.33","0.12","7","0.8691"
"316.64","0.12","7","0.8691"
"316.95","0.12","7","0.8691"
"317.26","0.12","7","0.8691"
"317.58","0.12","7","0.8691"
"317.89","0.14","6.06","0.8327"
"318.2","0.14","6","0.8305"
"318.51","0.14","6","0.8305"
"318.83","0.14","6","0.8305"
"319.14","0.14","6","0.8305"
"319.45","0.14","6","0.8305"
"319.76","0.14","6","0.8305"
"320.08","0.14","6","0.8305"
"320.39","0.14","6","0.8305"
"320.7","0.14","6","0.8305"
"321.01","0.14","6","0.8305"
"321.33","0.14","6","0.8305"
"321.64","0.14","6","0.8305"
"321.95","0.14","6","0.8305"
"322.26","0.14","6","0.8305"
"322.58","0.14","6","0.8305"
"322.89","0.14","6","0.8305"
"323.2","0.14","6","0.8305"
"323.51","0.14","6","0.8305"
"323.83","0.14","6","0.8305"
"324.14","0.14","6","0.8305"
"324.45","0.14","6","0.8305"
"324.76","0.13","5.23","0.6977"
"325.08","0.13","5","0.6576"
"325.39","0.13","4.44","0.5607"
"325.7","0.12","4.06","0.4943"
"326.01","0.14","5.86","0.807"
"326.33","0.14","6","0.8305"
"326.64","0.14","6","0.8305"
"326.95","0.14","6","0.8305"
"327.26","0.14","6","0.8305"
"327.58","0.14","6","0.8305"
"327.89","0.14","6","0.8305"
"328.2","0.14","6","0.8305"
"328.51","0.14","6","0.8305"
"328.83","0.14","6","0.8305"
"329.14","0.14","6","0.8305"
"329.45","0.14","6","0.8305"
"329.76","0.14","6","0.8305"
"330.08","0.14","6","0.8305"
"330.39","0.14","6","0.8305"
"330.7","0.14","6","0.8305"
"331.01","0.14","6","0.8305"
"331.33","0.14","6","0.8305"
"331.64","0.14","6","0.8305"
"331.95","0.14","6","0.8305"
"332.26","0.14","6","0.8305"
"332.58","0.14","6","0.8305"
"332.89","0.14","6","0.8305"
"333.2","0.14","6","0.8305"
"333.51","0.14","6","0.8305"
"333.83","0.14","6","0.8305"
"334.14","0.14","6","0.8305"
"334.45","0.14","6","0.8305"
"334.76","0.14","6","0.8305"
"335.08","0.14","6","0.8305"
"335.39","0.14","6","0.8305"
"335.7","0.14","6","0.8305"
"336.01","0.14","6","0.8305"
"336.33","0.14","6","0.8305"
"336.64","0.14","6","0.8305"
"336.95","0.14","6","0.8305"
"337.26","0.12","6.96","0.8527"
"337.58","0.12","7","0.8537"
"337.89","0.12","7","0.8537"
"338.2","0.12","7","0.8537"
"338.51","0.12","7","0.8537"
"338.83","0.12","7","0.8537"
"339.14","0.12","7","0.8537"
"339.45","0.12","7","0.8537"
"339.76","0.12","7","0.8537"
"340.08","0.12","7","0.8537"
"340.39","0.12","7","0.8537"
"340.7","0.12","7","0.8537"
"341.01","0.12","7","0.8537"
"341.33","0.12","7","0.8537"
"341.64","0.12","7","0.8537"
"341.95","0.12","7","0.8537"
"342.26","0.12","7","0.8537"
"342.58","0.12","7","0.8537"
"342.89","0.12","7","0.8537"
"343.2","0.12","7","0.8537"
"343.51","0.12","7","0.8537"
"343.83","0.12","7","0.8537"
"344.14","0.12","7","0.8537"
"344.45","0.12","7","0.8537"
"344.76","0.12","7","0.8537"
"345.08","0.12","7","0.8537"
"345.39","0.12","7","0.8537"
"345.7","0.12","7","0.8537"
"346.01","0.12","7","0.8537"
"346.33","0.12","7","0.8537"
"346.64","0.12","7","0.8537"
"346.95","0.12","7","0.8537"
"347.26","0.12","7","0.8537"
"347.58","0.12","7","0.8537"
"347.89","0.1","6.18","0.6497"
"348.2","0.1","6","0.6037"
"348.51","0.1","6","0.6037"
"348.83","0.09","5.32","0.4861"
"349.14","0.09","5","0.4307"
"349.45","0.09","3.42","0.3134"
"349.76","0.1","2","0.1961"
"350.08","0.1","2","0.1961"
"350.39","0.1","2","0.1961"
"350.7","0.1","2","0.1961"
"351.01","0.1","2","0.1961"
"351.33","0.1","2","0.1961"
"351.64","0.1","2","0.1961"
"351.95","0.1","2","0.1961"
"352.26","0.1","2","0.1961"
"352.58","0.1","2","0.1961"
"352.89","0.1","2","0.1961"
"353.2","0.1","2","0.1961"
"353.51","0.1","2","0.1961"
"353.83","0.1","2","0.1961"
"354.14","0.1","2","0.1961"
"354.45","0.1","2","0.1961"
"354.76","0.1","2","0.1961"
"355.08","0.1","2","0.1961"
"355.39","0.1","2","0.1961"
"355.7","0.1","2","0.1961"
"356.01","0.1","2","0.1961"
"356.33","0.1","2","0.1961"
"356.64","0.1","2","0.1961"
"356.95","0.1","2","0.1961"
"357.26","0.1","2","0.1961"
"357.58","0.1","2","0.1961"
"357.89","0.1","2","0.1961"
"358.2","0.1","2","0.1961"
"358.51","0.1","2","0.1961"
"358.83","0.1","2","0.1961"
"359.14","0.1","2","0.1961"
"359.45","0.1","2","0.1961"
"359.76","0.1","2","0.1961"
"360.08","0.1","2","0.1961"
"360.39","0.1","1.95","0.195"
"360.7","0.17","1","0.1729"
"361.01","0.17","1","0.1729"
"361.33","0.09","2.9","0.2464"
"361.64","0.08","3","0.2501"
"361.95","0.08","3","0.2501"
"362.26","0.08","3","0.2501"
"362.58","0.08","3","0.2501"
"362.89","0.08","3","0.2501"
"363.2","0.08","3.31","0.2627"
"363.51","0.07","4","0.2905"
"363.83","0.07","4","0.2905"
"364.14","0.08","4.46","0.3707"
"364.45","0.11","6.04","0.6433"
"364.76","0.12","7.54","0.9453"
"365.08","0.14","8.87","1.2601"
"365.39","0.17","9.43","1.5569"
"365.7","0.17","10.76","1.7866"
"366.01","0.16","11.35","1.8417"
"366.33","0.15","12.75","1.9054"
"366.64","0.15","14.43","2.1862"
"366.95","0.16","15","2.3282"
"367.26","0.16","15","2.3282"
"367.58","0.16","15","2.3282"
"367.89","0.16","15","2.3282"
"368.2","0.16","15","2.3282"
"368.51","0.16","15","2.3282"
"368.83","0.16","15","2.3282"
"369.14","0.16","15","2.3282"
"369.45","0.16","15","2.3282"
"369.76","0.16","15","2.3282"
"370.08","0.16","15","2.3282"
"370.39","0.16","15","2.3282"
"370.7","0.16","15","2.3282"
"371.01","0.16","15","2.3282"
"371.33","0.16","15","2.3282"
"371.64","0.16","15","2.3282"
"371.95","0.16","15","2.3282"
"372.26","0.16","15","2.3282"
"372.58","0.16","15","2.3282"
"372.89","0.16","15","2.3282"
"373.2","0.16","15","2.3282"
"373.51","0.16","15","2.3282"
"373.83","0.16","15","2.3282"
"374.14","0.15","15.62","2.3426"
"374.45","0.15","16","2.3513"
"374.76","0.15","16","2.3513"
"375.08","0.15","16","2.3513"
"375.39","0.15","16","2.3513"
"375.7","0.15","15.24","2.3207"
"376.01","0.15","15","2.311"
"376.33","0.15","15","2.311"
"376.64","0.15","15","2.311"
"376.95","0.15","15","2.311"
"377.26","0.15","12.7","1.9126"
"377.58","0.14","12","1.6782"
"377.89","0.13","12","1.5422"
"378.2","0.12","11.5","1.4162"
"378.51","0.12","10.14","1.2588"
"378.83","0.13","10","1.2536"
"379.14","0.12","9.31","1.1346"
"379.45","0.12","9","1.0807"
"379.76","0.12","9","1.0807"
"380.08","0.12","9","1.0807"
"380.39","0.12","8.6","1.0652"
"380.7","0.13","8","1.0421"
"381.01","0.13","7.84","1.0021"
"381.33","0.11","7","0.7921"
"381.64","0.11","7","0.7921"
"381.95","0.11","7","0.7921"
"382.26","0.11","7","0.7921"
"382.58","0.11","7","0.7921"
"382.89","0.12","7.66","0.9561"
"383.2","0.13","8","1.0421"
"383.51","0.13","8","1.0421"
"383.83","0.13","8","1.0421"
"384.14","0.13","8","1.0421"
"384.45","0.13","8.25","1.085"
"384.76","0.14","9","1.215"
"385.08","0.14","9","1.215"
"385.39","0.13","9.75","1.244"
"385.7","0.13","10","1.2536"
"386.01","0.13","10","1.2536"
"386.33","0.13","10","1.2536"
"386.64","0.13","10","1.2536"
"386.95","0.14","11.45","1.6156"
"387.26","0.15","13","2.0036"
"387.58","0.15","13.2","2.0086"
"387.89","0.14","15.58","2.1638"
"388.2","0.13","17","2.2389"
"388.51","0.13","19.5","2.4663"
"388.83","0.13","23.26","3.0675"
"389.14","0.14","24.91","3.528"
"389.45","0.14","25","3.55"
"389.76","0.14","28.07","3.8943"
"390.08","0.15","29.81","4.5724"
"390.39","0.16","31.31","5.1489"
"390.7","0.17","32","5.3108"
"391.01","0.17","32","5.4491"
"391.33","0.17","32","5.4837"
"391.64","0.17","32","5.4837"
"391.95","0.17","32","5.4837"
"392.26","0.18","32","5.7157"
"392.58","0.18","32","5.7337"
"392.89","0.18","32","5.7337"
"393.2","0.18","32","5.7337"
"393.51","0.18","32","5.7337"
"393.83","0.18","32","5.7337"
"394.14","0.18","32","5.7337"
"394.45","0.18","32","5.7337"
"394.76","0.18","32","5.7337"
"395.08","0.18","32","5.7337"
"395.39","0.18","32","5.7617"
"395.7","0.19","32","5.9837"
"396.01","0.19","32","5.9837"
"396.33","0.19","32","5.9837"
"396.64","0.19","32","6.1341"
"396.95","0.19","32","6.161"
"397.26","0.19","32","6.161"
"397.58","0.19","32","6.2131"
"397.89","0.2","32","6.3057"
"398.2","0.2","32","6.3677"
"398.51","0.2","32","6.5557"
"398.83","0.2","32","6.5557"
"399.14","0.21","32","6.6477"
"399.45","0.21","32","6.8158"
"399.76","0.22","32","6.9135"
"400.08","0.22","32","7.019"
"400.39","0.24","32","7.7176"
"400.7","0.25","32","7.8949"
"401.01","0.27","32","8.63"
"401.33","0.27","32","8.7336"
"401.64","0.27","32","8.7182"
"401.95","0.27","32","8.6049"
"402.26","0.26","32","8.4488"
"402.58","0.26","32","8.4009"
"402.89","0.26","32","8.3543"
"403.2","0.26","32","8.3543"
"403.51","0.26","32","8.4183"
"403.83","0.27","32","8.6043"
"404.14","0.27","32","8.6043"
"404.45","0.27","32","8.6823"
"404.76","0.28","32","8.8298"
"405.08","0.28","32","9.024"
"405.39","0.28","32","9.064"
"405.7","0.28","32","9.064"
"406.01","0.28","32","9.064"
"406.33","0.28","32","9.064"
"406.64","0.28","32","9.064"
"406.95","0.28","32","9.064"
"407.26","0.28","32","9.064"
"407.58","0.28","32","9.064"
"407.89","0.28","32","9.064"
"408.2","0.28","32","9.064"
"408.51","0.28","32","9.064"
"408.83","0.28","32","9.0627"
"409.14","0.29","32","9.1393"
"409.45","0.29","32","9.2043"
"409.76","0.29","32","9.2043"
"410.08","0.29","32","9.2043"
"410.39","0.29","32","9.2043"
"410.7","0.29","32","9.2043"
"411.01","0.29","32","9.3095"
"411.33","0.29","32","9.3772"
"411.64","0.29","32","9.3951"
"411.95","0.29","32","9.402"
"412.26","0.29","32","9.402"
"412.58","0.3","31.19","9.3"
"412.89","0.3","31","9.3924"
"413.2","0.3","31","9.4019"
"413.51","0.3","31","9.4019"
"413.83","0.3","31","9.4019"
"414.14","0.3","30.57","9.2939"
"414.45","0.31","30","9.1519"
"414.76","0.3","30","9.1199"
"415.08","0.3","30","8.9019"
"415.39","0.3","30","8.9185"
"415.7","0.29","30","8.8413"
"416.01","0.29","30","8.6853"
"416.33","0.29","30","8.7337"
"416.64","0.32","30","9.5057"
"416.95","0.34","30.57","10.2653"
"417.26","0.33","31","10.2227"
"417.58","0.33","31","10.1647"
"417.89","0.32","31.98","10.3098"
"418.2","0.32","32","10.128"
"418.51","0.32","32","10.128"
"418.83","0.32","32","10.128"
"419.14","0.32","32","10.1571"
"419.45","0.31","32","9.93"
"419.76","0.31","32","9.93"
"420.08","0.31","32","9.93"
"420.39","0.31","32","9.93"
"420.7","0.31","32","9.93"
"421.01","0.31","32","9.93"
"421.33","0.31","32","9.93"
"421.64","0.31","32","9.93"
"421.95","0.31","32","9.93"
"422.26","0.31","32","9.9181"
"422.58","0.31","31.19","9.5259"
"422.89","0.32","31.4","10.1362"
"423.2","0.35","32","11.1067"
"423.51","0.35","32","11.0702"
"423.83","0.35","32","11.0702"
"424.14","0.35","32","11.0702"
"424.45","0.35","32","11.0702"
"424.76","0.35","32","11.0695"
"425.08","0.34","32","11.024"
"425.39","0.34","32","11.024"
"425.7","0.34","32","11.024"
"426.01","0.34","32","11.024"
"426.33","0.34","32","11.024"
"426.64","0.34","32","11.024"
"426.95","0.34","32","10.9996"
"427.26","0.34","32","10.8452"
"427.58","0.34","32","10.8452"
"427.89","0.34","32","10.8452"
"428.2","0.34","32","10.7318"
"428.51","0.33","32","10.6343"
"428.83","0.33","32","10.5729"
"429.14","0.33","32","10.5729"
"429.45","0.33","32","10.5729"
"429.76","0.33","32","10.5729"
"430.08","0.33","32","10.5729"
"430.39","0.33","32","10.5729"
"430.7","0.33","32","10.5729"
"431.01","0.33","32","10.584"
"431.33","0.33","32","10.4901"
"431.64","0.32","32","10.3461"
"431.95","0.32","32","10.3282"
"432.26","0.32","32","10.2941"
"432.58","0.33","32","10.4561"
"432.89","0.33","32","10.5441"
"433.2","0.33","32","10.5197"
"433.51","0.33","32","10.5055"
"433.83","0.33","32","10.5116"
"434.14","0.33","32","10.5286"
"434.45","0.33","32","10.5286"
"434.76","0.33","32","10.5286"
"435.08","0.33","32","10.5405"
"435.39","0.33","32","10.6609"
"435.7","0.36","31.18","11.1822"
"436.01","0.43","31","13.3503"
"436.33","0.53","31.94","16.942"
"436.64","0.55","32","17.6925"
"436.95","0.56","32","17.9575"
"437.26","0.57","32","18.1797"
"437.58","0.58","32","18.486"
"437.89","0.58","32","18.5065"
"438.2","0.58","32","18.4659"
"438.51","0.58","32","18.4554"
"438.83","0.58","32","18.4554"
"439.14","0.58","32","18.4554"
"439.45","0.58","32","18.4554"
"439.76","0.58","32","18.4554"
"440.08","0.58","32","18.4554"
"440.39","0.58","32","18.4766"
"440.7","0.58","32","18.6026"
"441.01","0.6","32","19.1791"
"441.33","0.61","32","19.607"
"441.64","0.62","32","19.8025"
"441.95","0.62","32","19.8933"
"442.26","0.62","32","19.8933"
"442.58","0.63","32","20.0075"
"442.89","0.63","32","20.0584"
"443.2","0.63","32","20.2986"
"443.51","0.64","32","20.4481"
"443.83","0.64","32","20.5333"
"444.14","0.65","32","20.8135"
"444.45","0.66","32","21.1223"
"444.76","0.66","32","21.1346"
"445.08","0.66","32","21.1608"
"445.39","0.66","32","21.1608"
"445.7","0.66","32","21.1621"
"446.01","0.68","32","21.6986"
"446.33","0.68","32","21.7405"
"446.64","0.7","32","22.5282"
"446.95","0.72","32","23.0246"
"447.26","0.73","32","23.4717"
"447.58","0.73","32","23.4717"
"447.89","0.73","32","23.4717"
"448.2","0.73","32","23.3472"
"448.51","0.72","32","22.9584"
"448.83","0.69","32","22.1714"
"449.14","0.68","32","21.6456"
"449.45","0.67","32","21.2901"
"449.76","0.65","32","20.8456"
"450.08","0.65","32","20.7039"
"450.39","0.64","32","20.5559"
"450.7","0.64","32","20.4539"
"451.01","0.64","32","20.4539"
"451.33","0.64","32","20.4179"
"451.64","0.62","32","19.8871"
"451.95","0.62","32","19.8427"
"452.26","0.63","32","20.0518"
"452.58","0.63","32","20.0601"
"452.89","0.63","32","20.0601"
"453.2","0.63","32","20.0991"
"453.51","0.63","32","20.151"
"453.83","0.63","32","20.085"
"454.14","0.62","32","19.9569"
"454.45","0.62","32","19.7346"
"454.76","0.6","32","19.3583"
"455.08","0.6","32","19.1674"
"455.39","0.6","32","19.0994"
"455.7","0.59","32","18.9174"
"456.01","0.59","32","18.9174"
"456.33","0.59","32","18.9031"
"456.64","0.59","32","18.8942"
"456.95","0.59","32","18.95"
"457.26","0.59","32","18.9375"
"457.58","0.59","32","18.8076"
"457.89","0.58","32","18.6876"
"458.2","0.59","32","18.7747"
"458.51","0.59","32","18.8327"
"458.83","0.59","32","18.8432"
"459.14","0.58","32","18.5929"
"459.45","0.56","32","17.9857"
"459.76","0.55","32","17.6732"
"460.08","0.58","32","18.5083"
"460.39","0.57","32","18.3234"
"460.7","0.56","32","17.9177"
"461.01","0.55","32","17.6937"
"461.33","0.55","32","17.6937"
"461.64","0.55","32","17.6937"
"461.95","0.55","32","17.7045"
"462.26","0.55","32","17.7323"
"462.58","0.6","32","19.3271"
"462.89","0.61","32","19.5006"
"463.2","0.61","32","19.5006"
"463.51","0.61","32","19.5006"
"463.83","0.61","32","19.5006"
"464.14","0.61","32","19.5006"
"464.45","0.61","32","19.5006"
"464.76","0.61","32","19.5006"
"465.08","0.61","32","19.5006"
"465.39","0.61","32","19.5006"
"465.7","0.61","32","19.5006"
"466.01","0.61","32","19.5006"
"466.33","0.61","32","19.5006"
"466.64","0.61","32","19.5006"
"466.95","0.61","32","19.5006"
"467.26","0.61","32","19.5006"
"467.58","0.61","32","19.5006"
"467.89","0.61","32","19.5006"
"468.2","0.6","32","19.2952"
"468.51","0.6","32","19.1034"
"468.83","0.6","32","19.1034"
"469.14","0.6","32","19.1034"
"469.45","0.59","32","18.8574"
"469.76","0.59","32","18.8081"
"470.08","0.59","32","18.8026"
"470.39","0.59","32","18.7959"
"470.7","0.59","32","18.7959"
"471.01","0.58","32","18.6119"
"471.33","0.58","32","18.5459"
"471.64","0.58","32","18.5459"
"471.95","0.58","32","18.5459"
"472.26","0.58","32","18.515"
"472.58","0.58","32","18.4354"
"472.89","0.57","32","18.0984"
"473.2","0.55","32","17.4623"
"473.51","0.52","32","16.6402"
"473.83","0.52","32","16.6795"
"474.14","0.51","32","16.242"
"474.45","0.51","32","16.2307"
"474.76","0.51","32","16.2529"
"475.08","0.51","32","16.184"
"475.39","0.51","31.49","16.0625"
"475.7","0.53","30","15.8592"
"476.01","0.53","29.26","15.6403"
"476.33","0.54","29","15.5266"
"476.64","0.53","29","15.503"
"476.95","0.53","29","15.5081"
"477.26","0.54","29","15.6617"
"477.58","0.57","29","16.3987"
"477.89","0.57","29","16.5382"
"478.2","0.58","29","16.6802"
"478.51","0.58","29","16.7882"
"478.83","0.58","29.07","16.8412"
"479.14","0.58","30.35","17.583"
"479.45","0.56","32","18.0201"
"479.76","0.57","32","18.2248"
"480.08","0.58","32","18.4156"
"480.39","0.58","32","18.4156"
"480.7","0.58","32","18.4156"
"481.01","0.58","32","18.4156"
"481.33","0.58","32","18.4156"
"481.64","0.58","32","18.4156"
"481.95","0.58","32","18.4156"
"482.26","0.58","32","18.4156"
"482.58","0.58","32","18.4156"
"482.89","0.58","32","18.4156"
"483.2","0.58","32","18.4156"
"483.51","0.58","32","18.4156"
"483.83","0.58","32","18.4156"
"484.14","0.58","32","18.4156"
"484.45","0.58","32","18.4156"
"484.76","0.58","32","18.4156"
"485.08","0.58","32","18.4156"
"485.39","0.58","32","18.4462"
"485.7","0.58","32","18.5627"
"486.01","0.58","32","18.5429"
"486.33","0.58","32","18.538"
"486.64","0.57","32","18.3942"
"486.95","0.58","32","18.4601"
"487.26","0.58","32","18.4601"
"487.58","0.58","32","18.5474"
"487.89","0.61","32","19.6283"
"488.2","0.65","32","20.7512"
"488.51","0.65","32","20.8554"
"488.83","0.65","32","20.9536"
"489.14","0.66","32","21.0221"
"489.45","0.66","32","21.0346"
"489.76","0.66","32","21.0197"
"490.08","0.66","32","20.9833"
"490.39","0.66","32","21.0794"
"490.7","0.66","32","21.2294"
"491.01","0.66","32","21.2294"
"491.33","0.66","32","21.1794"
"491.64","0.66","32","20.9794"
"491.95","0.66","32","20.9794"
"492.26","0.66","32","20.9794"
"492.58","0.66","32","20.9794"
"492.89","0.66","32","20.9794"
"493.2","0.66","32","20.9794"
"493.51","0.65","32","20.7911"
"493.83","0.66","32","21.034"
"494.14","0.66","32","21.2764"
"494.45","0.66","32","21.2764"
"494.76","0.66","32","21.2764"
"495.08","0.66","32","21.2764"
"495.39","0.66","32","21.2764"
"495.7","0.66","32","21.2764"
"496.01","0.66","32","21.2764"
"496.33","0.66","32","21.2764"
"496.64","0.66","32","21.2764"
"496.95","0.67","32","21.2864"
"497.26","0.68","32","21.7895"
"497.58","0.74","32","23.6818"
"497.89","0.78","32","24.9968"
"498.2","0.81","32","25.9869"
"498.51","0.81","32","25.9754"
"498.83","0.81","32","25.9754"
"499.14","0.81","32","25.9754"
"499.45","0.81","32","25.9754"
"499.76","0.81","32","25.9754"
"500.08","0.81","32","25.9754"
"500.39","0.81","32","25.9754"
"500.7","0.81","32","25.9754"
"501.01","0.81","32","25.9754"
"501.33","0.81","32","25.9754"
"501.64","0.81","32","25.9754"
"501.95","0.81","32","25.9754"
"502.26","0.81","32","25.9754"
"502.58","0.81","32","25.9754"
"502.89","0.81","32","25.9754"
"503.2","0.81","32","25.9471"
"503.51","0.81","32","25.8446"
"503.83","0.81","32","25.8446"
"504.14","0.81","32","25.784"
"504.45","0.8","32","25.7522"
"504.76","0.8","32","25.7522"
"505.08","0.8","32","25.7522"
"505.39","0.8","32","25.7522"
"505.7","0.8","32","25.5702"
"506.01","0.8","32","25.5022"
"506.33","0.8","32","25.5022"
"506.64","0.8","32","25.4698"
"506.95","0.8","32","25.4502"
"507.26","0.8","32","25.448"
"507.58","0.79","32","25.4271"
"507.89","0.79","32","25.3265"
"508.2","0.75","32","24.1184"
"508.51","0.72","32","23.1956"
"508.83","0.72","32","22.9612"
"509.14","0.71","32","22.5946"
"509.45","0.68","32","21.8989"
"509.76","0.67","32","21.5063"
"510.08","0.65","32","20.9479"
"510.39","0.63","32","20.1528"
"510.7","0.61","32","19.4044"
"511.01","0.59","31.39","18.5239"
"511.33","0.58","31","17.9304"
"511.64","0.57","31","17.6268"
"511.95","0.57","31","17.6566"
"512.26","0.56","31","17.5127"
"512.58","0.56","31","17.4837"
"512.89","0.56","31","17.4837"
"513.2","0.56","31.47","17.4991"
"513.51","0.54","32","17.3532"
"513.83","0.54","32","17.3047"
"514.14","0.54","32","17.2868"
"514.45","0.54","32","17.2662"
"514.76","0.54","32","17.2662"
"515.08","0.54","32","17.2662"
"515.39","0.54","32","17.2662"
"515.7","0.54","32","17.2662"
"516.01","0.54","32","17.2662"
"516.33","0.54","32","17.2662"
"516.64","0.54","32","17.2662"
"516.95","0.54","32","17.2662"
"517.26","0.55","30.62","16.7539"
"517.58","0.55","30","16.5381"
"517.89","0.55","30","16.5307"
"518.2","0.55","30","16.5307"
"518.51","0.55","30","16.5307"
"518.83","0.55","30","16.5214"
"519.14","0.55","30","16.3731"
"519.45","0.55","29.98","16.3671"
"519.76","0.56","29","16.1231"
"520.08","0.55","29","16.0891"
"520.39","0.54","29","15.6617"
"520.7","0.53","28.05","14.8753"
"521.01","0.53","27.36","14.3779"
"521.33","0.52","26","13.6031"
"521.64","0.51","26","13.303"
"521.95","0.49","26","12.7778"
"522.26","0.48","26","12.6034"
"522.58","0.48","26","12.6034"
"522.89","0.48","26","12.6034"
"523.2","0.48","26","12.5162"
"523.51","0.48","25.46","12.3364"
"523.83","0.49","25","12.2575"
"524.14","0.48","25","12.0375"
"524.45","0.48","25","12.0469"
"524.76","0.48","25","11.9415"
"525.08","0.48","25","11.9115"
"525.39","0.48","25","11.9067"
"525.7","0.48","25","11.9886"
"526.01","0.48","25","11.9886"
"526.33","0.48","25","11.9886"
"526.64","0.48","25","11.9886"
"526.95","0.48","25","11.9886"
"527.26","0.48","25","11.9886"
"527.58","0.48","25","12.0186"
"527.89","0.48","25","12.0289"
"528.2","0.48","25","12.0289"
"528.51","0.48","25","12.0289"
"528.83","0.5","24","11.9903"
"529.14","0.51","23.62","11.9325"
"529.45","0.53","22","11.7675"
"529.76","0.54","22","11.7784"
"530.08","0.54","22","11.7993"
"530.39","0.54","22","11.7774"
"530.7","0.53","22","11.7078"
"531.01","0.52","22","11.42"
"531.33","0.51","22","11.2471"
"531.64","0.5","22","11.0423"
"531.95","0.48","22","10.5664"
"532.26","0.48","22","10.5553"
"532.58","0.47","22","10.3879"
"532.89","0.47","22","10.3608"
"533.2","0.47","22","10.3182"
"533.51","0.47","22","10.3052"
"533.83","0.47","22","10.2699"
"534.14","0.46","22","10.2146"
"534.45","0.46","22","10.2146"
"534.76","0.46","22","10.0873"
"535.08","0.46","22","10.0417"
"535.39","0.46","22","10.0417"
"535.7","0.46","22","10.0417"
"536.01","0.45","22","9.9377"
"536.33","0.45","22","9.7917"
"536.64","0.45","21.02","9.5477"
"536.95","0.45","21","9.5062"
"537.26","0.44","21","9.2226"
"537.58","0.43","21","9.0526"
"537.89","0.43","21","9.0526"
"538.2","0.43","21","8.95"
"538.51","0.42","21","8.849"
"538.83","0.42","21","8.7333"
"539.14","0.41","21","8.5742"
"539.45","0.39","21","8.2671"
"539.76","0.39","21","8.2193"
"540.08","0.39","21","8.188"
"540.39","0.39","21","8.188"
"540.7","0.39","21","8.188"
"541.01","0.39","21","8.1603"
"541.33","0.38","21","7.997"
"541.64","0.37","21","7.8022"
"541.95","0.37","21","7.7497"
"542.26","0.37","21","7.8298"
"542.58","0.37","21","7.6901"
"542.89","0.36","22.09","8.0627"
"543.2","0.38","24.3","9.2329"
"543.51","0.39","25","9.6398"
"543.83","0.39","25","9.6398"
"544.14","0.39","25","9.6398"
"544.45","0.39","25","9.6398"
"544.76","0.38","26.12","9.7973"
"545.08","0.37","27","9.9146"
"545.39","0.37","27","9.9146"
"545.7","0.37","26.88","9.91"
"546.01","0.38","26","9.876"
"546.33","0.37","26.68","9.9936"
"546.64","0.37","27","10.049"
"546.95","0.37","27","10.049"
"547.26","0.37","27","10.049"
"547.58","0.37","27","10.049"
"547.89","0.36","27.88","10.0708"
"548.2","0.36","28","10.0737"
"548.51","0.36","28","10.07"
"548.83","0.36","28","10.0276"
"549.14","0.36","28","10.012"
"549.45","0.36","28","10.012"
"549.76","0.36","28","10.012"
"550.08","0.36","28","10.012"
"550.39","0.36","28","9.9756"
"550.7","0.36","28","9.9734"
"551.01","0.36","28","9.9734"
"551.33","0.35","28.55","10.1114"
"551.64","0.35","29","10.2117"
"551.95","0.35","29.28","10.2548"
"552.26","0.35","30.06","10.4508"
"552.58","0.34","31","10.6848"
"552.89","0.34","31","10.6694"
"553.2","0.34","31","10.6462"
"553.51","0.34","31","10.5993"
"553.83","0.34","31","10.5601"
"554.14","0.34","31","10.5305"
"554.45","0.34","31","10.5221"
"554.76","0.34","31","10.393"
"555.08","0.33","31.1","10.36"
"555.39","0.33","32","10.4752"
"555.7","0.33","32","10.4533"
"556.01","0.33","32","10.4533"
"556.33","0.33","32","10.4533"
"556.64","0.33","32","10.4533"
"556.95","0.33","32","10.4533"
"557.26","0.33","32","10.4533"
"557.58","0.33","32","10.4533"
"557.89","0.33","32","10.4533"
"558.2","0.33","32","10.4533"
"558.51","0.34","30.98","10.4063"
"558.83","0.34","30","10.1785"
"559.14","0.34","29.47","10.0693"
"559.45","0.34","29","9.9655"
"559.76","0.34","29","9.967"
"560.08","0.34","29","9.967"
"560.39","0.34","29","9.967"
"560.7","0.34","29","9.9574"
"561.01","0.34","29","9.9284"
"561.33","0.34","29","9.9284"
"561.64","0.34","29","9.9284"
"561.95","0.34","29","9.9284"
"562.26","0.34","29","9.9284"
"562.58","0.34","29","9.9284"
"562.89","0.34","29","9.9284"
"563.2","0.34","29","9.9284"
"563.51","0.34","29","9.9284"
"563.83","0.34","29","9.9965"
"564.14","0.34","29","9.8874"
"564.45","0.34","29","9.7154"
"564.76","0.33","29","9.5594"
"565.08","0.33","29","9.5636"
"565.39","0.33","29","9.5997"
"565.7","0.34","28.21","9.5677"
"566.01","0.35","26.4","9.3102"
"566.33","0.36","25.44","9.1165"
"566.64","0.36","24","8.7042"
"566.95","0.36","24","8.6392"
"567.26","0.36","24","8.6392"
"567.58","0.36","24","8.6392"
"567.89","0.36","24","8.6392"
"568.2","0.36","24","8.6413"
"568.51","0.36","23.84","8.6239"
"568.83","0.37","23","8.4139"
"569.14","0.37","23","8.4139"
"569.45","0.37","23","8.4169"
"569.76","0.37","23","8.4321"
"570.08","0.37","23","8.4156"
"570.39","0.38","23","8.641"
"570.7","0.38","23.5","8.9831"
"571.01","0.38","24","9.0697"
"571.33","0.37","24","8.8886"
"571.64","0.37","24.48","9.0717"
"571.95","0.35","28.99","10.1641"
"572.26","0.42","32","13.4332"
"572.58","0.51","32","16.4607"
"572.89","0.53","32","17.0431"
"573.2","0.53","32","17.0555"
"573.51","0.53","32","17.0555"
"573.83","0.53","32","17.0555"
"574.14","0.54","32","17.3113"
"574.45","0.59","32","18.9693"
"574.76","0.61","32","19.4401"
"575.08","0.61","32","19.5939"
"575.39","0.63","32","20.2901"
"575.7","0.63","32","20.3027"
"576.01","0.64","32","20.3305"
"576.33","0.64","32","20.3305"
"576.64","0.65","32","20.7351"
"576.95","0.66","32","21.2579"
"577.26","0.68","32","21.7457"
"577.58","0.68","32","21.7457"
"577.89","0.68","32","21.7457"
"578.2","0.68","32","21.8797"
"578.51","0.69","32","21.9957"
"578.83","0.69","32","21.9957"
"579.14","0.7","32","22.4677"
"579.45","0.7","32","22.4957"
"579.76","0.7","32","22.4957"
"580.08","0.7","32","22.4957"
"580.39","0.7","32","22.4957"
"580.7","0.7","32","22.4957"
"581.01","0.7","32","22.4957"
"581.33","0.7","32","22.4957"
"581.64","0.7","32","22.4957"
"581.95","0.7","32","22.4957"
"582.26","0.7","32","22.4957"
"582.58","0.7","32","22.4957"
"582.89","0.7","32","22.5108"
"583.2","0.7","32","22.5187"
"583.51","0.7","32","22.5187"
"583.83","0.7","32","22.5187"
"584.14","0.7","32","22.5187"
"584.45","0.7","32","22.469"
"584.76","0.7","32","22.3741"
"585.08","0.7","32","22.3741"
"585.39","0.7","32","22.3469"
"585.7","0.69","32","21.947"
"586.01","0.69","32","21.9437"
"586.33","0.69","32","21.9437"
"586.64","0.68","32","21.7809"
"586.95","0.68","32","21.7052"
"587.26","0.64","32","20.5873"
"587.58","0.62","32","19.8157"
"587.89","0.59","32","18.7402"
"588.2","0.57","32","18.2094"
"588.51","0.57","32","18.2041"
"588.83","0.59","32","18.7221"
"589.14","0.6","32","19.0405"
"589.45","0.6","32","19.2402"
"589.76","0.6","32","19.2997"
"590.08","0.6","32","19.1388"
"590.39","0.6","32","19.1043"
"590.7","0.6","32","19.0569"
"591.01","0.59","32","18.959"
"591.33","0.59","32","18.959"
"591.64","0.6","32","19.1205"
"591.95","0.6","32","19.263"
"592.26","0.61","32","19.6011"
"592.58","0.62","32","19.8186"
"592.89","0.62","32","19.8352"
"593.2","0.62","32","19.852"
"593.51","0.62","32","19.852"
"593.83","0.62","32","19.852"
"594.14","0.62","32","19.852"
"594.45","0.62","32","19.852"
"594.76","0.62","32","19.852"
"595.08","0.62","32","19.852"
"595.39","0.62","32","19.852"
"595.7","0.62","32","19.922"
"596.01","0.63","32","20.1131"
"596.33","0.65","32","20.6562"
"596.64","0.66","32","21.1196"
"596.95","0.67","32","21.3956"
"597.26","0.67","32","21.3956"
"597.58","0.68","32","21.7941"
"597.89","0.69","32","22.0874"
"598.2","0.69","32","22.0874"
"598.51","0.69","32","22.0874"
"598.83","0.69","32","22.0874"
"599.14","0.69","32","22.0874"
"599.45","0.69","32","22.0874"
"599.76","0.69","32","22.0874"
"600.08","0.69","32","22.0874"
"600.39","0.69","32","22.0886"
"600.7","0.69","32","22.0972"
"601.01","0.69","32","22.0799"
"601.33","0.68","32","21.8387"
"601.64","0.68","32","21.7794"
"601.95","0.68","32","21.7794"
"602.26","0.68","32","21.7794"
"602.58","0.68","32","21.7794"
"602.89","0.68","32","21.7123"
"603.2","0.68","32","21.6347"
"603.51","0.68","32","21.6347"
"603.83","0.68","32","21.6347"
"604.14","0.68","32","21.6347"
"604.45","0.68","32","21.6347"
"604.76","0.68","32","21.6347"
"605.08","0.68","32","21.6347"
"605.39","0.68","32","21.6246"
"605.7","0.68","32","21.6013"
"606.01","0.68","32","21.6013"
"606.33","0.68","32","21.6013"
"606.64","0.68","32","21.6013"
"606.95","0.67","32","21.4745"
"607.26","0.65","32","20.8"
"607.58","0.63","32","20.2515"
"607.89","0.63","32","20.2294"
"608.2","0.62","32","19.7346"
"608.51","0.61","32","19.4098"
"608.83","0.6","32","19.0579"
"609.14","0.59","32","18.95"
"609.45","0.58","32","18.5916"
"609.76","0.58","32","18.404"
"610.08","0.57","32","18.3428"
"610.39","0.56","32","18.0091"
"610.7","0.56","32","17.827"
"611.01","0.63","32","20.2361"
"611.33","0.68","32","21.8353"
"611.64","0.72","32","22.9705"
"611.95","0.73","32","23.2786"
"612.26","0.73","32","23.5133"
"612.58","0.73","32","23.5133"
"612.89","0.73","32","23.5133"
"613.2","0.73","32","23.5133"
"613.51","0.73","32","23.5133"
"613.83","0.73","32","23.5133"
"614.14","0.73","32","23.5133"
"614.45","0.73","32","23.5133"
"614.76","0.73","32","23.4347"
"615.08","0.73","32","23.3687"
"615.39","0.73","32","23.3757"
"615.7","0.73","32","23.4175"
"616.01","0.73","32","23.4175"
"616.33","0.73","32","23.4217"
"616.64","0.73","32","23.4423"
"616.95","0.73","32","23.4423"
"617.26","0.73","32","23.4673"
"617.58","0.73","32","23.4749"
"617.89","0.73","32","23.4749"
"618.2","0.73","32","23.4749"
"618.51","0.73","32","23.4749"
"618.83","0.73","32","23.4749"
"619.14","0.73","32","23.4749"
"619.45","0.74","32","23.5976"
"619.76","0.74","32","23.7642"
"620.08","0.74","32","23.7642"
"620.39","0.74","32","23.7642"
"620.7","0.74","32","23.7642"
"621.01","0.74","32","23.7384"
"621.33","0.74","32","23.7291"
"621.64","0.74","32","23.6267"
"621.95","0.72","32","23.047"
"622.26","0.71","32","22.8644"
"622.58","0.7","32","22.4092"
"622.89","0.69","32","22.0339"
"623.2","0.68","32","21.767"
"623.51","0.67","32","21.4307"
"623.83","0.73","32","23.2217"
"624.14","0.75","32","24.1219"
"624.45","0.77","32","24.6647"
"624.76","0.79","32","25.391"
"625.08","0.8","32","25.5037"
"625.39","0.8","32","25.607"
"625.7","0.8","32","25.7307"
"626.01","0.8","32","25.6927"
"626.33","0.8","32","25.7313"
"626.64","0.81","32","25.7811"
"626.95","0.81","32","25.83"
"627.26","0.81","32","25.7865"
"627.58","0.81","32","25.7752"
"627.89","0.82","32","26.3728"
"628.2","0.82","32","26.2275"
"628.51","0.82","32","26.1915"
"628.83","0.82","32","26.1918"
"629.14","0.82","32","26.353"
"629.45","0.83","32","26.5757"
"629.76","0.83","32","26.6546"
"630.08","0.85","32","27.2104"
"630.39","0.85","32","27.2604"
"630.7","0.86","32","27.5149"
"631.01","0.86","32","27.3909"
"631.33","0.86","32","27.4848"
"631.64","0.86","32","27.6382"
"631.95","0.86","32","27.6496"
"632.26","0.86","32","27.6496"
"632.58","0.86","32","27.6496"
"632.89","0.86","32","27.6496"
"633.2","0.86","32","27.6496"
"633.51","0.86","32","27.6496"
"633.83","0.86","32","27.6496"
"634.14","0.86","32","27.6496"
"634.45","0.86","32","27.6496"
"634.76","0.86","32","27.6496"
"635.08","0.86","32","27.6496"
"635.39","0.86","32","27.6496"
"635.7","0.86","32","27.6496"
"636.01","0.86","32","27.6496"
"636.33","0.86","32","27.6496"
"636.64","0.86","32","27.4172"
"636.95","0.85","32","27.3037"
"637.26","0.85","32","27.3037"
"637.58","0.85","32","27.3037"
"637.89","0.85","32","27.3037"
"638.2","0.85","32","27.3037"
"638.51","0.85","32","27.2557"
"638.83","0.85","32","27.0537"
"639.14","0.85","32","27.0463"
"639.45","0.84","32","27.0017"
"639.76","0.84","32","26.9418"
"640.08","0.83","32","26.6974"
"640.39","0.83","32","26.6974"
"640.7","0.83","32","26.5793"
"641.01","0.83","32","26.4081"
"641.33","0.82","32","26.2794"
"641.64","0.82","32","26.2351"
"641.95","0.81","32","26.0663"
"642.26","0.79","32","25.3052"
"642.58","0.73","32","23.3531"
"642.89","0.7","32","22.2814"
"643.2","0.66","32","21.2796"
"643.51","0.65","32","20.7208"
"643.83","0.62","32","19.8409"
"644.14","0.59","32","18.8885"
"644.45","0.58","32","18.5586"
"644.76","0.57","32","18.1218"
"645.08","0.55","32","17.7475"
"645.39","0.55","32","17.7253"
"645.7","0.55","32","17.5757"
"646.01","0.54","32","17.2331"
"646.33","0.54","32","17.1751"
"646.64","0.53","32","16.9831"
"646.95","0.53","32","16.9831"
"647.26","0.53","32","16.8226"
"647.58","0.53","32","16.8102"
"647.89","0.52","32","16.6782"
"648.2","0.51","32","16.4422"
"648.51","0.51","32","16.3102"
"648.83","0.51","32","16.3102"
"649.14","0.51","32","16.3102"
"649.45","0.51","31.82","16.1604"
"649.76","0.51","31","15.8872"
"650.08","0.51","31","15.7812"
"650.39","0.5","31","15.6442"
"650.7","0.51","31","15.6707"
"651.01","0.51","31","15.6707"
"651.33","0.51","31","15.6796"
"651.64","0.51","31","15.6954"
"651.95","0.51","31","15.6954"
"652.26","0.51","31","15.6954"
"652.58","0.51","31","15.7861"
"652.89","0.53","31","16.2781"
"653.2","0.53","31","16.4469"
"653.51","0.53","31","16.4469"
"653.83","0.53","31","16.4469"
"654.14","0.53","31","16.4469"
"654.45","0.53","31","16.5399"
"654.76","0.54","31","16.5941"
"655.08","0.54","31","16.5941"
"655.39","0.54","31","16.5941"
"655.7","0.54","31","16.5941"
"656.01","0.54","31","16.5941"
"656.33","0.54","31","16.5941"
"656.64","0.54","31","16.5941"
"656.95","0.54","31","16.5941"
"657.26","0.54","31","16.5867"
"657.58","0.53","31","16.5709"
"657.89","0.53","31","16.5709"
"658.2","0.53","31","16.5709"
"658.51","0.53","31","16.5709"
"658.83","0.54","30.64","16.4865"
"659.14","0.54","29.95","16.0432"
"659.45","0.55","28.08","15.5816"
"659.76","0.56","28","15.5461"
"660.08","0.55","28","15.4339"
"660.39","0.55","28","15.4339"
"660.7","0.55","28","15.4339"
"661.01","0.55","28","15.3661"
"661.33","0.54","28","15.1937"
"661.64","0.54","28","15.1201"
"661.95","0.53","28","14.9082"
"662.26","0.53","28","14.7152"
"662.58","0.52","27.03","13.9944"
"662.89","0.51","27","13.7961"
"663.2","0.51","27","13.7535"
"663.51","0.49","27","13.2954"
"663.83","0.49","27","13.1645"
"664.14","0.49","27","13.3004"
"664.45","0.49","27","13.1469"
"664.76","0.48","27","12.979"
"665.08","0.48","27","12.9225"
"665.39","0.49","26.31","12.821"
"665.7","0.49","26","12.6686"
"666.01","0.49","26","12.6608"
"666.33","0.49","25.96","12.6549"
"666.64","0.5","25","12.5136"
"666.95","0.5","25","12.4209"
"667.26","0.49","25","12.3407"
"667.58","0.49","25","12.3114"
"667.89","0.49","25","12.1886"
"668.2","0.47","25","11.7276"
"668.51","0.47","25","11.6917"
"668.83","0.46","25","11.5409"
"669.14","0.46","25","11.5409"
"669.45","0.46","25","11.5409"
"669.76","0.46","25","11.4929"
"670.08","0.45","25","11.2009"
"670.39","0.44","25","11.016"
"670.7","0.43","25","10.8563"
"671.01","0.43","25","10.7644"
"671.33","0.42","25","10.4537"
"671.64","0.4","25","10.0469"
"671.95","0.39","25","9.8629"
"672.26","0.39","25","9.8567"
"672.58","0.39","25","9.8243"
"672.89","0.39","25","9.7672"
"673.2","0.39","25","9.7413"
"673.51","0.39","25","9.8213"
"673.83","0.39","25.36","9.7943"
"674.14","0.37","26","9.6499"
"674.45","0.36","26","9.4425"
"674.76","0.37","26","9.5495"
"675.08","0.38","26","9.7805"
"675.39","0.36","26","9.3255"
"675.7","0.36","26","9.2951"
"676.01","0.35","26","9.1789"
"676.33","0.35","26","9.1222"
"676.64","0.35","26","9.064"
"676.95","0.34","26","8.9353"
"677.26","0.35","25.71","8.9209"
"677.58","0.36","25","8.9106"
"677.89","0.35","25","8.8666"
"678.2","0.35","25","8.6606"
"678.51","0.35","25","8.6479"
"678.83","0.36","24.03","8.6303"
"679.14","0.36","24","8.6514"
"679.45","0.36","24","8.6199"
"679.76","0.36","24","8.5742"
"680.08","0.36","24","8.5742"
"680.39","0.36","24","8.5742"
"680.7","0.36","24","8.5742"
"681.01","0.35","24.67","8.5443"
"681.33","0.35","24","8.3747"
"681.64","0.35","24","8.3747"
"681.95","0.35","24","8.3541"
"682.26","0.35","23.71","8.2001"
"682.58","0.35","23","8.1529"
"682.89","0.35","23","8.1529"
"683.2","0.35","22.98","8.152"
"683.51","0.37","22","8.1143"
"683.83","0.37","22","8.0918"
"684.14","0.37","22","8.0539"
"684.45","0.37","22","8.0509"
"684.76","0.37","22","8.0509"
"685.08","0.37","21.26","7.8711"
"685.39","0.37","21","7.7051"
"685.7","0.36","21","7.4623"
"686.01","0.34","22.63","7.5967"
"686.33","0.34","25.4","8.6432"
"686.64","0.34","29.43","10.0027"
"686.95","0.35","31.92","11.1539"
"687.26","0.39","32","12.4099"
"687.58","0.4","32","12.7914"
"687.89","0.4","32","12.8784"
"688.2","0.44","32","14.1482"
"688.51","0.45","32","14.3624"
"688.83","0.46","32","14.6702"
"689.14","0.46","32","14.8007"
"689.45","0.47","32","14.9809"
"689.76","0.47","32","14.996"
"690.08","0.47","32","14.9962"
"690.39","0.47","32","15.0192"
"690.7","0.47","32","15.0192"
"691.01","0.47","32","15.0192"
"691.33","0.47","32","15.0192"
"691.64","0.47","32","15.0192"
"691.95","0.47","32","15.0192"
"692.26","0.47","32","15.0192"
"692.58","0.47","32","15.0192"
"692.89","0.47","32","15.039"
"693.2","0.47","32","15.0526"
"693.51","0.47","32","15.0526"
"693.83","0.47","32","15.0863"
"694.14","0.47","32","15.1046"
"694.45","0.47","32","15.1046"
"694.76","0.47","32","15.1046"
"695.08","0.47","32","15.1117"
"695.39","0.47","32","15.1566"
"695.7","0.47","32","15.1566"
"696.01","0.47","32","15.1566"
"696.33","0.48","32","15.2642"
"696.64","0.48","32","15.3004"
"696.95","0.48","32","15.2507"
"697.26","0.48","32","15.2827"
"697.58","0.48","32","15.5007"
"697.89","0.48","32","15.5007"
"698.2","0.48","32","15.4501"
"698.51","0.48","32","15.3535"
"698.83","0.48","32","15.3705"
"699.14","0.47","32","15.0136"
"699.45","0.44","32","14.1289"
"699.76","0.4","31.65","12.7592"
"700.08","0.4","30.32","11.9928"
"700.39","0.39","29.38","11.4647"
"700.7","0.39","29","11.2586"
"701.01","0.39","28.33","10.916"
"701.33","0.38","27.61","10.4486"
"701.64","0.38","27","10.2815"
"701.95","0.38","27","10.2706"
"702.26","0.38","27","10.2318"
"702.58","0.39","26.22","10.2123"
"702.89","0.39","26","10.194"
"703.2","0.39","26","10.1823"
"703.51","0.39","26","10.1546"
"703.83","0.38","26","9.8959"
"704.14","0.37","26","9.6635"
"704.45","0.37","26","9.5776"
"704.76","0.36","26","9.4674"
"705.08","0.36","26","9.4674"
"705.39","0.36","26","9.4674"
"705.7","0.36","26","9.4674"
"706.01","0.36","26","9.4674"
"706.33","0.36","26","9.4674"
"706.64","0.37","25.79","9.4585"
"706.95","0.39","24.71","9.569"
"707.26","0.39","25","9.6697"
"707.58","0.39","25","9.6697"
"707.89","0.38","25","9.6203"
"708.2","0.38","25","9.428"
"708.51","0.37","25","9.2976"
"708.83","0.37","24.67","9.0715"
"709.14","0.35","24","8.4765"
"709.45","0.35","24","8.4765"
"709.76","0.35","24.96","8.7165"
"710.08","0.35","25","8.7265"
"710.39","0.35","25","8.7265"
"710.7","0.35","25.38","8.8225"
"711.01","0.35","25","8.8065"
"711.33","0.36","25","8.9765"
"711.64","0.36","25","8.9765"
"711.95","0.36","25","8.9765"
"712.26","0.36","25","8.9765"
"712.58","0.36","25","8.9765"
"712.89","0.36","25","8.9129"
"713.2","0.35","25","8.8036"
"713.51","0.35","25","8.8036"
"713.83","0.35","25","8.8016"
"714.14","0.34","25","8.5536"
"714.45","0.34","25","8.5536"
"714.76","0.34","25","8.5536"
"715.08","0.34","25","8.5536"
"715.39","0.34","25","8.5656"
"715.7","0.35","25","8.8015"
"716.01","0.35","25","8.7804"
"716.33","0.35","25","8.7804"
"716.64","0.35","25","8.7804"
"716.95","0.35","25","8.7804"
"717.26","0.35","25","8.7804"
"717.58","0.35","25","8.7804"
"717.89","0.35","25","8.7804"
"718.2","0.35","25","8.7804"
"718.51","0.35","25","8.7804"
"718.83","0.35","25","8.7804"
"719.14","0.34","25","8.6004"
"719.45","0.34","25","8.5304"
"719.76","0.36","24.07","8.5887"
"720.08","0.38","24","9.0459"
"720.39","0.38","25.5","9.7215"
"720.7","0.38","26.34","10.0975"
"721.01","0.4","31.26","12.4527"
"721.33","0.41","32","13.1995"
"721.64","0.49","32","15.7682"
"721.95","0.53","32","17.0451"
"722.26","0.56","32","17.9814"
"722.58","0.58","32","18.6627"
"722.89","0.64","32","20.3273"
"723.2","0.66","32","21.2227"
"723.51","0.68","32","21.6815"
"723.83","0.68","32","21.7034"
"724.14","0.68","32","21.8819"
"724.45","0.76","32","24.2568"
"724.76","0.78","32","24.8371"
"725.08","0.78","32","24.8903"
"725.39","0.79","32","25.1223"
"725.7","0.79","32","25.1223"
"726.01","0.79","32","25.2087"
"726.33","0.79","32","25.2146"
"726.64","0.79","32","25.2146"
"726.95","0.79","32","25.2146"
"727.26","0.79","32","25.2146"
"727.58","0.79","32","25.2146"
"727.89","0.79","32","25.2146"
"728.2","0.79","32","25.2146"
"728.51","0.79","32","25.3396"
"728.83","0.79","32","25.3793"
"729.14","0.79","32","25.2529"
"729.45","0.79","32","25.2936"
"729.76","0.8","32","25.5667"
"730.08","0.8","32","25.6007"
"730.39","0.8","32","25.6007"
"730.7","0.8","32","25.618"
"731.01","0.8","32","25.7453"
"731.33","0.8","32","25.7453"
"731.64","0.8","32","25.7453"
"731.95","0.8","32","25.7453"
"732.26","0.8","32","25.7453"
"732.58","0.8","32","25.7453"
"732.89","0.8","32","25.7453"
"733.2","0.8","32","25.7453"
"733.51","0.81","32","25.7809"
"733.83","0.81","32","25.7959"
"734.14","0.8","32","25.6711"
"734.45","0.8","32","25.6257"
"734.76","0.79","32","25.219"
"735.08","0.77","32","24.5821"
"735.39","0.75","32","23.8804"
"735.7","0.72","32","23.0913"
"736.01","0.7","32","22.4635"
"736.33","0.69","32","21.9655"
"736.64","0.67","32","21.5532"
"736.95","0.64","32","20.3817"
"737.26","0.59","32","18.7236"
"737.58","0.56","32","17.8467"
"737.89","0.56","31.79","17.6508"
"738.2","0.57","31","17.6028"
"738.51","0.56","31.32","17.6871"
"738.83","0.55","32","17.5646"
"739.14","0.54","32","17.3167"
"739.45","0.53","32","16.8639"
"739.76","0.52","32","16.6157"
"740.08","0.52","32","16.625"
"740.39","0.52","32","16.6682"
"740.7","0.52","32","16.4994"
"741.01","0.5","32","15.955"
"741.33","0.49","32","15.7249"
"741.64","0.49","32","15.5769"
"741.95","0.48","32","15.4683"
"742.26","0.48","32","15.2723"
"742.58","0.47","32","15.0543"
"742.89","0.47","32","15.0543"
"743.2","0.47","32","15.0543"
"743.51","0.48","31.3","14.9432"
"743.83","0.48","31","14.765"
"744.14","0.48","31","14.765"
"744.45","0.48","31","14.765"
"744.76","0.48","31","14.8498"
"745.08","0.49","31","15.0457"
"745.39","0.49","31","15.1049"
"745.7","0.49","31","15.1049"
"746.01","0.49","31","15.071"
"746.33","0.48","31","15.0184"
"746.64","0.48","31","14.9813"
"746.95","0.48","31","14.9791"
"747.26","0.48","31","14.9791"
"747.58","0.48","31","14.9002"
"747.89","0.48","31","14.8062"
"748.2","0.48","31","14.8062"
"748.51","0.48","31","14.8336"
"748.83","0.48","31","14.7654"
"749.14","0.47","31","14.5108"
"749.45","0.47","31","14.5108"
"749.76","0.47","31","14.5108"
"750.08","0.47","31","14.5108"
"750.39","0.47","31","14.5108"
"750.7","0.47","31","14.5108"
"751.01","0.47","31","14.6173"
"751.33","0.47","31","14.6718"
"751.64","0.47","31","14.6941"
"751.95","0.47","31","14.5761"
"752.26","0.47","31","14.467"
"752.58","0.47","31","14.4672"
"752.89","0.47","31","14.4392"
"753.2","0.46","31","14.2172"
"753.51","0.46","31","14.2283"
"753.83","0.46","31","14.2558"
"754.14","0.46","31","14.1744"
"754.45","0.45","31","14.0289"
"754.76","0.45","31","14.0289"
"755.08","0.45","31","14.0289"
"755.39","0.45","31","14.0289"
"755.7","0.44","31","13.6418"
"756.01","0.4","31","12.4595"
"756.33","0.4","31","12.3183"
"756.64","0.4","31","12.3183"
"756.95","0.4","30.3","12.1443"
"757.26","0.4","30","12.0683"
"757.58","0.4","30","12.0683"
"757.89","0.4","30","12.0683"
"758.2","0.4","30","12.0683"
"758.51","0.4","30","11.9963"
"758.83","0.39","30","11.6963"
"759.14","0.39","30","11.5683"
"759.45","0.39","30","11.5683"
"759.76","0.39","30","11.5683"
"760.08","0.39","30","11.5683"
"760.39","0.39","30","11.5683"
"760.7","0.39","30","11.5683"
"761.01","0.39","29.49","11.5425"
"761.33","0.4","29","11.4905"
"761.64","0.4","29","11.5669"
"761.95","0.4","29","11.5546"
"762.26","0.39","29","11.2546"
"762.58","0.39","29","11.2526"
"762.89","0.39","29","11.2526"
"763.2","0.39","29","11.2526"
"763.51","0.39","29","11.2526"
"763.83","0.39","29","11.2526"
"764.14","0.39","29","11.2526"
"764.45","0.39","29","11.2526"
"764.76","0.39","29","11.2313"
"765.08","0.38","29","11.1599"
"765.39","0.38","29","11.0519"
"765.7","0.38","29","10.9099"
"766.01","0.38","29.16","10.9499"
"766.33","0.37","30","11.1599"
"766.64","0.38","30","11.2999"
"766.95","0.38","30","11.4099"
"767.26","0.38","30","11.4099"
"767.58","0.38","30","11.4099"
"767.89","0.41","30.85","12.7509"
"768.2","0.43","31","13.301"
"768.51","0.43","31","13.2421"
"768.83","0.43","31","13.2421"
"769.14","0.43","31","13.2421"
"769.45","0.43","31","13.2421"
"769.76","0.43","31","13.2342"
"770.08","0.43","31","13.2173"
"770.39","0.43","31","13.2173"
"770.7","0.43","31","13.2173"
"771.01","0.43","31","13.2173"
"771.33","0.43","31","13.2173"
"771.64","0.43","31","13.2173"
"771.95","0.43","31","13.2173"
"772.26","0.43","31","13.2173"
"772.58","0.43","31","13.2173"
"772.89","0.43","31","13.2173"
"773.2","0.43","31","13.2173"
"773.51","0.43","31","13.2173"
"773.83","0.43","31","13.2173"
"774.14","0.42","31","13.0613"
"774.45","0.42","31","12.9673"
"774.76","0.42","31","12.9673"
"775.08","0.42","31","12.9673"
"775.39","0.42","31","12.9673"
"775.7","0.42","31","12.9673"
"776.01","0.42","31","12.9673"
"776.33","0.42","31","12.9673"
"776.64","0.42","31","12.9673"
"776.95","0.42","31","12.9673"
"777.26","0.42","31","12.9673"
"777.58","0.42","31","12.9673"
"777.89","0.42","31","12.9414"
"778.2","0.41","31","12.8327"
"778.51","0.41","31","12.7908"
"778.83","0.41","31","12.7908"
"779.14","0.41","31","12.7908"
"779.45","0.41","31","12.7188"
"779.76","0.41","30.68","12.552"
"780.08","0.41","30","12.3706"
"780.39","0.41","30","12.4188"
"780.7","0.43","27.54","11.8016"
"781.01","0.45","25.04","11.3435"
"781.33","0.45","24.74","11.1833"
"781.64","0.46","24","11.019"
"781.95","0.46","24","11.019"
"782.26","0.46","24","11.019"
"782.58","0.46","24","11.019"
"782.89","0.46","24","11.019"
"783.2","0.45","24.89","11.1497"
"783.51","0.45","25","11.3182"
"783.83","0.47","25","11.6762"
"784.14","0.49","25","12.1282"
"784.45","0.49","25","12.2431"
"784.76","0.49","25","12.2732"
"785.08","0.49","25","12.3173"
"785.39","0.5","25.21","12.5146"
"785.7","0.49","26","12.7126"
"786.01","0.49","26","12.7126"
"786.33","0.49","26","12.7126"
"786.64","0.49","26","12.8331"
"786.95","0.5","26","12.9162"
"787.26","0.5","26","12.9162"
"787.58","0.5","26","12.9162"
"787.89","0.5","26","12.9162"
"788.2","0.5","26","13.0122"
"788.51","0.5","26","13.0481"
"788.83","0.5","26","12.9673"
"789.14","0.5","26.43","13.2193"
"789.45","0.49","27","13.3613"
"789.76","0.49","27","13.3613"
"790.08","0.49","27","13.3613"
"790.39","0.49","27","13.3613"
"790.7","0.49","27","13.3613"
"791.01","0.49","27.74","13.4627"
"791.33","0.47","28.84","13.693"
"791.64","0.47","29","13.733"
"791.95","0.47","29","13.733"
"792.26","0.46","29.58","13.7463"
"792.58","0.46","30","13.7561"
"792.89","0.46","30","13.7561"
"793.2","0.46","30","13.7315"
"793.51","0.45","30.86","13.7315"
"793.83","0.43","32","13.7933"
"794.14","0.43","32","13.8044"
"794.45","0.43","32","13.8044"
"794.76","0.43","32","13.8772"
"795.08","0.46","32","14.8044"
"795.39","0.46","32","14.8235"
"795.7","0.46","32","14.8235"
"796.01","0.46","32","14.7275"
"796.33","0.46","32","14.5735"
"796.64","0.46","32","14.5735"
"796.95","0.45","32","14.4635"
"797.26","0.45","32","14.3235"
"797.58","0.45","32","14.3038"
"797.89","0.45","32","14.2831"
"798.2","0.44","32","14.0531"
"798.51","0.44","32","14.0331"
"798.83","0.44","32","14.0331"
"799.14","0.44","32","14.0331"
"799.45","0.44","32","14.0602"
"799.76","0.44","32","14.1803"
"800.08","0.44","32","14.1803"
"800.39","0.44","32","14.1803"
"800.7","0.44","32","14.1803"
"801.01","0.44","32","14.1803"
"801.33","0.44","32","14.1803"
"801.64","0.44","32","14.2248"
"801.95","0.45","32","14.3798"
"802.26","0.45","32","14.3099"
"802.58","0.45","32","14.4284"
"802.89","0.45","32","14.3405"
"803.2","0.45","32","14.3157"
"803.51","0.45","32","14.3078"
"803.83","0.45","32","14.3078"
"804.14","0.45","32","14.3078"
"804.45","0.45","32","14.3078"
"804.76","0.45","32","14.3078"
"805.08","0.45","32","14.2958"
"805.39","0.45","32","14.2831"
"805.7","0.45","31.46","14.1976"
"806.01","0.46","31","14.1152"
"806.33","0.45","31","14.105"
"806.64","0.45","31","13.9128"
"806.95","0.45","31","13.9014"
"807.26","0.45","31","13.9014"
"807.58","0.45","31","13.9069"
"807.89","0.46","30.41","13.8644"
"808.2","0.47","30","13.9609"
"808.51","0.46","30.26","13.9718"
"808.83","0.46","30","13.9052"
"809.14","0.46","30","13.8975"
"809.45","0.45","30","13.6401"
"809.76","0.44","30","13.2804"
"810.08","0.44","30","13.1213"
"810.39","0.43","30","13.0328"
"810.7","0.43","30.28","13.0393"
"811.01","0.42","31","13.0559"
"811.33","0.42","31","13.0559"
"811.64","0.42","31","13.0559"
"811.95","0.42","31","13.0559"
"812.26","0.42","31","13.0559"
"812.58","0.42","31","13.0559"
"812.89","0.42","31","13.0559"
"813.2","0.42","31","13.0559"
"813.51","0.42","31","13.0559"
"813.83","0.42","31","13.0559"
"814.14","0.41","31","12.8119"
"814.45","0.41","31","12.8059"
"814.76","0.41","31","12.6939"
"815.08","0.41","31","12.5559"
"815.39","0.41","31","12.7759"
"815.7","0.42","31","12.8679"
"816.01","0.42","31","13.0559"
"816.33","0.42","31.42","13.1919"
"816.64","0.42","32","13.3445"
"816.95","0.42","32","13.3182"
"817.26","0.42","31.42","13.0868"
"817.58","0.42","31","13.0244"
"817.89","0.42","31","13.0244"
"818.2","0.42","31","13.0182"
"818.51","0.42","31","12.9909"
"818.83","0.42","31","12.9909"
"819.14","0.42","31","12.9909"
"819.45","0.42","31","13.1597"
"819.76","0.43","31","13.3368"
"820.08","0.48","31.87","15.2102"
"820.39","0.5","32","15.8747"
"820.7","0.5","32","15.8535"
"821.01","0.5","32","15.8451"
"821.33","0.5","32","15.8671"
"821.64","0.49","32","15.7259"
"821.95","0.49","32","15.7225"
"822.26","0.5","32","15.9426"
"822.58","0.51","32","16.3741"
"822.89","0.51","32","16.3828"
"823.2","0.51","32","16.3828"
"823.51","0.51","32","16.3828"
"823.83","0.51","32","16.3828"
"824.14","0.51","32","16.3828"
"824.45","0.51","32","16.3828"
"824.76","0.51","32","16.3828"
"825.08","0.51","32","16.3828"
"825.39","0.51","32","16.3795"
"825.7","0.51","32","16.3597"
"826.01","0.51","32","16.3597"
"826.33","0.51","32","16.3597"
"826.64","0.51","32","16.3597"
"826.95","0.51","32","16.3597"
"827.26","0.51","32","16.3597"
"827.58","0.51","32","16.3597"
"827.89","0.51","32","16.3597"
"828.2","0.51","32","16.3597"
"828.51","0.51","32","16.2077"
"828.83","0.5","32","16.1097"
"829.14","0.5","32","16.1097"
"829.45","0.5","32","16.1097"
"829.76","0.5","32","16.1097"
"830.08","0.51","32","16.1855"
"830.39","0.51","32","16.2586"
"830.7","0.51","32","16.2586"
"831.01","0.51","32","16.2586"
"831.33","0.51","32","16.2586"
"831.64","0.5","32","16.0384"
"831.95","0.5","32","15.9778"
"832.26","0.51","31.68","16.007"
"832.58","0.52","31","16.1098"
"832.89","0.52","31","16.2715"
"833.2","0.53","31","16.5696"
"833.51","0.54","30.26","16.3856"
"833.83","0.54","30","16.1576"
"834.14","0.53","30","16.0366"
"834.45","0.53","30","15.8232"
"834.76","0.53","30","15.7792"
"835.08","0.53","30","15.7896"
"835.39","0.52","30","15.56"
"835.7","0.52","30","15.4587"
"836.01","0.52","30","15.4587"
"836.33","0.52","30","15.4587"
"836.64","0.52","30","15.4587"
"836.95","0.52","30","15.4587"
"837.26","0.52","30","15.4587"
"837.58","0.52","30","15.4587"
"837.89","0.52","30","15.4587"
"838.2","0.52","30","15.4587"
"838.51","0.52","30","15.4587"
"838.83","0.52","30","15.4587"
"839.14","0.52","30","15.4587"
"839.45","0.52","30","15.4587"
"839.76","0.52","30","15.4587"
"840.08","0.52","30","15.4587"
"840.39","0.52","30","15.4587"
"840.7","0.52","30","15.4587"
"841.01","0.52","30","15.4587"
"841.33","0.51","30","15.4437"
"841.64","0.51","30","15.4429"
"841.95","0.52","30","15.4587"
"842.26","0.5","30","15.0981"
"842.58","0.5","30","15.0326"
"842.89","0.49","30","14.7075"
"843.2","0.46","30","13.9212"
"843.51","0.46","28.46","13.1446"
"843.83","0.47","27","12.7498"
"844.14","0.47","26.76","12.6938"
"844.45","0.49","26","12.7498"
"844.76","0.49","26","12.7498"
"845.08","0.49","26","12.6198"
"845.39","0.48","26","12.4915"
"845.7","0.47","26","12.214"
"846.01","0.47","26","12.1019"
"846.33","0.47","26","12.1019"
"846.64","0.47","26","12.1019"
"846.95","0.47","26","12.1473"
"847.26","0.45","26.99","12.142"
"847.58","0.44","27","12.0039"
"847.89","0.44","27","11.9403"
"848.2","0.44","27","11.831"
"848.51","0.42","27.96","11.7547"
"848.83","0.42","28","11.7316"
"849.14","0.4","29.44","11.8075"
"849.45","0.39","30","11.8037"
"849.76","0.39","30","11.8037"
"850.08","0.39","30","11.8037"
"850.39","0.39","30.59","11.9517"
"850.7","0.39","31","12.0609"
"851.01","0.39","31","12.0923"
"851.33","0.39","31","12.0923"
"851.64","0.4","30.22","12.0742"
"851.95","0.4","30","12.0692"
"852.26","0.4","30","12.0692"
"852.58","0.4","30","12.0402"
"852.89","0.39","30","11.806"
"853.2","0.39","30","11.7516"
"853.51","0.39","30","11.7516"
"853.83","0.39","30","11.7516"
"854.14","0.39","30","11.7516"
"854.45","0.39","30","11.7516"
"854.76","0.39","30","11.7516"
"855.08","0.39","30","11.7516"
"855.39","0.39","30","11.7516"
"855.7","0.39","30","11.7516"
"856.01","0.39","30","11.7516"
"856.33","0.38","30","11.5176"
"856.64","0.38","30.11","11.5296"
"856.95","0.38","31","11.7516"
"857.26","0.37","31","11.5888"
"857.58","0.37","31","11.548"
"857.89","0.37","30.02","11.2459"
"858.2","0.37","29.98","10.9539"
"858.51","0.37","29","10.7287"
"858.83","0.37","29","10.7446"
"859.14","0.38","28.31","10.8812"
"859.45","0.39","28","10.8629"
"859.76","0.39","28","10.8629"
"860.08","0.39","28","10.8629"
"860.39","0.38","28","10.7469"
"860.7","0.38","28","10.6129"
"861.01","0.4","28","11.1262"
"861.33","0.4","27.86","11.1846"
"861.64","0.42","27","11.2898"
"861.95","0.42","26.62","11.182"
"862.26","0.43","26","11.0767"
"862.58","0.43","26","11.0767"
"862.89","0.43","26.18","11.1306"
"863.2","0.42","27","11.3515"
"863.51","0.42","27","11.3515"
"863.83","0.43","27.26","11.6034"
"864.14","0.44","28.18","12.5186"
"864.45","0.44","29.38","12.9856"
"864.76","0.44","30","13.191"
"865.08","0.44","30","13.2425"
"865.39","0.44","30","13.2795"
"865.7","0.44","30","13.2795"
"866.01","0.44","30","13.2795"
"866.33","0.44","30","13.2795"
"866.64","0.44","30","13.2569"
"866.95","0.44","30","13.2451"
"867.26","0.44","30","13.2778"
"867.58","0.44","30","13.2778"
"867.89","0.44","30.05","13.2796"
"868.2","0.43","31","13.3164"
"868.51","0.42","31.9","13.4975"
"868.83","0.43","32","13.7356"
"869.14","0.43","32","13.7633"
"869.45","0.43","32","13.7633"
"869.76","0.43","32","13.7633"
"870.08","0.43","32","13.7783"
"870.39","0.43","32","13.7864"
"870.7","0.43","32","13.7864"
"871.01","0.43","32","13.7864"
"871.33","0.43","32","13.7864"
"871.64","0.43","32","13.7864"
"871.95","0.43","32","13.7864"
"872.26","0.43","32","13.7864"
"872.58","0.43","32","13.7864"
"872.89","0.43","32","13.7864"
"873.2","0.42","32","13.5564"
"873.51","0.42","32","13.5364"
"873.83","0.42","32","13.5258"
"874.14","0.42","32","13.3893"
"874.45","0.42","32","13.3893"
"874.76","0.41","32","13.1573"
"875.08","0.41","32","13.1393"
"875.39","0.41","31.5","12.9873"
"875.7","0.41","31","12.6393"
"876.01","0.41","31","12.6393"
"876.33","0.41","31","12.6393"
"876.64","0.41","31","12.6393"
"876.95","0.41","31","12.6393"
"877.26","0.41","31","12.6393"
"877.58","0.41","31","12.6393"
"877.89","0.41","31","12.6393"
"878.2","0.41","31","12.6393"
"878.51","0.41","31","12.6393"
"878.83","0.41","31","12.6393"
"879.14","0.41","31","12.6393"
"879.45","0.41","31","12.6235"
"879.76","0.41","31","12.6007"
"880.08","0.41","31","12.5781"
"880.39","0.41","31","12.5621"
"880.7","0.41","31","12.5621"
"881.01","0.41","31","12.5621"
"881.33","0.4","31","12.5109"
"881.64","0.4","31","12.3891"
"881.95","0.4","31","12.302"
"882.26","0.4","30.14","11.9616"
"882.58","0.4","30","11.8657"
"882.89","0.39","30","11.8472"
"883.2","0.39","30","11.8472"
"883.51","0.39","30","11.8472"
"883.83","0.39","30","11.8472"
"884.14","0.4","29.92","11.8272"
"884.45","0.4","29","11.5972"
"884.76","0.4","29","11.5972"
"885.08","0.4","29","11.5972"
"885.39","0.4","29","11.5972"
"885.7","0.4","28.88","11.5911"
"886.01","0.41","28","11.5467"
"886.33","0.41","28","11.5179"
"886.64","0.41","28","11.5081"
"886.95","0.41","28","11.5081"
"887.26","0.41","28","11.5081"
"887.58","0.41","28","11.5081"
"887.89","0.41","28","11.5081"
"888.2","0.41","28","11.5081"
"888.51","0.41","28","11.6188"
"888.83","0.42","28","11.7117"
"889.14","0.42","28","11.7117"
"889.45","0.42","28","11.7117"
"889.76","0.42","28","11.7294"
"890.08","0.42","28","11.6999"
"890.39","0.42","28","11.6962"
"890.7","0.42","28","11.6962"
"891.01","0.42","28","11.6962"
"891.33","0.42","28","11.6922"
"891.64","0.42","28","11.6576"
"891.95","0.43","28","11.9816"
"892.26","0.43","28.99","12.3485"
"892.58","0.43","29","12.4307"
"892.89","0.43","29","12.4398"
"893.2","0.43","29","12.4642"
"893.51","0.42","29.83","12.5962"
"893.83","0.43","30","12.9074"
"894.14","0.43","30","12.8915"
"894.45","0.43","30","13.0133"
"894.76","0.44","30","13.0548"
"895.08","0.44","30","13.0548"
"895.39","0.44","30","13.0548"
"895.7","0.44","30","13.0548"
"896.01","0.44","30","13.1193"
"896.33","0.43","30","13.0277"
"896.64","0.43","30.59","13.0294"
"896.95","0.41","31.92","13.0031"
"897.26","0.41","32","13.0422"
"897.58","0.41","32","13.0422"
"897.89","0.44","32","14.0542"
"898.2","0.47","32","15.1821"
"898.51","0.48","32","15.4094"
"898.83","0.49","32","15.6452"
"899.14","0.52","32","16.5813"
"899.45","0.52","32","16.7667"
"899.76","0.52","32","16.7667"
"900.08","0.52","32","16.7667"
"900.39","0.55","32","17.511"
"900.7","0.59","32","18.9416"
"901.01","0.59","32","18.996"
"901.33","0.63","32","20.2001"
"901.64","0.65","32","20.8104"
"901.95","0.66","32","21.0566"
"902.26","0.66","32","21.2366"
"902.58","0.67","32","21.3303"
"902.89","0.66","32","21.2667"
"903.2","0.66","32","21.2162"
"903.51","0.66","32","21.2162"
"903.83","0.66","32","21.2162"
"904.14","0.66","32","21.2162"
"904.45","0.66","32","21.2162"
"904.76","0.66","32","21.2162"
"905.08","0.66","32","21.2162"
"905.39","0.66","32","21.2162"
"905.7","0.66","32","21.2162"
"906.01","0.66","32","21.2162"
"906.33","0.66","32","21.2162"
"906.64","0.66","32","21.2162"
"906.95","0.66","32","21.2162"
"907.26","0.66","32","21.2162"
"907.58","0.66","32","20.9902"
"907.89","0.66","32","20.9662"
"908.2","0.66","32","20.9662"
"908.51","0.66","32","20.9662"
"908.83","0.65","32","20.7882"
"909.14","0.65","32","20.7162"
"909.45","0.65","32","20.7162"
"909.76","0.65","32","20.7162"
"910.08","0.65","32","20.7162"
"910.39","0.65","32","20.7162"
"910.7","0.65","32","20.7162"
"911.01","0.65","32","20.7162"
"911.33","0.64","32","20.5765"
"911.64","0.64","32","20.3607"
"911.95","0.62","32","19.7553"
"912.26","0.61","32","19.6517"
"912.58","0.61","32","19.5618"
"912.89","0.61","32","19.4218"
"913.2","0.6","32","19.2039"
"913.51","0.59","32","18.9327"
"913.83","0.58","32","18.4859"
"914.14","0.57","32","18.3392"
"914.45","0.57","32","18.2742"
"914.76","0.57","32","18.2515"
"915.08","0.57","32","18.2237"
"915.39","0.56","32","17.982"
"915.7","0.56","32","17.7972"
"916.01","0.55","32","17.6818"
"916.33","0.55","32","17.5654"
"916.64","0.56","32","17.932"
"916.95","0.56","32","17.9376"
"917.26","0.56","32","17.9672"
"917.58","0.56","32","17.9679"
"917.89","0.56","32","17.9541"
"918.2","0.56","32","18.0282"
"918.51","0.56","32","18.0656"
"918.83","0.56","32","18.0672"
"919.14","0.56","32","18.0093"
"919.45","0.56","32","17.9225"
"919.76","0.55","32","17.7225"
"920.08","0.55","32","17.6725"
"920.39","0.55","32","17.6725"
"920.7","0.55","32","17.6672"
"921.01","0.55","32","17.6478"
"921.33","0.55","32","17.6423"
"921.64","0.55","32","17.5958"
"921.95","0.55","32","17.5958"
"922.26","0.55","32","17.5958"
"922.58","0.55","32","17.5208"
"922.89","0.55","32","17.6421"
"923.2","0.55","32","17.5972"
"923.51","0.55","32","17.5972"
"923.83","0.57","31.13","17.6964"
"924.14","0.57","31","17.6743"
"924.45","0.57","31","17.6743"
"924.76","0.57","31","17.6823"
"925.08","0.57","31","17.6643"
"925.39","0.57","31","17.6403"
"925.7","0.58","31","17.9243"
"926.01","0.58","31","17.9243"
"926.33","0.58","31","17.9243"
"926.64","0.58","31","17.9243"
"926.95","0.58","31","17.9243"
"927.26","0.56","31","17.2934"
"927.58","0.5","31","15.6415"
"927.89","0.5","30.66","15.3029"
"928.2","0.49","30","14.7339"
"928.51","0.49","30","14.6758"
"928.83","0.48","30","14.3911"
"929.14","0.49","29.57","14.3686"
"929.45","0.49","29","14.3304"
"929.76","0.49","29","14.3451"
"930.08","0.49","29","14.2994"
"930.39","0.49","29","14.1406"
"930.7","0.49","29","14.1335"
"931.01","0.48","29.51","14.1903"
"931.33","0.47","30","14.2396"
"931.64","0.47","30","14.2396"
"931.95","0.47","30","14.2473"
"932.26","0.48","30","14.2644"
"932.58","0.49","30.97","15.035"
"932.89","0.48","31.82","15.2102"
"933.2","0.47","32","15.052"
"933.51","0.47","32","15.052"
"933.83","0.47","32","15.078"
"934.14","0.48","32","15.302"
"934.45","0.48","32","15.302"
"934.76","0.48","32","15.3283"
"935.08","0.49","32","15.5243"
"935.39","0.49","32","15.6132"
"935.7","0.48","32","15.423"
"936.01","0.48","32","15.3935"
"936.33","0.48","32","15.4088"
"936.64","0.48","32","15.2688"
"936.95","0.47","32","15.0717"
"937.26","0.47","32","15.0106"
"937.58","0.46","32","14.8746"
"937.89","0.46","32","14.7801"
"938.2","0.48","32","15.3071"
"938.51","0.49","32","15.6205"
"938.83","0.49","32","15.6208"
"939.14","0.49","32","15.7881"
"939.45","0.5","32","16.0935"
"939.76","0.57","32","18.3186"
"940.08","0.59","32","18.9955"
"940.39","0.61","32","19.4638"
"940.7","0.62","32","19.7405"
"941.01","0.62","32","19.8943"
"941.33","0.62","32","19.8943"
"941.64","0.62","32","19.8943"
"941.95","0.62","32","19.8726"
"942.26","0.62","32","19.8617"
"942.58","0.62","32","19.8617"
"942.89","0.62","32","19.8617"
"943.2","0.62","32","19.8617"
"943.51","0.62","32","19.8617"
"943.83","0.62","32","19.8617"
"944.14","0.62","32","19.8617"
"944.45","0.62","32","19.8617"
"944.76","0.62","32","19.8617"
"945.08","0.62","32","19.8617"
"945.39","0.62","32","19.8617"
"945.7","0.62","32","19.8617"
"946.01","0.62","32","19.8617"
"946.33","0.62","32","19.8617"
"946.64","0.62","32","19.8617"
"946.95","0.62","32","19.8617"
"947.26","0.62","32","19.8617"
"947.58","0.62","32","19.8617"
"947.89","0.62","32","19.8617"
"948.2","0.62","32","19.8405"
"948.51","0.62","32","19.8097"
"948.83","0.62","32","19.8097"
"949.14","0.62","32","19.6827"
"949.45","0.61","32","19.5178"
"949.76","0.61","32","19.517"
"950.08","0.59","32","19.0083"
"950.39","0.56","32","17.9716"
"950.7","0.54","32","17.3949"
"951.01","0.54","32","17.1903"
"951.33","0.53","32","17.1017"
"951.64","0.53","32","16.9241"
"951.95","0.53","31.52","16.6081"
"952.26","0.51","32","16.273"
"952.58","0.49","32","15.6098"
"952.89","0.47","31.76","15.006"
"953.2","0.48","30.05","14.3066"
"953.51","0.47","30","14.1223"
"953.83","0.46","30","13.8303"
"954.14","0.45","30","13.6223"
"954.45","0.45","29.59","13.3223"
"954.76","0.45","29","13.1223"
"955.08","0.45","29","13.1223"
"955.39","0.45","29","13.054"
"955.7","0.45","28.3","12.8012"
"956.01","0.47","27.14","12.6518"
"956.33","0.46","27","12.4366"
"956.64","0.46","27","12.5526"
"956.95","0.47","27","12.6894"
"957.26","0.47","27.64","13.0138"
"957.58","0.47","29","13.6018"
"957.89","0.49","29.99","14.7039"
"958.2","0.51","31.92","16.4374"
"958.51","0.52","32","16.5771"
"958.83","0.52","32","16.5771"
"959.14","0.52","32","16.6431"
"959.45","0.53","32","17.0328"
"959.76","0.54","32","17.1267"
"960.08","0.54","32","17.1267"
"960.39","0.54","32","17.1267"
"960.7","0.54","32","17.1267"
"961.01","0.54","32","17.1267"
"961.33","0.54","32","17.1267"
"961.64","0.54","32","17.1267"
"961.95","0.54","32","17.1267"
"962.26","0.54","32","17.1267"
"962.58","0.54","32","17.1267"
"962.89","0.53","32","17.1058"
"963.2","0.53","32","17.0932"
"963.51","0.53","32","17.0932"
"963.83","0.53","32","17.0932"
"964.14","0.53","32","17.0932"
"964.45","0.53","32","17.0932"
"964.76","0.53","32","17.0932"
"965.08","0.53","32","17.0932"
"965.39","0.53","32","17.0932"
"965.7","0.53","32","17.0932"
"966.01","0.53","32","17.0932"
"966.33","0.53","32","17.0932"
"966.64","0.53","32","17.0932"
"966.95","0.53","32","16.8929"
"967.26","0.53","32","16.8897"
"967.58","0.53","32","16.8897"
"967.89","0.53","32","16.8897"
"968.2","0.53","32","16.8142"
"968.51","0.52","32","16.4899"
"968.83","0.51","32","16.4416"
"969.14","0.5","32","16.1213"
"969.45","0.5","32","15.9988"
"969.76","0.49","32","15.7158"
"970.08","0.48","32","15.3491"
"970.39","0.46","32","14.7147"
"970.7","0.46","30.62","14.1901"
"971.01","0.49","27.88","13.7912"
"971.33","0.51","27","13.6391"
"971.64","0.51","26.47","13.5894"
"971.95","0.5","26","13.1017"
"972.26","0.5","26","13.0817"
"972.58","0.5","26","13.0817"
"972.89","0.52","25.38","13.0662"
"973.2","0.54","24.11","12.9264"
"973.51","0.53","24","12.8309"
"973.83","0.53","24","12.7649"
"974.14","0.53","24","12.7649"
"974.45","0.53","24","12.7783"
"974.76","0.53","24","12.7753"
"975.08","0.54","24","12.9036"
"975.39","0.54","24","12.9225"
"975.7","0.54","24","12.9225"
"976.01","0.54","24","12.9225"
"976.33","0.54","24","12.9223"
"976.64","0.54","24","12.8993"
"976.95","0.54","24","12.9336"
"977.26","0.54","24","12.9379"
"977.58","0.55","24","13.0832"
"977.89","0.55","23.92","13.1657"
"978.2","0.55","23","12.6012"
"978.51","0.54","23","12.521"
"978.83","0.54","23","12.521"
"979.14","0.54","23","12.521"
"979.45","0.56","22.65","12.669"
"979.76","0.57","23","13.021"
"980.08","0.57","23","13.023"
"980.39","0.58","23","13.271"
"980.7","0.58","23","13.271"
"981.01","0.58","23","13.271"
"981.33","0.58","23","13.271"
"981.64","0.58","23","13.271"
"981.95","0.58","23","13.271"
"982.26","0.58","23","13.271"
"982.58","0.58","23","13.271"
"982.89","0.58","23","13.271"
"983.2","0.58","23","13.271"
"983.51","0.58","23","13.271"
"983.83","0.58","23","13.271"
"984.14","0.58","23","13.271"
"984.45","0.58","23","13.271"
"984.76","0.58","23","13.271"
"985.08","0.58","23","13.271"
"985.39","0.58","23","13.271"
"985.7","0.58","23","13.2443"
"986.01","0.54","23","12.3757"
"986.33","0.52","23","11.8711"
"986.64","0.5","23","11.4828"
"986.95","0.51","22.43","11.3365"
"987.26","0.51","22","11.2535"
"987.58","0.51","22","11.1429"
"987.89","0.5","22","11.1083"
"988.2","0.51","22","11.1212"
"988.51","0.51","22","11.1603"
"988.83","0.51","22","11.1603"
"989.14","0.51","22","11.1603"
"989.45","0.51","22","11.1603"
"989.76","0.49","22.99","11.2011"
"990.08","0.49","23","11.2375"
"990.39","0.49","23","11.1893"
"990.7","0.48","23","11.0398"
"991.01","0.46","23.99","11.05"
"991.33","0.45","24","10.8995"
"991.64","0.45","24","10.7515"
"991.95","0.44","24","10.6495"
"992.26","0.44","24","10.6495"
"992.58","0.44","24","10.5675"
"992.89","0.43","24","10.3012"
"993.2","0.42","24","10.1092"
"993.51","0.41","24","9.9297"
"993.83","0.41","24","9.8563"
"994.14","0.41","24","9.8363"
"994.45","0.41","24","9.8363"
"994.76","0.41","24","9.8363"
"995.08","0.41","24","9.8363"
"995.39","0.41","24","9.8363"
"995.7","0.41","24","9.8363"
"996.01","0.39","24.99","9.8609"
"996.33","0.39","25","9.8611"
"996.64","0.39","25","9.8611"
"996.95","0.39","25","9.8611"
"997.26","0.39","25.45","9.7973"
"997.58","0.38","26","9.8917"
"997.89","0.38","26","9.8917"
"998.2","0.38","26.12","9.9094"
"998.51","0.37","27","10.0389"
"998.83","0.37","27","10.0389"
"999.14","0.36","27","9.8509"
"999.45","0.36","27","9.7889"
"999.76","0.36","27","9.7059"
"1000.08","0.35","27","9.3737"
"1000.39","0.34","27","9.2434"
"1000.7","0.34","27","9.0612"
"1001.01","0.34","26.14","8.9574"
"1001.33","0.34","26","8.7262"
"1001.64","0.33","26","8.5022"
"1001.95","0.33","25.4","8.4791"
"1002.26","0.34","25","8.4637"
"1002.58","0.34","25","8.4637"
"1002.89","0.34","25","8.4208"
"1003.2","0.34","24.76","8.3252"
"1003.51","0.34","23","7.8944"
"1003.83","0.34","23","7.8944"
"1004.14","0.34","23","7.8944"
"1004.45","0.33","23","7.6886"
"1004.76","0.33","23","7.6355"
"1005.08","0.33","23","7.6462"
"1005.39","0.33","23","7.5217"
"1005.7","0.32","23","7.4304"
"1006.01","0.32","23.16","7.328"
"1006.33","0.29","27.78","8.0466"
"1006.64","0.29","28","8.1026"
"1006.95","0.3","28.57","8.5521"
"1007.26","0.3","29","8.7522"
"1007.58","0.31","29","8.9031"
"1007.89","0.31","29","8.9023"
"1008.2","0.31","29","9.0117"
"1008.51","0.31","29","9.0832"
"1008.83","0.32","29","9.2507"
"1009.14","0.33","29.4","9.5791"
"1009.45","0.33","29.62","9.7956"
"1009.76","0.35","29.48","10.2881"
"1010.08","0.35","30","10.5001"
"1010.39","0.35","29.47","10.4224"
"1010.7","0.36","29","10.3529"
"1011.01","0.35","29","10.2682"
"1011.33","0.35","29","10.2057"
"1011.64","0.36","28.34","10.0722"
"1011.95","0.36","28","9.9636"
"1012.26","0.35","28","9.8164"
"1012.58","0.35","28","9.8164"
"1012.89","0.35","28","9.8164"
"1013.2","0.35","28","9.8164"
"1013.51","0.35","28","9.8164"
"1013.83","0.35","28","9.8164"
"1014.14","0.35","28","9.8164"
"1014.45","0.35","28","9.8164"
"1014.76","0.35","28","9.8164"
"1015.08","0.35","28","9.8164"
"1015.39","0.35","28","9.8164"
"1015.7","0.35","28","9.8164"
"1016.01","0.35","28","9.8149"
"1016.33","0.35","28","9.7933"
"1016.64","0.35","28","9.7933"
"1016.95","0.36","27.02","9.7606"
"1017.26","0.36","27","9.7855"
"1017.58","0.35","27.81","9.8264"
"1017.89","0.35","28","9.8361"
"1018.2","0.35","28","9.8361"
"1018.51","0.35","28","9.8361"
"1018.83","0.35","28","9.8361"
"1019.14","0.35","27.74","9.7885"
"1019.45","0.35","28","9.8272"
"1019.76","0.34","28","9.581"
"1020.08","0.34","28","9.5533"
"1020.39","0.34","28.18","9.5823"
"1020.7","0.34","29.48","10.0023"
"1021.01","0.34","29.51","9.9963"
"1021.33","0.34","30.01","10.2503"
"1021.64","0.34","30.54","10.3451"
"1021.95","0.33","30.25","10.0614"
"1022.26","0.32","31","9.9693"
"1022.58","0.33","30.35","9.9544"
"1022.89","0.35","30","10.5369"
"1023.2","0.37","30","11.067"
"1023.51","0.37","30","11.1354"
"1023.83","0.38","30","11.2893"
"1024.14","0.38","30","11.2893"
"1024.45","0.38","30","11.3076"
"1024.76","0.38","30","11.3279"
"1025.08","0.38","30","11.3279"
"1025.39","0.38","30","11.3279"
"1025.7","0.38","30","11.3279"
"1026.01","0.38","30","11.3279"
"1026.33","0.38","30","11.3279"
"1026.64","0.38","30","11.3279"
"1026.95","0.38","30","11.3448"
"1027.26","0.38","30","11.3511"
"1027.58","0.38","30","11.3511"
"1027.89","0.38","30","11.3511"
"1028.2","0.38","30","11.3511"
"1028.51","0.38","30","11.3511"
"1028.83","0.38","30","11.3511"
"1029.14","0.38","30","11.3511"
"1029.45","0.38","30","11.3385"
"1029.76","0.38","30","11.3107"
"1030.08","0.38","30.07","11.3287"
"1030.39","0.37","31","11.5607"
"1030.7","0.36","31.76","11.5783"
"1031.01","0.38","32","12.2122"
"1031.33","0.41","32","13.1012"
"1031.64","0.42","32","13.4948"
"1031.95","0.42","32","13.5751"
"1032.26","0.43","32","13.6415"
"1032.58","0.44","32","13.95"
"1032.89","0.44","32","13.998"
"1033.2","0.44","32","14.0769"
"1033.51","0.45","32","14.5168"
"1033.83","0.45","32","14.5168"
"1034.14","0.45","32","14.5168"
"1034.45","0.45","32","14.5168"
"1034.76","0.45","32","14.5168"
"1035.08","0.45","32","14.5168"
"1035.39","0.45","32","14.5168"
"1035.7","0.45","32","14.5168"
"1036.01","0.45","32","14.5168"
"1036.33","0.45","32","14.4726"
"1036.64","0.45","32","14.3395"
"1036.95","0.45","32","14.3395"
"1037.26","0.45","32","14.3395"
"1037.58","0.45","32","14.3395"
"1037.89","0.45","32","14.3395"
"1038.2","0.45","32","14.3395"
"1038.51","0.45","32","14.3395"
"1038.83","0.45","32","14.3395"
"1039.14","0.45","32","14.3395"
"1039.45","0.45","32","14.3395"
"1039.76","0.45","32","14.3395"
"1040.08","0.45","32","14.3395"
"1040.39","0.45","32","14.3395"
"1040.7","0.45","32","14.3395"
"1041.01","0.45","32","14.3329"
"1041.33","0.45","32","14.2858"
"1041.64","0.45","32","14.2922"
"1041.95","0.45","32","14.4436"
"1042.26","0.45","32","14.4294"
"1042.58","0.45","32","14.3994"
"1042.89","0.46","32","14.6268"
"1043.2","0.46","31.69","14.6336"
"1043.51","0.47","30.23","14.3525"
"1043.83","0.46","30","13.6881"
"1044.14","0.46","30","13.6585"
"1044.45","0.45","30","13.6467"
"1044.76","0.45","30","13.6387"
"1045.08","0.45","30","13.61"
"1045.39","0.45","30","13.61"
"1045.7","0.45","30","13.61"
"1046.01","0.45","30","13.61"
"1046.33","0.45","30","13.61"
"1046.64","0.45","30","13.5977"
"1046.95","0.45","30","13.5852"
"1047.26","0.45","30","13.5852"
"1047.58","0.45","30","13.5852"
"1047.89","0.45","30","13.5852"
"1048.2","0.45","30","13.5852"
"1048.51","0.45","30","13.5852"
"1048.83","0.45","30","13.5852"
"1049.14","0.45","30","13.4292"
"1049.45","0.45","30","13.4692"
"1049.76","0.45","30","13.5852"
"1050.08","0.45","30","13.6097"
"1050.39","0.45","30","13.6469"
"1050.7","0.45","30","13.6469"
"1051.01","0.46","30","13.8229"
"1051.33","0.46","30","13.8969"
"1051.64","0.46","30","13.8969"
"1051.95","0.46","30","13.8569"
"1052.26","0.46","29.36","13.4922"
"1052.58","0.45","27.74","12.4711"
"1052.89","0.45","26.06","11.8366"
"1053.2","0.46","25.75","11.7606"
"1053.51","0.47","24.07","11.3246"
"1053.83","0.46","23","10.6286"
"1054.14","0.46","23","10.5726"
"1054.45","0.46","23","10.5726"
"1054.76","0.46","23","10.5726"
"1055.08","0.46","23","10.5726"
"1055.39","0.46","23","10.5726"
"1055.7","0.46","23","10.5726"
"1056.01","0.46","23.35","10.6606"
"1056.33","0.44","24","10.6366"
"1056.64","0.43","25.41","10.9355"
"1056.95","0.43","26","11.1066"
"1057.26","0.43","26","11.1066"
"1057.58","0.43","26","11.1361"
"1057.89","0.43","26","11.2538"
"1058.2","0.43","26","11.2193"
"1058.51","0.43","26","11.2135"
"1058.83","0.43","26","11.2135"
"1059.14","0.43","26.24","11.2735"
"1059.45","0.42","27","11.4635"
"1059.76","0.42","27","11.4635"
"1060.08","0.42","27","11.4635"
"1060.39","0.42","27","11.4635"
"1060.7","0.42","28.04","11.7187"
"1061.01","0.4","29.9","11.817"
"1061.33","0.4","30.23","12.0082"
"1061.64","0.4","31","12.3938"
"1061.95","0.4","31","12.2838"
"1062.26","0.4","31","12.2838"
"1062.58","0.4","30.58","12.1778"
"1062.89","0.4","30","12.0338"
"1063.2","0.4","30","12.0338"
"1063.51","0.39","30","11.6175"
"1063.83","0.38","30","11.5106"
"1064.14","0.38","30","11.5106"
"1064.45","0.38","30","11.5106"
"1064.76","0.38","30","11.5106"
"1065.08","0.39","30","11.562"
"1065.39","0.39","30","11.6227"
"1065.7","0.39","30","11.6227"
"1066.01","0.39","30","11.6227"
"1066.33","0.39","30","11.6227"
"1066.64","0.39","30","11.6227"
"1066.95","0.39","30","11.6227"
"1067.26","0.39","30","11.6227"
"1067.58","0.39","30","11.6227"
"1067.89","0.39","30","11.6227"
"1068.2","0.39","30","11.6227"
"1068.51","0.39","30","11.6227"
"1068.83","0.39","29.35","11.4907"
"1069.14","0.39","29.56","11.5331"
"1069.45","0.39","29.34","11.4567"
"1069.76","0.39","29","11.3727"
"1070.08","0.39","29","11.3727"
"1070.39","0.39","29","11.3727"
"1070.7","0.39","29","11.3727"
"1071.01","0.39","29","11.3727"
"1071.33","0.39","29","11.3727"
"1071.64","0.39","28.82","11.3468"
"1071.95","0.4","28","11.2213"
"1072.26","0.39","28","10.9695"
"1072.58","0.38","28","10.7416"
"1072.89","0.39","27.42","10.5541"
"1073.2","0.4","26","10.3548"
"1073.51","0.4","26","10.3548"
"1073.83","0.39","25.8","10.1508"
"1074.14","0.4","24.28","9.827"
"1074.45","0.41","24","9.8162"
"1074.76","0.41","23.46","9.5842"
"1075.08","0.41","23","9.3162"
"1075.39","0.41","23","9.3162"
"1075.7","0.41","23","9.3162"
"1076.01","0.41","23","9.3162"
"1076.33","0.41","23","9.3162"
"1076.64","0.41","23","9.3162"
"1076.95","0.41","23","9.3162"
"1077.26","0.42","26.62","11.0931"
"1077.58","0.41","29","11.8076"
"1077.89","0.41","29","11.7581"
"1078.2","0.4","29.06","11.6865"
"1078.51","0.39","30","11.7083"
"1078.83","0.39","30","11.6975"
"1079.14","0.39","30.05","11.7058"
"1079.45","0.38","31.18","11.7501"
"1079.76","0.37","32","11.7486"
"1080.08","0.37","32","11.7486"
"1080.39","0.37","32","11.7486"
"1080.7","0.37","32","11.7486"
"1081.01","0.37","32","11.725"
"1081.33","0.36","32","11.6014"
"1081.64","0.36","32","11.6014"
"1081.95","0.36","32","11.6014"
"1082.26","0.36","32","11.6014"
"1082.58","0.36","32","11.6334"
"1082.89","0.36","32","11.6534"
"1083.2","0.37","32","11.8654"
"1083.51","0.38","32","12.1534"
"1083.83","0.38","32","12.1534"
"1084.14","0.38","32","12.1534"
"1084.45","0.38","32","12.1534"
"1084.76","0.38","32","12.1534"
"1085.08","0.38","32","12.1534"
"1085.39","0.38","32","12.0616"
"1085.7","0.37","32","11.9819"
"1086.01","0.37","32","11.9728"
"1086.33","0.37","32","11.9728"
"1086.64","0.37","32","11.9728"
"1086.95","0.37","32","11.9728"
"1087.26","0.37","32","11.9728"
"1087.58","0.37","32","11.9728"
"1087.89","0.37","32","11.7514"
"1088.2","0.36","32","11.6269"
"1088.51","0.36","32","11.6269"
"1088.83","0.36","32","11.6269"
"1089.14","0.36","32","11.6269"
"1089.45","0.36","32","11.6269"
"1089.76","0.36","31.58","11.4996"
"1090.08","0.36","29.86","10.7013"
"1090.39","0.36","28","10.0705"
"1090.7","0.36","28","10.0705"
"1091.01","0.36","28","10.0705"
"1091.33","0.36","28","10.0705"
"1091.64","0.36","28","10.0705"
"1091.95","0.36","28","10.0705"
"1092.26","0.37","26.82","10.0308"
"1092.58","0.38","26","9.9968"
"1092.89","0.38","26","9.9968"
"1093.2","0.4","25.08","9.9755"
"1093.51","0.4","25","9.9737"
"1093.83","0.4","25","9.9737"
"1094.14","0.4","25","9.9737"
"1094.45","0.4","25","9.9737"
"1094.76","0.4","25","10.0124"
"1095.08","0.41","24.42","9.995"
"1095.39","0.42","24","9.9814"
"1095.7","0.42","24","9.9814"
"1096.01","0.42","24","9.9814"
"1096.33","0.42","24","9.9921"
"1096.64","0.42","24","9.962"
"1096.95","0.4","24","9.5468"
"1097.26","0.38","24","9.1954"
"1097.58","0.38","24","9.0723"
"1097.89","0.38","24","9.0723"
"1098.2","0.38","23.18","8.9045"
"1098.51","0.39","23","8.8687"
"1098.83","0.39","23","8.8687"
"1099.14","0.38","23","8.7839"
"1099.45","0.38","22.75","8.7036"
"1099.76","0.39","22","8.5948"
"1100.08","0.39","22","8.6208"
"1100.39","0.41","22","9.0297"
"1100.7","0.4","22.34","8.8685"
"1101.01","0.38","23","8.7966"
"1101.33","0.37","23","8.5682"
"1101.64","0.37","23","8.5647"
"1101.95","0.37","23","8.4056"
"1102.26","0.37","22.71","8.3822"
"1102.58","0.38","21.93","8.3459"
"1102.89","0.4","21.62","8.604"
"1103.2","0.39","22.89","8.9348"
"1103.51","0.39","23","8.9542"
"1103.83","0.39","23.68","9.2462"
"1104.14","0.39","24","9.4542"
"1104.45","0.41","23.24","9.4147"
"1104.76","0.41","23","9.4022"
"1105.08","0.41","23","9.3649"
"1105.39","0.41","23","9.3636"
"1105.7","0.41","23","9.3636"
"1106.01","0.41","23","9.3636"
"1106.33","0.4","23.75","9.5538"
"1106.64","0.38","26.84","10.2079"
"1106.95","0.36","28.91","10.5024"
"1107.26","0.35","30","10.5357"
"1107.58","0.35","30","10.5357"
"1107.89","0.35","30","10.5357"
"1108.2","0.35","30","10.5347"
"1108.51","0.35","30","10.4971"
"1108.83","0.35","30","10.4971"
"1109.14","0.35","30","10.4971"
"1109.45","0.35","30","10.4971"
"1109.76","0.35","30","10.4971"
"1110.08","0.35","30","10.4971"
"1110.39","0.35","30","10.4971"
"1110.7","0.35","30","10.4971"
"1111.01","0.35","30","10.4971"
"1111.33","0.35","30","10.4971"
"1111.64","0.35","30","10.4971"
"1111.95","0.35","30","10.4971"
"1112.26","0.35","30","10.4929"
"1112.58","0.35","30","10.3584"
"1112.89","0.34","30","10.2144"
"1113.2","0.34","29.34","10.0216"
"1113.51","0.34","29","9.7955"
"1113.83","0.34","29","9.7222"
"1114.14","0.34","29","9.7222"
"1114.45","0.34","29","9.7222"
"1114.76","0.34","29","9.7222"
"1115.08","0.33","29.77","9.8914"
"1115.39","0.34","29","9.7342"
"1115.7","0.33","29.28","9.7747"
"1116.01","0.33","30","9.8788"
"1116.33","0.32","30","9.7248"
"1116.64","0.32","30","9.6288"
"1116.95","0.32","30","9.6253"
"1117.26","0.32","30","9.5885"
"1117.58","0.32","30","9.5885"
"1117.89","0.32","30","9.5285"
"1118.2","0.31","30","9.3326"
"1118.51","0.31","29.49","9.2626"
"1118.83","0.32","29","9.2503"
"1119.14","0.32","29","9.2503"
"1119.45","0.32","29","9.2334"
"1119.76","0.32","29","9.2118"
"1120.08","0.32","29","9.2118"
"1120.39","0.32","29","9.2118"
"1120.7","0.32","29","9.2118"
"1121.01","0.32","28.26","9.0278"
"1121.33","0.32","28","8.9952"
"1121.64","0.32","28","8.9065"
"1121.95","0.32","28","8.8935"
"1122.26","0.32","28","8.8935"
"1122.58","0.32","28","8.8935"
"1122.89","0.32","28","8.8935"
"1123.2","0.32","28.92","9.1235"
"1123.51","0.32","29","9.1681"
"1123.83","0.31","29","9.0063"
"1124.14","0.31","29","9.0743"
"1124.45","0.31","29.89","9.2818"
"1124.76","0.31","30","9.3386"
"1125.08","0.31","30","9.3386"
"1125.39","0.31","30","9.3386"
"1125.7","0.31","30","9.3386"
"1126.01","0.31","30","9.3386"
"1126.33","0.31","30","9.1926"
"1126.64","0.3","30","9.0886"
"1126.95","0.31","29.45","8.9931"
"1127.26","0.31","26.07","8.156"
"1127.58","0.31","26","8.0004"
"1127.89","0.31","26","8.0004"
"1128.2","0.3","26","7.8524"
"1128.51","0.3","26","7.8275"
"1128.83","0.3","26","7.8275"
"1129.14","0.3","26","7.8346"
"1129.45","0.31","26","8.0239"
"1129.76","0.32","26","8.2264"
"1130.08","0.31","26","8.0277"
"1130.39","0.31","26","8.1721"
"1130.7","0.31","26","8.1781"
"1131.01","0.31","26","8.1781"
"1131.33","0.32","25.51","8.1075"
"1131.64","0.32","25","8.0334"
"1131.95","0.32","25","8.0334"
"1132.26","0.31","25.51","7.8927"
"1132.58","0.3","26","7.8991"
"1132.89","0.3","26","7.8991"
"1133.2","0.3","26.73","8.0811"
"1133.51","0.3","27","8.1491"
"1133.83","0.3","27","8.1491"
"1134.14","0.3","27","8.1491"
"1134.45","0.3","27","8.1491"
"1134.76","0.31","26.1","8.1129"
"1135.08","0.31","26","8.1087"
"1135.39","0.31","26","8.1087"
"1135.7","0.31","26","8.1087"
"1136.01","0.31","26","8.1087"
"1136.33","0.31","26","8.1087"
"1136.64","0.31","26","8.1087"
"1136.95","0.31","26","8.1087"
"1137.26","0.31","26","8.1087"
"1137.58","0.3","26.71","8.1447"
"1137.89","0.3","27","8.1592"
"1138.2","0.3","27","8.1592"
"1138.51","0.3","27","7.9932"
"1138.83","0.29","27","7.8134"
"1139.14","0.29","27","7.8134"
"1139.45","0.29","27","7.8134"
"1139.76","0.29","26.94","7.8023"
"1140.08","0.3","26","7.675"
"1140.39","0.3","26","7.8134"
"1140.7","0.3","26","7.8134"
"1141.01","0.31","26.83","8.2616"
"1141.33","0.3","27.81","8.4719"
"1141.64","0.3","27.57","8.3971"
"1141.95","0.3","27","8.0091"
"1142.26","0.3","27","7.9989"
"1142.58","0.3","27","7.9665"
"1142.89","0.29","27.43","7.9998"
"1143.2","0.3","30.85","9.1149"
"1143.51","0.29","32","9.4094"
"1143.83","0.29","32","9.3114"
"1144.14","0.29","32","9.1554"
"1144.45","0.29","32","9.1234"
"1144.76","0.29","32","9.3114"
"1145.08","0.29","32","9.3114"
"1145.39","0.3","32","9.4946"
"1145.7","0.3","32","9.7061"
"1146.01","0.3","32","9.7061"
"1146.33","0.3","32","9.7061"
"1146.64","0.3","32","9.7061"
"1146.95","0.3","32","9.7061"
"1147.26","0.3","32","9.7061"
"1147.58","0.3","32","9.7061"
"1147.89","0.31","32","9.7745"
"1148.2","0.31","32","9.9097"
"1148.51","0.31","32","9.9097"
"1148.83","0.31","32","9.888"
"1149.14","0.31","32","9.8762"
"1149.45","0.31","32","9.8762"
"1149.76","0.31","32","9.8762"
"1150.08","0.31","32","9.8762"
"1150.39","0.31","31.66","9.7922"
"1150.7","0.32","31","9.7682"
"1151.01","0.32","31","9.8837"
"1151.33","0.32","31","9.9057"
"1151.64","0.32","31","10.0177"
"1151.95","0.32","31","10.0177"
"1152.26","0.32","31","10.0177"
"1152.58","0.32","31","10.0177"
"1152.89","0.32","31","10.0177"
"1153.2","0.32","31","10.0177"
"1153.51","0.32","31","10.0177"
"1153.83","0.32","31","10.0277"
"1154.14","0.34","31.11","10.4727"
"1154.45","0.38","32","12.238"
"1154.76","0.39","32","12.3344"
"1155.08","0.39","32","12.3489"
"1155.39","0.39","32","12.3489"
"1155.7","0.39","32","12.4366"
"1156.01","0.41","32","13.2637"
"1156.33","0.46","32","14.7343"
"1156.64","0.5","32","16.087"
"1156.95","0.51","32","16.1882"
"1157.26","0.51","32","16.1915"
"1157.58","0.52","32","16.6033"
"1157.89","0.52","32","16.6753"
"1158.2","0.56","32","17.8572"
"1158.51","0.56","32","17.8761"
"1158.83","0.56","32","17.8761"
"1159.14","0.55","32","17.6401"
"1159.45","0.55","32","17.6261"
"1159.76","0.55","32","17.6261"
"1160.08","0.55","32","17.6838"
"1160.39","0.56","32","17.7733"
"1160.7","0.56","32","17.7733"
"1161.01","0.56","32","17.786"
"1161.33","0.56","32","17.7981"
"1161.64","0.56","32","17.8158"
"1161.95","0.56","32","17.8555"
"1162.26","0.56","32","17.8555"
"1162.58","0.56","32","17.8555"
"1162.89","0.56","32","17.8555"
"1163.2","0.56","32","17.8555"
"1163.51","0.56","32","17.8555"
"1163.83","0.56","32","17.8555"
"1164.14","0.56","32","17.8555"
"1164.45","0.56","32","17.8555"
"1164.76","0.56","32","17.8555"
"1165.08","0.56","32","17.8555"
"1165.39","0.56","32","17.8555"
"1165.7","0.56","32","17.8555"
"1166.01","0.56","32","17.8555"
"1166.33","0.56","32","17.8342"
"1166.64","0.56","32","17.7649"
"1166.95","0.55","32","17.5669"
"1167.26","0.55","32","17.5669"
"1167.58","0.55","32","17.5669"
"1167.89","0.55","32","17.5637"
"1168.2","0.55","32","17.5169"
"1168.51","0.53","32","16.9593"
"1168.83","0.49","32","15.7919"
"1169.14","0.48","32","15.2676"
"1169.45","0.46","32","14.8228"
"1169.76","0.46","32","14.6262"
"1170.08","0.45","32","14.4882"
"1170.39","0.45","32","14.3762"
"1170.7","0.45","32","14.5017"
"1171.01","0.45","31.78","14.3754"
"1171.33","0.46","31","14.1097"
"1171.64","0.47","31","14.4251"
"1171.95","0.47","31","14.4379"
"1172.26","0.47","31","14.5046"
"1172.58","0.47","31","14.4233"
"1172.89","0.47","31","14.6084"
"1173.2","0.47","31","14.6105"
"1173.51","0.47","31","14.7118"
"1173.83","0.48","31","14.7916"
"1174.14","0.48","31","14.7916"
"1174.45","0.48","31","14.7964"
"1174.76","0.48","31","14.8054"
"1175.08","0.48","31","14.8054"
"1175.39","0.48","31","14.7913"
"1175.7","0.48","31","14.7728"
"1176.01","0.48","31","14.7728"
"1176.33","0.48","31","14.7728"
"1176.64","0.46","31","14.3488"
"1176.95","0.46","31","14.2728"
"1177.26","0.46","31","14.2728"
"1177.58","0.46","31","14.2728"
"1177.89","0.46","31","14.2728"
"1178.2","0.46","31","14.2728"
"1178.51","0.46","31","14.2728"
"1178.83","0.46","31","14.2694"
"1179.14","0.46","31","14.248"
"1179.45","0.46","31","14.248"
"1179.76","0.46","31","14.2273"
"1180.08","0.45","31","14.014"
"1180.39","0.45","31","13.9387"
"1180.7","0.45","31","13.9015"
"1181.01","0.45","31","13.8741"
"1181.33","0.45","31","13.8532"
"1181.64","0.46","30.06","13.7012"
"1181.95","0.45","30","13.5397"
"1182.26","0.44","30","13.162"
"1182.58","0.44","30","13.1143"
"1182.89","0.43","30","13.0341"
"1183.2","0.43","30","12.9414"
"1183.51","0.43","29.71","12.836"
"1183.83","0.44","29","12.6238"
"1184.14","0.43","29","12.5996"
"1184.45","0.43","29","12.56"
"1184.76","0.43","29","12.5126"
"1185.08","0.43","29","12.3383"
"1185.39","0.42","29","12.0569"
"1185.7","0.41","29","11.9757"
"1186.01","0.4","29","11.6854"
"1186.33","0.4","28.51","11.3222"
"1186.64","0.4","28","11.0972"
"1186.95","0.38","28.25","10.6519"
"1187.26","0.36","29","10.5391"
"1187.58","0.36","29","10.3773"
"1187.89","0.36","28.52","10.1479"
"1188.2","0.37","27","9.9554"
"1188.51","0.36","27","9.8088"
"1188.83","0.36","27","9.741"
"1189.14","0.36","27","9.5872"
"1189.45","0.35","26.94","9.4831"
"1189.76","0.36","26","9.3288"
"1190.08","0.36","26","9.3234"
"1190.39","0.36","26","9.3234"
"1190.7","0.35","26","9.2054"
"1191.01","0.35","26","9.0021"
"1191.33","0.34","26","8.9056"
"1191.64","0.34","26","8.9056"
"1191.95","0.34","26","8.9056"
"1192.26","0.34","26","8.9056"
"1192.58","0.34","26","8.9056"
"1192.89","0.34","26","8.9056"
"1193.2","0.34","26","8.9056"
"1193.51","0.34","26","8.9056"
"1193.83","0.34","26","8.9056"
"1194.14","0.34","26","8.9056"
"1194.45","0.35","26","9.1196"
"1194.76","0.36","26","9.3796"
"1195.08","0.36","26","9.4056"
"1195.39","0.36","26","9.4056"
"1195.7","0.36","26","9.4056"
"1196.01","0.37","26","9.6856"
"1196.33","0.39","26","10.1556"
"1196.64","0.39","26","10.1556"
"1196.95","0.39","26","10.1556"
"1197.26","0.39","26","10.139"
"1197.58","0.38","26","9.9827"
"1197.89","0.38","26","9.8803"
"1198.2","0.38","25.59","9.7392"
"1198.51","0.38","25","9.5008"
"1198.83","0.37","24.8","9.1319"
"1199.14","0.38","24","9.112"
"1199.45","0.38","24","9.112"
"1199.76","0.38","23.9","9.107"
"1200.08","0.39","23","9.06"
"1200.39","0.39","23","8.89"
"1200.7","0.38","23","8.8485"
"1201.01","0.38","23","8.7268"
"1201.33","0.37","23","8.4944"
"1201.64","0.36","23","8.3682"
"1201.95","0.36","23","8.3339"
"1202.26","0.36","23","8.3738"
"1202.58","0.38","23","8.7003"
"1202.89","0.39","22.09","8.6947"
"1203.2","0.39","22","8.6834"
"1203.51","0.4","22","8.8798"
"1203.83","0.41","22","9.0306"
"1204.14","0.4","22.67","9.1297"
"1204.45","0.42","22","9.1521"
"1204.76","0.42","22","9.1521"
"1205.08","0.42","22","9.1521"
"1205.39","0.42","22","9.1521"
"1205.7","0.41","22.09","9.1566"
"1206.01","0.4","23","9.2027"
"1206.33","0.4","23","9.2027"
"1206.64","0.4","23","9.2027"
"1206.95","0.4","23","9.2027"
"1207.26","0.4","23","9.2027"
"1207.58","0.4","23.26","9.216"
"1207.89","0.39","24","9.2532"
"1208.2","0.38","24","9.1112"
"1208.51","0.37","24.96","9.1692"
"1208.83","0.37","25","9.1894"
"1209.14","0.37","24.98","9.3099"
"1209.45","0.39","24","9.2719"
"1209.76","0.39","24","9.2719"
"1210.08","0.39","24","9.2719"
"1210.39","0.39","24","9.2719"
"1210.7","0.39","24","9.2719"
"1211.01","0.39","24","9.2719"
"1211.33","0.39","24","9.2719"
"1211.64","0.39","24","9.2719"
"1211.95","0.39","24","9.2719"
"1212.26","0.39","24","9.2719"
"1212.58","0.38","24","9.0199"
"1212.89","0.37","24","8.7719"
"1213.2","0.37","24","8.7719"
"1213.51","0.37","24","8.7719"
"1213.83","0.37","24","8.7719"
"1214.14","0.36","24","8.6239"
"1214.45","0.36","24","8.5219"
"1214.76","0.35","24","8.2953"
"1215.08","0.34","24","8.2315"
"1215.39","0.34","24","8.2315"
"1215.7","0.34","24","8.2315"
"1216.01","0.34","24","8.2315"
"1216.33","0.34","24","8.1387"
"1216.64","0.34","23.25","7.9989"
"1216.95","0.35","23","7.9893"
"1217.26","0.35","22.81","7.9611"
"1217.58","0.35","22","7.7442"
"1217.89","0.35","22","7.5958"
"1218.2","0.35","22","7.6248"
"1218.51","0.35","22","7.6248"
"1218.83","0.35","22","7.6248"
"1219.14","0.35","21.6","7.6046"
"1219.45","0.36","21","7.5742"
"1219.76","0.36","21","7.5742"
"1220.08","0.36","20.77","7.5625"
"1220.39","0.37","20","7.4898"
"1220.7","0.37","20","7.4851"
"1221.01","0.37","20","7.4851"
"1221.33","0.38","19.8","7.4505"
"1221.64","0.38","19","7.2485"
"1221.95","0.36","19","6.8222"
"1222.26","0.35","19","6.6285"
"1222.58","0.34","19","6.5053"
"1222.89","0.34","19","6.4555"
"1223.2","0.33","19","6.2868"
"1223.51","0.33","19","6.244"
"1223.83","0.33","19","6.244"
"1224.14","0.33","19","6.244"
"1224.45","0.32","19","6.046"
"1224.76","0.32","19","5.994"
"1225.08","0.32","18.93","5.9815"
"1225.39","0.32","18.22","5.8518"
"1225.7","0.3","20","6.0958"
"1226.01","0.3","20.1","6.1124"
"1226.33","0.3","20.74","6.2586"
"1226.64","0.31","21.18","6.4658"
"1226.95","0.3","22","6.6531"
"1227.26","0.3","22","6.6531"
"1227.58","0.3","22","6.6531"
"1227.89","0.3","22","6.6531"
"1228.2","0.3","22","6.6531"
"1228.51","0.3","22","6.6531"
"1228.83","0.29","22.94","6.6997"
"1229.14","0.29","23","6.72"
"1229.45","0.29","23","6.72"
"1229.76","0.29","23","6.72"
"1230.08","0.29","23","6.72"
"1230.39","0.29","23","6.72"
"1230.7","0.3","22.59","6.7067"
"1231.01","0.3","22","6.6874"
"1231.33","0.3","22","6.6874"
"1231.64","0.3","22.37","6.643"
"1231.95","0.29","23","6.6103"
"1232.26","0.29","23","6.6103"
"1232.58","0.29","23","6.6103"
"1232.89","0.29","23","6.6103"
"1233.2","0.28","23","6.5003"
"1233.51","0.28","23","6.3603"
"1233.83","0.28","23.49","6.4823"
"1234.14","0.28","24","6.6103"
"1234.45","0.28","24","6.6103"
"1234.76","0.28","23.71","6.6037"
"1235.08","0.29","23","6.5872"
"1235.39","0.29","23","6.5872"
"1235.7","0.28","23.98","6.7021"
"1236.01","0.28","24","6.7027"
"1236.33","0.28","24","6.6654"
"1236.64","0.28","24.78","6.8614"
"1236.95","0.28","25","6.9154"
"1237.26","0.28","25","6.9154"
"1237.58","0.28","25","6.9154"
"1237.89","0.27","25","6.8474"
"1238.2","0.27","25","6.6654"
"1238.51","0.27","25","6.6654"
"1238.83","0.27","25","6.6654"
"1239.14","0.27","25","6.6654"
"1239.45","0.27","25","6.6654"
"1239.76","0.27","25","6.6654"
"1240.08","0.27","25","6.6654"
"1240.39","0.27","25","6.6654"
"1240.7","0.27","25","6.6654"
"1241.01","0.27","25","6.6654"
"1241.33","0.27","24.06","6.53"
"1241.64","0.27","24","6.5207"
"1241.95","0.27","24","6.5207"
"1242.26","0.27","23.81","6.3879"
"1242.58","0.26","22.1","5.811"
"1242.89","0.26","22","5.656"
"1243.2","0.26","22","5.656"
"1243.51","0.26","22","5.656"
"1243.83","0.26","22","5.656"
"1244.14","0.26","22","5.656"
"1244.45","0.26","21.18","5.5135"
"1244.76","0.26","20.2","5.2831"
"1245.08","0.26","20","5.2331"
"1245.39","0.26","20","5.2331"
"1245.7","0.26","20","5.2331"
"1246.01","0.26","20","5.2331"
"1246.33","0.26","20","5.2547"
"1246.64","0.26","20","5.2579"
"1246.95","0.26","20","5.2579"
"1247.26","0.26","20","5.2579"
"1247.58","0.27","19.19","5.2309"
"1247.89","0.27","19","5.2244"
"1248.2","0.27","19","5.2244"
"1248.51","0.28","18.46","5.1609"
"1248.83","0.29","17.54","5.0901"
"1249.14","0.3","17","5.0487"
"1249.45","0.3","17","5.0305"
"1249.76","0.29","17","4.8866"
"1250.08","0.29","17","4.8575"
"1250.39","0.29","17","4.8575"
"1250.7","0.29","17","4.8575"
"1251.01","0.29","17","4.8575"
"1251.33","0.29","17","4.8575"
"1251.64","0.29","17","4.8575"
"1251.95","0.29","16.11","4.6355"
"1252.26","0.29","16","4.6075"
"1252.58","0.29","15.83","4.57"
"1252.89","0.3","15","4.5458"
"1253.2","0.3","15","4.5458"
"1253.51","0.31","15","4.5781"
"1253.83","0.31","14.16","4.3762"
"1254.14","0.31","14.46","4.4522"
"1254.45","0.31","15","4.5862"
"1254.76","0.31","15","4.5862"
"1255.08","0.3","15.87","4.8042"
"1255.39","0.3","15.79","4.7842"
"1255.7","0.3","15","4.5693"
"1256.01","0.29","15","4.315"
"1256.33","0.28","15.26","4.3232"
"1256.64","0.27","16","4.3516"
"1256.95","0.27","16","4.3516"
"1257.26","0.28","16","4.4383"
"1257.58","0.28","16","4.4519"
"1257.89","0.28","16","4.4519"
"1258.2","0.28","16","4.4519"
"1258.51","0.28","16","4.4519"
"1258.83","0.28","16","4.4519"
"1259.14","0.28","16","4.4519"
"1259.45","0.28","16","4.4519"
"1259.76","0.28","16","4.4519"
"1260.08","0.28","16","4.4519"
"1260.39","0.28","16","4.4519"
"1260.7","0.28","16","4.4519"
"1261.01","0.28","16","4.4519"
"1261.33","0.28","16","4.4519"
"1261.64","0.28","16","4.519"
"1261.95","0.28","16","4.5428"
"1262.26","0.28","16","4.5428"
"1262.58","0.28","16","4.5428"
"1262.89","0.28","16","4.5428"
"1263.2","0.27","17.55","4.8112"
"1263.51","0.27","18","4.8887"
"1263.83","0.27","18","4.8887"
"1264.14","0.27","18.69","5.0077"
"1264.45","0.27","19","5.0616"
"1264.76","0.27","19","5.0616"
"1265.08","0.27","19","5.0616"
"1265.39","0.27","19","5.0616"
"1265.7","0.27","19","5.0616"
"1266.01","0.27","19","5.0616"
"1266.33","0.27","19","5.0616"
"1266.64","0.27","19","5.0616"
"1266.95","0.27","19","5.0616"
"1267.26","0.27","19","5.0616"
"1267.58","0.27","19","5.0616"
"1267.89","0.27","19","5.0616"
"1268.2","0.27","19","5.0389"
"1268.51","0.27","19","5.0385"
"1268.83","0.27","19","5.0385"
"1269.14","0.26","19.56","5.0601"
"1269.45","0.25","20","5.0771"
"1269.76","0.25","20","5.0771"
"1270.08","0.25","20","5.0771"
"1270.39","0.25","20","5.0771"
"1270.7","0.25","19.66","4.9911"
"1271.01","0.25","19","4.8271"
"1271.33","0.25","19","4.8271"
"1271.64","0.25","19","4.8271"
"1271.95","0.25","19","4.8271"
"1272.26","0.25","18.07","4.5951"
"1272.58","0.25","18","4.5771"
"1272.89","0.25","18","4.561"
"1273.2","0.25","18","4.5132"
"1273.51","0.25","18","4.512"
"1273.83","0.25","18","4.4794"
"1274.14","0.25","18","4.4304"
"1274.45","0.25","18","4.4211"
"1274.76","0.25","18","4.4211"
"1275.08","0.25","18","4.4211"
"1275.39","0.25","18","4.4211"
"1275.7","0.25","18","4.4211"
"1276.01","0.25","18","4.4211"
"1276.33","0.25","18","4.4211"
"1276.64","0.25","18","4.412"
"1276.95","0.25","17.18","4.2452"
"1277.26","0.25","17","4.2147"
"1277.58","0.25","17","4.2147"
"1277.89","0.24","17.62","4.2291"
"1278.2","0.23","18.73","4.2746"
"1278.51","0.23","19","4.2884"
"1278.83","0.23","19","4.2884"
"1279.14","0.23","19","4.2884"
"1279.45","0.22","19","4.2603"
"1279.76","0.22","19","4.2498"
"1280.08","0.22","19","4.2498"
"1280.39","0.22","19","4.2498"
"1280.7","0.23","18.53","4.1682"
"1281.01","0.23","17.14","3.9274"
"1281.33","0.23","17.04","3.9108"
"1281.64","0.23","17.95","4.075"
"1281.95","0.24","17","4.0383"
"1282.26","0.24","17","4.0383"
"1282.58","0.24","17.58","4.1392"
"1282.89","0.25","18.78","4.735"
"1283.2","0.25","19","4.8377"
"1283.51","0.25","19.42","4.9097"
"1283.83","0.25","20","5.0107"
"1284.14","0.25","20","5.0107"
"1284.45","0.25","20.06","5.0188"
"1284.76","0.25","21","5.1553"
"1285.08","0.25","21","5.1553"
"1285.39","0.25","21","5.1553"
"1285.7","0.25","21","5.1553"
"1286.01","0.25","21","5.1553"
"1286.33","0.24","21","5.1275"
"1286.64","0.24","21","5.0919"
"1286.95","0.24","21","5.0919"
"1287.26","0.24","21.19","5.0964"
"1287.58","0.24","21.51","5.0962"
"1287.89","0.24","21","5.0765"
"1288.2","0.24","21","5.0765"
"1288.51","0.24","21","5.0765"
"1288.83","0.24","21","5.0765"
"1289.14","0.24","21","5.0765"
"1289.45","0.24","21","5.0765"
"1289.76","0.24","21","5.0518"
"1290.08","0.24","21","5.0379"
"1290.39","0.24","21","5.0138"
"1290.7","0.24","20.6","4.9836"
"1291.01","0.26","19","4.9102"
"1291.33","0.26","19","4.9102"
"1291.64","0.26","19","4.9283"
"1291.95","0.26","19","4.9333"
"1292.26","0.26","19","4.9333"
"1292.58","0.26","19","4.9333"
"1292.89","0.26","19","4.9333"
"1293.2","0.26","19","4.9333"
"1293.51","0.26","19","4.9333"
"1293.83","0.26","19","4.9333"
"1294.14","0.25","18.82","4.6386"
"1294.45","0.24","18","4.343"
"1294.76","0.24","18","4.2683"
"1295.08","0.24","17.06","4.0777"
"1295.39","0.24","17","4.0647"
"1295.7","0.23","16.94","3.9287"
"1296.01","0.23","16","3.7591"
"1296.33","0.24","15.35","3.6471"
"1296.64","0.24","15","3.5862"
"1296.95","0.24","15","3.5862"
"1297.26","0.24","15","3.5862"
"1297.58","0.24","15","3.5862"
"1297.89","0.22","15","3.3582"
"1298.2","0.22","15","3.3362"
"1298.51","0.22","15","3.3362"
"1298.83","0.22","14.03","3.0852"
"1299.14","0.22","14","3.0476"
"1299.45","0.22","14","3.0476"
"1299.76","0.22","14","3.0352"
"1300.08","0.21","14","2.9963"
"1300.39","0.2","14","2.857"
"1300.7","0.2","14","2.7975"
"1301.01","0.2","14","2.7975"
"1301.33","0.2","14","2.7975"
"1301.64","0.2","14","2.7975"
"1301.95","0.2","13.98","2.794"
"1302.26","0.2","13","2.6528"
"1302.58","0.21","14.68","3.0728"
"1302.89","0.21","15","3.1528"
"1303.2","0.21","15.31","3.2308"
"1303.51","0.21","16","3.4028"
"1303.83","0.21","16","3.4028"
"1304.14","0.21","16","3.381"
"1304.45","0.21","16","3.3797"
"1304.76","0.21","16","3.3797"
"1305.08","0.21","16","3.3797"
"1305.39","0.21","16","3.3797"
"1305.7","0.21","16","3.3797"
"1306.01","0.21","16","3.3476"
"1306.33","0.21","16","3.3411"
"1306.64","0.21","16","3.3411"
"1306.95","0.21","16","3.3411"
"1307.26","0.21","16","3.3411"
"1307.58","0.21","16","3.3411"
"1307.89","0.21","16","3.3411"
"1308.2","0.21","16","3.3411"
"1308.51","0.21","15.65","3.3269"
"1308.83","0.22","15","3.2917"
"1309.14","0.22","15","3.2776"
"1309.45","0.22","15","3.2776"
"1309.76","0.22","15","3.2776"
"1310.08","0.22","15","3.2776"
"1310.39","0.22","15","3.2776"
"1310.7","0.22","15","3.2776"
"1311.01","0.22","15","3.2764"
"1311.33","0.22","14.83","3.2351"
"1311.64","0.23","13.98","3.2155"
"1311.95","0.25","13","3.1928"
"1312.26","0.25","13","3.1928"
"1312.58","0.25","13","3.1928"
"1312.89","0.25","13","3.1928"
"1313.2","0.25","13","3.1928"
"1313.51","0.25","13","3.1928"
"1313.83","0.25","13","3.1928"
"1314.14","0.25","13","3.1928"
"1314.45","0.23","13","3.0281"
"1314.76","0.23","13","3.0198"
"1315.08","0.23","13","3.0198"
"1315.39","0.23","13","3.0198"
"1315.7","0.23","13","3.0198"
"1316.01","0.23","12.36","2.8598"
"1316.33","0.23","12","2.7698"
"1316.64","0.23","11.89","2.7418"
"1316.95","0.23","11","2.5198"
"1317.26","0.23","11.13","2.5785"
"1317.58","0.24","12","2.8607"
"1317.89","0.24","12","2.8478"
"1318.2","0.24","12","2.8221"
"1318.51","0.24","12","2.8221"
"1318.83","0.24","12","2.8221"
"1319.14","0.24","12","2.8221"
"1319.45","0.24","12","2.8221"
"1319.76","0.24","12","2.8221"
"1320.08","0.24","12","2.8221"
"1320.39","0.24","12","2.8221"
"1320.7","0.24","12","2.8221"
"1321.01","0.24","12","2.8221"
"1321.33","0.24","12","2.8221"
"1321.64","0.24","12","2.8221"
"1321.95","0.24","12","2.8221"
"1322.26","0.24","12","2.8221"
"1322.58","0.24","12","2.8221"
"1322.89","0.23","12.69","2.9234"
"1323.2","0.23","13.63","3.1273"
"1323.51","0.23","14","3.2193"
"1323.83","0.23","14","3.2193"
"1324.14","0.23","13.44","3.0793"
"1324.45","0.23","13","2.9693"
"1324.76","0.23","13","2.9693"
"1325.08","0.22","13.84","2.9901"
"1325.39","0.21","14","2.9941"
"1325.7","0.21","14","2.9941"
"1326.01","0.21","14","2.9941"
"1326.33","0.21","14","2.9941"
"1326.64","0.21","14","2.9941"
"1326.95","0.21","14","2.9941"
"1327.26","0.21","14","2.9941"
"1327.58","0.21","14","2.9941"
"1327.89","0.21","14","2.9941"
"1328.2","0.21","14","2.9941"
"1328.51","0.23","14.83","3.4101"
"1328.83","0.23","15","3.4941"
"1329.14","0.23","15","3.4941"
"1329.45","0.23","15","3.4941"
"1329.76","0.23","15.16","3.5341"
"1330.08","0.24","15.58","3.7227"
"1330.39","0.25","15","3.6936"
"1330.7","0.25","15","3.6936"
"1331.01","0.25","15","3.6936"
"1331.33","0.25","15","3.6936"
"1331.64","0.25","15","3.6936"
"1331.95","0.25","15","3.6936"
"1332.26","0.25","15","3.6936"
"1332.58","0.25","15","3.6936"
"1332.89","0.25","15","3.6852"
"1333.2","0.25","15","3.6853"
"1333.51","0.26","15","3.928"
"1333.83","0.26","15.49","3.9468"
"1334.14","0.25","16","3.9666"
"1334.45","0.25","16","3.9666"
"1334.76","0.25","16","3.9666"
"1335.08","0.24","16.23","3.9524"
"1335.39","0.24","17","4.0309"
"1335.7","0.24","17","4.0309"
"1336.01","0.24","17","4.0309"
"1336.33","0.23","17.39","4.0468"
"1336.64","0.23","18","4.0713"
"1336.95","0.23","18","4.0713"
"1337.26","0.23","18","4.0713"
"1337.58","0.23","18","4.0713"
"1337.89","0.23","18","4.0713"
"1338.2","0.23","18","4.0713"
"1338.51","0.23","21.07","4.7662"
"1338.83","0.23","23","5.186"
"1339.14","0.23","23","5.186"
"1339.45","0.23","23","5.186"
"1339.76","0.23","23","5.186"
"1340.08","0.22","23.23","5.1949"
"1340.39","0.21","24.94","5.2626"
"1340.7","0.21","25.5","5.3521"
"1341.01","0.22","26","5.6837"
"1341.33","0.22","29.04","6.2837"
"1341.64","0.21","30","6.4497"
"1341.95","0.21","30","6.4497"
"1342.26","0.21","30","6.4497"
"1342.58","0.21","30","6.4497"
"1342.89","0.21","30","6.4497"
"1343.2","0.21","30","6.4497"
"1343.51","0.22","30","6.4837"
"1343.83","0.22","30","6.5003"
"1344.14","0.22","30","6.5003"
"1344.45","0.22","30","6.5003"
"1344.76","0.22","30","6.5003"
"1345.08","0.22","30","6.5003"
"1345.39","0.22","30","6.5003"
"1345.7","0.22","30","6.5003"
"1346.01","0.22","30","6.5003"
"1346.33","0.22","30","6.5003"
"1346.64","0.22","30.21","6.5523"
"1346.95","0.23","31.7","7.1441"
"1347.26","0.23","32","7.4252"
"1347.58","0.24","32","7.6005"
"1347.89","0.24","32","7.7005"
"1348.2","0.25","32","7.8505"
"1348.51","0.25","32","7.8423"
"1348.83","0.24","32","7.6973"
"1349.14","0.24","32","7.5773"
"1349.45","0.24","32","7.5773"
"1349.76","0.24","32","7.5773"
"1350.08","0.23","32","7.3353"
"1350.39","0.23","32","7.3273"
"1350.7","0.23","32","7.3273"
"1351.01","0.23","32","7.3273"
"1351.33","0.23","32","7.3273"
"1351.64","0.3","32","9.4961"
"1351.95","0.31","32","9.8188"
"1352.26","0.3","32","9.7108"
"1352.58","0.3","32","9.7108"
"1352.89","0.33","32","10.4779"
"1353.2","0.34","32","10.811"
"1353.51","0.34","32","10.811"
"1353.83","0.34","32","10.811"
"1354.14","0.34","32","10.811"
"1354.45","0.34","32","10.811"
"1354.76","0.34","32","10.811"
"1355.08","0.34","32","10.811"
"1355.39","0.35","32","11.107"
"1355.7","0.35","32","11.3372"
"1356.01","0.35","32","11.3514"
"1356.33","0.35","32","11.3428"
"1356.64","0.35","32","11.3361"
"1356.95","0.35","32","11.2232"
"1357.26","0.35","32","11.1737"
"1357.58","0.35","32","11.1737"
"1357.89","0.35","32","11.1737"
"1358.2","0.35","32","11.1737"
"1358.51","0.35","32","11.1737"
"1358.83","0.35","32","11.1737"
"1359.14","0.35","32","11.1737"
"1359.45","0.35","32","11.2048"
"1359.76","0.35","32","11.1911"
"1360.08","0.35","32","11.1911"
"1360.39","0.35","32","11.17"
"1360.7","0.35","32","11.1679"
"1361.01","0.35","32","11.1679"
"1361.33","0.35","32","11.1679"
"1361.64","0.35","32","11.1679"
"1361.95","0.35","32","11.1679"
"1362.26","0.35","32","11.1679"
"1362.58","0.35","32","11.2115"
"1362.89","0.35","32","11.3151"
"1363.2","0.35","32","11.3151"
"1363.51","0.35","32","11.3151"
"1363.83","0.35","32","11.3151"
"1364.14","0.35","32","11.2881"
"1364.45","0.35","32","11.1476"
"1364.76","0.35","32","11.0471"
"1365.08","0.34","32","10.8448"
"1365.39","0.34","32","10.8377"
"1365.7","0.33","32","10.5917"
"1366.01","0.33","32","10.4237"
"1366.33","0.31","32","9.9137"
"1366.64","0.31","32","9.8114"
"1366.95","0.3","30.15","9.0995"
"1367.26","0.31","26.14","8.0227"
"1367.58","0.3","25.64","7.5956"
"1367.89","0.3","24.18","7.1863"
"1368.2","0.3","23.88","7.1087"
"1368.51","0.3","22.87","6.8838"
"1368.83","0.31","22","6.8396"
"1369.14","0.32","21.38","6.7666"
"1369.45","0.31","21","6.525"
"1369.76","0.31","21","6.525"
"1370.08","0.31","21","6.525"
"1370.39","0.31","20.41","6.4226"
"1370.7","0.32","20","6.3521"
"1371.01","0.32","20","6.3361"
"1371.33","0.29","20","5.8761"
"1371.64","0.29","20","5.8303"
"1371.95","0.29","20","5.7346"
"1372.26","0.28","20","5.6543"
"1372.58","0.28","20.74","5.7775"
"1372.89","0.28","21","5.9275"
"1373.2","0.28","21","5.8175"
"1373.51","0.27","21","5.6775"
"1373.83","0.27","21","5.6759"
"1374.14","0.26","21","5.5551"
"1374.45","0.26","20.59","5.2884"
"1374.76","0.26","20","5.1321"
"1375.08","0.25","20","5.009"
"1375.39","0.24","20","4.8872"
"1375.7","0.25","20","4.9592"
"1376.01","0.25","20","4.9592"
"1376.33","0.24","20","4.7291"
"1376.64","0.23","20","4.6844"
"1376.95","0.24","19.02","4.6376"
"1377.26","0.25","18","4.4711"
"1377.58","0.25","18","4.4711"
"1377.89","0.25","18","4.4711"
"1378.2","0.25","18","4.4711"
"1378.51","0.25","18","4.4711"
"1378.83","0.25","18","4.4421"
"1379.14","0.24","18","4.2982"
"1379.45","0.24","18","4.341"
"1379.76","0.23","18","4.1918"
"1380.08","0.23","18","4.2099"
"1380.39","0.23","18","4.2099"
"1380.7","0.23","18","4.2099"
"1381.01","0.23","18","4.2099"
"1381.33","0.23","18","4.2099"
"1381.64","0.23","18","4.2099"
"1381.95","0.23","18","4.2099"
"1382.26","0.23","18","4.2099"
"1382.58","0.23","18","4.2099"
"1382.89","0.23","18","4.1947"
"1383.2","0.23","18","4.1107"
"1383.51","0.22","17.65","3.9529"
"1383.83","0.23","16.03","3.6525"
"1384.14","0.23","16","3.6276"
"1384.45","0.23","15.21","3.5069"
"1384.76","0.22","15","3.3075"
"1385.08","0.22","15","3.3075"
"1385.39","0.23","14.15","3.2747"
"1385.7","0.23","14","3.2689"
"1386.01","0.23","14","3.2689"
"1386.33","0.23","14","3.2689"
"1386.64","0.23","14","3.2689"
"1386.95","0.23","14","3.252"
"1387.26","0.23","14","3.2458"
"1387.58","0.23","14","3.2458"
"1387.89","0.21","14","3.0098"
"1388.2","0.21","14","2.9958"
"1388.51","0.21","13.94","2.9925"
"1388.83","0.23","13","2.9264"
"1389.14","0.22","13","2.9066"
"1389.45","0.22","13.38","2.9159"
"1389.76","0.21","14","2.9314"
"1390.08","0.21","14","2.9314"
"1390.39","0.21","14","2.9314"
"1390.7","0.19","14","2.7254"
"1391.01","0.19","14","2.6814"
"1391.33","0.19","14","2.6814"
"1391.64","0.19","14","2.6814"
"1391.95","0.2","13.46","2.6607"
"1392.26","0.2","13","2.6428"
"1392.58","0.21","11.67","2.491"
"1392.89","0.24","10.06","2.4164"
"1393.2","0.24","10","2.4135"
"1393.51","0.24","10","2.4135"
"1393.83","0.24","10","2.4135"
"1394.14","0.24","10","2.4135"
"1394.45","0.24","10","2.4135"
"1394.76","0.25","10.58","2.6692"
"1395.08","0.24","12.1","2.954"
"1395.39","0.23","14.38","3.3221"
"1395.7","0.22","18.32","4.0257"
"1396.01","0.22","20.9","4.557"
"1396.33","0.22","21.1","4.727"
"1396.64","0.22","21","4.7248"
"1396.95","0.22","21","4.7248"
"1397.26","0.22","21","4.7248"
"1397.58","0.22","21","4.7248"
"1397.89","0.22","21","4.7248"
"1398.2","0.22","21","4.7248"
"1398.51","0.22","21","4.7248"
"1398.83","0.22","21","4.7248"
"1399.14","0.23","20.28","4.7081"
"1399.45","0.23","20","4.6826"
"1399.76","0.23","20","4.6785"
"1400.08","0.23","20","4.6785"
"1400.39","0.23","20","4.6785"
"1400.7","0.23","20","4.6785"
"1401.01","0.23","20","4.6785"
"1401.33","0.23","20","4.6785"
"1401.64","0.23","20","4.6785"
"1401.95","0.23","20","4.6785"
"1402.26","0.23","20","4.6785"
"1402.58","0.23","20","4.6785"
"1402.89","0.23","20","4.6785"
"1403.2","0.23","20","4.6785"
"1403.51","0.23","20","4.6785"
"1403.83","0.23","20","4.6785"
"1404.14","0.23","20","4.6785"
"1404.45","0.23","20","4.6785"
"1404.76","0.23","20","4.6785"
"1405.08","0.23","20","4.6785"
"1405.39","0.23","20","4.6785"
"1405.7","0.23","20.41","4.6886"
"1406.01","0.22","21","4.7033"
"1406.33","0.22","21","4.7033"
"1406.64","0.22","21","4.7033"
"1406.95","0.22","21","4.7033"
"1407.26","0.22","21","4.7033"
"1407.58","0.22","21","4.7033"
"1407.89","0.23","19.58","4.5991"
"1408.2","0.24","20","4.899"
"1408.51","0.24","20","4.899"
"1408.83","0.24","20","4.899"
"1409.14","0.24","20","4.899"
"1409.45","0.24","21.38","5.0663"
"1409.76","0.21","25.79","5.4348"
"1410.08","0.21","26","5.4428"
"1410.39","0.21","26","5.4428"
"1410.7","0.21","26","5.4428"
"1411.01","0.21","26","5.4428"
"1411.33","0.21","26","5.4428"
"1411.64","0.21","26","5.4428"
"1411.95","0.21","26","5.4428"
"1412.26","0.21","26","5.4428"
"1412.58","0.21","26","5.4428"
"1412.89","0.22","25.04","5.3975"
"1413.2","0.21","27.71","5.8598"
"1413.51","0.21","28","5.8964"
"1413.83","0.21","28.29","6.0052"
"1414.14","0.26","32","8.4754"
"1414.45","0.27","32","8.5487"
"1414.76","0.31","32","9.7954"
"1415.08","0.39","32","12.4763"
"1415.39","0.4","32","12.8254"
"1415.7","0.4","32","12.8254"
"1416.01","0.4","32","12.8254"
"1416.33","0.4","32","12.8254"
"1416.64","0.4","32","12.8461"
"1416.95","0.41","32","13.1964"
"1417.26","0.41","32","13.2298"
"1417.58","0.41","32","13.2298"
"1417.89","0.41","32","13.2298"
"1418.2","0.41","32","13.2284"
"1418.51","0.42","32","13.413"
"1418.83","0.43","32","13.6809"
"1419.14","0.43","32","13.8208"
"1419.45","0.43","32","13.9148"
"1419.76","0.45","32","14.2788"
"1420.08","0.45","32","14.4908"
"1420.39","0.46","32","14.5708"
"1420.7","0.46","32","14.823"
"1421.01","0.47","32","14.9768"
"1421.33","0.47","32","15.1228"
"1421.64","0.47","32","15.1228"
"1421.95","0.48","32","15.4848"
"1422.26","0.5","32","15.9688"
"1422.58","0.5","32","16.1228"
"1422.89","0.5","32","16.1228"
"1423.2","0.5","32","16.1228"
"1423.51","0.5","32","16.1228"
"1423.83","0.5","32","16.1228"
"1424.14","0.5","32","16.1433"
"1424.45","0.51","32","16.2396"
"1424.76","0.51","32","16.2396"
"1425.08","0.51","32","16.2396"
"1425.39","0.51","32","16.2296"
"1425.7","0.51","32","16.207"
"1426.01","0.5","32","16.1053"
"1426.33","0.5","32","16.0677"
"1426.64","0.5","32","16.0677"
"1426.95","0.5","32","16.0137"
"1427.26","0.5","32","16.0067"
"1427.58","0.5","32","15.9303"
"1427.89","0.49","32","15.6259"
"1428.2","0.49","32","15.6753"
"1428.51","0.52","32","16.5581"
"1428.83","0.53","32","16.8663"
"1429.14","0.53","32","16.9271"
"1429.45","0.53","32","16.9309"
"1429.76","0.53","32","16.9426"
"1430.08","0.53","32","16.9426"
"1430.39","0.53","32","16.9426"
"1430.7","0.53","32","16.9426"
"1431.01","0.53","32","16.9463"
"1431.33","0.53","32","16.9657"
"1431.64","0.53","32","16.9657"
"1431.95","0.53","32","16.9657"
"1432.26","0.53","32","16.9657"
"1432.58","0.53","32","16.9657"
"1432.89","0.53","32","16.9708"
"1433.2","0.52","32","16.7662"
"1433.51","0.52","32","16.7662"
"1433.83","0.52","32","16.7995"
"1434.14","0.52","32","16.5408"
"1434.45","0.52","32","16.5028"
"1434.76","0.52","32","16.5028"
"1435.08","0.52","32","16.5028"
"1435.39","0.51","32","16.2628"
"1435.7","0.5","32","16.0028"
"1436.01","0.5","32","16.0147"
"1436.33","0.5","32","16.0677"
"1436.64","0.5","32","16.1048"
"1436.95","0.5","32","16.1189"
"1437.26","0.5","32","16.0598"
"1437.58","0.5","32","16.0358"
"1437.89","0.5","32","15.8718"
"1438.2","0.49","32","15.7858"
"1438.51","0.49","32","15.7858"
"1438.83","0.48","32","15.4783"
"1439.14","0.47","32","14.897"
"1439.45","0.46","32","14.767"
"1439.76","0.46","32","14.7707"
"1440.08","0.46","32","14.7901"
"1440.39","0.46","32","14.7901"
"1440.7","0.46","32","14.7021"
"1441.01","0.46","32","14.692"
"1441.33","0.46","32","14.8345"
"1441.64","0.46","32","14.8345"
"1441.95","0.46","32","14.8345"
"1442.26","0.46","32","14.8105"
"1442.58","0.45","32","14.3345"
"1442.89","0.45","32","14.3345"
"1443.2","0.45","32","14.3345"
"1443.51","0.45","32","14.2945"
"1443.83","0.44","32","14.0845"
"1444.14","0.44","32","14.0845"
"1444.45","0.44","32","14.0845"
"1444.76","0.44","32","14.06"
"1445.08","0.44","32","14.0442"
"1445.39","0.44","32","14.0442"
"1445.7","0.44","32","14.0442"
"1446.01","0.44","32","14.0276"
"1446.33","0.43","32","13.8588"
"1446.64","0.42","32","13.5848"
"1446.95","0.42","32","13.4825"
"1447.26","0.42","32","13.3091"
"1447.58","0.41","32","13.2467"
"1447.89","0.41","32","12.97"
"1448.2","0.4","32","12.7293"
"1448.51","0.4","32","12.7293"
"1448.83","0.4","32","12.9413"
"1449.14","0.41","32","13.1575"
"1449.45","0.41","32","13.0846"
"1449.76","0.41","32","12.9618"
"1450.08","0.41","32","13.0811"
"1450.39","0.4","32","12.9223"
"1450.7","0.4","32","12.9016"
"1451.01","0.4","32","12.7494"
"1451.33","0.4","32","12.6761"
"1451.64","0.38","32","12.091"
"1451.95","0.36","32","11.5834"
"1452.26","0.36","32","11.5834"
"1452.58","0.36","32","11.5681"
"1452.89","0.36","32","11.4175"
"1453.2","0.36","32","11.4028"
"1453.51","0.36","32","11.4028"
"1453.83","0.36","32","11.4028"
"1454.14","0.36","32","11.4028"
"1454.45","0.36","32","11.4028"
"1454.76","0.36","32","11.4403"
"1455.08","0.36","32","11.5063"
"1455.39","0.36","32","11.5606"
"1455.7","0.36","32","11.5671"
"1456.01","0.36","32","11.5591"
"1456.33","0.35","32","11.1815"
"1456.64","0.35","32","11.1947"
"1456.95","0.34","32","11.0107"
"1457.26","0.35","32","11.1947"
"1457.58","0.35","32","11.1947"
"1457.89","0.35","32","11.0812"
"1458.2","0.35","32","11.0563"
"1458.51","0.35","32","11.2617"
"1458.83","0.35","32","11.3024"
"1459.14","0.35","32","11.3024"
"1459.45","0.35","32","11.3024"
"1459.76","0.35","32","11.3024"
"1460.08","0.35","32","11.2721"
"1460.39","0.35","32","11.1732"
"1460.7","0.34","32","11.0399"
"1461.01","0.37","32","11.6882"
"1461.33","0.37","32","11.7786"
"1461.64","0.37","32","11.7786"
"1461.95","0.36","32","11.6313"
"1462.26","0.36","32","11.49"
"1462.58","0.36","32","11.4881"
"1462.89","0.36","32","11.4918"
"1463.2","0.36","32","11.4918"
"1463.51","0.36","32","11.4918"
"1463.83","0.36","32","11.3793"
"1464.14","0.35","32","11.3359"
"1464.45","0.36","32","11.4019"
"1464.76","0.36","32","11.4412"
"1465.08","0.36","32","11.4412"
"1465.39","0.36","32","11.4412"
"1465.7","0.41","32","13.0973"
"1466.01","0.5","32","16.1143"
"1466.33","0.58","32","18.5845"
"1466.64","0.63","32","20.2596"
"1466.95","0.69","32","22.2282"
"1467.26","0.74","32","23.5241"
"1467.58","0.76","32","24.3009"
"1467.89","0.8","32","25.5085"
"1468.2","0.83","32","26.5717"
"1468.51","0.84","32","26.9851"
"1468.83","0.85","32","27.195"
"1469.14","0.86","32","27.4775"
"1469.45","0.86","32","27.4775"
"1469.76","0.86","32","27.4775"
"1470.08","0.86","32","27.4775"
"1470.39","0.87","32","27.6895"
"1470.7","0.87","32","27.7275"
"1471.01","0.87","32","27.7275"
"1471.33","0.87","32","27.8494"
"1471.64","0.87","32","27.8412"
"1471.95","0.87","32","27.8412"
"1472.26","0.87","32","27.8519"
"1472.58","0.88","32","28.0287"
"1472.89","0.88","32","28.1247"
"1473.2","0.88","32","28.1247"
"1473.51","0.88","32","28.1247"
"1473.83","0.88","32","28.1247"
"1474.14","0.88","32","28.1247"
"1474.45","0.88","32","28.1422"
"1474.76","0.88","32","28.1477"
"1475.08","0.88","32","28.1477"
"1475.39","0.88","32","28.1477"
"1475.7","0.88","32","28.1477"
"1476.01","0.88","32","28.1237"
"1476.33","0.88","32","28.1151"
"1476.64","0.88","32","28.1151"
"1476.95","0.88","32","28.0818"
"1477.26","0.87","32","27.9776"
"1477.58","0.87","32","27.9579"
"1477.89","0.87","32","27.9521"
"1478.2","0.87","32","27.8416"
"1478.51","0.85","32","27.1808"
"1478.83","0.83","32","26.5648"
"1479.14","0.8","32","25.6197"
"1479.45","0.75","32","24.0774"
"1479.76","0.7","32","22.4794"
"1480.08","0.65","32","20.7917"
"1480.39","0.63","32","20.1175"
"1480.7","0.62","32","19.8927"
"1481.01","0.61","32","19.4139"
"1481.33","0.59","32","19.0074"
"1481.64","0.59","32","18.7792"
"1481.95","0.58","31.98","18.7012"
"1482.26","0.6","31","18.7012"
"1482.58","0.6","31","18.4912"
"1482.89","0.59","31","18.3592"
"1483.2","0.58","31","17.9492"
"1483.51","0.58","31","17.9281"
"1483.83","0.58","31","17.9281"
"1484.14","0.58","31","17.9281"
"1484.45","0.58","31","17.9281"
"1484.76","0.57","31","17.77"
"1485.08","0.57","31","17.7304"
"1485.39","0.57","31","17.7304"
"1485.7","0.58","30.66","17.6444"
"1486.01","0.58","30","17.4804"
"1486.33","0.58","30","17.4557"
"1486.64","0.58","30","17.3332"
"1486.95","0.58","30","17.3332"
"1487.26","0.58","30","17.3332"
"1487.58","0.58","29.45","17.2155"
"1487.89","0.59","29","17.0292"
"1488.2","0.58","29","16.8252"
"1488.51","0.57","29","16.6088"
"1488.83","0.57","29","16.5609"
"1489.14","0.57","29","16.5372"
"1489.45","0.57","29","16.4141"
"1489.76","0.56","29","16.1892"
"1490.08","0.55","28.9","15.8251"
"1490.39","0.56","28","15.5763"
"1490.7","0.55","28","15.5266"
"1491.01","0.55","27.01","14.9576"
"1491.33","0.55","27","14.7509"
"1491.64","0.54","27","14.5848"
"1491.95","0.53","27","14.2901"
"1492.26","0.5","27","13.5699"
"1492.58","0.49","26.51","13.1226"
"1492.89","0.48","25.47","12.2995"
"1493.2","0.47","25","11.8072"
"1493.51","0.47","25","11.655"
"1493.83","0.46","25","11.4932"
"1494.14","0.46","25","11.4932"
"1494.45","0.46","25","11.4932"
"1494.76","0.46","25","11.4828"
"1495.08","0.46","25","11.4684"
"1495.39","0.46","24.7","11.3609"
"1495.7","0.47","24","11.1798"
"1496.01","0.46","24","11.0296"
"1496.33","0.45","23.13","10.4232"
"1496.64","0.45","22.76","10.1362"
"1496.95","0.45","22","9.7973"
"1497.26","0.45","22","9.8184"
"1497.58","0.45","22","9.8184"
"1497.89","0.47","22","10.2409"
"1498.2","0.48","22","10.522"
"1498.51","0.48","22","10.522"
"1498.83","0.48","22","10.54"
"1499.14","0.47","22.82","10.8047"
"1499.45","0.48","23","11.0553"
"1499.76","0.48","23.1","11.1576"
"1500.08","0.48","24","11.5622"
"1500.39","0.49","24","11.7551"
"1500.7","0.49","24.71","12.2042"
"1501.01","0.46","28.63","13.2667"
"1501.33","0.46","29","13.3995"
"1501.64","0.46","29","13.3995"
"1501.95","0.46","29","13.3995"
"1502.26","0.46","29","13.3995"
"1502.58","0.46","29","13.3995"
"1502.89","0.46","29","13.3995"
"1503.2","0.46","29","13.3995"
"1503.51","0.46","29","13.3995"
"1503.83","0.46","29","13.3881"
"1504.14","0.47","29","13.5101"
"1504.45","0.47","29","13.5723"
"1504.76","0.47","29","13.5723"
"1505.08","0.47","29","13.5723"
"1505.39","0.47","29","13.5723"
"1505.7","0.47","29","13.5723"
"1506.01","0.47","29.1","13.5862"
"1506.33","0.46","30","13.717"
"1506.64","0.46","30","13.717"
"1506.95","0.46","30","13.717"
"1507.26","0.46","30","13.717"
"1507.58","0.46","30","13.717"
"1507.89","0.46","30","13.717"
"1508.2","0.46","30","13.717"
"1508.51","0.46","30","13.717"
"1508.83","0.46","30","13.717"
"1509.14","0.46","30","13.717"
"1509.45","0.46","30","13.717"
"1509.76","0.46","30","13.717"
"1510.08","0.45","30.14","13.6892"
"1510.39","0.44","32","14.0322"
"1510.7","0.44","32","14.0322"
"1511.01","0.44","32","14.0322"
"1511.33","0.44","32","14.0448"
"1511.64","0.44","32","14.1246"
"1511.95","0.45","31.75","14.3904"
"1512.26","0.46","31","14.3824"
"1512.58","0.47","31.04","14.5342"
"1512.89","0.48","32","15.2702"
"1513.2","0.48","31.08","15.0402"
"1513.51","0.49","31","15.2282"
"1513.83","0.5","30.67","15.1882"
"1514.14","0.5","29.76","14.9334"
"1514.45","0.51","29","14.6982"
"1514.76","0.51","29","14.6982"
"1515.08","0.51","29","14.6982"
"1515.39","0.51","29","14.6982"
"1515.7","0.51","29","14.6982"
"1516.01","0.51","29","14.6982"
"1516.33","0.51","29","14.6982"
"1516.64","0.51","29","14.6982"
"1516.95","0.51","29","14.7035"
"1517.26","0.51","29","14.7348"
"1517.58","0.51","29","14.7461"
"1517.89","0.51","29","14.7461"
"1518.2","0.5","29","14.5321"
"1518.51","0.5","29","14.4961"
"1518.83","0.5","29","14.502"
"1519.14","0.51","29","14.6606"
"1519.45","0.5","29.47","14.6773"
"1519.76","0.49","30","14.6895"
"1520.08","0.49","30","14.6895"
"1520.39","0.48","30.18","14.4876"
"1520.7","0.47","31","14.5949"
"1521.01","0.47","31","14.5949"
"1521.33","0.48","30.32","14.4249"
"1521.64","0.48","30","14.3449"
"1521.95","0.47","30","14.0587"
"1522.26","0.47","29.52","13.7783"
"1522.58","0.45","29","13.1627"
"1522.89","0.45","28.79","12.85"
"1523.2","0.45","27.22","12.3644"
"1523.51","0.45","26.86","12.0354"
"1523.83","0.44","27","11.8287"
"1524.14","0.43","27","11.6927"
"1524.45","0.43","27","11.6227"
"1524.76","0.42","27","11.3873"
"1525.08","0.42","27","11.2697"
"1525.39","0.41","27","11.101"
"1525.7","0.41","27","11.0968"
"1526.01","0.41","27","11.0968"
"1526.33","0.41","27.26","11.1013"
"1526.64","0.41","27","10.9625"
"1526.95","0.4","27.38","11.0076"
"1527.26","0.39","28","11.0005"
"1527.58","0.39","27.45","10.7437"
"1527.89","0.39","27","10.6317"
"1528.2","0.39","27","10.6317"
"1528.51","0.39","27","10.4602"
"1528.83","0.39","27","10.4131"
"1529.14","0.38","27","10.2755"
"1529.45","0.37","27","10.1238"
"1529.76","0.37","27","10.0214"
"1530.08","0.37","27.69","10.149"
"1530.39","0.37","29","10.7936"
"1530.7","0.37","29.75","10.9236"
"1531.01","0.36","31","11.1395"
"1531.33","0.36","31","11.1395"
"1531.64","0.36","31","11.1395"
"1531.95","0.36","31","11.0287"
"1532.26","0.35","31","10.7423"
"1532.58","0.35","31","10.7423"
"1532.89","0.38","31","11.6849"
"1533.2","0.39","31","12.153"
"1533.51","0.4","30.68","12.2639"
"1533.83","0.4","31","12.2566"
"1534.14","0.4","31","12.2566"
"1534.45","0.4","31","12.2566"
"1534.76","0.4","31","12.2566"
"1535.08","0.4","31","12.2566"
"1535.39","0.4","31","12.2566"
"1535.7","0.4","31","12.5295"
"1536.01","0.4","31","12.5162"
"1536.33","0.4","31","12.5144"
"1536.64","0.4","31","12.5144"
"1536.95","0.41","30.56","12.4975"
"1537.26","0.42","30","12.4808"
"1537.58","0.42","30","12.5144"
"1537.89","0.42","30","12.6224"
"1538.2","0.43","30","12.7644"
"1538.51","0.43","30","12.7644"
"1538.83","0.43","30","12.7644"
"1539.14","0.43","30","12.7644"
"1539.45","0.43","30","12.7644"
"1539.76","0.43","30","12.7644"
"1540.08","0.44","29.22","12.7581"
"1540.39","0.45","29","12.9565"
"1540.7","0.45","29","12.9377"
"1541.01","0.45","29","12.9377"
"1541.33","0.45","29","12.9377"
"1541.64","0.45","29","12.9377"
"1541.95","0.45","29","12.9377"
"1542.26","0.45","29","12.9377"
"1542.58","0.45","28.99","12.9375"
"1542.89","0.46","28","12.9145"
"1543.2","0.46","28","12.7861"
"1543.51","0.45","27.87","12.471"
"1543.83","0.46","26.29","12.1279"
"1544.14","0.46","26","12.0781"
"1544.45","0.46","26","12.0781"
"1544.76","0.46","26.16","12.1181"
"1545.08","0.46","27","12.3281"
"1545.39","0.46","27","12.3281"
"1545.7","0.43","27","11.6765"
"1546.01","0.42","27","11.4234"
"1546.33","0.42","27","11.2158"
"1546.64","0.42","27","11.2365"
"1546.95","0.41","27.25","11.2426"
"1547.26","0.4","28","11.2612"
"1547.58","0.4","28","11.2603"
"1547.89","0.41","28","11.387"
"1548.2","0.41","28.54","11.6441"
"1548.51","0.4","29","11.7243"
"1548.83","0.4","29","11.6857"
"1549.14","0.4","29","11.6857"
"1549.45","0.4","29","11.5277"
"1549.76","0.39","29","11.3957"
"1550.08","0.39","29","11.1857"
"1550.39","0.38","29.62","11.2012"
"1550.7","0.37","30","11.2105"
"1551.01","0.37","30","11.209"
"1551.33","0.37","30","11.1874"
"1551.64","0.38","29.25","11.157"
"1551.95","0.39","29","11.2477"
"1552.26","0.39","29","11.2917"
"1552.58","0.39","29","11.3097"
"1552.89","0.39","29","11.3243"
"1553.2","0.39","29","11.3243"
"1553.51","0.39","29","11.3243"
"1553.83","0.39","29","11.3243"
"1554.14","0.38","29","11.1203"
"1554.45","0.37","29","10.8443"
"1554.76","0.37","29","10.8243"
"1555.08","0.37","29","10.8215"
"1555.39","0.37","29","10.7857"
"1555.7","0.37","28.34","10.5929"
"1556.01","0.37","28","10.2891"
"1556.33","0.36","28.58","10.2583"
"1556.64","0.35","29","10.2875"
"1556.95","0.35","29","10.2875"
"1557.26","0.36","28.71","10.2155"
"1557.58","0.36","28","10.0375"
"1557.89","0.36","28","10.0375"
"1558.2","0.36","28","10.0375"
"1558.51","0.36","28","10.0375"
"1558.83","0.36","28","10.0264"
"1559.14","0.36","27.22","9.8653"
"1559.45","0.36","27.7","9.8742"
"1559.76","0.35","28","9.8448"
"1560.08","0.35","28","9.8448"
"1560.39","0.35","28","9.8448"
"1560.7","0.36","27.05","9.6802"
"1561.01","0.36","26.01","9.3952"
"1561.33","0.36","26","9.326"
"1561.64","0.36","26","9.326"
"1561.95","0.36","26","9.326"
"1562.26","0.36","26","9.326"
"1562.58","0.37","25.26","9.3076"
"1562.89","0.37","25","9.3013"
"1563.2","0.37","25","9.3013"
"1563.51","0.37","25","9.3013"
"1563.83","0.37","25","9.3013"
"1564.14","0.37","25","9.3013"
"1564.45","0.37","25","9.3013"
"1564.76","0.37","25","9.3013"
"1565.08","0.37","25","9.3013"
"1565.39","0.37","25","9.3198"
"1565.7","0.38","25","9.4935"
"1566.01","0.38","25","9.5554"
"1566.33","0.38","25","9.5554"
"1566.64","0.38","25","9.5994"
"1566.95","0.4","25","10.0194"
"1567.26","0.4","25","10.0554"
"1567.58","0.4","25","10.0554"
"1567.89","0.4","25","10.0554"
"1568.2","0.4","25","10.0927"
"1568.51","0.41","24.65","10.2168"
"1568.83","0.42","24","10.1957"
"1569.14","0.42","24","10.1957"
"1569.45","0.43","24","10.3457"
"1569.76","0.44","23.46","10.3097"
"1570.08","0.44","23","10.1957"
"1570.39","0.44","23","10.1957"
"1570.7","0.44","23","10.1957"
"1571.01","0.44","23.13","10.2145"
"1571.33","0.43","24","10.3429"
"1571.64","0.43","24","10.3429"
"1571.95","0.43","24","10.3429"
"1572.26","0.43","24","10.3429"
"1572.58","0.43","24","10.3429"
"1572.89","0.43","24","10.3429"
"1573.2","0.43","24","10.3429"
"1573.51","0.43","24","10.3614"
"1573.83","0.42","24.81","10.4127"
"1574.14","0.42","25","10.4793"
"1574.45","0.42","25","10.5744"
"1574.76","0.42","25","10.5744"
"1575.08","0.42","25","10.5744"
"1575.39","0.41","25","10.3464"
"1575.7","0.41","25","10.3427"
"1576.01","0.41","25","10.363"
"1576.33","0.41","25","10.3291"
"1576.64","0.41","25","10.3227"
"1576.95","0.41","25","10.3227"
"1577.26","0.41","25","10.3227"
"1577.58","0.41","25","10.3227"
"1577.89","0.41","25.11","10.3421"
"1578.2","0.4","26","10.2976"
"1578.51","0.39","26","10.2456"
"1578.83","0.39","26","10.2456"
"1579.14","0.39","26","10.2176"
"1579.45","0.38","26","9.8696"
"1579.76","0.37","26","9.7456"
"1580.08","0.37","26","9.5616"
"1580.39","0.36","26","9.362"
"1580.7","0.36","26","9.23"
"1581.01","0.35","26","9.042"
"1581.33","0.35","26","9.042"
"1581.64","0.35","26","9.042"
"1581.95","0.35","26","9.042"
"1582.26","0.35","26","9.042"
"1582.58","0.34","26.26","9.0509"
"1582.89","0.33","27","9.031"
"1583.2","0.33","27","9.0249"
"1583.51","0.33","27","9.0249"
"1583.83","0.34","27","9.0561"
"1584.14","0.34","27","9.0755"
"1584.45","0.34","27","9.0755"
"1584.76","0.33","27","8.9315"
"1585.08","0.34","25.19","8.4657"
"1585.39","0.33","25","8.3067"
"1585.7","0.33","25","8.3067"
"1586.01","0.33","25","8.3067"
"1586.33","0.33","25","8.2817"
"1586.64","0.33","25","8.2015"
"1586.95","0.33","25","8.191"
"1587.26","0.33","25","8.191"
"1587.58","0.33","25","8.1882"
"1587.89","0.32","25","8.1246"
"1588.2","0.32","25.7","8.1297"
"1588.51","0.3","26","7.8359"
"1588.83","0.3","25.96","7.6695"
"1589.14","0.29","25","7.3512"
"1589.45","0.28","25","7.0027"
"1589.76","0.27","26.38","7.2096"
"1590.08","0.26","27.87","7.2111"
"1590.39","0.26","28","7.1997"
"1590.7","0.26","27.98","7.1987"
"1591.01","0.27","27","7.1611"
"1591.33","0.27","27","7.1611"
"1591.64","0.27","27","7.1611"
"1591.95","0.27","27.22","7.3411"
"1592.26","0.27","28","7.6611"
"1592.58","0.27","28","7.6611"
"1592.89","0.27","28","7.6611"
"1593.2","0.27","28","7.6611"
"1593.51","0.27","28","7.6611"
"1593.83","0.27","28","7.5656"
"1594.14","0.27","28","7.4881"
"1594.45","0.27","28","7.4881"
"1594.76","0.27","28","7.4881"
"1595.08","0.27","27.77","7.4804"
"1595.39","0.28","27","7.4547"
"1595.7","0.28","27","7.4547"
"1596.01","0.28","26.33","7.4288"
"1596.33","0.29","26","7.4161"
"1596.64","0.29","26","7.4153"
"1596.95","0.28","26","7.3656"
"1597.26","0.28","26","7.3656"
"1597.58","0.28","26","7.3656"
"1597.89","0.28","26","7.3656"
"1598.2","0.28","26","7.3656"
"1598.51","0.28","26","7.3656"
"1598.83","0.28","26","7.3724"
"1599.14","0.28","26","7.3887"
"1599.45","0.28","26","7.3887"
"1599.76","0.28","26","7.3887"
"1600.08","0.29","25.66","7.3644"
"1600.39","0.31","23.38","7.1874"
"1600.7","0.31","23","7.1781"
"1601.01","0.31","23","7.1339"
"1601.33","0.3","23","6.9876"
"1601.64","0.3","23","6.9666"
"1601.95","0.3","23","6.9666"
"1602.26","0.3","23","6.9666"
"1602.58","0.3","23","6.9666"
"1602.89","0.31","22.18","6.9143"
"1603.2","0.31","22","6.7533"
"1603.51","0.31","21.55","6.6758"
"1603.83","0.31","21","6.5804"
"1604.14","0.31","21","6.5804"
"1604.45","0.32","20.18","6.5486"
"1604.76","0.33","20","6.5418"
"1605.08","0.33","20","6.5418"
"1605.39","0.34","18.62","6.3771"
"1605.7","0.35","18","6.2532"
"1606.01","0.34","18","6.1547"
"1606.33","0.32","18.04","5.7729"
"1606.64","0.33","19","6.2334"
"1606.95","0.33","19.69","6.3969"
"1607.26","0.32","21.64","6.8748"
"1607.58","0.31","22.94","7.099"
"1607.89","0.31","23.42","7.2013"
"1608.2","0.3","25.41","7.6223"
"1608.51","0.3","26","7.7524"
"1608.83","0.31","26.02","7.939"
"1609.14","0.3","28.82","8.7487"
"1609.45","0.31","31.02","9.6772"
"1609.76","0.31","32","9.8377"
"1610.08","0.33","32","10.6691"
"1610.39","0.35","32","11.1832"
"1610.7","0.36","32","11.5083"
"1611.01","0.36","32","11.5224"
"1611.33","0.36","32","11.6554"
"1611.64","0.36","32","11.6554"
"1611.95","0.36","32","11.6554"
"1612.26","0.36","32","11.6554"
"1612.58","0.37","32","11.8734"
"1612.89","0.37","32","11.9054"
"1613.2","0.37","32","11.9054"
"1613.51","0.38","32","12.0334"
"1613.83","0.38","32","12.1554"
"1614.14","0.38","32","12.1554"
"1614.45","0.38","32","12.2334"
"1614.76","0.39","32","12.4204"
"1615.08","0.39","32","12.4574"
"1615.39","0.39","32","12.4574"
"1615.7","0.39","32","12.5581"
"1616.01","0.39","32","12.6073"
"1616.33","0.4","32","12.6589"
"1616.64","0.4","32","12.6793"
"1616.95","0.4","32","12.6937"
"1617.26","0.4","32","12.7118"
"1617.58","0.4","32","12.8018"
"1617.89","0.41","32","12.9618"
"1618.2","0.41","32","12.9618"
"1618.51","0.42","32","13.4738"
"1618.83","0.43","32","13.7118"
"1619.14","0.43","32","13.7248"
"1619.45","0.43","32","13.7349"
"1619.76","0.43","32","13.7349"
"1620.08","0.43","32","13.723"
"1620.39","0.43","32","13.7349"
"1620.7","0.43","32","13.6201"
"1621.01","0.42","32","13.3019"
"1621.33","0.41","32","13.0031"
"1621.64","0.4","32","12.8702"
"1621.95","0.39","32","12.4718"
"1622.26","0.38","32","12.0512"
"1622.58","0.37","32","11.7949"
"1622.89","0.38","32","12.0361"
"1623.2","0.38","32","12.0191"
"1623.51","0.38","31.78","12.1306"
"1623.83","0.39","31","11.9905"
"1624.14","0.39","31","11.9728"
"1624.45","0.39","31","11.9728"
"1624.76","0.39","31","11.9728"
"1625.08","0.39","31","11.9728"
"1625.39","0.39","31","11.9728"
"1625.7","0.39","31","11.9728"
"1626.01","0.39","31","11.9728"
"1626.33","0.39","31","11.9728"
"1626.64","0.39","31","11.9728"
"1626.95","0.39","31","11.9728"
"1627.26","0.39","31","11.9728"
"1627.58","0.39","31","11.9728"
"1627.89","0.39","31","11.9728"
"1628.2","0.39","30.59","11.9515"
"1628.51","0.4","30","11.8962"
"1628.83","0.4","30","11.8804"
"1629.14","0.4","30","11.8804"
"1629.45","0.39","30","11.7304"
"1629.76","0.39","29.26","11.5239"
"1630.08","0.39","29","11.3877"
"1630.39","0.39","28.95","11.2346"
"1630.7","0.4","28","11.1952"
"1631.01","0.4","27.14","10.9328"
"1631.33","0.4","27","10.889"
"1631.64","0.4","26.47","10.7193"
"1631.95","0.4","26","10.405"
"1632.26","0.4","26","10.3471"
"1632.58","0.4","26","10.3109"
"1632.89","0.39","26","10.0585"
"1633.2","0.39","25.91","10.0718"
"1633.51","0.38","25","9.6213"
"1633.83","0.38","24.58","9.3698"
"1634.14","0.39","24","9.3469"
"1634.45","0.39","24","9.3469"
"1634.76","0.39","23.23","9.0813"
"1635.08","0.4","22.42","8.914"
"1635.39","0.38","23","8.7527"
"1635.7","0.38","23","8.7413"
"1636.01","0.37","23","8.516"
"1636.33","0.35","23","8.0725"
"1636.64","0.34","23","7.8109"
"1636.95","0.35","23.38","8.1837"
"1637.26","0.33","29.66","9.8914"
"1637.58","0.37","32","11.7934"
"1637.89","0.42","32","13.4016"
"1638.2","0.47","32","15.0563"
"1638.51","0.49","32","15.801"
"1638.83","0.51","32","16.3461"
"1639.14","0.52","32","16.647"
"1639.45","0.52","32","16.647"
"1639.76","0.52","32","16.647"
"1640.08","0.52","32","16.7135"
"1640.39","0.52","32","16.7277"
"1640.7","0.52","32","16.7277"
"1641.01","0.52","32","16.7277"
"1641.33","0.53","32","16.9557"
"1641.64","0.54","32","17.2488"
"1641.95","0.54","32","17.2488"
"1642.26","0.54","32","17.3142"
"1642.58","0.55","32","17.5219"
"1642.89","0.55","32","17.5219"
"1643.2","0.55","32","17.5219"
"1643.51","0.55","32","17.5219"
"1643.83","0.55","32","17.5219"
"1644.14","0.55","32","17.5219"
"1644.45","0.55","32","17.5219"
"1644.76","0.55","32","17.5219"
"1645.08","0.55","32","17.5219"
"1645.39","0.55","32","17.5219"
"1645.7","0.55","32","17.5219"
"1646.01","0.55","32","17.5219"
"1646.33","0.55","32","17.5219"
"1646.64","0.55","32","17.5219"
"1646.95","0.55","32","17.5078"
"1647.26","0.55","32","17.4971"
"1647.58","0.55","32","17.4971"
"1647.89","0.55","32","17.4971"
"1648.2","0.55","32","17.4971"
"1648.51","0.55","32","17.4971"
"1648.83","0.55","32","17.4971"
"1649.14","0.55","32","17.4971"
"1649.45","0.55","32","17.4888"
"1649.76","0.54","32","17.3921"
"1650.08","0.52","32","16.7239"
"1650.39","0.5","32","15.9705"
"1650.7","0.49","31.94","15.5538"
"1651.01","0.48","31","14.8914"
"1651.33","0.46","31","14.2627"
"1651.64","0.44","30.38","13.4205"
"1651.95","0.42","30","12.7366"
"1652.26","0.4","30","12.1112"
"1652.58","0.39","30","11.5967"
"1652.89","0.39","29.18","11.3888"
"1653.2","0.39","29","11.3428"
"1653.51","0.39","29","11.2204"
"1653.83","0.38","29","11.1568"
"1654.14","0.38","29","10.9487"
"1654.45","0.37","29","10.758"
"1654.76","0.37","29","10.6417"
"1655.08","0.37","29","10.6537"
"1655.39","0.37","29","10.6537"
"1655.7","0.37","29","10.6537"
"1656.01","0.37","29","10.6537"
"1656.33","0.37","29","10.6537"
"1656.64","0.37","29","10.6537"
"1656.95","0.38","29","10.9293"
"1657.26","0.38","29","11.0248"
"1657.58","0.37","29.14","10.9067"
"1657.89","0.37","30","10.95"
"1658.2","0.37","30","10.9647"
"1658.51","0.37","30","10.9647"
"1658.83","0.37","30","10.9647"
"1659.14","0.37","30","10.9647"
"1659.45","0.37","30","10.9647"
"1659.76","0.37","30","10.9647"
"1660.08","0.37","30","10.9647"
"1660.39","0.37","30","10.9647"
"1660.7","0.36","30","10.834"
"1661.01","0.36","30","10.8002"
"1661.33","0.36","30","10.7415"
"1661.64","0.36","30","10.7403"
"1661.95","0.36","29.21","10.5423"
"1662.26","0.36","28.2","10.2903"
"1662.58","0.36","28","10.1171"
"1662.89","0.36","28","10.0673"
"1663.2","0.36","27.56","9.817"
"1663.51","0.35","27","9.3551"
"1663.83","0.35","27.04","9.421"
"1664.14","0.34","28","9.5623"
"1664.45","0.34","28","9.5623"
"1664.76","0.34","28","9.5583"
"1665.08","0.34","28","9.5375"
"1665.39","0.34","28.14","9.541"
"1665.7","0.33","29","9.5623"
"1666.01","0.33","29","9.5623"
"1666.33","0.31","29.97","9.3451"
"1666.64","0.3","30","8.9231"
"1666.95","0.28","30","8.5412"
"1667.26","0.29","29.46","8.4983"
"1667.58","0.29","29","8.4878"
"1667.89","0.29","29","8.4878"
"1668.2","0.29","29","8.4878"
"1668.51","0.29","29","8.4878"
"1668.83","0.29","29","8.4878"
"1669.14","0.29","29","8.4878"
"1669.45","0.29","29","8.3619"
"1669.76","0.29","29","8.3148"
"1670.08","0.29","29","8.3148"
"1670.39","0.29","29","8.3148"
"1670.7","0.29","29","8.3148"
"1671.01","0.29","29","8.3148"
"1671.33","0.29","29","8.2791"
"1671.64","0.29","29","8.2891"
"1671.95","0.29","29","8.2891"
"1672.26","0.29","29","8.2891"
"1672.58","0.29","28.83","8.2471"
"1672.89","0.29","28","8.0391"
"1673.2","0.27","28","7.5227"
"1673.51","0.26","28","7.3662"
"1673.83","0.26","27.83","7.3242"
"1674.14","0.26","26.15","6.8739"
"1674.45","0.26","25.5","6.7547"
"1674.76","0.27","25","6.6829"
"1675.08","0.27","25","6.6829"
"1675.39","0.27","25","6.6829"
"1675.7","0.27","25","6.6829"
"1676.01","0.27","24.17","6.539"
"1676.33","0.27","23.9","6.5076"
"1676.64","0.27","23","6.3068"
"1676.95","0.27","23","6.0999"
"1677.26","0.26","23.42","6.0849"
"1677.58","0.25","24.9","6.2832"
"1677.89","0.26","25","6.4533"
"1678.2","0.26","25","6.4372"
"1678.51","0.26","25","6.4372"
"1678.83","0.26","24.38","6.4219"
"1679.14","0.27","23.92","6.4092"
"1679.45","0.28","23","6.3721"
"1679.76","0.28","23","6.3721"
"1680.08","0.28","23","6.3721"
"1680.39","0.28","23","6.3721"
"1680.7","0.28","23","6.3721"
"1681.01","0.28","23","6.3721"
"1681.33","0.27","23","6.2861"
"1681.64","0.27","23","6.2249"
"1681.95","0.27","23","6.2249"
"1682.26","0.27","23","6.2049"
"1682.58","0.27","23","6.2018"
"1682.89","0.27","23","6.2018"
"1683.2","0.27","23","6.2018"
"1683.51","0.27","23","6.2018"
"1683.83","0.27","23","6.2018"
"1684.14","0.27","23","6.1806"
"1684.45","0.26","23","6.0546"
"1684.76","0.26","23","6.0546"
"1685.08","0.26","22.61","5.9566"
"1685.39","0.26","22","5.8046"
"1685.7","0.26","22","5.8046"
"1686.01","0.27","21.84","5.801"
"1686.33","0.28","21","5.8023"
"1686.64","0.27","21","5.7677"
"1686.95","0.27","22.14","5.9642"
"1687.26","0.28","21.85","6.0691"
"1687.58","0.29","20","5.8892"
"1687.89","0.29","20","5.8892"
"1688.2","0.29","20","5.8892"
"1688.51","0.29","20","5.8892"
"1688.83","0.29","20","5.8892"
"1689.14","0.29","20","5.8892"
"1689.45","0.3","19.59","5.8686"
"1689.76","0.31","19","5.8387"
"1690.08","0.31","19","5.8387"
"1690.39","0.31","18.54","5.8208"
"1690.7","0.32","18","5.8001"
"1691.01","0.32","17.94","5.82"
"1691.33","0.34","17","5.7669"
"1691.64","0.34","17","5.7012"
"1691.95","0.32","17","5.4712"
"1692.26","0.32","17","5.4712"
"1692.58","0.32","17","5.4712"
"1692.89","0.32","17","5.4712"
"1693.2","0.32","17","5.4712"
"1693.51","0.32","17","5.4712"
"1693.83","0.32","17","5.4712"
"1694.14","0.32","17","5.4712"
"1694.45","0.32","17","5.4712"
"1694.76","0.32","17","5.4712"
"1695.08","0.32","17.14","5.5052"
"1695.39","0.32","18","5.7212"
"1695.7","0.32","18","5.7212"
"1696.01","0.32","18","5.7212"
"1696.33","0.32","18","5.7212"
"1696.64","0.32","18","5.7212"
"1696.95","0.32","18","5.7212"
"1697.26","0.32","18","5.7212"
"1697.58","0.32","17.22","5.5871"
"1697.89","0.32","17","5.4902"
"1698.2","0.32","17","5.3754"
"1698.51","0.32","17","5.3754"
"1698.83","0.32","17","5.3754"
"1699.14","0.32","17","5.3754"
"1699.45","0.29","19.34","5.6653"
"1699.76","0.28","20.83","5.7891"
"1700.08","0.28","22.2","6.1957"
"1700.39","0.27","29.74","8.1806"
"1700.7","0.31","32","9.9203"
"1701.01","0.36","32","11.4261"
"1701.33","0.37","32","11.8626"
"1701.64","0.39","32","12.6332"
"1701.95","0.4","32","12.72"
"1702.26","0.4","32","12.72"
"1702.58","0.4","32","12.72"
"1702.89","0.4","32","12.72"
"1703.2","0.4","32","12.72"
"1703.51","0.4","32","12.72"
"1703.83","0.4","32","12.72"
"1704.14","0.4","32","12.72"
"1704.45","0.4","32","12.72"
"1704.76","0.4","32","12.72"
"1705.08","0.4","32","12.72"
"1705.39","0.4","32","12.72"
"1705.7","0.4","32","12.72"
"1706.01","0.4","32","12.72"
"1706.33","0.4","32","12.72"
"1706.64","0.4","32","12.72"
"1706.95","0.4","32","12.72"
"1707.26","0.4","32","12.72"
"1707.58","0.4","32","12.72"
"1707.89","0.4","32","12.72"
"1708.2","0.4","32","12.72"
"1708.51","0.4","32","12.72"
"1708.83","0.4","32","12.72"
"1709.14","0.4","32","12.72"
"1709.45","0.4","32","12.72"
"1709.76","0.4","32","12.72"
"1710.08","0.4","32","12.72"
"1710.39","0.4","32","12.72"
"1710.7","0.4","32","12.682"
"1711.01","0.39","32","12.47"
"1711.33","0.39","32","12.47"
"1711.64","0.39","32","12.47"
"1711.95","0.39","32","12.453"
"1712.26","0.39","32","12.4314"
"1712.58","0.38","32","12.2515"
"1712.89","0.38","32","12.1301"
"1713.2","0.35","32","11.1963"
"1713.51","0.33","32","10.4571"
"1713.83","0.32","32","10.1191"
"1714.14","0.32","30.21","9.551"
"1714.45","0.31","26.16","8.2268"
"1714.76","0.31","26","8.001"
"1715.08","0.31","25.29","7.8778"
"1715.39","0.31","24.6","7.6308"
"1715.7","0.32","23.88","7.5521"
"1716.01","0.32","23","7.4266"
"1716.33","0.33","23","7.5325"
"1716.64","0.33","23","7.6388"
"1716.95","0.33","23","7.6209"
"1717.26","0.32","23","7.4352"
"1717.58","0.34","23.56","8.1215"
"1717.89","0.35","25.75","9.0545"
"1718.2","0.35","26","9.0974"
"1718.51","0.35","26","9.0974"
"1718.83","0.35","26","9.0974"
"1719.14","0.35","26","9.0974"
"1719.45","0.35","26","9.0974"
"1719.76","0.35","26","9.0974"
"1720.08","0.35","26","9.0974"
"1720.39","0.35","26","9.0974"
"1720.7","0.35","26","9.0974"
"1721.01","0.35","26","9.0974"
"1721.33","0.35","26","9.0974"
"1721.64","0.35","26","9.0974"
"1721.95","0.35","26","9.0435"
"1722.26","0.34","26","8.8705"
"1722.58","0.34","26","8.8705"
"1722.89","0.35","26","9.0345"
"1723.2","0.35","26","9.1205"
"1723.51","0.35","26","9.1205"
"1723.83","0.35","26","9.1205"
"1724.14","0.35","26","9.1205"
"1724.45","0.35","26","9.1205"
"1724.76","0.35","26","9.1205"
"1725.08","0.35","26","9.1205"
"1725.39","0.35","26","9.1205"
"1725.7","0.35","26","9.1205"
"1726.01","0.35","26","9.1205"
"1726.33","0.35","26","9.1545"
"1726.64","0.36","26","9.3705"
"1726.95","0.36","26","9.3705"
"1727.26","0.36","26","9.3705"
"1727.58","0.36","26","9.3705"
"1727.89","0.36","26","9.3705"
"1728.2","0.36","26","9.3705"
"1728.51","0.36","25.52","9.2875"
"1728.83","0.37","25","9.1976"
"1729.14","0.37","25","9.1976"
"1729.45","0.37","25","9.1976"
"1729.76","0.37","25","9.1852"
"1730.08","0.36","25","9.0945"
"1730.39","0.36","24.71","8.9356"
"1730.7","0.36","23","8.2764"
"1731.01","0.35","23","8.033"
"1731.33","0.35","23","8.0387"
"1731.64","0.35","23","8.0387"
"1731.95","0.35","23.79","8.2367"
"1732.26","0.34","24","8.2603"
"1732.58","0.34","24","8.2501"
"1732.89","0.33","24.56","8.0651"
"1733.2","0.32","24.18","7.8458"
"1733.51","0.33","24","7.8269"
"1733.83","0.33","24","7.8032"
"1734.14","0.33","24","7.8032"
"1734.45","0.33","24","7.8205"
"1734.76","0.33","24","7.984"
"1735.08","0.33","24","7.9882"
"1735.39","0.33","24.14","8.0242"
"1735.7","0.33","25","8.2382"
"1736.01","0.33","25","8.2382"
"1736.33","0.33","25","8.2382"
"1736.64","0.33","25","8.2382"
"1736.95","0.34","24.18","8.2191"
"1737.26","0.34","24","8.215"
"1737.58","0.34","24","8.215"
"1737.89","0.34","24","8.215"
"1738.2","0.34","24","8.1832"
"1738.51","0.34","24","8.0421"
"1738.83","0.34","24","8.0421"
"1739.14","0.32","25.18","8.0781"
"1739.45","0.31","26","8.1038"
"1739.76","0.31","26","8.1038"
"1740.08","0.31","26","8.1038"
"1740.39","0.31","26","8.1038"
"1740.7","0.31","26.09","8.1294"
"1741.01","0.3","27.19","8.1833"
"1741.33","0.29","28.33","8.2627"
"1741.64","0.29","29","8.3616"
"1741.95","0.29","29","8.3616"
"1742.26","0.3","29","8.6494"
"1742.58","0.3","29","8.7075"
"1742.89","0.3","29","8.7075"
"1743.2","0.3","29","8.7075"
"1743.51","0.3","29","8.7075"
"1743.83","0.3","29","8.7864"
"1744.14","0.31","29","8.8804"
"1744.45","0.31","29","8.8804"
"1744.76","0.31","29","8.8804"
"1745.08","0.31","29","8.8804"
"1745.39","0.31","29","8.8804"
"1745.7","0.31","28.14","8.8372"
"1746.01","0.32","28","8.8299"
"1746.33","0.32","28","8.8299"
"1746.64","0.32","28","8.8299"
"1746.95","0.32","28","9.0679"
"1747.26","0.32","28","9.0706"
"1747.58","0.32","28","8.9353"
"1747.89","0.32","28","8.9346"
"1748.2","0.32","28.09","8.8995"
"1748.51","0.31","29","8.9469"
"1748.83","0.31","29","8.9469"
"1749.14","0.31","28.66","8.8629"
"1749.45","0.31","28","8.6969"
"1749.76","0.31","28","8.6969"
"1750.08","0.31","28","8.7323"
"1750.39","0.31","28","8.7489"
"1750.7","0.31","28","8.7489"
"1751.01","0.31","28","8.7489"
"1751.33","0.31","28","8.7489"
"1751.64","0.31","28","8.7489"
"1751.95","0.31","28","8.7489"
"1752.26","0.31","28","8.7489"
"1752.58","0.31","28","8.7489"
"1752.89","0.31","28","8.7699"
"1753.2","0.31","28","8.7737"
"1753.51","0.32","27.2","8.7428"
"1753.83","0.33","25.06","8.3523"
"1754.14","0.33","24.66","8.2216"
"1754.45","0.32","24.59","7.9583"
"1754.76","0.33","24.99","8.3586"
"1755.08","0.33","25","8.1952"
"1755.39","0.32","25","8.0984"
"1755.7","0.32","25","7.9307"
"1756.01","0.31","25.29","7.8387"
"1756.33","0.31","26","8.0827"
"1756.64","0.32","26.8","8.5986"
"1756.95","0.32","28","9.0117"
"1757.26","0.32","30.88","9.8258"
"1757.58","0.31","32","10.076"
"1757.89","0.31","32","10.076"
"1758.2","0.32","32","10.218"
"1758.51","0.33","32","10.4109"
"1758.83","0.33","32","10.5478"
"1759.14","0.33","32","10.5478"
"1759.45","0.33","32","10.7139"
"1759.76","0.34","32","11.0093"
"1760.08","0.35","32","11.1153"
"1760.39","0.35","32","11.2921"
"1760.7","0.35","32","11.2979"
"1761.01","0.35","32","11.2979"
"1761.33","0.35","32","11.3328"
"1761.64","0.36","32","11.4743"
"1761.95","0.36","32","11.4867"
"1762.26","0.36","32","11.5301"
"1762.58","0.36","32","11.5638"
"1762.89","0.36","32","11.5596"
"1763.2","0.36","32","11.6536"
"1763.51","0.37","32","11.8123"
"1763.83","0.37","32","11.8257"
"1764.14","0.37","32","11.8628"
"1764.45","0.37","32","11.8628"
"1764.76","0.37","32","11.8628"
"1765.08","0.37","32","11.8628"
"1765.39","0.37","32","11.8854"
"1765.7","0.37","32","11.886"
"1766.01","0.37","32","11.886"
"1766.33","0.37","32","11.8921"
"1766.64","0.37","32","11.9091"
"1766.95","0.37","32","11.9091"
"1767.26","0.37","32","11.9091"
"1767.58","0.37","32","11.907"
"1767.89","0.37","32","11.8571"
"1768.2","0.37","32","11.8335"
"1768.51","0.37","32","11.8571"
"1768.83","0.37","32","11.8571"
"1769.14","0.37","32","11.8571"
"1769.45","0.39","32","12.4591"
"1769.76","0.42","32","13.3483"
"1770.08","0.43","32","13.83"
"1770.39","0.47","32","14.9125"
"1770.7","0.47","32","15.1488"
"1771.01","0.47","32","15.1488"
"1771.33","0.48","32","15.3708"
"1771.64","0.49","32","15.6371"
"1771.95","0.52","32","16.6733"
"1772.26","0.55","32","17.4999"
"1772.58","0.55","32","17.5834"
"1772.89","0.55","32","17.5673"
"1773.2","0.55","32","17.5673"
"1773.51","0.55","32","17.5956"
"1773.83","0.55","32","17.742"
"1774.14","0.55","32","17.7244"
"1774.45","0.55","32","17.7104"
"1774.76","0.55","32","17.6975"
"1775.08","0.55","32","17.6975"
"1775.39","0.55","32","17.6975"
"1775.7","0.55","32","17.7574"
"1776.01","0.56","32","17.7747"
"1776.33","0.56","32","17.7645"
"1776.64","0.55","32","17.6801"
"1776.95","0.55","32","17.4741"
"1777.26","0.55","32","17.5144"
"1777.58","0.55","32","17.5964"
"1777.89","0.55","32","17.6044"
"1778.2","0.55","32","17.6044"
"1778.51","0.55","32","17.6044"
"1778.83","0.55","32","17.6044"
"1779.14","0.55","32","17.6044"
"1779.45","0.55","32","17.6044"
"1779.76","0.55","32","17.6044"
"1780.08","0.55","32","17.7421"
"1780.39","0.55","32","17.6104"
"1780.7","0.55","32","17.6069"
"1781.01","0.55","32","17.6069"
"1781.33","0.55","32","17.6308"
"1781.64","0.56","32","17.8339"
"1781.95","0.56","32","17.8661"
"1782.26","0.56","32","17.9698"
"1782.58","0.55","32","17.6686"
"1782.89","0.54","32","17.3174"
"1783.2","0.53","32","17.0437"
"1783.51","0.52","32","16.5302"
"1783.83","0.5","32","16.0148"
"1784.14","0.5","32","15.9871"
"1784.45","0.5","32","15.9719"
"1784.76","0.48","32","15.4441"
"1785.08","0.46","32","14.8091"
"1785.39","0.46","32","14.8016"
"1785.7","0.48","30.9","14.7087"
"1786.01","0.47","30","14.1622"
"1786.33","0.47","30","14.1746"
"1786.64","0.5","30.61","15.1852"
"1786.95","0.5","32","15.9117"
"1787.26","0.52","32","16.5433"
"1787.58","0.53","32","16.9423"
"1787.89","0.55","32","17.6606"
"1788.2","0.55","32","17.6532"
"1788.51","0.57","32","18.2503"
"1788.83","0.62","32","19.7097"
"1789.14","0.62","32","19.9073"
"1789.45","0.63","32","20.0244"
"1789.76","0.63","32","20.2136"
"1790.08","0.64","32","20.3974"
"1790.39","0.64","32","20.519"
"1790.7","0.64","32","20.519"
"1791.01","0.65","32","20.9032"
"1791.33","0.66","32","21.1415"
"1791.64","0.66","32","21.0826"
"1791.95","0.66","32","20.9731"
"1792.26","0.65","32","20.8788"
"1792.58","0.65","32","20.8788"
"1792.89","0.65","32","20.8788"
"1793.2","0.65","32","20.8788"
"1793.51","0.65","32","20.8788"
"1793.83","0.65","32","20.8788"
"1794.14","0.65","32","20.8788"
"1794.45","0.65","32","20.8896"
"1794.76","0.65","32","20.9174"
"1795.08","0.65","32","20.9174"
"1795.39","0.65","32","20.8915"
"1795.7","0.65","32","20.7702"
"1796.01","0.65","32","20.7714"
"1796.33","0.65","32","20.8301"
"1796.64","0.65","32","20.8474"
"1796.95","0.65","32","20.8823"
"1797.26","0.65","32","20.9541"
"1797.58","0.65","32","20.8274"
"1797.89","0.65","32","20.7522"
"1798.2","0.65","32","20.7508"
"1798.51","0.65","32","20.7056"
"1798.83","0.65","32","20.7003"
"1799.14","0.65","32","20.7003"
"1799.45","0.65","32","20.6796"
"1799.76","0.64","32","20.4831"
"1800.08","0.64","32","20.3948"
"1800.39","0.63","32","20.058"
"1800.7","0.6","32","19.3243"
"1801.01","0.58","32","18.4532"
"1801.33","0.56","32","17.9454"
"1801.64","0.55","31.25","17.1566"
"1801.95","0.54","31","16.684"
"1802.26","0.5","31","15.6151"
"1802.58","0.5","31","15.3703"
"1802.89","0.49","31","15.1794"
"1803.2","0.49","31","15.0787"
"1803.51","0.49","31","15.0676"
"1803.83","0.48","31","14.9057"
"1804.14","0.48","31","14.9057"
"1804.45","0.48","31","14.8249"
"1804.76","0.47","31","14.5668"
"1805.08","0.47","31","14.4475"
"1805.39","0.46","31","14.304"
"1805.7","0.46","31","14.266"
"1806.01","0.45","31","14.014"
"1806.33","0.44","31","13.7883"
"1806.64","0.44","31","13.7809"
"1806.95","0.44","31","13.666"
"1807.26","0.44","31","13.6079"
"1807.58","0.44","31","13.5953"
"1807.89","0.43","31","13.3718"
"1808.2","0.42","31","13.0392"
"1808.51","0.42","31","12.9152"
"1808.83","0.41","31","12.6632"
"1809.14","0.39","31","12.0933"
"1809.45","0.37","31","11.5985"
"1809.76","0.37","31","11.5494"
"1810.08","0.36","31","11.1954"
"1810.39","0.36","31","11.0378"
"1810.7","0.34","31","10.6924"
"1811.01","0.33","30.62","10.0249"
"1811.33","0.32","30","9.5614"
"1811.64","0.31","30","9.1932"
"1811.95","0.3","30","9.1135"
"1812.26","0.3","30","8.907"
"1812.58","0.29","30","8.6248"
"1812.89","0.28","30","8.3547"
"1813.2","0.27","30","8.06"
"1813.51","0.25","30","7.3806"
"1813.83","0.24","30","7.2573"
"1814.14","0.23","29.89","6.9335"
"1814.45","0.23","27.61","6.3837"
"1814.76","0.22","27","6.0505"
"1815.08","0.22","27","6.0117"
"1815.39","0.22","27","6.0117"
"1815.7","0.22","26.69","5.8171"
"1816.01","0.22","26","5.6012"
"1816.33","0.21","25.96","5.4318"
"1816.64","0.22","25","5.4096"
"1816.95","0.21","25","5.2505"
"1817.26","0.21","25","5.2367"
"1817.58","0.21","24.86","5.2314"
"1817.89","0.22","24","5.1981"
"1818.2","0.22","23.02","5.1601"
"1818.51","0.23","22.49","5.0709"
"1818.83","0.23","22","4.9865"
"1819.14","0.23","22","4.9865"
"1819.45","0.22","21.66","4.8343"
"1819.76","0.22","20.33","4.5206"
"1820.08","0.22","20","4.4291"
"1820.39","0.22","20","4.4291"
"1820.7","0.22","20","4.4291"
"1821.01","0.22","20","4.4291"
"1821.33","0.22","20","4.402"
"1821.64","0.21","20","4.2429"
"1821.95","0.21","20","4.1945"
"1822.26","0.21","20","4.1945"
"1822.58","0.21","20","4.1945"
"1822.89","0.21","20","4.1808"
"1823.2","0.21","20","4.1713"
"1823.51","0.21","20","4.1713"
"1823.83","0.21","19.58","4.098"
"1824.14","0.21","18.66","3.9854"
"1824.45","0.22","18","3.9598"
"1824.76","0.22","18","3.9598"
"1825.08","0.22","18","3.9598"
"1825.39","0.22","18","3.9598"
"1825.7","0.22","18","3.907"
"1826.01","0.22","18","3.9061"
"1826.33","0.22","18","3.9061"
"1826.64","0.22","18","3.9061"
"1826.95","0.22","18","3.9061"
"1827.26","0.22","18","3.8901"
"1827.58","0.21","18","3.8675"
"1827.89","0.21","18","3.8675"
"1828.2","0.21","18","3.7084"
"1828.51","0.21","18","3.6946"
"1828.83","0.21","18","3.6946"
"1829.14","0.21","18","3.6946"
"1829.45","0.21","18","3.6946"
"1829.76","0.21","18","3.6946"
"1830.08","0.21","18","3.6946"
"1830.39","0.21","18","3.6946"
"1830.7","0.21","18","3.6946"
"1831.01","0.2","18","3.6637"
"1831.33","0.2","18","3.656"
"1831.64","0.2","18","3.656"
"1831.95","0.2","18","3.656"
"1832.26","0.2","18","3.656"
"1832.58","0.2","18","3.656"
"1832.89","0.2","18","3.6145"
"1833.2","0.18","18","3.3295"
"1833.51","0.17","18","3.1386"
"1833.83","0.17","18","3.1208"
"1834.14","0.17","18","3.0986"
"1834.45","0.17","18","3.0986"
"1834.76","0.17","18","3.0265"
"1835.08","0.16","18","2.81"
"1835.39","0.16","18","2.81"
"1835.7","0.16","18","2.81"
"1836.01","0.16","18","2.81"
"1836.33","0.16","18","2.81"
"1836.64","0.16","18","2.81"
"1836.95","0.16","18","2.81"
"1837.26","0.16","18","2.81"
"1837.58","0.16","18","2.81"
"1837.89","0.16","18","2.81"
"1838.2","0.16","18","2.7905"
"1838.51","0.15","18","2.7455"
"1838.83","0.15","18","2.7328"
"1839.14","0.15","18","2.7328"
"1839.45","0.15","18","2.7328"
"1839.76","0.15","18","2.7284"
"1840.08","0.15","18","2.7097"
"1840.39","0.15","18","2.7097"
"1840.7","0.15","18","2.686"
"1841.01","0.15","18","2.648"
"1841.33","0.15","18","2.648"
"1841.64","0.15","18","2.648"
"1841.95","0.15","18","2.648"
"1842.26","0.15","18","2.648"
"1842.58","0.15","18","2.648"
"1842.89","0.15","18","2.648"
"1843.2","0.15","18","2.648"
"1843.51","0.15","18","2.6331"
"1843.83","0.15","17.93","2.6066"
"1844.14","0.15","17","2.5623"
"1844.45","0.15","16.91","2.4663"
"1844.76","0.14","16","2.2671"
"1845.08","0.15","14.42","2.206"
"1845.39","0.16","14","2.1899"
"1845.7","0.15","14","2.1138"
"1846.01","0.14","14","1.9948"
"1846.33","0.13","14","1.844"
"1846.64","0.13","14","1.844"
"1846.95","0.13","14","1.844"
"1847.26","0.13","14","1.844"
"1847.58","0.13","14","1.844"
"1847.89","0.13","14","1.844"
"1848.2","0.13","14","1.844"
"1848.51","0.13","14","1.844"
"1848.83","0.13","14","1.844"
"1849.14","0.12","14","1.7306"
"1849.45","0.12","14","1.6711"
"1849.76","0.12","14","1.6711"
"1850.08","0.12","14","1.6523"
"1850.39","0.12","14","1.6325"
"1850.7","0.12","14","1.6254"
"1851.01","0.12","13.26","1.5655"
"1851.33","0.12","12.96","1.5538"
"1851.64","0.13","12","1.5167"
"1851.95","0.13","12","1.5167"
"1852.26","0.13","11.39","1.5027"
"1852.58","0.13","11","1.4587"
"1852.89","0.13","11","1.455"
"1853.2","0.13","11","1.455"
"1853.51","0.13","11","1.455"
"1853.83","0.13","11","1.455"
"1854.14","0.13","11","1.455"
"1854.45","0.13","11","1.455"
"1854.76","0.13","11","1.455"
"1855.08","0.13","11","1.455"
"1855.39","0.13","11","1.455"
"1855.7","0.13","11","1.455"
"1856.01","0.13","11","1.455"
"1856.33","0.13","11","1.455"
"1856.64","0.13","11","1.455"
"1856.95","0.13","11","1.455"
"1857.26","0.13","11","1.455"
"1857.58","0.13","11","1.455"
"1857.89","0.13","11","1.455"
"1858.2","0.13","11","1.455"
"1858.51","0.13","11","1.455"
"1858.83","0.13","11","1.455"
"1859.14","0.13","11","1.455"
"1859.45","0.13","11","1.455"
"1859.76","0.13","11","1.4538"
"1860.08","0.13","11","1.4477"
"1860.39","0.13","11","1.4414"
"1860.7","0.11","11","1.2595"
"1861.01","0.11","11","1.213"
"1861.33","0.11","11","1.213"
"1861.64","0.11","11","1.213"
"1861.95","0.1","11","1.148"
"1862.26","0.09","11","1.0401"
"1862.58","0.09","11","1.0163"
"1862.89","0.08","11","0.8493"
"1863.2","0.08","11","0.8286"
"1863.51","0.08","11","0.8286"
"1863.83","0.07","11","0.7165"
"1864.14","0.06","11","0.6556"
"1864.45","0.06","11","0.6556"
"1864.76","0.06","11","0.6556"
"1865.08","0.06","11","0.6556"
"1865.39","0.06","11","0.6556"
"1865.7","0.06","11","0.6556"
"1866.01","0.06","11","0.6556"
"1866.33","0.06","11","0.6556"
"1866.64","0.06","11","0.6556"
"1866.95","0.06","11","0.6556"
"1867.26","0.06","11","0.6556"
"1867.58","0.06","11","0.6541"
"1867.89","0.06","11","0.617"
"1868.2","0.05","10.85","0.588"
"1868.51","0.05","10","0.5398"
"1868.83","0.05","10","0.5398"
"1869.14","0.05","10","0.5398"
"1869.45","0.05","10","0.5398"
"1869.76","0.05","10","0.5398"
"1870.08","0.05","10","0.5398"
"1870.39","0.05","10","0.5398"
"1870.7","0.05","10","0.5398"
"1871.01","0.05","10","0.5398"
"1871.33","0.05","10","0.5398"
"1871.64","0.05","10","0.5398"
"1871.95","0.05","10","0.5398"
"1872.26","0.05","10","0.5398"
"1872.58","0.05","10","0.5398"
"1872.89","0.05","10","0.5398"
"1873.2","0.05","10","0.5398"
"1873.51","0.05","10","0.5287"
"1873.83","0.05","10","0.5013"
"1874.14","0.05","10","0.5013"
"1874.45","0.05","10","0.5013"
"1874.76","0.05","10","0.5013"
"1875.08","0.05","10","0.5013"
"1875.39","0.05","10","0.5013"
"1875.7","0.05","10","0.5013"
"1876.01","0.05","10","0.5013"
"1876.33","0.05","10","0.5013"
"1876.64","0.05","10","0.5013"
"1876.95","0.05","10","0.5013"
"1877.26","0.05","10","0.5013"
"1877.58","0.05","10","0.5013"
"1877.89","0.05","10","0.5013"
"1878.2","0.05","10","0.5013"
"1878.51","0.05","10","0.4691"
"1878.83","0.05","10","0.4627"
"1879.14","0.05","10","0.4627"
"1879.45","0.05","10","0.4627"
"1879.76","0.05","10","0.4627"
"1880.08","0.05","10","0.4627"
"1880.39","0.05","10","0.4627"
"1880.7","0.05","10","0.4627"
"1881.01","0.04","10","0.4417"
"1881.33","0.04","10","0.4241"
"1881.64","0.04","10","0.4241"
"1881.95","0.04","10","0.4241"
"1882.26","0.04","10","0.4241"
"1882.58","0.04","10","0.4241"
"1882.89","0.04","10","0.4241"
"1883.2","0.04","10","0.4241"
"1883.51","0.04","10","0.4241"
"1883.83","0.04","10","0.4241"
"1884.14","0.04","10","0.4241"
"1884.45","0.04","10","0.4241"
"1884.76","0.04","10","0.4241"
"1885.08","0.04","10","0.4241"
"1885.39","0.04","10","0.4241"
"1885.7","0.04","10","0.4241"
"1886.01","0.04","10","0.3882"
"1886.33","0.04","10","0.3855"
"1886.64","0.04","10","0.3855"
"1886.95","0.04","10","0.3855"
"1887.26","0.04","10","0.3818"
"1887.58","0.03","10","0.3469"
"1887.89","0.04","9.54","0.3361"
"1888.2","0.04","9","0.3238"
"1888.51","0.04","9","0.3238"
"1888.83","0.04","9","0.3238"
"1889.14","0.04","9","0.3238"
"1889.45","0.04","9","0.3238"
"1889.76","0.04","9","0.3238"
"1890.08","0.04","9","0.3238"
"1890.39","0.04","9","0.3238"
"1890.7","0.04","8.62","0.3151"
"1891.01","0.04","8","0.3006"
"1891.33","0.04","8","0.3006"
"1891.64","0.04","8","0.3006"
"1891.95","0.04","8","0.3006"
"1892.26","0.04","8","0.3006"
"1892.58","0.04","8","0.3006"
"1892.89","0.04","8","0.3006"
"1893.2","0.04","8","0.3006"
"1893.51","0.04","8","0.3006"
"1893.83","0.04","8","0.3006"
"1894.14","0.04","8","0.3006"
"1894.45","0.04","8","0.3006"
"1894.76","0.04","8","0.3006"
"1895.08","0.04","8","0.3006"
"1895.39","0.04","8","0.3006"
"1895.7","0.04","8","0.3006"
"1896.01","0.04","8","0.3006"
"1896.33","0.04","8","0.3006"
"1896.64","0.04","8","0.3006"
"1896.95","0.04","7.53","0.2897"
"1897.26","0.04","7","0.2775"
"1897.58","0.04","7","0.2775"
"1897.89","0.04","7","0.2775"
"1898.2","0.04","7","0.2775"
"1898.51","0.04","7","0.2775"
"1898.83","0.04","7","0.2775"
"1899.14","0.04","7","0.2775"
"1899.45","0.04","7","0.2775"
"1899.76","0.04","7","0.2775"
"1900.08","0.04","7","0.2775"
"1900.39","0.04","7","0.2509"
"1900.7","0.03","6.4","0.2174"
"1901.01","0.03","6","0.2081"
"1901.33","0.03","6","0.2081"
"1901.64","0.03","6","0.2081"
"1901.95","0.03","6","0.2081"
"1902.26","0.03","6","0.2081"
"1902.58","0.03","6","0.2081"
"1902.89","0.03","6","0.2081"
"1903.2","0.03","6","0.2081"
"1903.51","0.03","6","0.2081"
"1903.83","0.04","5.8","0.2035"
"1904.14","0.04","5","0.185"
"1904.45","0.04","5","0.185"
"1904.76","0.04","5","0.185"
"1905.08","0.04","5","0.185"
"1905.39","0.04","5","0.185"
"1905.7","0.04","5","0.185"
"1906.01","0.04","5","0.185"
"1906.33","0.04","5","0.185"
"1906.64","0.04","5","0.185"
"1906.95","0.04","5","0.185"
"1907.26","0.04","5","0.185"
"1907.58","0.04","5","0.185"
"1907.89","0.04","5","0.185"
"1908.2","0.04","5","0.185"
"1908.51","0.04","5","0.185"
"1908.83","0.04","5","0.185"
"1909.14","0.04","5","0.185"
"1909.45","0.04","5","0.185"
"1909.76","0.04","5","0.185"
"1910.08","0.04","5","0.185"
"1910.39","0.04","4.15","0.1654"
"1910.7","0.04","4","0.1619"
"1911.01","0.04","4","0.1619"
"1911.33","0.04","4","0.1619"
"1911.64","0.04","4","0.1619"
"1911.95","0.04","4","0.1619"
"1912.26","0.04","4","0.1619"
"1912.58","0.04","4","0.1619"
"1912.89","0.04","4","0.1415"
"1913.2","0.03","4","0.1388"
"1913.51","0.03","4","0.1388"
"1913.83","0.03","4","0.1388"
"1914.14","0.03","4","0.1388"
"1914.45","0.04","3.53","0.1278"
"1914.76","0.04","3","0.1156"
"1915.08","0.03","3","0.0992"
"1915.39","0.03","3","0.0925"
"1915.7","0.03","3","0.0925"
"1916.01","0.03","3","0.0925"
"1916.33","0.03","3","0.0925"
"1916.64","0.03","3","0.0925"
"1916.95","0.03","3","0.0925"
"1917.26","0.03","3","0.0925"
"1917.58","0.03","3","0.0925"
"1917.89","0.03","2.6","0.0832"
"1918.2","0.03","2","0.0694"
"1918.51","0.03","2","0.0694"
"1918.83","0.04","1.67","0.0618"
"1919.14","0.05","1","0.0463"
"1919.45","0.05","1","0.0463"
"1919.76","0.05","1","0.0463"
"1920.08","0.05","1","0.0463"
"1920.39","0.05","1","0.0463"
"1920.7","0.05","1","0.0463"
"1921.01","0.05","1","0.0463"
"1921.33","0.05","1","0.0463"
"1921.64","0.05","1","0.0463"
"1921.95","0.05","1","0.0463"
"1922.26","0.05","1","0.0463"
"1922.58","0.05","1","0.0463"
"1922.89","0.05","1","0.0463"
"1923.2","0.05","1","0.0463"
"1923.51","0.05","1","0.0463"
"1923.83","0.05","1","0.0463"
"1924.14","0.05","1","0.0463"
"1924.45","0.05","1","0.0463"
"1924.76","0.05","1","0.0463"
"1925.08","0.05","1","0.0463"
"1925.39","0.05","1","0.0463"
"1925.7","0.05","1","0.0463"
"1926.01","0.05","1","0.0463"
"1926.33","0.05","1","0.0463"
"1926.64","0.05","1","0.0463"
"1926.95","0.05","1","0.0463"
"1927.26","0.05","1","0.0463"
"1927.58","0.05","1","0.0463"
"1927.89","0.05","1","0.0463"
"1928.2","0.05","1","0.0463"
"1928.51","0.05","1","0.0463"
"1928.83","0.05","1","0.0463"
"1929.14","0.05","1","0.0463"
"1929.45","0.05","1","0.0463"
"1929.76","0.05","1","0.0463"
"1930.08","0.05","1","0.0463"
"1930.39","0.05","1","0.0463"
"1930.7","0.05","1","0.0463"
"1931.01","0.05","1","0.0463"
"1931.33","0.05","1","0.0463"
"1931.64","0.05","1","0.0463"
"1931.95","0.05","1","0.0463"
"1932.26","0.05","1","0.0463"
"1932.58","0.05","1","0.0463"
"1932.89","0.05","1","0.0463"
"1933.2","0.05","1","0.0463"
"1933.51","0.05","1","0.0463"
"1933.83","0.05","1","0.0463"
"1934.14","0.05","1","0.0463"
"1934.45","0.05","1","0.0463"
"1934.76","0.05","1","0.0463"
"1935.08","0.05","1","0.0463"
"1935.39","0.05","1","0.0463"
"1935.7","0.05","1","0.0463"
"1936.01","0.05","1","0.0463"
"1936.33","0.05","1","0.0463"
"1936.64","0.05","1","0.0463"
"1936.95","0.05","1","0.0463"
"1937.26","0.05","1","0.0463"
"1937.58","0.05","1","0.0463"
"1937.89","0.05","1","0.0463"
"1938.2","0.05","1","0.0463"
"1938.51","0.05","1","0.0463"
"1938.83","0.05","1","0.0463"
"1939.14","0.05","1","0.0463"
"1939.45","0.05","1","0.0463"
"1939.76","0.05","1","0.0463"
"1940.08","0.05","1","0.0463"
"1940.39","0.05","1","0.0463"
"1940.7","0.05","1","0.0463"
"1941.01","0.05","1","0.0463"
"1941.33","0.05","1","0.0463"
"1941.64","0.05","1","0.0463"
